Model,Actual,Predicted,Residual,Absolute_Error
Linear Regression,69.0,70.27197100769143,-1.271971007691434,1.271971007691434
Linear Regression,81.6,68.84642281597081,12.753577184029183,12.753577184029183
Linear Regression,63.1,76.48854075332542,-13.388540753325422,13.388540753325422
Linear Regression,89.3,83.4291494529923,5.8708505470076915,5.8708505470076915
Linear Regression,49.6,51.72420266493549,-2.1242026649354884,2.1242026649354884
Linear Regression,44.5,42.23001296622755,2.269987033772452,2.269987033772452
Linear Regression,63.5,66.92571151389666,-3.4257115138966583,3.4257115138966583
Linear Regression,74.6,84.67452981018434,-10.074529810184345,10.074529810184345
Linear Regression,54.6,58.533002829378944,-3.9330028293789425,3.9330028293789425
Linear Regression,84.3,62.62567298953243,21.674327010467564,21.674327010467564
Linear Regression,98.1,73.63719411346239,24.46280588653761,24.46280588653761
Linear Regression,64.8,67.94233718993337,-3.1423371899333716,3.1423371899333716
Linear Regression,45.4,59.41921663086276,-14.019216630862765,14.019216630862765
Linear Regression,48.0,73.98989376946554,-25.98989376946554,25.98989376946554
Linear Regression,58.3,62.213414955006726,-3.913414955006729,3.913414955006729
Linear Regression,26.4,64.98024696440342,-38.58024696440342,38.58024696440342
Linear Regression,66.9,75.00308696751998,-8.103086967519971,8.103086967519971
Linear Regression,52.9,54.86144939154789,-1.9614493915478945,1.9614493915478945
Linear Regression,64.5,70.87673035062467,-6.376730350624669,6.376730350624669
Linear Regression,46.6,45.32311895822659,1.2768810417734144,1.2768810417734144
Linear Regression,66.5,62.90920796912093,3.590792030879072,3.590792030879072
Linear Regression,41.3,47.06537813678011,-5.7653781367801145,5.7653781367801145
Linear Regression,40.5,75.49922923562542,-34.99922923562542,34.99922923562542
Linear Regression,90.8,83.12029162928121,7.679708370718785,7.679708370718785
Linear Regression,74.2,80.22916035747835,-6.0291603574783466,6.0291603574783466
Linear Regression,99.4,78.42278837680908,20.977211623190925,20.977211623190925
Linear Regression,68.1,85.5231279843099,-17.4231279843099,17.4231279843099
Linear Regression,40.0,49.33303426944087,-9.333034269440873,9.333034269440873
Linear Regression,58.4,59.44787458874123,-1.0478745887412302,1.0478745887412302
Linear Regression,63.6,66.58094374324321,-2.980943743243209,2.980943743243209
Linear Regression,75.1,68.22673410083229,6.873265899167706,6.873265899167706
Linear Regression,72.8,65.84054745127327,6.9594525487267305,6.9594525487267305
Linear Regression,46.4,65.79065817581971,-19.390658175819716,19.390658175819716
Linear Regression,50.9,57.32926901713415,-6.429269017134153,6.429269017134153
Linear Regression,66.0,56.75645582263326,9.243544177366743,9.243544177366743
Linear Regression,63.0,76.03011645744482,-13.03011645744482,13.03011645744482
Linear Regression,80.2,79.98752148808506,0.21247851191493794,0.21247851191493794
Linear Regression,75.2,61.445183343642036,13.754816656357967,13.754816656357967
Linear Regression,63.5,77.93422433492867,-14.434224334928672,14.434224334928672
Linear Regression,37.0,30.79566644322435,6.2043335567756515,6.2043335567756515
Linear Regression,54.7,61.38684248243055,-6.686842482430549,6.686842482430549
Linear Regression,67.9,58.231497434774326,9.66850256522568,9.66850256522568
Linear Regression,84.8,77.67443103181027,7.125568968189725,7.125568968189725
Linear Regression,73.1,55.510961935091814,17.58903806490818,17.58903806490818
Linear Regression,99.1,93.64765798836731,5.45234201163268,5.45234201163268
Linear Regression,72.2,64.07811384807377,8.121886151926233,8.121886151926233
Linear Regression,93.9,72.74331523474427,21.156684765255733,21.156684765255733
Linear Regression,68.8,58.002653037994946,10.79734696200505,10.79734696200505
Linear Regression,61.8,63.70144191881296,-1.9014419188129636,1.9014419188129636
Linear Regression,39.5,65.00038511758652,-25.500385117586518,25.500385117586518
Linear Regression,53.9,51.9868130796105,1.9131869203894993,1.9131869203894993
Linear Regression,55.7,64.25630810423075,-8.556308104230752,8.556308104230752
Linear Regression,46.8,44.50594255778765,2.294057442212349,2.294057442212349
Linear Regression,94.1,81.97286665130932,12.127133348690677,12.127133348690677
Linear Regression,56.2,66.3565320045268,-10.156532004526795,10.156532004526795
Linear Regression,75.3,63.17008136886341,12.12991863113659,12.12991863113659
Linear Regression,83.9,86.54971239366796,-2.6497123936679543,2.6497123936679543
Linear Regression,65.3,58.50023189493686,6.799768105063137,6.799768105063137
Linear Regression,71.5,68.43437276049059,3.0656272395094106,3.0656272395094106
Linear Regression,73.5,53.60976499085632,19.89023500914368,19.89023500914368
Linear Regression,40.5,53.7322019197224,-13.2322019197224,13.2322019197224
Linear Regression,28.7,50.828782725962526,-22.128782725962527,22.128782725962527
Linear Regression,35.3,44.204680302501174,-8.904680302501177,8.904680302501177
Linear Regression,82.2,84.05136429487527,-1.8513642948752675,1.8513642948752675
Linear Regression,39.3,53.03242863297942,-13.73242863297942,13.73242863297942
Linear Regression,83.8,82.2133243651624,1.58667563483759,1.58667563483759
Linear Regression,67.4,62.44430703975985,4.955692960240157,4.955692960240157
Linear Regression,33.2,39.35282057271002,-6.15282057271002,6.15282057271002
Linear Regression,49.5,63.784463186361904,-14.284463186361904,14.284463186361904
Linear Regression,47.1,43.24060269473679,3.859397305263208,3.859397305263208
Linear Regression,71.0,54.95624331638521,16.043756683614788,16.043756683614788
Linear Regression,75.5,75.7377725545681,-0.23777255456809598,0.23777255456809598
Linear Regression,74.1,77.57078553635449,-3.470785536354498,3.470785536354498
Linear Regression,82.5,56.59878210508043,25.90121789491957,25.90121789491957
Linear Regression,84.1,72.78053139317711,11.31946860682288,11.31946860682288
Linear Regression,38.5,69.20376650693282,-30.703766506932823,30.703766506932823
Linear Regression,87.6,85.19570329609974,2.4042967039002576,2.4042967039002576
Linear Regression,48.8,74.95996131504512,-26.159961315045123,26.159961315045123
Linear Regression,78.2,70.5423744210679,7.657625578932098,7.657625578932098
Linear Regression,74.9,74.18729752403846,0.7127024759615495,0.7127024759615495
Linear Regression,42.9,49.806678955575705,-6.906678955575707,6.906678955575707
Linear Regression,66.7,76.36545098333369,-9.665450983333685,9.665450983333685
Linear Regression,86.5,84.91279022046973,1.5872097795302693,1.5872097795302693
Linear Regression,74.9,69.61189072529962,5.288109274700389,5.288109274700389
Linear Regression,68.6,69.11814371011792,-0.5181437101179256,0.5181437101179256
Linear Regression,45.8,51.72084917736686,-5.920849177366861,5.920849177366861
Linear Regression,59.7,63.31558357488518,-3.6155835748851786,3.6155835748851786
Linear Regression,63.8,52.179865450588295,11.620134549411702,11.620134549411702
Linear Regression,38.3,53.14550484666455,-14.845504846664554,14.845504846664554
Linear Regression,54.1,74.1820216662594,-20.0820216662594,20.0820216662594
Linear Regression,41.2,64.96863607494265,-23.76863607494265,23.76863607494265
Linear Regression,62.4,79.39094108290169,-16.990941082901692,16.990941082901692
Linear Regression,44.6,60.858194237110126,-16.258194237110125,16.258194237110125
Linear Regression,44.8,51.20988588097771,-6.409885880977711,6.409885880977711
Linear Regression,38.4,58.71159975319398,-20.31159975319398,20.31159975319398
Linear Regression,76.2,73.68571257124302,2.5142874287569867,2.5142874287569867
Linear Regression,61.0,78.63653771230861,-17.63653771230861,17.63653771230861
Linear Regression,71.5,82.17451963363021,-10.674519633630212,10.674519633630212
Linear Regression,86.2,69.22864017899249,16.97135982100751,16.97135982100751
Linear Regression,65.1,76.01299748974233,-10.912997489742338,10.912997489742338
Linear Regression,79.6,65.80329128588323,13.796708714116761,13.796708714116761
Linear Regression,83.6,78.86093400176549,4.7390659982345085,4.7390659982345085
Linear Regression,58.2,77.56449216735098,-19.364492167350974,19.364492167350974
Linear Regression,83.0,83.8172757142404,-0.8172757142403952,0.8172757142403952
Linear Regression,82.6,75.93824407554656,6.661755924453431,6.661755924453431
Linear Regression,53.8,58.24701922013833,-4.44701922013833,4.44701922013833
Linear Regression,31.1,63.88106901290848,-32.78106901290848,32.78106901290848
Linear Regression,49.4,53.16162490176316,-3.761624901763163,3.761624901763163
Linear Regression,64.4,64.82840099214837,-0.4284009921483687,0.4284009921483687
Linear Regression,37.6,57.58072802755481,-19.98072802755481,19.98072802755481
Linear Regression,65.3,75.50906391319523,-10.209063913195237,10.209063913195237
Linear Regression,70.5,67.63824563482882,2.86175436517118,2.86175436517118
Linear Regression,99.6,58.60350495660691,40.99649504339308,40.99649504339308
Linear Regression,61.3,60.70979471599878,0.5902052840012146,0.5902052840012146
Linear Regression,71.8,51.00361459753941,20.796385402460587,20.796385402460587
Linear Regression,74.3,71.00613730571445,3.2938626942855507,3.2938626942855507
Linear Regression,66.7,75.1039770131805,-8.403977013180494,8.403977013180494
Linear Regression,72.7,66.78323053551719,5.916769464482812,5.916769464482812
Linear Regression,56.1,54.763941136510596,1.3360588634894057,1.3360588634894057
Linear Regression,46.6,53.403247151965445,-6.803247151965444,6.803247151965444
Linear Regression,53.9,62.48768826769867,-8.587688267698674,8.587688267698674
Linear Regression,42.0,50.54447977978697,-8.544479779786968,8.544479779786968
Linear Regression,65.2,62.54184036650014,2.6581596334998636,2.6581596334998636
Linear Regression,98.9,64.43493873153028,34.465061268469725,34.465061268469725
Linear Regression,72.2,67.55219483409888,4.647805165901119,4.647805165901119
Linear Regression,93.1,94.0103994470536,-0.9103994470536065,0.9103994470536065
Linear Regression,51.6,63.29941159884595,-11.699411598845948,11.699411598845948
Linear Regression,70.3,67.24069944453845,3.0593005554615473,3.0593005554615473
Linear Regression,60.8,64.23720475769443,-3.437204757694431,3.437204757694431
Linear Regression,32.9,56.31971829467466,-23.41971829467466,23.41971829467466
Linear Regression,87.3,56.55595517538811,30.74404482461189,30.74404482461189
Linear Regression,46.6,66.56654838528823,-19.966548385288228,19.966548385288228
Linear Regression,88.0,83.09934552213053,4.900654477869466,4.900654477869466
Linear Regression,50.5,61.97284539875034,-11.472845398750337,11.472845398750337
Linear Regression,88.5,78.9431530932726,9.556846906727401,9.556846906727401
Linear Regression,34.2,48.150867729756726,-13.950867729756723,13.950867729756723
Linear Regression,68.2,65.7231450845663,2.476854915433705,2.476854915433705
Linear Regression,55.4,71.08625398724433,-15.686253987244335,15.686253987244335
Linear Regression,65.5,73.07257336317701,-7.572573363177014,7.572573363177014
Linear Regression,55.6,60.319501431254594,-4.719501431254592,4.719501431254592
Linear Regression,62.8,82.43971269472695,-19.639712694726953,19.639712694726953
Linear Regression,81.4,68.84559761048746,12.554402389512546,12.554402389512546
Linear Regression,66.4,57.549842908966696,8.85015709103331,8.85015709103331
Linear Regression,51.4,52.866299674421555,-1.4662996744215562,1.4662996744215562
Linear Regression,50.7,66.36945209686428,-15.669452096864276,15.669452096864276
Linear Regression,59.0,63.945054785124256,-4.945054785124256,4.945054785124256
Linear Regression,63.1,67.35088592030212,-4.250885920302117,4.250885920302117
Linear Regression,100.0,84.76760836339218,15.232391636607815,15.232391636607815
Linear Regression,65.5,56.87410986247892,8.625890137521083,8.625890137521083
Linear Regression,79.3,69.14278542889502,10.157214571104973,10.157214571104973
Linear Regression,69.9,64.6496172145217,5.250382785478308,5.250382785478308
Linear Regression,57.6,61.23273562340336,-3.632735623403356,3.632735623403356
Linear Regression,61.2,70.89576992716803,-9.69576992716803,9.69576992716803
Linear Regression,52.3,61.22547179057358,-8.925471790573582,8.925471790573582
Linear Regression,53.1,65.5401302643512,-12.440130264351204,12.440130264351204
Linear Regression,50.4,57.343552378043796,-6.9435523780437975,6.9435523780437975
Linear Regression,88.4,66.52603654322422,21.873963456775783,21.873963456775783
Linear Regression,87.1,78.70905962155223,8.390940378447766,8.390940378447766
Linear Regression,44.5,57.228776916224604,-12.728776916224604,12.728776916224604
Linear Regression,62.8,61.00937335884561,1.7906266411543896,1.7906266411543896
Linear Regression,68.7,61.33528529727067,7.36471470272933,7.36471470272933
Linear Regression,82.2,66.52238894433157,15.677611055668436,15.677611055668436
Linear Regression,80.1,79.34490393995003,0.755096060049965,0.755096060049965
Linear Regression,94.1,75.11584896972028,18.98415103027972,18.98415103027972
Linear Regression,79.5,71.95075579818467,7.549244201815327,7.549244201815327
Linear Regression,62.7,68.45583310240698,-5.7558331024069815,5.7558331024069815
Linear Regression,100.0,71.6617441057233,28.3382558942767,28.3382558942767
Linear Regression,58.3,70.45542226372243,-12.155422263722429,12.155422263722429
Linear Regression,78.4,76.7794052384188,1.6205947615812022,1.6205947615812022
Linear Regression,77.5,65.62987187944736,11.870128120552636,11.870128120552636
Linear Regression,39.5,70.75625456492816,-31.256254564928156,31.256254564928156
Linear Regression,71.2,65.73169706647423,5.468302933525777,5.468302933525777
Linear Regression,73.4,81.04316041456536,-7.643160414565358,7.643160414565358
Linear Regression,97.7,75.52830074761289,22.171699252387114,22.171699252387114
Linear Regression,81.8,75.12301151923396,6.676988480766042,6.676988480766042
Linear Regression,66.4,73.07448539541906,-6.674485395419055,6.674485395419055
Linear Regression,56.0,62.59781458634103,-6.5978145863410305,6.5978145863410305
Linear Regression,57.9,65.12998141320242,-7.229981413202417,7.229981413202417
Linear Regression,72.6,76.625165182057,-4.025165182057009,4.025165182057009
Linear Regression,52.6,57.68766012608728,-5.087660126087279,5.087660126087279
Linear Regression,62.6,63.17521408193389,-0.5752140819338862,0.5752140819338862
Linear Regression,55.6,54.39791198155535,1.2020880184446483,1.2020880184446483
Linear Regression,54.6,73.36239820431047,-18.762398204310465,18.762398204310465
Linear Regression,64.8,74.82803832734118,-10.028038327341179,10.028038327341179
Linear Regression,72.3,74.20487654813184,-1.9048765481318384,1.9048765481318384
Linear Regression,85.2,60.93901782014581,24.260982179854196,24.260982179854196
Linear Regression,50.2,66.81436464087676,-16.614364640876758,16.614364640876758
Linear Regression,60.7,64.06974680571949,-3.369746805719487,3.369746805719487
Linear Regression,61.3,65.60616826697424,-4.30616826697424,4.30616826697424
Linear Regression,49.8,61.76651166726208,-11.966511667262083,11.966511667262083
Linear Regression,73.9,59.69598254285813,14.204017457141873,14.204017457141873
Linear Regression,41.0,48.64591696319678,-7.6459169631967825,7.6459169631967825
Linear Regression,79.2,56.43632303304287,22.763676966957135,22.763676966957135
Linear Regression,49.0,53.19625689544793,-4.196256895447931,4.196256895447931
Linear Regression,73.2,80.76212484224422,-7.562124842244216,7.562124842244216
Linear Regression,67.8,51.68284089103764,16.117159108962355,16.117159108962355
Linear Regression,56.5,79.05806544386425,-22.55806544386425,22.55806544386425
Linear Regression,88.3,60.68352226239986,27.616477737600135,27.616477737600135
Linear Regression,53.9,70.33010245562184,-16.430102455621842,16.430102455621842
Linear Regression,92.0,69.28662855549646,22.713371444503537,22.713371444503537
Linear Regression,100.0,94.16396524326649,5.836034756733511,5.836034756733511
Linear Regression,66.3,75.78339964938107,-9.48339964938107,9.48339964938107
Linear Regression,79.8,61.64722885380877,18.152771146191228,18.152771146191228
Linear Regression,95.9,85.51006848405859,10.389931515941413,10.389931515941413
Linear Regression,55.4,59.08282860648734,-3.682828606487341,3.682828606487341
Linear Regression,60.5,70.43758377351242,-9.937583773512415,9.937583773512415
Linear Regression,50.3,50.94127130301541,-0.6412713030154151,0.6412713030154151
Linear Regression,95.1,78.60018995901817,16.499810040981828,16.499810040981828
Linear Regression,57.2,55.00474920008804,2.1952507999119604,2.1952507999119604
Linear Regression,57.4,74.48513081232804,-17.08513081232804,17.08513081232804
Linear Regression,65.5,60.158709186928434,5.341290813071566,5.341290813071566
Linear Regression,93.4,64.51740807060426,28.882591929395744,28.882591929395744
Linear Regression,39.3,58.73149615670269,-19.431496156702693,19.431496156702693
Linear Regression,36.5,56.16556031888865,-19.66556031888865,19.66556031888865
Linear Regression,84.2,80.90183732787949,3.2981626721205117,3.2981626721205117
Linear Regression,61.2,57.26492596283765,3.9350740371623516,3.9350740371623516
Linear Regression,73.3,55.4444142806081,17.855585719391897,17.855585719391897
Linear Regression,44.6,59.444872301527994,-14.844872301527992,14.844872301527992
Linear Regression,47.2,62.54481792700956,-15.344817927009558,15.344817927009558
Linear Regression,81.5,73.57788764475409,7.922112355245915,7.922112355245915
Linear Regression,45.7,63.88443031197744,-18.184430311977437,18.184430311977437
Linear Regression,72.9,56.68723349582456,16.21276650417545,16.21276650417545
Linear Regression,95.5,79.26579647543821,16.234203524561792,16.234203524561792
Linear Regression,85.2,59.70306875681007,25.496931243189934,25.496931243189934
Linear Regression,34.5,60.32271414394927,-25.82271414394927,25.82271414394927
Linear Regression,40.0,36.832704972457776,3.167295027542224,3.167295027542224
Linear Regression,86.0,76.50455092063294,9.495449079367063,9.495449079367063
Linear Regression,56.5,53.50742475542012,2.992575244579882,2.992575244579882
Linear Regression,90.5,70.07267123578288,20.427328764217123,20.427328764217123
Linear Regression,52.9,47.26442812755272,5.635571872447279,5.635571872447279
Linear Regression,90.9,78.89125498765355,12.008745012346452,12.008745012346452
Linear Regression,70.3,75.41157956083146,-5.1115795608314585,5.1115795608314585
Linear Regression,46.5,49.15113925896908,-2.6511392589690814,2.6511392589690814
Linear Regression,80.7,51.26070675536607,29.43929324463393,29.43929324463393
Linear Regression,70.7,71.17430790974532,-0.47430790974532044,0.47430790974532044
Linear Regression,74.8,68.13200745973995,6.667992540260045,6.667992540260045
Linear Regression,45.7,57.16487970691787,-11.46487970691787,11.46487970691787
Linear Regression,100.0,73.47516180116688,26.524838198833123,26.524838198833123
Linear Regression,61.0,63.84989198408607,-2.849891984086071,2.849891984086071
Linear Regression,78.4,75.77255648161395,2.627443518386059,2.627443518386059
Linear Regression,73.0,72.51592115062022,0.4840788493797845,0.4840788493797845
Linear Regression,49.9,54.85921260270874,-4.959212602708739,4.959212602708739
Linear Regression,64.4,67.21472648255224,-2.8147264825522313,2.8147264825522313
Linear Regression,94.3,76.66534953111125,17.63465046888875,17.63465046888875
Linear Regression,54.0,58.634137333341755,-4.634137333341755,4.634137333341755
Linear Regression,55.3,78.84730928958805,-23.547309289588057,23.547309289588057
Linear Regression,81.8,83.39774542693249,-1.5977454269324909,1.5977454269324909
Linear Regression,78.1,71.8828155312346,6.217184468765396,6.217184468765396
Linear Regression,83.0,85.90168715029154,-2.9016871502915365,2.9016871502915365
Linear Regression,59.3,62.923809961076756,-3.623809961076759,3.623809961076759
Linear Regression,42.8,46.11247604475261,-3.3124760447526143,3.3124760447526143
Linear Regression,72.8,71.3099253365412,1.490074663458799,1.490074663458799
Linear Regression,69.5,66.96209775641552,2.537902243584483,2.537902243584483
Linear Regression,52.2,55.814244545706856,-3.6142445457068533,3.6142445457068533
Linear Regression,67.1,69.80166084908194,-2.7016608490819465,2.7016608490819465
Linear Regression,73.5,56.20600577632001,17.293994223679988,17.293994223679988
Linear Regression,63.0,63.378136725869126,-0.37813672586912617,0.37813672586912617
Linear Regression,47.8,49.15015804097936,-1.350158040979366,1.350158040979366
Linear Regression,100.0,98.16001561300249,1.8399843869975143,1.8399843869975143
Linear Regression,64.5,53.562731091477986,10.937268908522014,10.937268908522014
Linear Regression,50.5,56.87923536547703,-6.3792353654770295,6.3792353654770295
Linear Regression,74.8,80.47310345202328,-5.673103452023284,5.673103452023284
Linear Regression,85.0,71.20499161995194,13.79500838004806,13.79500838004806
Linear Regression,81.1,83.0587047183492,-1.9587047183492103,1.9587047183492103
Linear Regression,100.0,69.4598862105911,30.540113789408906,30.540113789408906
Linear Regression,44.5,56.58365984537534,-12.083659845375337,12.083659845375337
Linear Regression,42.4,49.12202094487185,-6.722020944871851,6.722020944871851
Linear Regression,91.0,79.6330923841582,11.366907615841797,11.366907615841797
Linear Regression,51.4,53.994523627752244,-2.5945236277522454,2.5945236277522454
Linear Regression,100.0,75.49333284005206,24.506667159947938,24.506667159947938
Linear Regression,69.1,78.81958908813823,-9.719589088138235,9.719589088138235
Linear Regression,81.3,78.75762250366404,2.542377496335959,2.542377496335959
Linear Regression,51.8,68.32682693355929,-16.526826933559292,16.526826933559292
Linear Regression,45.6,44.076563952661274,1.523436047338727,1.523436047338727
Linear Regression,54.9,53.577666802813724,1.3223331971862748,1.3223331971862748
Linear Regression,79.4,77.02027169639842,2.3797283036015813,2.3797283036015813
Linear Regression,70.5,72.24537378480005,-1.7453737848000515,1.7453737848000515
Linear Regression,72.2,67.99393763751898,4.2060623624810205,4.2060623624810205
Linear Regression,97.4,79.01772946791573,18.382270532084277,18.382270532084277
Linear Regression,65.8,56.51579317630228,9.284206823697716,9.284206823697716
Linear Regression,37.5,51.91126811986874,-14.411268119868737,14.411268119868737
Linear Regression,49.0,44.25772667159859,4.74227332840141,4.74227332840141
Linear Regression,66.1,64.93707914779452,1.162920852205474,1.162920852205474
Linear Regression,47.5,71.84032445684988,-24.340324456849885,24.340324456849885
Linear Regression,86.3,80.60673131564863,5.6932686843513665,5.6932686843513665
Linear Regression,76.8,75.17127424213834,1.628725757861659,1.628725757861659
Linear Regression,71.2,77.67056266232026,-6.470562662320262,6.470562662320262
Linear Regression,31.1,62.081315747339545,-30.981315747339544,30.981315747339544
Linear Regression,64.3,63.07610777969268,1.2238922203073201,1.2238922203073201
Linear Regression,67.3,60.51444663945887,6.78555336054113,6.78555336054113
Linear Regression,95.8,66.16477799450576,29.635222005494242,29.635222005494242
Linear Regression,95.4,64.79469015078683,30.60530984921317,30.60530984921317
Linear Regression,65.7,57.20409037616065,8.495909623839353,8.495909623839353
Linear Regression,22.5,46.75510990264104,-24.25510990264104,24.25510990264104
Linear Regression,93.4,79.91869501756372,13.481304982436285,13.481304982436285
Linear Regression,63.9,70.08795918026959,-6.187959180269594,6.187959180269594
Linear Regression,61.1,74.16160415245173,-13.061604152451729,13.061604152451729
Linear Regression,61.5,46.17179514912908,15.328204850870918,15.328204850870918
Linear Regression,59.2,54.833734717150605,4.3662652828493975,4.3662652828493975
Linear Regression,71.8,69.79208763309853,2.007912366901465,2.007912366901465
Linear Regression,62.3,58.17011330248806,4.129886697511935,4.129886697511935
Linear Regression,35.0,38.25574542195136,-3.25574542195136,3.25574542195136
Linear Regression,65.2,62.97428369337911,2.225716306620896,2.225716306620896
Linear Regression,83.6,62.50760852288971,21.092391477110283,21.092391477110283
Linear Regression,100.0,72.18804532290295,27.81195467709705,27.81195467709705
Linear Regression,72.3,62.657003399201585,9.642996600798412,9.642996600798412
Linear Regression,72.0,77.49563555843179,-5.495635558431786,5.495635558431786
Linear Regression,56.3,65.50479133870704,-9.20479133870704,9.20479133870704
Linear Regression,78.4,74.82300757380023,3.57699242619978,3.57699242619978
Linear Regression,81.2,84.91398730297198,-3.7139873029719723,3.7139873029719723
Linear Regression,33.6,50.24457197218413,-16.64457197218413,16.64457197218413
Linear Regression,61.4,70.31224565078594,-8.912245650785941,8.912245650785941
Linear Regression,88.3,62.428795772745275,25.871204227254722,25.871204227254722
Linear Regression,62.8,71.54704591729336,-8.747045917293363,8.747045917293363
Linear Regression,61.9,69.57263302583124,-7.672633025831239,7.672633025831239
Linear Regression,45.6,54.8387451527214,-9.2387451527214,9.2387451527214
Linear Regression,29.2,46.003193528416034,-16.803193528416035,16.803193528416035
Linear Regression,78.1,82.68975819665451,-4.589758196654515,4.589758196654515
Linear Regression,53.0,62.299359183186894,-9.299359183186894,9.299359183186894
Linear Regression,51.7,62.770993600568204,-11.070993600568201,11.070993600568201
Linear Regression,71.8,74.04460887770131,-2.2446088777013102,2.2446088777013102
Linear Regression,49.5,25.43294152988085,24.06705847011915,24.06705847011915
Linear Regression,62.1,74.0371448402031,-11.937144840203096,11.937144840203096
Linear Regression,64.1,58.99058821689084,5.109411783109152,5.109411783109152
Linear Regression,55.6,55.0334832249647,0.5665167750353035,0.5665167750353035
Linear Regression,89.5,83.60617851378436,5.893821486215643,5.893821486215643
Linear Regression,46.0,51.15356827983601,-5.1535682798360085,5.1535682798360085
Linear Regression,80.7,77.55300498358565,3.146995016414351,3.146995016414351
Linear Regression,84.7,74.49453801840536,10.205461981594638,10.205461981594638
Linear Regression,64.4,60.71468824978638,3.6853117502136286,3.6853117502136286
Linear Regression,55.8,71.16080971234305,-15.360809712343055,15.360809712343055
Linear Regression,83.9,72.29780794112708,11.60219205887293,11.60219205887293
Linear Regression,49.1,64.10304254484703,-15.003042544847027,15.003042544847027
Linear Regression,85.2,67.14490968318594,18.05509031681406,18.05509031681406
Linear Regression,58.4,59.2749256048927,-0.8749256048927023,0.8749256048927023
Linear Regression,81.8,66.81005963373934,14.989940366260655,14.989940366260655
Linear Regression,63.0,71.11917893783647,-8.119178937836466,8.119178937836466
Linear Regression,46.2,49.340776103055546,-3.1407761030555434,3.1407761030555434
Linear Regression,42.5,55.6607472999853,-13.160747299985303,13.160747299985303
Linear Regression,58.4,68.73624078777624,-10.33624078777624,10.33624078777624
Linear Regression,80.7,68.3351857350911,12.364814264908901,12.364814264908901
Linear Regression,62.6,63.090406228325776,-0.4904062283257744,0.4904062283257744
Linear Regression,72.8,80.37405326163065,-7.574053261630652,7.574053261630652
Linear Regression,61.0,57.98530484880553,3.0146951511944735,3.0146951511944735
Linear Regression,50.9,63.36212644765544,-12.462126447655443,12.462126447655443
Linear Regression,99.9,72.89683984220909,27.003160157790916,27.003160157790916
Linear Regression,40.7,43.81136647982254,-3.111366479822536,3.111366479822536
Linear Regression,49.1,51.556486407934926,-2.456486407934925,2.456486407934925
Linear Regression,100.0,59.94050290668838,40.05949709331162,40.05949709331162
Linear Regression,50.2,69.36943523914272,-19.169435239142715,19.169435239142715
Linear Regression,51.7,63.22007580643435,-11.520075806434349,11.520075806434349
Linear Regression,69.0,69.42060132746155,-0.4206013274615543,0.4206013274615543
Linear Regression,89.9,71.22581831309776,18.674181686902244,18.674181686902244
Linear Regression,64.9,67.9223397638138,-3.0223397638137897,3.0223397638137897
Linear Regression,37.1,53.93170539700992,-16.83170539700992,16.83170539700992
Linear Regression,50.7,48.583264410765366,2.1167355892346364,2.1167355892346364
Linear Regression,71.1,72.54857897040014,-1.448578970400149,1.448578970400149
Linear Regression,57.4,61.07667917555224,-3.6766791755522448,3.6766791755522448
Linear Regression,100.0,91.2886640672831,8.711335932716906,8.711335932716906
Linear Regression,44.1,59.442532629157824,-15.342532629157823,15.342532629157823
Linear Regression,73.6,70.75566629804513,2.8443337019548665,2.8443337019548665
Linear Regression,45.5,48.15959526944272,-2.6595952694427183,2.6595952694427183
Linear Regression,71.8,57.55880699156637,14.241193008433626,14.241193008433626
Linear Regression,54.2,59.07226374343077,-4.872263743430764,4.872263743430764
Linear Regression,78.6,61.82705140786163,16.772948592138363,16.772948592138363
Linear Regression,67.3,80.76750497738578,-13.467504977385786,13.467504977385786
Linear Regression,63.6,68.40341365088955,-4.803413650889546,4.803413650889546
Linear Regression,60.0,75.97219287557675,-15.972192875576752,15.972192875576752
Linear Regression,55.8,57.3355844138344,-1.5355844138343997,1.5355844138343997
Linear Regression,30.4,62.90556099451658,-32.50556099451658,32.50556099451658
Linear Regression,64.4,66.47372344330006,-2.0737234433000538,2.0737234433000538
Linear Regression,89.7,85.2992053009811,4.400794699018903,4.400794699018903
Linear Regression,71.8,76.82071641535924,-5.020716415359246,5.020716415359246
Linear Regression,80.6,68.0711941685048,12.528805831495191,12.528805831495191
Linear Regression,78.4,64.71836083569815,13.681639164301856,13.681639164301856
Linear Regression,60.4,66.88265860009267,-6.48265860009267,6.48265860009267
Linear Regression,100.0,76.49314018423257,23.506859815767427,23.506859815767427
Linear Regression,47.3,53.9211494320524,-6.621149432052405,6.621149432052405
Linear Regression,79.7,79.9196689723234,-0.21966897232339022,0.21966897232339022
Linear Regression,66.5,67.75133511748817,-1.2513351174881677,1.2513351174881677
Linear Regression,72.5,49.100626527935674,23.399373472064326,23.399373472064326
Linear Regression,46.4,53.869658111787146,-7.4696581117871474,7.4696581117871474
Linear Regression,89.1,81.87471923672672,7.225280763273275,7.225280763273275
Linear Regression,83.0,68.24456505996756,14.755434940032444,14.755434940032444
Linear Regression,66.3,61.91199336567638,4.388006634323617,4.388006634323617
Linear Regression,83.7,73.28208177997021,10.41791822002979,10.41791822002979
Linear Regression,83.4,85.75821014034855,-2.3582101403485467,2.3582101403485467
Linear Regression,64.2,59.273261036584074,4.926738963415929,4.926738963415929
Linear Regression,100.0,75.4002269001914,24.5997730998086,24.5997730998086
Linear Regression,69.2,60.83494923544737,8.365050764552635,8.365050764552635
Linear Regression,76.5,69.93780824796653,6.5621917520334705,6.5621917520334705
Linear Regression,53.9,75.30603571539524,-21.40603571539524,21.40603571539524
Linear Regression,65.8,76.27256260451583,-10.47256260451583,10.47256260451583
Linear Regression,78.7,66.73908937603608,11.960910623963926,11.960910623963926
Linear Regression,66.4,67.39106091865335,-0.9910609186533463,0.9910609186533463
Linear Regression,67.2,57.0757424683286,10.124257531671404,10.124257531671404
Linear Regression,83.2,70.74717135322169,12.452828646778315,12.452828646778315
Linear Regression,83.0,64.06224548120275,18.93775451879725,18.93775451879725
Linear Regression,69.4,68.91545498698702,0.48454501301299047,0.48454501301299047
Linear Regression,52.6,71.80034021301566,-19.200340213015657,19.200340213015657
Linear Regression,63.0,70.91181661531363,-7.911816615313626,7.911816615313626
Linear Regression,83.2,66.2307091483139,16.969290851686097,16.969290851686097
Linear Regression,74.0,70.4980334698646,3.5019665301354053,3.5019665301354053
Linear Regression,94.8,80.74695775291343,14.053042247086566,14.053042247086566
Linear Regression,59.2,45.37746993752134,13.822530062478663,13.822530062478663
Linear Regression,38.4,62.52684446353794,-24.126844463537942,24.126844463537942
Linear Regression,62.0,67.05950925705736,-5.059509257057357,5.059509257057357
Linear Regression,34.2,30.037683408095347,4.162316591904656,4.162316591904656
Linear Regression,63.1,75.16298603373261,-12.062986033732606,12.062986033732606
Linear Regression,89.4,75.03512092573669,14.364879074263314,14.364879074263314
Linear Regression,28.3,53.653960556484094,-25.353960556484093,25.353960556484093
Linear Regression,39.5,50.058941979720885,-10.558941979720885,10.558941979720885
Linear Regression,84.3,64.68008608932058,19.619913910679415,19.619913910679415
Linear Regression,66.4,81.18110200022676,-14.781102000226753,14.781102000226753
Linear Regression,98.6,78.21578406945525,20.38421593054474,20.38421593054474
Linear Regression,94.9,64.13761058495106,30.762389415048943,30.762389415048943
Linear Regression,76.8,86.08495155745993,-9.284951557459934,9.284951557459934
Linear Regression,59.5,70.20568845675041,-10.705688456750408,10.705688456750408
Linear Regression,48.3,70.08354406071953,-21.783544060719535,21.783544060719535
Linear Regression,72.7,69.61934802438066,3.0806519756193467,3.0806519756193467
Linear Regression,73.0,73.24930154068767,-0.24930154068766797,0.24930154068766797
Linear Regression,66.5,80.23528511848468,-13.735285118484683,13.735285118484683
Linear Regression,47.5,55.886385926608796,-8.386385926608796,8.386385926608796
Linear Regression,60.9,75.5076924330317,-14.607692433031708,14.607692433031708
Linear Regression,59.7,62.87145591590962,-3.1714559159096183,3.1714559159096183
Linear Regression,54.2,63.51000241094778,-9.310002410947774,9.310002410947774
Linear Regression,73.4,72.02224323136852,1.3777567686314853,1.3777567686314853
Linear Regression,72.9,63.3622289333552,9.537771066644808,9.537771066644808
Linear Regression,28.6,44.629077696428794,-16.029077696428793,16.029077696428793
Linear Regression,62.2,65.15820348882909,-2.958203488829085,2.958203488829085
Linear Regression,62.5,73.91461792197163,-11.414617921971626,11.414617921971626
Linear Regression,44.3,62.381448381384814,-18.081448381384817,18.081448381384817
Linear Regression,33.8,58.53168303918426,-24.73168303918426,24.73168303918426
Linear Regression,34.8,39.76611035868632,-4.966110358686322,4.966110358686322
Linear Regression,71.9,48.419528182378485,23.48047181762152,23.48047181762152
Linear Regression,60.8,58.686921018942115,2.113078981057882,2.113078981057882
Linear Regression,77.5,75.96818746810675,1.5318125318932516,1.5318125318932516
Linear Regression,58.2,60.307321840210534,-2.107321840210531,2.107321840210531
Linear Regression,69.6,80.62138193217305,-11.021381932173057,11.021381932173057
Linear Regression,66.1,70.37873017073628,-4.2787301707362815,4.2787301707362815
Linear Regression,98.2,90.60381515031463,7.596184849685372,7.596184849685372
Linear Regression,80.8,86.96877762767352,-6.168777627673521,6.168777627673521
Linear Regression,51.6,66.13203930553888,-14.53203930553888,14.53203930553888
Linear Regression,50.1,51.840221083159975,-1.7402210831599731,1.7402210831599731
Linear Regression,63.8,62.452209576278506,1.3477904237214915,1.3477904237214915
Linear Regression,58.5,62.12981028328289,-3.629810283282893,3.629810283282893
Linear Regression,81.0,73.40450386051441,7.59549613948559,7.59549613948559
Linear Regression,97.2,78.09639905869642,19.103600941303583,19.103600941303583
Linear Regression,55.2,56.93735485075467,-1.73735485075467,1.73735485075467
Linear Regression,54.5,61.9500544600495,-7.4500544600495004,7.4500544600495004
Linear Regression,47.4,54.85725746992915,-7.457257469929154,7.457257469929154
Linear Regression,100.0,72.84053185340173,27.15946814659827,27.15946814659827
Linear Regression,71.4,74.62370476707986,-3.2237047670798518,3.2237047670798518
Linear Regression,51.6,64.49514386298367,-12.895143862983666,12.895143862983666
Linear Regression,100.0,76.75391914052136,23.24608085947864,23.24608085947864
Linear Regression,42.5,45.88262265785659,-3.3826226578565866,3.3826226578565866
Linear Regression,56.8,66.7095581385015,-9.90955813850151,9.90955813850151
Linear Regression,25.6,55.53301227491215,-29.93301227491215,29.93301227491215
Linear Regression,74.9,70.76700184684768,4.132998153152329,4.132998153152329
Linear Regression,55.0,52.23427014176468,2.765729858235318,2.765729858235318
Linear Regression,65.9,78.62334567092392,-12.72334567092392,12.72334567092392
Linear Regression,75.9,67.77255831169111,8.127441688308892,8.127441688308892
Linear Regression,41.0,60.030812823199824,-19.030812823199824,19.030812823199824
Linear Regression,93.8,85.74518780039455,8.05481219960545,8.05481219960545
Linear Regression,48.4,61.916297638455774,-13.516297638455775,13.516297638455775
Linear Regression,53.7,51.52821281854676,2.17178718145324,2.17178718145324
Linear Regression,51.0,73.66115394488423,-22.661153944884234,22.661153944884234
Linear Regression,30.4,35.91276928404392,-5.5127692840439195,5.5127692840439195
Linear Regression,55.8,62.82371815363808,-7.023718153638086,7.023718153638086
Linear Regression,88.8,81.20290794436471,7.597092055635287,7.597092055635287
Linear Regression,83.7,74.22922637113629,9.47077362886371,9.47077362886371
Linear Regression,61.5,67.36697466632927,-5.86697466632927,5.86697466632927
Linear Regression,73.7,63.18587658423229,10.514123415767713,10.514123415767713
Linear Regression,48.7,67.14874243869536,-18.448742438695362,18.448742438695362
Linear Regression,57.8,71.12643393189632,-13.326433931896318,13.326433931896318
Linear Regression,95.0,68.86128052759705,26.138719472402954,26.138719472402954
Linear Regression,76.2,60.4505527270301,15.749447272969903,15.749447272969903
Linear Regression,80.4,69.50375723758322,10.89624276241679,10.89624276241679
Linear Regression,94.6,68.82208884344038,25.77791115655961,25.77791115655961
Linear Regression,67.3,72.81415199526367,-5.514151995263674,5.514151995263674
Linear Regression,42.8,35.09066234807881,7.709337651921189,7.709337651921189
Linear Regression,96.4,70.6464654927704,25.753534507229602,25.753534507229602
Linear Regression,46.8,39.21790182612045,7.582098173879544,7.582098173879544
Linear Regression,76.6,76.76342748762107,-0.16342748762107817,0.16342748762107817
Linear Regression,58.8,59.92105317038681,-1.1210531703868156,1.1210531703868156
Linear Regression,43.9,65.75300067373524,-21.853000673735245,21.853000673735245
Linear Regression,59.5,65.87686262573078,-6.37686262573078,6.37686262573078
Linear Regression,82.5,73.08285209039195,9.417147909608047,9.417147909608047
Linear Regression,58.2,81.05772229812175,-22.857722298121743,22.857722298121743
Linear Regression,64.2,58.61608534871863,5.5839146512813755,5.5839146512813755
Linear Regression,82.5,69.31368838431149,13.18631161568851,13.18631161568851
Linear Regression,60.5,71.11531989060234,-10.615319890602336,10.615319890602336
Linear Regression,46.2,43.962065705958395,2.237934294041608,2.237934294041608
Linear Regression,45.3,62.46833130318413,-17.168331303184132,17.168331303184132
Linear Regression,68.7,74.70171656956137,-6.001716569561367,6.001716569561367
Linear Regression,53.3,65.92162537227279,-12.621625372272788,12.621625372272788
Linear Regression,68.7,65.08015584817821,3.6198441518217948,3.6198441518217948
Linear Regression,56.6,62.29990734192461,-5.699907341924607,5.699907341924607
Linear Regression,58.9,58.64971079639241,0.25028920360758633,0.25028920360758633
Linear Regression,88.9,84.60547551479567,4.2945244852043345,4.2945244852043345
Linear Regression,73.0,63.82353440509621,9.176465594903789,9.176465594903789
Linear Regression,51.2,57.36750402510722,-6.16750402510722,6.16750402510722
Linear Regression,81.8,77.66991865359961,4.130081346400388,4.130081346400388
Linear Regression,47.5,50.43563872661588,-2.9356387266158777,2.9356387266158777
Linear Regression,91.3,80.6840626326175,10.6159373673825,10.6159373673825
Linear Regression,78.9,72.37475980716636,6.52524019283365,6.52524019283365
Linear Regression,45.0,44.85902304301737,0.1409769569826267,0.1409769569826267
Linear Regression,82.7,64.99413566384877,17.705864336151237,17.705864336151237
Linear Regression,70.5,66.36790786453412,4.132092135465882,4.132092135465882
Linear Regression,65.8,76.15301805159197,-10.353018051591974,10.353018051591974
Linear Regression,65.9,38.89821929256766,27.001780707432346,27.001780707432346
Linear Regression,80.9,68.10906063598986,12.790939364010143,12.790939364010143
Linear Regression,32.1,40.30664140735172,-8.206641407351718,8.206641407351718
Linear Regression,69.8,62.40869284422871,7.391307155771287,7.391307155771287
Linear Regression,45.1,32.65964460052885,12.440355399471152,12.440355399471152
Linear Regression,73.4,68.8216495707049,4.578350429295099,4.578350429295099
Linear Regression,85.3,51.61655337575348,33.683446624246514,33.683446624246514
Linear Regression,52.2,66.52462839407224,-14.324628394072235,14.324628394072235
Linear Regression,94.0,84.21354128536052,9.78645871463948,9.78645871463948
Linear Regression,77.1,66.98154132212039,10.118458677879602,10.118458677879602
Linear Regression,46.7,65.71057311405013,-19.010573114050132,19.010573114050132
Linear Regression,62.3,59.888201031592814,2.411798968407183,2.411798968407183
Linear Regression,64.5,71.9050324939206,-7.405032493920601,7.405032493920601
Linear Regression,86.9,70.92680289511759,15.973197104882416,15.973197104882416
Linear Regression,77.4,75.9409150119327,1.4590849880673034,1.4590849880673034
Linear Regression,34.9,50.94260494377755,-16.042604943777555,16.042604943777555
Linear Regression,63.0,78.50906784303007,-15.509067843030067,15.509067843030067
Linear Regression,81.7,92.31700612810641,-10.61700612810641,10.61700612810641
Linear Regression,43.9,36.097340903372015,7.802659096627984,7.802659096627984
Linear Regression,67.6,56.6162353300453,10.983764669954695,10.983764669954695
Linear Regression,78.0,70.58572939320793,7.414270606792073,7.414270606792073
Linear Regression,80.2,68.94190057770948,11.258099422290528,11.258099422290528
Linear Regression,56.6,63.18463688869406,-6.584636888694057,6.584636888694057
Linear Regression,98.6,72.06815610112704,26.53184389887295,26.53184389887295
Linear Regression,67.0,71.6481220530278,-4.648122053027805,4.648122053027805
Linear Regression,66.4,61.510073756610666,4.88992624338934,4.88992624338934
Linear Regression,65.5,71.58312189200853,-6.083121892008535,6.083121892008535
Linear Regression,61.0,64.11493261431312,-3.114932614313119,3.114932614313119
Linear Regression,74.6,86.32029165199089,-11.720291651990891,11.720291651990891
Linear Regression,70.8,58.41220917107404,12.387790828925958,12.387790828925958
Linear Regression,39.4,61.47031559437693,-22.07031559437693,22.07031559437693
Linear Regression,43.3,57.99873636228699,-14.698736362286994,14.698736362286994
Linear Regression,87.1,82.13610633412543,4.963893665874565,4.963893665874565
Linear Regression,98.1,80.61233428118277,17.487665718817226,17.487665718817226
Linear Regression,72.0,60.166619326394084,11.833380673605916,11.833380673605916
Linear Regression,54.9,68.9911357643785,-14.0911357643785,14.0911357643785
Linear Regression,61.3,78.68739921787665,-17.38739921787665,17.38739921787665
Linear Regression,56.2,53.50710213040975,2.6928978695902543,2.6928978695902543
Linear Regression,68.7,67.00265978129096,1.6973402187090443,1.6973402187090443
Linear Regression,59.9,71.80427562788077,-11.904275627880772,11.904275627880772
Linear Regression,100.0,80.53331122332361,19.466688776676392,19.466688776676392
Linear Regression,75.7,78.3810832038584,-2.6810832038583925,2.6810832038583925
Linear Regression,50.8,66.51282298452486,-15.712822984524863,15.712822984524863
Linear Regression,41.1,48.5253689080717,-7.425368908071697,7.425368908071697
Linear Regression,77.3,72.30000458979703,4.9999954102029704,4.9999954102029704
Linear Regression,42.9,64.69712718768437,-21.797127187684374,21.797127187684374
Linear Regression,72.1,63.05042348407193,9.049576515928067,9.049576515928067
Linear Regression,51.6,55.05470945310361,-3.454709453103611,3.454709453103611
Linear Regression,75.7,87.11456364973617,-11.414563649736166,11.414563649736166
Linear Regression,86.8,77.57667660115663,9.223323398843362,9.223323398843362
Linear Regression,87.7,63.41932187377853,24.280678126221474,24.280678126221474
Linear Regression,57.7,58.664714900295394,-0.964714900295391,0.964714900295391
Linear Regression,52.9,44.74773136308187,8.15226863691813,8.15226863691813
Linear Regression,48.3,62.64409239057238,-14.344092390572385,14.344092390572385
Linear Regression,66.7,68.89131856276026,-2.1913185627602587,2.1913185627602587
Linear Regression,54.8,57.674018150007555,-2.874018150007558,2.874018150007558
Linear Regression,79.3,74.0379447818176,5.262055218182397,5.262055218182397
Linear Regression,60.1,65.88976444751938,-5.7897644475193815,5.7897644475193815
Linear Regression,63.1,68.70198452511875,-5.601984525118745,5.601984525118745
Linear Regression,43.8,50.66989257632156,-6.869892576321561,6.869892576321561
Linear Regression,62.2,51.572562645471066,10.627437354528936,10.627437354528936
Linear Regression,47.9,55.61142958541046,-7.711429585410464,7.711429585410464
Linear Regression,43.7,59.260706154867535,-15.560706154867532,15.560706154867532
Linear Regression,45.2,57.19378800996657,-11.993788009966565,11.993788009966565
Linear Regression,47.9,60.928612986231144,-13.028612986231145,13.028612986231145
Linear Regression,88.3,77.77257418873012,10.527425811269879,10.527425811269879
Linear Regression,46.3,34.4305621122098,11.869437887790198,11.869437887790198
Linear Regression,62.2,69.66529086345548,-7.465290863455479,7.465290863455479
Linear Regression,64.3,66.86039902546133,-2.5603990254613365,2.5603990254613365
Linear Regression,73.4,67.53276994060423,5.86723005939578,5.86723005939578
Linear Regression,49.6,57.27691238885211,-7.676912388852109,7.676912388852109
Linear Regression,59.6,51.23647895328088,8.363521046719121,8.363521046719121
Linear Regression,60.4,82.16516987718248,-21.76516987718248,21.76516987718248
Linear Regression,34.2,59.02761348671646,-24.82761348671646,24.82761348671646
Linear Regression,52.7,54.28071098476482,-1.5807109847648206,1.5807109847648206
Linear Regression,46.6,50.148376267359936,-3.5483762673599344,3.5483762673599344
Linear Regression,61.3,71.39842970063808,-10.098429700638079,10.098429700638079
Linear Regression,53.2,54.69650549100811,-1.496505491008108,1.496505491008108
Linear Regression,69.2,65.69179922382398,3.508200776176025,3.508200776176025
Linear Regression,61.8,57.467483879119754,4.332516120880243,4.332516120880243
Linear Regression,75.4,72.00635252845598,3.3936474715440283,3.3936474715440283
Linear Regression,30.9,49.53060226511599,-18.63060226511599,18.63060226511599
Linear Regression,51.8,55.56427279760919,-3.7642727976091948,3.7642727976091948
Linear Regression,46.4,60.62982861227425,-14.229828612274254,14.229828612274254
Linear Regression,62.3,66.25306061370361,-3.953060613703613,3.953060613703613
Linear Regression,44.5,68.16285727817314,-23.662857278173135,23.662857278173135
Linear Regression,68.9,63.1692893333539,5.730710666646104,5.730710666646104
Linear Regression,71.9,61.44097985577662,10.459020144223388,10.459020144223388
Linear Regression,52.4,61.478466375299774,-9.078466375299776,9.078466375299776
Linear Regression,71.2,72.15095525450579,-0.9509552545057858,0.9509552545057858
Linear Regression,50.7,69.59011338916451,-18.89011338916451,18.89011338916451
Linear Regression,93.4,62.536331450542775,30.86366854945723,30.86366854945723
Linear Regression,100.0,66.42970844665848,33.57029155334152,33.57029155334152
Linear Regression,99.0,80.7018377370083,18.298162262991696,18.298162262991696
Linear Regression,74.7,55.96446716036428,18.735532839635724,18.735532839635724
Linear Regression,58.3,66.0992154321259,-7.799215432125905,7.799215432125905
Linear Regression,23.7,54.82960049385798,-31.129600493857982,31.129600493857982
Linear Regression,41.7,63.86948150809485,-22.169481508094847,22.169481508094847
Linear Regression,93.5,72.37467719307097,21.125322806929034,21.125322806929034
Linear Regression,53.7,38.151693015855244,15.548306984144759,15.548306984144759
Linear Regression,40.4,42.91964301259566,-2.519643012595658,2.519643012595658
Linear Regression,53.8,63.92243526615357,-10.122435266153573,10.122435266153573
Linear Regression,76.2,76.76391370790185,-0.5639137079018468,0.5639137079018468
Linear Regression,66.2,70.77492593902127,-4.57492593902127,4.57492593902127
Linear Regression,55.8,61.64329194581114,-5.843291945811146,5.843291945811146
Linear Regression,36.9,38.993702050685386,-2.093702050685387,2.093702050685387
Linear Regression,38.8,50.78956426754644,-11.989564267546442,11.989564267546442
Linear Regression,84.9,66.60202862372813,18.297971376271875,18.297971376271875
Linear Regression,37.2,35.48667834946079,1.7133216505392141,1.7133216505392141
Linear Regression,73.4,62.849376757196296,10.55062324280371,10.55062324280371
Linear Regression,49.3,48.01957372613026,1.280426273869736,1.280426273869736
Linear Regression,65.7,69.36394731238772,-3.6639473123877195,3.6639473123877195
Linear Regression,39.9,41.70317185246245,-1.803171852462448,1.803171852462448
Linear Regression,45.1,46.66581492446218,-1.565814924462181,1.565814924462181
Linear Regression,95.6,81.07282542330546,14.527174576694534,14.527174576694534
Linear Regression,50.9,76.35437455406947,-25.454374554069467,25.454374554069467
Linear Regression,82.8,76.02267739616809,6.777322603831905,6.777322603831905
Linear Regression,37.0,59.931185264802764,-22.931185264802764,22.931185264802764
Linear Regression,71.2,60.47549233862401,10.724507661375995,10.724507661375995
Linear Regression,36.8,58.447350433412794,-21.647350433412797,21.647350433412797
Linear Regression,62.5,60.79994905770468,1.70005094229532,1.70005094229532
Linear Regression,58.6,63.44947845310156,-4.849478453101561,4.849478453101561
Linear Regression,48.2,47.33710072049303,0.8628992795069763,0.8628992795069763
Linear Regression,38.6,37.28789426645477,1.3121057335452306,1.3121057335452306
Linear Regression,67.0,63.39598034195461,3.604019658045388,3.604019658045388
Linear Regression,77.8,63.72640143631759,14.07359856368241,14.07359856368241
Linear Regression,80.2,77.89471782626896,2.305282173731044,2.305282173731044
Linear Regression,91.4,73.85013115369088,17.549868846309124,17.549868846309124
Linear Regression,66.6,70.91497283477293,-4.314972834772931,4.314972834772931
Linear Regression,81.4,73.58579340403753,7.8142065959624745,7.8142065959624745
Linear Regression,84.6,71.80482099781085,12.795179002189144,12.795179002189144
Linear Regression,56.8,69.14702435453569,-12.34702435453569,12.34702435453569
Linear Regression,56.7,73.74469888576994,-17.044698885769932,17.044698885769932
Linear Regression,65.4,68.53835973117447,-3.138359731174461,3.138359731174461
Linear Regression,31.5,35.30899557191674,-3.808995571916739,3.808995571916739
Linear Regression,45.1,52.13339870268203,-7.033398702682028,7.033398702682028
Linear Regression,44.2,67.69383581899024,-23.493835818990235,23.493835818990235
Linear Regression,87.8,66.09367555273354,21.706324447266454,21.706324447266454
Linear Regression,100.0,82.39013277937613,17.60986722062387,17.60986722062387
Linear Regression,48.7,50.01796322461871,-1.3179632246187083,1.3179632246187083
Linear Regression,89.7,74.36999635058407,15.330003649415929,15.330003649415929
Linear Regression,79.1,70.52015595093934,8.579844049060654,8.579844049060654
Linear Regression,51.1,64.25135206167357,-13.15135206167357,13.15135206167357
Linear Regression,69.4,58.608854528564535,10.79114547143547,10.79114547143547
Linear Regression,65.8,71.5647075883578,-5.764707588357808,5.764707588357808
Linear Regression,73.1,73.13108895439609,-0.031088954396096824,0.031088954396096824
Linear Regression,81.9,59.60856253167947,22.291437468320538,22.291437468320538
Linear Regression,54.7,60.03705940899789,-5.337059408997888,5.337059408997888
Linear Regression,55.3,63.084365934011714,-7.784365934011717,7.784365934011717
Linear Regression,60.0,40.875458899119764,19.124541100880236,19.124541100880236
Linear Regression,53.6,53.67491558742677,-0.07491558742676574,0.07491558742676574
Linear Regression,77.4,77.03423660891997,0.3657633910800371,0.3657633910800371
Linear Regression,66.0,63.42065736930789,2.5793426306921106,2.5793426306921106
Linear Regression,41.8,60.44580370043042,-18.64580370043042,18.64580370043042
Linear Regression,79.0,75.24678685308697,3.7532131469130263,3.7532131469130263
Linear Regression,59.8,67.57248226195344,-7.772482261953442,7.772482261953442
Linear Regression,94.1,82.31485540855283,11.785144591447164,11.785144591447164
Linear Regression,55.5,64.47094491925452,-8.97094491925452,8.97094491925452
Linear Regression,56.0,57.08581334775255,-1.0858133477525485,1.0858133477525485
Linear Regression,100.0,77.746367865033,22.253632134967006,22.253632134967006
Linear Regression,51.9,72.50256715375394,-20.602567153753945,20.602567153753945
Linear Regression,39.2,52.08368666395893,-12.883686663958926,12.883686663958926
Linear Regression,70.1,71.52167637632817,-1.421676376328179,1.421676376328179
Linear Regression,62.0,70.1733840932846,-8.173384093284596,8.173384093284596
Linear Regression,74.6,68.39392965218957,6.206070347810424,6.206070347810424
Linear Regression,89.1,63.30280994565831,25.797190054341684,25.797190054341684
Linear Regression,66.1,56.235808431634666,9.864191568365328,9.864191568365328
Linear Regression,73.8,70.84907548548011,2.9509245145198832,2.9509245145198832
Linear Regression,58.3,59.177470226794526,-0.8774702267945287,0.8774702267945287
Linear Regression,69.9,62.63586898401434,7.264131015985669,7.264131015985669
Linear Regression,59.7,61.95893552104643,-2.258935521046425,2.258935521046425
Linear Regression,74.0,65.78603444011793,8.21396555988207,8.21396555988207
Linear Regression,88.7,85.24658009915765,3.4534199008423485,3.4534199008423485
Linear Regression,33.4,44.09816885431371,-10.698168854313714,10.698168854313714
Linear Regression,67.3,67.17920571447348,0.1207942855265145,0.1207942855265145
Linear Regression,51.8,75.79577874348877,-23.99577874348877,23.99577874348877
Linear Regression,83.0,87.70874308680288,-4.708743086802883,4.708743086802883
Linear Regression,65.2,74.03789672929486,-8.837896729294854,8.837896729294854
Linear Regression,57.0,59.47434413451987,-2.4743441345198676,2.4743441345198676
Linear Regression,100.0,83.2158406831735,16.784159316826504,16.784159316826504
Linear Regression,58.9,71.310976657183,-12.410976657183006,12.410976657183006
Linear Regression,92.3,77.10717629835335,15.192823701646645,15.192823701646645
Linear Regression,47.8,59.51865152555247,-11.718651525552474,11.718651525552474
Linear Regression,76.0,68.73078289558555,7.269217104414452,7.269217104414452
Linear Regression,55.3,70.82240210118977,-15.522402101189769,15.522402101189769
Linear Regression,48.4,60.77931733294349,-12.379317332943494,12.379317332943494
Linear Regression,49.9,65.06622966283862,-15.166229662838624,15.166229662838624
Linear Regression,33.4,45.9922811129926,-12.592281112992602,12.592281112992602
Linear Regression,75.0,64.52242426892437,10.477575731075632,10.477575731075632
Linear Regression,85.1,80.3432802713549,4.756719728645095,4.756719728645095
Linear Regression,80.1,62.544292686704466,17.555707313295528,17.555707313295528
Linear Regression,61.2,69.4609356038444,-8.260935603844402,8.260935603844402
Linear Regression,65.1,74.1148884935867,-9.01488849358671,9.01488849358671
Linear Regression,71.6,68.99648161484896,2.603518385151034,2.603518385151034
Linear Regression,78.1,74.74594593449666,3.354054065503334,3.354054065503334
Linear Regression,99.1,67.31740385660771,31.782596143392283,31.782596143392283
Linear Regression,71.6,61.53934920639108,10.060650793608914,10.060650793608914
Linear Regression,61.7,77.10889686206406,-15.408896862064054,15.408896862064054
Linear Regression,77.1,80.98658532889016,-3.8865853288901633,3.8865853288901633
Linear Regression,55.4,78.97871055792604,-23.578710557926037,23.578710557926037
Linear Regression,64.5,72.4049875882846,-7.904987588284598,7.904987588284598
Linear Regression,52.5,56.806749561599446,-4.306749561599446,4.306749561599446
Linear Regression,54.7,72.03757631936912,-17.33757631936912,17.33757631936912
Linear Regression,94.9,58.15151972068321,36.748480279316794,36.748480279316794
Linear Regression,66.8,63.95006617143247,2.8499338285675293,2.8499338285675293
Linear Regression,55.6,54.54257045459076,1.0574295454092422,1.0574295454092422
Linear Regression,64.4,70.22467498080425,-5.824674980804247,5.824674980804247
Linear Regression,82.0,72.03292285585678,9.967077144143218,9.967077144143218
Linear Regression,77.9,68.8399190409134,9.060080959086605,9.060080959086605
Linear Regression,68.3,78.51004903096072,-10.210049030960718,10.210049030960718
Linear Regression,62.9,63.59606664269256,-0.6960666426925641,0.6960666426925641
Linear Regression,74.2,61.340789682618265,12.859210317381738,12.859210317381738
Linear Regression,79.6,61.654136225750904,17.94586377424909,17.94586377424909
Linear Regression,79.9,75.72330312932604,4.176696870673965,4.176696870673965
Linear Regression,58.0,62.43399464381491,-4.433994643814913,4.433994643814913
Linear Regression,53.3,58.70997801518189,-5.409978015181892,5.409978015181892
Linear Regression,46.2,52.903749022426155,-6.703749022426152,6.703749022426152
Linear Regression,46.7,31.48261481848469,15.217385181515311,15.217385181515311
Linear Regression,74.4,83.08469474645489,-8.68469474645488,8.68469474645488
Linear Regression,100.0,89.48012292630011,10.519877073699888,10.519877073699888
Linear Regression,55.9,63.24364894505027,-7.343648945050269,7.343648945050269
Linear Regression,83.3,74.74720903942097,8.552790960579031,8.552790960579031
Linear Regression,65.9,64.96822480571507,0.9317751942849384,0.9317751942849384
Linear Regression,77.2,57.83773958620134,19.362260413798666,19.362260413798666
Linear Regression,100.0,89.4637668263353,10.536233173664698,10.536233173664698
Linear Regression,74.0,83.65272280036982,-9.652722800369816,9.652722800369816
Linear Regression,29.5,46.98769174616314,-17.487691746163136,17.487691746163136
Linear Regression,93.8,88.95701261318379,4.842987386816205,4.842987386816205
Linear Regression,100.0,85.24649714746693,14.753502852533074,14.753502852533074
Linear Regression,50.3,51.70465122741885,-1.404651227418853,1.404651227418853
Linear Regression,82.4,73.86161954641534,8.538380453584665,8.538380453584665
Linear Regression,92.6,88.80246599017136,3.797534009828638,3.797534009828638
Linear Regression,55.9,72.75063106412637,-16.850631064126368,16.850631064126368
Linear Regression,64.1,59.50088737314269,4.5991126268573055,4.5991126268573055
Linear Regression,68.9,70.60711365998634,-1.7071136599863337,1.7071136599863337
Linear Regression,62.3,48.18520387533488,14.11479612466512,14.11479612466512
Linear Regression,62.5,59.14752611467594,3.352473885324059,3.352473885324059
Linear Regression,38.9,52.59352041368527,-13.69352041368527,13.69352041368527
Linear Regression,100.0,75.24648045695943,24.753519543040568,24.753519543040568
Linear Regression,29.6,45.044145770101295,-15.444145770101294,15.444145770101294
Linear Regression,72.0,71.59845422886639,0.40154577113361256,0.40154577113361256
Linear Regression,52.8,58.999034525067145,-6.199034525067148,6.199034525067148
Linear Regression,61.3,65.09353901796004,-3.7935390179600432,3.7935390179600432
Linear Regression,80.3,76.64694130198444,3.653058698015556,3.653058698015556
Linear Regression,40.5,58.098476288256904,-17.598476288256904,17.598476288256904
Linear Regression,55.8,53.624297977721426,2.1757020222785712,2.1757020222785712
Linear Regression,65.0,64.18480431587273,0.8151956841272749,0.8151956841272749
Linear Regression,73.0,74.64894281502666,-1.6489428150266576,1.6489428150266576
Linear Regression,56.2,54.9139870314462,1.2860129685538055,1.2860129685538055
Linear Regression,60.9,65.74573218896165,-4.845732188961655,4.845732188961655
Linear Regression,46.6,58.17853993585578,-11.57853993585578,11.57853993585578
Linear Regression,62.9,70.99804521924244,-8.098045219242444,8.098045219242444
Linear Regression,59.0,62.485049998856994,-3.4850499988569936,3.4850499988569936
Linear Regression,51.1,59.97001089892831,-8.870010898928307,8.870010898928307
Linear Regression,36.9,51.09042198289444,-14.190421982894442,14.190421982894442
Linear Regression,71.8,73.44680882628984,-1.646808826289842,1.646808826289842
Linear Regression,45.2,44.446429016074205,0.7535709839257976,0.7535709839257976
Linear Regression,53.1,75.11072239517455,-22.010722395174547,22.010722395174547
Linear Regression,98.1,92.39583459203732,5.704165407962677,5.704165407962677
Linear Regression,55.7,66.85694172609168,-11.156941726091674,11.156941726091674
Linear Regression,69.7,61.649184482424516,8.050815517575487,8.050815517575487
Linear Regression,70.3,82.25552280451689,-11.955522804516889,11.955522804516889
Linear Regression,31.2,62.181486556509356,-30.981486556509356,30.981486556509356
Linear Regression,46.6,56.53150674527498,-9.93150674527498,9.93150674527498
Linear Regression,72.5,63.863966511115564,8.636033488884436,8.636033488884436
Linear Regression,63.1,68.99775737682705,-5.897757376827052,5.897757376827052
Linear Regression,72.4,69.3783751728252,3.0216248271748043,3.0216248271748043
Linear Regression,79.0,66.26512430394308,12.734875696056918,12.734875696056918
Linear Regression,62.6,59.38808115929771,3.211918840702289,3.211918840702289
Linear Regression,99.3,76.40921700340948,22.890782996590517,22.890782996590517
Linear Regression,50.8,52.90649608643412,-2.1064960864341202,2.1064960864341202
Linear Regression,63.0,60.69957725026245,2.3004227497375496,2.3004227497375496
Linear Regression,80.0,73.69277096448951,6.307229035510488,6.307229035510488
Linear Regression,66.9,61.120044962906945,5.77995503709306,5.77995503709306
Linear Regression,50.7,60.138684063157484,-9.438684063157481,9.438684063157481
Linear Regression,48.6,47.80444427657568,0.7955557234243216,0.7955557234243216
Linear Regression,75.4,72.37946588773883,3.020534112261174,3.020534112261174
Linear Regression,100.0,85.12741769828438,14.872582301715624,14.872582301715624
Linear Regression,58.0,65.53900694061474,-7.53900694061474,7.53900694061474
Linear Regression,70.9,70.51956218441069,0.38043781558931755,0.38043781558931755
Linear Regression,74.6,81.60630534579496,-7.006305345794971,7.006305345794971
Linear Regression,58.6,70.27752871714671,-11.677528717146707,11.677528717146707
Linear Regression,59.3,61.45831712389287,-2.1583171238928713,2.1583171238928713
Linear Regression,86.1,78.04843149018751,8.051568509812483,8.051568509812483
Linear Regression,85.0,72.8319963093478,12.168003690652199,12.168003690652199
Linear Regression,84.8,71.85239332357617,12.947606676423831,12.947606676423831
Linear Regression,37.8,58.69416197578721,-20.894161975787213,20.894161975787213
Linear Regression,38.1,38.444672355832665,-0.34467235583266387,0.34467235583266387
Linear Regression,46.9,48.5867370151409,-1.6867370151408991,1.6867370151408991
Linear Regression,74.6,91.2643156964005,-16.664315696400507,16.664315696400507
Linear Regression,59.4,72.71689088947335,-13.316890889473349,13.316890889473349
Linear Regression,42.2,48.08719854114622,-5.887198541146219,5.887198541146219
Linear Regression,67.9,66.3791396782492,1.5208603217508028,1.5208603217508028
Linear Regression,55.9,55.96699789162409,-0.06699789162409076,0.06699789162409076
Linear Regression,71.6,76.07810761321343,-4.478107613213439,4.478107613213439
Linear Regression,65.8,81.25925860666734,-15.459258606667348,15.459258606667348
Linear Regression,73.6,55.79753696636237,17.802463033637622,17.802463033637622
Linear Regression,78.6,82.9191672437264,-4.319167243726412,4.319167243726412
Linear Regression,58.7,73.12457479554598,-14.424574795545979,14.424574795545979
Linear Regression,47.3,37.37621504992501,9.923784950074989,9.923784950074989
Linear Regression,75.5,73.06743959467565,2.4325604053243524,2.4325604053243524
Linear Regression,49.7,64.98979081138384,-15.289790811383838,15.289790811383838
Linear Regression,54.7,59.33128250378394,-4.631282503783936,4.631282503783936
Linear Regression,46.1,41.31237333963168,4.787626660368325,4.787626660368325
Linear Regression,77.4,72.30578776333908,5.094212236660923,5.094212236660923
Linear Regression,49.4,59.35679947968924,-9.956799479689245,9.956799479689245
Linear Regression,30.9,32.695652016513634,-1.7956520165136354,1.7956520165136354
Linear Regression,49.3,62.674603579097635,-13.374603579097638,13.374603579097638
Linear Regression,65.6,71.74545053174268,-6.145450531742682,6.145450531742682
Linear Regression,30.7,53.119158738400756,-22.419158738400757,22.419158738400757
Linear Regression,48.3,51.50680888574436,-3.2068088857443655,3.2068088857443655
Linear Regression,94.4,89.32372396579751,5.076276034202493,5.076276034202493
Linear Regression,88.5,69.19594039621893,19.30405960378107,19.30405960378107
Linear Regression,74.5,74.38015809997466,0.11984190002533524,0.11984190002533524
Linear Regression,27.7,44.80216544911036,-17.102165449110363,17.102165449110363
Linear Regression,88.4,79.92480876110795,8.475191238892052,8.475191238892052
Linear Regression,48.7,51.430666730147436,-2.7306667301474334,2.7306667301474334
Linear Regression,66.6,70.36161397304602,-3.7616139730460247,3.7616139730460247
Linear Regression,81.3,70.82375405128494,10.47624594871506,10.47624594871506
Linear Regression,89.5,95.75992505796526,-6.259925057965262,6.259925057965262
Linear Regression,41.9,56.85098345023954,-14.95098345023954,14.95098345023954
Linear Regression,55.4,54.44012197452514,0.9598780254748576,0.9598780254748576
Linear Regression,73.6,62.17642156321244,11.423578436787551,11.423578436787551
Linear Regression,72.1,77.4906729964639,-5.3906729964639055,5.3906729964639055
Linear Regression,36.1,40.453933917416805,-4.3539339174168035,4.3539339174168035
Linear Regression,96.7,92.60730365009346,4.0926963499065465,4.0926963499065465
Linear Regression,29.2,57.63905866424926,-28.439058664249263,28.439058664249263
Linear Regression,99.7,87.96002367557253,11.739976324427474,11.739976324427474
Linear Regression,76.0,69.01642809173666,6.983571908263343,6.983571908263343
Linear Regression,48.6,71.46336845422832,-22.863368454228315,22.863368454228315
Linear Regression,70.4,68.16278850262984,2.2372114973701684,2.2372114973701684
Linear Regression,95.7,72.86661408745334,22.83338591254666,22.83338591254666
Linear Regression,56.7,59.18858909445714,-2.48858909445714,2.48858909445714
Linear Regression,54.0,63.86929742596817,-9.86929742596817,9.86929742596817
Linear Regression,82.9,77.17510291470808,5.7248970852919285,5.7248970852919285
Linear Regression,53.7,61.08310322204113,-7.383103222041129,7.383103222041129
Linear Regression,66.0,55.58254798570255,10.417452014297453,10.417452014297453
Linear Regression,71.2,68.02664153094436,3.1733584690556427,3.1733584690556427
Linear Regression,70.1,60.31536356337517,9.784636436624822,9.784636436624822
Linear Regression,66.7,53.19102453713646,13.508975462863546,13.508975462863546
Linear Regression,95.8,74.88220322373093,20.91779677626907,20.91779677626907
Linear Regression,38.8,51.73723126724923,-12.937231267249231,12.937231267249231
Linear Regression,79.9,72.43154770530498,7.468452294695027,7.468452294695027
Linear Regression,81.6,62.96920226135478,18.630797738645214,18.630797738645214
Linear Regression,59.1,78.55062050011895,-19.45062050011895,19.45062050011895
Linear Regression,57.4,67.3494344890384,-9.949434489038403,9.949434489038403
Linear Regression,34.3,57.65010140022713,-23.350101400227132,23.350101400227132
Linear Regression,68.5,73.84784319994992,-5.347843199949921,5.347843199949921
Linear Regression,87.1,74.09726473836037,13.002735261639629,13.002735261639629
Linear Regression,34.1,47.32347992286401,-13.223479922864009,13.223479922864009
Linear Regression,86.0,83.2577317731184,2.742268226881606,2.742268226881606
Linear Regression,61.6,53.98598601078345,7.614013989216552,7.614013989216552
Linear Regression,64.6,76.76455510493423,-12.164555104934237,12.164555104934237
Linear Regression,31.7,49.273723830834996,-17.573723830834997,17.573723830834997
Linear Regression,63.7,62.66649694240044,1.0335030575995603,1.0335030575995603
Linear Regression,68.1,55.96253690984716,12.137463090152835,12.137463090152835
Linear Regression,58.5,60.67650921270808,-2.1765092127080834,2.1765092127080834
Linear Regression,81.1,73.46528593108928,7.634714068910711,7.634714068910711
Linear Regression,84.6,67.99902596411539,16.600974035884605,16.600974035884605
Linear Regression,77.7,72.78099057225374,4.919009427746261,4.919009427746261
Linear Regression,72.7,64.61603368105636,8.083966318943638,8.083966318943638
Linear Regression,69.2,72.92224742311805,-3.7222474231180485,3.7222474231180485
Linear Regression,68.8,48.972798738689164,19.827201261310833,19.827201261310833
Linear Regression,56.6,60.853719479065944,-4.253719479065943,4.253719479065943
Linear Regression,79.6,88.2026760173906,-8.602676017390607,8.602676017390607
Linear Regression,87.8,69.18992074847574,18.610079251524255,18.610079251524255
Linear Regression,60.6,58.159467961484495,2.4405320385155065,2.4405320385155065
Linear Regression,54.3,47.117860839546154,7.182139160453843,7.182139160453843
Linear Regression,83.1,87.83616212378769,-4.736162123787693,4.736162123787693
Linear Regression,43.5,49.80311247396119,-6.303112473961193,6.303112473961193
Linear Regression,78.3,61.531162262777684,16.768837737222313,16.768837737222313
Linear Regression,55.3,58.293307707019835,-2.993307707019838,2.993307707019838
Linear Regression,71.3,65.59462599349104,5.705374006508961,5.705374006508961
Linear Regression,71.5,74.83155367202158,-3.3315536720215846,3.3315536720215846
Linear Regression,70.2,85.71747917253197,-15.517479172531964,15.517479172531964
Linear Regression,94.0,79.49286799667618,14.507132003323818,14.507132003323818
Linear Regression,78.3,87.53324056449588,-9.233240564495887,9.233240564495887
Linear Regression,80.8,70.56096334935603,10.239036650643968,10.239036650643968
Linear Regression,73.1,58.11646191853271,14.983538081467287,14.983538081467287
Linear Regression,58.3,73.8938639687459,-15.593863968745907,15.593863968745907
Linear Regression,84.4,77.40893979192316,6.991060208076846,6.991060208076846
Linear Regression,80.2,74.93515349895995,5.264846501040054,5.264846501040054
Linear Regression,64.3,62.779058905948034,1.5209410940519632,1.5209410940519632
Linear Regression,67.9,68.38813710946698,-0.48813710946697597,0.48813710946697597
Linear Regression,75.9,55.66848972200961,20.231510277990395,20.231510277990395
Linear Regression,69.5,62.97833739336883,6.521662606631168,6.521662606631168
Linear Regression,52.6,68.59367485860525,-15.993674858605253,15.993674858605253
Linear Regression,63.3,60.28303582052018,3.016964179479814,3.016964179479814
Linear Regression,46.3,42.890700934966645,3.409299065033352,3.409299065033352
Linear Regression,49.1,68.04310355997421,-18.94310355997421,18.94310355997421
Linear Regression,59.0,64.63921318749271,-5.6392131874927145,5.6392131874927145
Linear Regression,79.9,73.25810937129705,6.641890628702953,6.641890628702953
Linear Regression,64.9,61.78455789275307,3.1154421072469347,3.1154421072469347
Linear Regression,57.7,70.76425621856686,-13.064256218566854,13.064256218566854
Linear Regression,9.4,38.9373348791508,-29.537334879150798,29.537334879150798
Linear Regression,74.1,67.41796653085976,6.6820334691402365,6.6820334691402365
Linear Regression,40.8,55.74681283524768,-14.946812835247684,14.946812835247684
Linear Regression,87.3,67.31689136368874,19.983108636311258,19.983108636311258
Linear Regression,70.9,76.5539260099211,-5.6539260099210935,5.6539260099210935
Linear Regression,88.7,71.70435015735279,16.99564984264721,16.99564984264721
Linear Regression,56.9,81.09276710571498,-24.192767105714985,24.192767105714985
Linear Regression,69.0,73.19524859372177,-4.195248593721772,4.195248593721772
Linear Regression,58.9,73.15094934170531,-14.250949341705315,14.250949341705315
Linear Regression,38.1,47.74614358186744,-9.646143581867442,9.646143581867442
Linear Regression,38.6,47.2497455535493,-8.649745553549302,8.649745553549302
Linear Regression,75.0,71.29379402853084,3.70620597146916,3.70620597146916
Linear Regression,64.9,63.87348209003778,1.026517909962223,1.026517909962223
Linear Regression,73.9,62.34884748086688,11.551152519133126,11.551152519133126
Linear Regression,58.8,67.41178458206912,-8.61178458206912,8.61178458206912
Linear Regression,58.1,63.99906690991179,-5.899066909911788,5.899066909911788
Linear Regression,33.7,68.64098685194773,-34.94098685194773,34.94098685194773
Linear Regression,35.3,71.37532260614864,-36.075322606148646,36.075322606148646
Linear Regression,55.9,62.042781496694545,-6.142781496694546,6.142781496694546
Linear Regression,48.5,37.0729452018478,11.427054798152199,11.427054798152199
Linear Regression,40.4,65.02517674558158,-24.625176745581577,24.625176745581577
Linear Regression,100.0,78.1997352413224,21.8002647586776,21.8002647586776
Linear Regression,97.5,80.29338714459325,17.206612855406746,17.206612855406746
Linear Regression,52.3,67.18185143633065,-14.881851436330649,14.881851436330649
Linear Regression,84.6,79.02686838473073,5.573131615269261,5.573131615269261
Linear Regression,76.6,68.84738152568286,7.752618474317131,7.752618474317131
Linear Regression,87.1,73.15545109711309,13.944548902886908,13.944548902886908
Linear Regression,71.7,68.73894023346935,2.961059766530653,2.961059766530653
Linear Regression,89.9,68.13858593731072,21.761414062689283,21.761414062689283
Linear Regression,80.9,61.376778694761924,19.52322130523808,19.52322130523808
Linear Regression,67.5,61.70265530596822,5.7973446940317785,5.7973446940317785
Linear Regression,45.3,65.15995731451281,-19.859957314512812,19.859957314512812
Linear Regression,74.0,67.94757836145686,6.052421638543137,6.052421638543137
Linear Regression,48.8,29.008974853455243,19.791025146544754,19.791025146544754
Linear Regression,61.0,69.16655713621039,-8.166557136210386,8.166557136210386
Linear Regression,51.1,66.25783814007389,-15.157838140073885,15.157838140073885
Linear Regression,64.8,70.24778932100207,-5.447789321002077,5.447789321002077
Linear Regression,72.9,55.667063116088855,17.23293688391115,17.23293688391115
Linear Regression,50.7,62.946363256120605,-12.246363256120603,12.246363256120603
Linear Regression,81.3,71.92692460628581,9.373075393714188,9.373075393714188
Linear Regression,41.5,31.353248096761178,10.146751903238822,10.146751903238822
Linear Regression,47.9,73.10789396581504,-25.20789396581504,25.20789396581504
Linear Regression,61.6,54.21908301354614,7.380916986453862,7.380916986453862
Linear Regression,100.0,78.76912783760724,21.230872162392757,21.230872162392757
Linear Regression,60.2,66.32066121832688,-6.120661218326873,6.120661218326873
Linear Regression,68.0,71.67421210769896,-3.6742121076989633,3.6742121076989633
Linear Regression,50.5,70.82113788956718,-20.321137889567183,20.321137889567183
Linear Regression,79.9,85.63233413702346,-5.732334137023457,5.732334137023457
Linear Regression,58.1,65.00762117337092,-6.90762117337092,6.90762117337092
Linear Regression,63.1,63.861422118977316,-0.7614221189773147,0.7614221189773147
Linear Regression,58.9,67.00298333087392,-8.102983330873919,8.102983330873919
Linear Regression,55.7,53.7598526234093,1.9401473765907014,1.9401473765907014
Linear Regression,66.9,71.97394326776026,-5.0739432677602565,5.0739432677602565
Linear Regression,41.7,49.66361498198154,-7.963614981981536,7.963614981981536
Linear Regression,71.5,71.87661576195097,-0.3766157619509727,0.3766157619509727
Linear Regression,65.1,79.35771830032246,-14.257718300322466,14.257718300322466
Linear Regression,55.3,65.20212691573141,-9.902126915731415,9.902126915731415
Linear Regression,91.3,78.26833389469698,13.031666105303017,13.031666105303017
Linear Regression,100.0,61.515004081200345,38.484995918799655,38.484995918799655
Linear Regression,64.9,51.486264309434034,13.413735690565971,13.413735690565971
Linear Regression,40.1,84.01013416360996,-43.91013416360996,43.91013416360996
Linear Regression,100.0,86.04123964442232,13.958760355577681,13.958760355577681
Linear Regression,47.0,56.09583002229016,-9.095830022290158,9.095830022290158
Linear Regression,90.4,72.52220555217991,17.877794447820094,17.877794447820094
Linear Regression,58.4,55.42731927205085,2.9726807279491467,2.9726807279491467
Linear Regression,78.1,77.49159088921425,0.6084091107857432,0.6084091107857432
Linear Regression,73.8,83.00682842425044,-9.206828424250446,9.206828424250446
Linear Regression,53.9,57.131842252513195,-3.2318422525131965,3.2318422525131965
Linear Regression,67.1,65.1565946232082,1.9434053767917874,1.9434053767917874
Linear Regression,62.2,67.57937032720076,-5.3793703272007605,5.3793703272007605
Linear Regression,45.5,58.010200102028705,-12.510200102028705,12.510200102028705
Linear Regression,53.3,78.26210333151664,-24.962103331516644,24.962103331516644
Linear Regression,85.6,73.05369344582982,12.546306554170172,12.546306554170172
Linear Regression,59.0,74.86155356212998,-15.861553562129984,15.861553562129984
Linear Regression,63.6,67.70775114635615,-4.107751146356144,4.107751146356144
Linear Regression,56.9,55.48859411583487,1.4114058841651271,1.4114058841651271
Linear Regression,60.1,72.18506295691907,-12.085062956919067,12.085062956919067
Linear Regression,100.0,80.18669830460328,19.813301695396717,19.813301695396717
Linear Regression,56.9,55.75405857758835,1.1459414224116458,1.1459414224116458
Linear Regression,100.0,87.12490582687474,12.875094173125262,12.875094173125262
Linear Regression,82.2,74.10076885879917,8.099231141200832,8.099231141200832
Linear Regression,77.6,62.96321945416253,14.636780545837468,14.636780545837468
Linear Regression,81.8,53.409789504412174,28.390210495587823,28.390210495587823
Linear Regression,80.9,82.4488386086914,-1.5488386086913977,1.5488386086913977
Linear Regression,67.5,66.63385863017362,0.86614136982638,0.86614136982638
Linear Regression,75.8,48.29982700042933,27.500172999570665,27.500172999570665
Linear Regression,74.0,67.2729127936189,6.7270872063811,6.7270872063811
Linear Regression,47.4,51.016696832953585,-3.6166968329535862,3.6166968329535862
Linear Regression,70.7,83.77823518007489,-13.078235180074884,13.078235180074884
Linear Regression,84.1,81.91965397739055,2.1803460226094415,2.1803460226094415
Linear Regression,55.9,57.21829261525386,-1.3182926152538599,1.3182926152538599
Linear Regression,84.5,64.37517903438845,20.124820965611548,20.124820965611548
Linear Regression,40.4,61.39117007253492,-20.99117007253492,20.99117007253492
Linear Regression,70.3,67.41535241265714,2.8846475873428545,2.8846475873428545
Linear Regression,72.6,79.62852256356666,-7.028522563566668,7.028522563566668
Linear Regression,43.4,28.235127157940653,15.164872842059346,15.164872842059346
Decision Tree,69.0,53.31428571428571,15.68571428571429,15.68571428571429
Decision Tree,81.6,73.73538461538458,7.864615384615419,7.864615384615419
Decision Tree,63.1,62.13796875000005,0.9620312499999528,0.9620312499999528
Decision Tree,89.3,62.13796875000005,27.16203124999995,27.16203124999995
Decision Tree,49.6,53.36023391812866,-3.7602339181286553,3.7602339181286553
Decision Tree,44.5,57.79116997792497,-13.291169977924973,13.291169977924973
Decision Tree,63.5,72.83731343283581,-9.337313432835813,9.337313432835813
Decision Tree,74.6,73.41900739176354,1.1809926082364512,1.1809926082364512
Decision Tree,54.6,58.98142857142848,-4.381428571428479,4.381428571428479
Decision Tree,84.3,71.16242424242422,13.137575757575775,13.137575757575775
Decision Tree,98.1,62.13796875000005,35.962031249999946,35.962031249999946
Decision Tree,64.8,65.17675438596491,-0.3767543859649152,0.3767543859649152
Decision Tree,45.4,61.84561688311685,-16.44561688311685,16.44561688311685
Decision Tree,48.0,76.6404761904762,-28.640476190476207,28.640476190476207
Decision Tree,58.3,56.35746268656715,1.9425373134328439,1.9425373134328439
Decision Tree,26.4,62.13796875000005,-35.73796875000005,35.73796875000005
Decision Tree,66.9,71.88000000000001,-4.980000000000004,4.980000000000004
Decision Tree,52.9,62.13796875000005,-9.23796875000005,9.23796875000005
Decision Tree,64.5,63.82571428571428,0.6742857142857233,0.6742857142857233
Decision Tree,46.6,57.79116997792497,-11.191169977924972,11.191169977924972
Decision Tree,66.5,73.73538461538458,-7.235384615384575,7.235384615384575
Decision Tree,41.3,56.75217391304348,-15.452173913043481,15.452173913043481
Decision Tree,40.5,55.946938775510205,-15.446938775510205,15.446938775510205
Decision Tree,90.8,83.98863636363636,6.811363636363637,6.811363636363637
Decision Tree,74.2,71.16242424242422,3.0375757575757802,3.0375757575757802
Decision Tree,99.4,69.12083333333332,30.279166666666683,30.279166666666683
Decision Tree,68.1,86.08444444444444,-17.98444444444445,17.98444444444445
Decision Tree,40.0,53.791428571428554,-13.791428571428554,13.791428571428554
Decision Tree,58.4,60.04,-1.6400000000000006,1.6400000000000006
Decision Tree,63.6,74.08169014084505,-10.481690140845053,10.481690140845053
Decision Tree,75.1,62.97333333333335,12.126666666666644,12.126666666666644
Decision Tree,72.8,62.13796875000005,10.662031249999949,10.662031249999949
Decision Tree,46.4,70.30150564617314,-23.901505646173142,23.901505646173142
Decision Tree,50.9,67.02105263157895,-16.121052631578955,16.121052631578955
Decision Tree,66.0,76.01304347826088,-10.013043478260883,10.013043478260883
Decision Tree,63.0,75.15588235294116,-12.155882352941163,12.155882352941163
Decision Tree,80.2,73.41900739176354,6.78099260823646,6.78099260823646
Decision Tree,75.2,62.13796875000005,13.062031249999954,13.062031249999954
Decision Tree,63.5,66.52105263157895,-3.0210526315789537,3.0210526315789537
Decision Tree,37.0,50.3586206896552,-13.358620689655197,13.358620689655197
Decision Tree,54.7,66.43494505494505,-11.734945054945044,11.734945054945044
Decision Tree,67.9,59.67339449541285,8.226605504587155,8.226605504587155
Decision Tree,84.8,80.07592592592594,4.724074074074053,4.724074074074053
Decision Tree,73.1,55.279466666666686,17.82053333333331,17.82053333333331
Decision Tree,99.1,60.32506265664157,38.774937343358424,38.774937343358424
Decision Tree,72.2,71.16242424242422,1.0375757575757802,1.0375757575757802
Decision Tree,93.9,58.98142857142848,34.918571428571525,34.918571428571525
Decision Tree,68.8,59.22333333333334,9.576666666666654,9.576666666666654
Decision Tree,61.8,69.31891891891891,-7.518918918918914,7.518918918918914
Decision Tree,39.5,61.84561688311685,-22.345616883116847,22.345616883116847
Decision Tree,53.9,48.34516129032259,5.554838709677412,5.554838709677412
Decision Tree,55.7,70.30150564617314,-14.601505646173138,14.601505646173138
Decision Tree,46.8,61.84561688311685,-15.04561688311685,15.04561688311685
Decision Tree,94.1,73.75757575757576,20.34242424242423,20.34242424242423
Decision Tree,56.2,52.56038186157518,3.6396181384248223,3.6396181384248223
Decision Tree,75.3,57.79116997792497,17.508830022075024,17.508830022075024
Decision Tree,83.9,70.08387096774194,13.816129032258061,13.816129032258061
Decision Tree,65.3,64.12803738317751,1.1719626168224835,1.1719626168224835
Decision Tree,71.5,71.16242424242422,0.3375757575757774,0.3375757575757774
Decision Tree,73.5,64.12803738317751,9.371962616822486,9.371962616822486
Decision Tree,40.5,65.17675438596491,-24.676754385964912,24.676754385964912
Decision Tree,28.7,56.35746268656715,-27.657462686567154,27.657462686567154
Decision Tree,35.3,66.90851063829786,-31.608510638297858,31.608510638297858
Decision Tree,82.2,69.06810810810812,13.131891891891883,13.131891891891883
Decision Tree,39.3,49.46111111111111,-10.161111111111111,10.161111111111111
Decision Tree,83.8,66.43494505494505,17.36505494505495,17.36505494505495
Decision Tree,67.4,64.12803738317751,3.271962616822492,3.271962616822492
Decision Tree,33.2,62.97333333333335,-29.773333333333348,29.773333333333348
Decision Tree,49.5,53.31428571428571,-3.8142857142857096,3.8142857142857096
Decision Tree,47.1,62.14361233480173,-15.043612334801729,15.043612334801729
Decision Tree,71.0,56.12363636363636,14.876363636363642,14.876363636363642
Decision Tree,75.5,81.27222222222221,-5.7722222222222115,5.7722222222222115
Decision Tree,74.1,68.47062500000004,5.629374999999953,5.629374999999953
Decision Tree,82.5,56.26794871794873,26.232051282051273,26.232051282051273
Decision Tree,84.1,64.12803738317751,19.97196261682248,19.97196261682248
Decision Tree,38.5,80.07592592592594,-41.575925925925944,41.575925925925944
Decision Tree,87.6,70.30150564617314,17.298494353826854,17.298494353826854
Decision Tree,48.8,64.12803738317751,-15.328037383177517,15.328037383177517
Decision Tree,78.2,53.791428571428554,24.40857142857145,24.40857142857145
Decision Tree,74.9,70.30150564617314,4.598494353826865,4.598494353826865
Decision Tree,42.9,53.63873873873873,-10.738738738738732,10.738738738738732
Decision Tree,66.7,70.88294573643414,-4.182945736434135,4.182945736434135
Decision Tree,86.5,83.47333333333334,3.0266666666666566,3.0266666666666566
Decision Tree,74.9,67.42719298245613,7.472807017543872,7.472807017543872
Decision Tree,68.6,66.43494505494505,2.1650549450549477,2.1650549450549477
Decision Tree,45.8,62.13796875000005,-16.33796875000005,16.33796875000005
Decision Tree,59.7,50.3586206896552,9.341379310344806,9.341379310344806
Decision Tree,63.8,40.043636363636374,23.756363636363623,23.756363636363623
Decision Tree,38.3,55.279466666666686,-16.97946666666669,16.97946666666669
Decision Tree,54.1,66.43494505494505,-12.334945054945045,12.334945054945045
Decision Tree,41.2,53.89767441860465,-12.697674418604649,12.697674418604649
Decision Tree,62.4,73.20303030303032,-10.803030303030319,10.803030303030319
Decision Tree,44.6,62.13796875000005,-17.537968750000047,17.537968750000047
Decision Tree,44.8,55.390566037735844,-10.590566037735847,10.590566037735847
Decision Tree,38.4,52.56038186157518,-14.160381861575182,14.160381861575182
Decision Tree,76.2,84.31980198019801,-8.119801980198005,8.119801980198005
Decision Tree,61.0,81.99411764705884,-20.994117647058843,20.994117647058843
Decision Tree,71.5,65.17675438596491,6.323245614035088,6.323245614035088
Decision Tree,86.2,61.84561688311685,24.354383116883156,24.354383116883156
Decision Tree,65.1,80.04193548387097,-14.941935483870978,14.941935483870978
Decision Tree,79.6,53.63873873873873,25.961261261261264,25.961261261261264
Decision Tree,83.6,73.41900739176354,10.180992608236451,10.180992608236451
Decision Tree,58.2,79.45750000000001,-21.257500000000007,21.257500000000007
Decision Tree,83.0,73.73538461538458,9.264615384615425,9.264615384615425
Decision Tree,82.6,69.36111111111113,13.238888888888866,13.238888888888866
Decision Tree,53.8,66.43494505494505,-12.63494505494505,12.63494505494505
Decision Tree,31.1,58.98142857142848,-27.88142857142848,27.88142857142848
Decision Tree,49.4,65.17675438596491,-15.776754385964914,15.776754385964914
Decision Tree,64.4,56.114583333333336,8.28541666666667,8.28541666666667
Decision Tree,37.6,62.13796875000005,-24.537968750000047,24.537968750000047
Decision Tree,65.3,69.51777777777778,-4.217777777777783,4.217777777777783
Decision Tree,70.5,65.65957446808511,4.840425531914889,4.840425531914889
Decision Tree,99.6,72.2,27.39999999999999,27.39999999999999
Decision Tree,61.3,56.31866666666667,4.981333333333325,4.981333333333325
Decision Tree,71.8,55.279466666666686,16.52053333333331,16.52053333333331
Decision Tree,74.3,82.23225806451612,-7.93225806451612,7.93225806451612
Decision Tree,66.7,71.16242424242422,-4.46242424242422,4.46242424242422
Decision Tree,72.7,87.85283018867923,-15.152830188679232,15.152830188679232
Decision Tree,56.1,55.43400000000001,0.6659999999999897,0.6659999999999897
Decision Tree,46.6,57.79116997792497,-11.191169977924972,11.191169977924972
Decision Tree,53.9,66.18666666666667,-12.286666666666669,12.286666666666669
Decision Tree,42.0,49.595238095238095,-7.595238095238095,7.595238095238095
Decision Tree,65.2,71.16242424242422,-5.96242424242422,5.96242424242422
Decision Tree,98.9,62.291056910569104,36.6089430894309,36.6089430894309
Decision Tree,72.2,65.40892857142856,6.791071428571442,6.791071428571442
Decision Tree,93.1,90.3,2.799999999999997,2.799999999999997
Decision Tree,51.6,57.79116997792497,-6.191169977924972,6.191169977924972
Decision Tree,70.3,62.495721925133715,7.804278074866282,7.804278074866282
Decision Tree,60.8,73.41900739176354,-12.619007391763546,12.619007391763546
Decision Tree,32.9,55.279466666666686,-22.379466666666687,22.379466666666687
Decision Tree,87.3,52.56038186157518,34.73961813842482,34.73961813842482
Decision Tree,46.6,62.13796875000005,-15.537968750000047,15.537968750000047
Decision Tree,88.0,71.03454545454547,16.965454545454534,16.965454545454534
Decision Tree,50.5,61.84561688311685,-11.345616883116847,11.345616883116847
Decision Tree,88.5,70.30150564617314,18.19849435382686,18.19849435382686
Decision Tree,34.2,62.18474576271186,-27.98474576271186,27.98474576271186
Decision Tree,68.2,71.34675324675322,-3.146753246753221,3.146753246753221
Decision Tree,55.4,58.98142857142848,-3.581428571428482,3.581428571428482
Decision Tree,65.5,64.12803738317751,1.3719626168224863,1.3719626168224863
Decision Tree,55.6,66.90851063829786,-11.308510638297854,11.308510638297854
Decision Tree,62.8,73.7891891891892,-10.989189189189204,10.989189189189204
Decision Tree,81.4,67.82340425531913,13.576595744680873,13.576595744680873
Decision Tree,66.4,55.390566037735844,11.009433962264161,11.009433962264161
Decision Tree,51.4,58.98142857142848,-7.581428571428482,7.581428571428482
Decision Tree,50.7,68.89999999999999,-18.19999999999999,18.19999999999999
Decision Tree,59.0,67.42719298245613,-8.427192982456134,8.427192982456134
Decision Tree,63.1,63.08793103448275,0.012068965517251229,0.012068965517251229
Decision Tree,100.0,90.3,9.700000000000003,9.700000000000003
Decision Tree,65.5,58.98142857142848,6.518571428571519,6.518571428571519
Decision Tree,79.3,65.72083333333336,13.579166666666637,13.579166666666637
Decision Tree,69.9,67.02105263157895,2.878947368421052,2.878947368421052
Decision Tree,57.6,54.654430379746856,2.9455696202531456,2.9455696202531456
Decision Tree,61.2,69.06810810810812,-7.8681081081081174,7.8681081081081174
Decision Tree,52.3,73.41900739176354,-21.119007391763546,21.119007391763546
Decision Tree,53.1,49.46111111111111,3.638888888888893,3.638888888888893
Decision Tree,50.4,60.32506265664157,-9.925062656641572,9.925062656641572
Decision Tree,88.4,62.14361233480173,26.256387665198275,26.256387665198275
Decision Tree,87.1,62.14361233480173,24.956387665198264,24.956387665198264
Decision Tree,44.5,57.79116997792497,-13.291169977924973,13.291169977924973
Decision Tree,62.8,62.495721925133715,0.3042780748662821,0.3042780748662821
Decision Tree,68.7,55.390566037735844,13.309433962264158,13.309433962264158
Decision Tree,82.2,61.84561688311685,20.354383116883156,20.354383116883156
Decision Tree,80.1,84.31980198019801,-4.219801980198014,4.219801980198014
Decision Tree,94.1,62.13796875000005,31.962031249999946,31.962031249999946
Decision Tree,79.5,67.42719298245613,12.072807017543866,12.072807017543866
Decision Tree,62.7,55.946938775510205,6.753061224489798,6.753061224489798
Decision Tree,100.0,62.13796875000005,37.86203124999995,37.86203124999995
Decision Tree,58.3,64.12803738317751,-5.8280373831775165,5.8280373831775165
Decision Tree,78.4,62.13796875000005,16.262031249999957,16.262031249999957
Decision Tree,77.5,72.67358490566038,4.826415094339623,4.826415094339623
Decision Tree,39.5,66.43494505494505,-26.934945054945047,26.934945054945047
Decision Tree,71.2,65.40892857142856,5.791071428571442,5.791071428571442
Decision Tree,73.4,81.56578947368418,-8.165789473684171,8.165789473684171
Decision Tree,97.7,66.39999999999998,31.300000000000026,31.300000000000026
Decision Tree,81.8,75.79015151515148,6.0098484848485185,6.0098484848485185
Decision Tree,66.4,68.51793103448279,-2.1179310344827798,2.1179310344827798
Decision Tree,56.0,59.67339449541285,-3.6733944954128503,3.6733944954128503
Decision Tree,57.9,58.98142857142848,-1.0814285714284821,1.0814285714284821
Decision Tree,72.6,73.41900739176354,-0.8190073917635488,0.8190073917635488
Decision Tree,52.6,59.67339449541285,-7.073394495412849,7.073394495412849
Decision Tree,62.6,44.302040816326546,18.297959183673456,18.297959183673456
Decision Tree,55.6,55.279466666666686,0.3205333333333158,0.3205333333333158
Decision Tree,54.6,59.22333333333334,-4.623333333333342,4.623333333333342
Decision Tree,64.8,66.43494505494505,-1.6349450549450495,1.6349450549450495
Decision Tree,72.3,70.30150564617314,1.9984943538268567,1.9984943538268567
Decision Tree,85.2,61.84561688311685,23.354383116883156,23.354383116883156
Decision Tree,50.2,64.12803738317751,-13.92803738317751,13.92803738317751
Decision Tree,60.7,62.13796875000005,-1.4379687500000458,1.4379687500000458
Decision Tree,61.3,64.88484848484848,-3.5848484848484787,3.5848484848484787
Decision Tree,49.8,62.13796875000005,-12.337968750000051,12.337968750000051
Decision Tree,73.9,55.279466666666686,18.62053333333332,18.62053333333332
Decision Tree,41.0,57.79116997792497,-16.791169977924973,16.791169977924973
Decision Tree,79.2,61.84561688311685,17.354383116883156,17.354383116883156
Decision Tree,49.0,53.31428571428571,-4.31428571428571,4.31428571428571
Decision Tree,73.2,61.977927927927894,11.222072072072109,11.222072072072109
Decision Tree,67.8,40.043636363636374,27.756363636363623,27.756363636363623
Decision Tree,56.5,62.13796875000005,-5.637968750000049,5.637968750000049
Decision Tree,88.3,64.44999999999999,23.85000000000001,23.85000000000001
Decision Tree,53.9,80.07592592592594,-26.175925925925945,26.175925925925945
Decision Tree,92.0,50.3586206896552,41.6413793103448,41.6413793103448
Decision Tree,100.0,68.04800000000002,31.951999999999984,31.951999999999984
Decision Tree,66.3,67.42719298245613,-1.1271929824561369,1.1271929824561369
Decision Tree,79.8,61.79014084507042,18.00985915492958,18.00985915492958
Decision Tree,95.9,73.41900739176354,22.480992608236463,22.480992608236463
Decision Tree,55.4,62.14361233480173,-6.743612334801732,6.743612334801732
Decision Tree,60.5,60.505333333333304,-0.005333333333304324,0.005333333333304324
Decision Tree,50.3,40.043636363636374,10.256363636363623,10.256363636363623
Decision Tree,95.1,66.43494505494505,28.665054945054948,28.665054945054948
Decision Tree,57.2,61.977927927927894,-4.777927927927891,4.777927927927891
Decision Tree,57.4,67.17291666666665,-9.772916666666653,9.772916666666653
Decision Tree,65.5,53.791428571428554,11.708571428571446,11.708571428571446
Decision Tree,93.4,61.22000000000001,32.17999999999999,32.17999999999999
Decision Tree,39.3,65.72083333333336,-26.420833333333363,26.420833333333363
Decision Tree,36.5,53.63873873873873,-17.13873873873873,17.13873873873873
Decision Tree,84.2,71.34675324675322,12.85324675324678,12.85324675324678
Decision Tree,61.2,43.829032258064515,17.370967741935488,17.370967741935488
Decision Tree,73.3,54.12786885245901,19.172131147540988,19.172131147540988
Decision Tree,44.6,46.800000000000004,-2.200000000000003,2.200000000000003
Decision Tree,47.2,50.93750000000001,-3.7375000000000043,3.7375000000000043
Decision Tree,81.5,76.24285714285713,5.257142857142867,5.257142857142867
Decision Tree,45.7,70.55,-24.849999999999994,24.849999999999994
Decision Tree,72.9,52.56038186157518,20.339618138424825,20.339618138424825
Decision Tree,95.5,69.06810810810812,26.43189189189188,26.43189189189188
Decision Tree,85.2,64.14375000000001,21.05624999999999,21.05624999999999
Decision Tree,34.5,74.10256410256407,-39.602564102564074,39.602564102564074
Decision Tree,40.0,52.56038186157518,-12.56038186157518,12.56038186157518
Decision Tree,86.0,49.140000000000015,36.859999999999985,36.859999999999985
Decision Tree,56.5,44.302040816326546,12.197959183673454,12.197959183673454
Decision Tree,90.5,78.98282208588957,11.517177914110434,11.517177914110434
Decision Tree,52.9,55.279466666666686,-2.379466666666687,2.379466666666687
Decision Tree,90.9,72.67358490566038,18.22641509433963,18.22641509433963
Decision Tree,70.3,76.24285714285713,-5.942857142857136,5.942857142857136
Decision Tree,46.5,62.13796875000005,-15.637968750000049,15.637968750000049
Decision Tree,80.7,57.249999999999986,23.450000000000017,23.450000000000017
Decision Tree,70.7,68.04800000000002,2.651999999999987,2.651999999999987
Decision Tree,74.8,55.390566037735844,19.409433962264153,19.409433962264153
Decision Tree,45.7,58.98142857142848,-13.281428571428478,13.281428571428478
Decision Tree,100.0,71.03454545454547,28.965454545454534,28.965454545454534
Decision Tree,61.0,55.33846153846153,5.66153846153847,5.66153846153847
Decision Tree,78.4,73.86481481481482,4.535185185185185,4.535185185185185
Decision Tree,73.0,86.08444444444444,-13.084444444444443,13.084444444444443
Decision Tree,49.9,62.13796875000005,-12.23796875000005,12.23796875000005
Decision Tree,64.4,71.16242424242422,-6.762424242424217,6.762424242424217
Decision Tree,94.3,62.13796875000005,32.16203124999995,32.16203124999995
Decision Tree,54.0,56.31866666666667,-2.3186666666666724,2.3186666666666724
Decision Tree,55.3,77.61818181818182,-22.318181818181827,22.318181818181827
Decision Tree,81.8,76.13800000000002,5.661999999999978,5.661999999999978
Decision Tree,78.1,61.977927927927894,16.1220720720721,16.1220720720721
Decision Tree,83.0,71.34675324675322,11.653246753246776,11.653246753246776
Decision Tree,59.3,62.495721925133715,-3.195721925133718,3.195721925133718
Decision Tree,42.8,73.41900739176354,-30.619007391763546,30.619007391763546
Decision Tree,72.8,80.07592592592594,-7.275925925925947,7.275925925925947
Decision Tree,69.5,50.3586206896552,19.141379310344803,19.141379310344803
Decision Tree,52.2,57.79116997792497,-5.59116997792497,5.59116997792497
Decision Tree,67.1,75.0860465116279,-7.9860465116279045,7.9860465116279045
Decision Tree,73.5,53.36023391812866,20.139766081871343,20.139766081871343
Decision Tree,63.0,73.80217391304348,-10.802173913043475,10.802173913043475
Decision Tree,47.8,55.279466666666686,-7.4794666666666885,7.4794666666666885
Decision Tree,100.0,90.3,9.700000000000003,9.700000000000003
Decision Tree,64.5,71.16242424242422,-6.662424242424223,6.662424242424223
Decision Tree,50.5,71.16242424242422,-20.662424242424223,20.662424242424223
Decision Tree,74.8,83.30000000000001,-8.500000000000014,8.500000000000014
Decision Tree,85.0,69.36111111111113,15.638888888888872,15.638888888888872
Decision Tree,81.1,66.43494505494505,14.665054945054948,14.665054945054948
Decision Tree,100.0,63.08793103448275,36.91206896551725,36.91206896551725
Decision Tree,44.5,71.34675324675322,-26.846753246753224,26.846753246753224
Decision Tree,42.4,52.56038186157518,-10.160381861575182,10.160381861575182
Decision Tree,91.0,70.30150564617314,20.69849435382686,20.69849435382686
Decision Tree,51.4,55.155319148936194,-3.755319148936195,3.755319148936195
Decision Tree,100.0,77.40588235294119,22.59411764705881,22.59411764705881
Decision Tree,69.1,81.99411764705884,-12.894117647058849,12.894117647058849
Decision Tree,81.3,71.03454545454547,10.265454545454531,10.265454545454531
Decision Tree,51.8,62.291056910569104,-10.491056910569107,10.491056910569107
Decision Tree,45.6,50.23454545454546,-4.63454545454546,4.63454545454546
Decision Tree,54.9,56.26794871794873,-1.3679487179487282,1.3679487179487282
Decision Tree,79.4,56.35746268656715,23.042537313432852,23.042537313432852
Decision Tree,70.5,69.44545454545455,1.0545454545454476,1.0545454545454476
Decision Tree,72.2,69.07500000000003,3.1249999999999716,3.1249999999999716
Decision Tree,97.4,74.10256410256407,23.297435897435932,23.297435897435932
Decision Tree,65.8,61.84561688311685,3.9543831168831503,3.9543831168831503
Decision Tree,37.5,52.56038186157518,-15.06038186157518,15.06038186157518
Decision Tree,49.0,57.53,-8.530000000000001,8.530000000000001
Decision Tree,66.1,59.22333333333334,6.876666666666651,6.876666666666651
Decision Tree,47.5,62.495721925133715,-14.995721925133715,14.995721925133715
Decision Tree,86.3,87.72476190476192,-1.4247619047619224,1.4247619047619224
Decision Tree,76.8,74.08169014084505,2.7183098591549424,2.7183098591549424
Decision Tree,71.2,78.98282208588957,-7.782822085889563,7.782822085889563
Decision Tree,31.1,83.58000000000003,-52.480000000000025,52.480000000000025
Decision Tree,64.3,66.43494505494505,-2.1349450549450495,2.1349450549450495
Decision Tree,67.3,62.13796875000005,5.162031249999949,5.162031249999949
Decision Tree,95.8,66.43494505494505,29.36505494505495,29.36505494505495
Decision Tree,95.4,66.43494505494505,28.96505494505496,28.96505494505496
Decision Tree,65.7,58.98142857142848,6.718571428571522,6.718571428571522
Decision Tree,22.5,62.13796875000005,-39.63796875000005,39.63796875000005
Decision Tree,93.4,57.79116997792497,35.60883002207503,35.60883002207503
Decision Tree,63.9,60.32506265664157,3.574937343358428,3.574937343358428
Decision Tree,61.1,78.64000000000001,-17.540000000000013,17.540000000000013
Decision Tree,61.5,66.43494505494505,-4.934945054945047,4.934945054945047
Decision Tree,59.2,68.51793103448279,-9.317931034482783,9.317931034482783
Decision Tree,71.8,73.80217391304348,-2.002173913043478,2.002173913043478
Decision Tree,62.3,58.98142857142848,3.3185714285715164,3.3185714285715164
Decision Tree,35.0,56.35746268656715,-21.357462686567153,21.357462686567153
Decision Tree,65.2,64.12803738317751,1.0719626168224892,1.0719626168224892
Decision Tree,83.6,66.46578947368421,17.134210526315783,17.134210526315783
Decision Tree,100.0,61.84561688311685,38.15438311688315,38.15438311688315
Decision Tree,72.3,61.904761904761926,10.39523809523807,10.39523809523807
Decision Tree,72.0,60.505333333333304,11.494666666666696,11.494666666666696
Decision Tree,56.3,62.13796875000005,-5.837968750000051,5.837968750000051
Decision Tree,78.4,62.13796875000005,16.262031249999957,16.262031249999957
Decision Tree,81.2,73.41900739176354,7.78099260823646,7.78099260823646
Decision Tree,33.6,40.992105263157896,-7.3921052631578945,7.3921052631578945
Decision Tree,61.4,66.43494505494505,-5.034945054945048,5.034945054945048
Decision Tree,88.3,70.30150564617314,17.998494353826857,17.998494353826857
Decision Tree,62.8,68.47062500000004,-5.670625000000044,5.670625000000044
Decision Tree,61.9,62.13796875000005,-0.23796875000005002,0.23796875000005002
Decision Tree,45.6,53.61571428571429,-8.015714285714289,8.015714285714289
Decision Tree,29.2,55.279466666666686,-26.079466666666686,26.079466666666686
Decision Tree,78.1,84.29500000000002,-6.195000000000022,6.195000000000022
Decision Tree,53.0,61.22000000000001,-8.220000000000013,8.220000000000013
Decision Tree,51.7,60.32506265664157,-8.625062656641568,8.625062656641568
Decision Tree,71.8,62.13796875000005,9.662031249999949,9.662031249999949
Decision Tree,49.5,48.57878787878788,0.9212121212121218,0.9212121212121218
Decision Tree,62.1,70.30150564617314,-8.201505646173139,8.201505646173139
Decision Tree,64.1,53.36023391812866,10.739766081871338,10.739766081871338
Decision Tree,55.6,50.3586206896552,5.241379310344804,5.241379310344804
Decision Tree,89.5,78.98282208588957,10.517177914110434,10.517177914110434
Decision Tree,46.0,57.79116997792497,-11.791169977924973,11.791169977924973
Decision Tree,80.7,77.61818181818182,3.0818181818181785,3.0818181818181785
Decision Tree,84.7,87.72476190476192,-3.0247619047619168,3.0247619047619168
Decision Tree,64.4,58.98142857142848,5.418571428571525,5.418571428571525
Decision Tree,55.8,61.802941176470604,-6.002941176470607,6.002941176470607
Decision Tree,83.9,74.32325581395348,9.576744186046525,9.576744186046525
Decision Tree,49.1,61.49767441860465,-12.397674418604652,12.397674418604652
Decision Tree,85.2,62.13796875000005,23.062031249999954,23.062031249999954
Decision Tree,58.4,66.43494505494505,-8.034945054945048,8.034945054945048
Decision Tree,81.8,88.35806451612903,-6.558064516129036,6.558064516129036
Decision Tree,63.0,65.17675438596491,-2.1767543859649123,2.1767543859649123
Decision Tree,46.2,68.47062500000004,-22.270625000000038,22.270625000000038
Decision Tree,42.5,58.98142857142848,-16.48142857142848,16.48142857142848
Decision Tree,58.4,73.41900739176354,-15.019007391763544,15.019007391763544
Decision Tree,80.7,73.73538461538458,6.964615384615428,6.964615384615428
Decision Tree,62.6,62.13796875000005,0.4620312499999528,0.4620312499999528
Decision Tree,72.8,67.42719298245613,5.372807017543863,5.372807017543863
Decision Tree,61.0,53.63873873873873,7.361261261261269,7.361261261261269
Decision Tree,50.9,56.75217391304348,-5.85217391304348,5.85217391304348
Decision Tree,99.9,79.89574468085104,20.004255319148967,20.004255319148967
Decision Tree,40.7,60.32506265664157,-19.625062656641568,19.625062656641568
Decision Tree,49.1,62.14361233480173,-13.043612334801729,13.043612334801729
Decision Tree,100.0,60.32506265664157,39.67493734335843,39.67493734335843
Decision Tree,50.2,58.98142857142848,-8.781428571428478,8.781428571428478
Decision Tree,51.7,67.06486486486487,-15.36486486486487,15.36486486486487
Decision Tree,69.0,56.12363636363636,12.876363636363642,12.876363636363642
Decision Tree,89.9,84.31521739130434,5.584782608695662,5.584782608695662
Decision Tree,64.9,77.61818181818182,-12.718181818181819,12.718181818181819
Decision Tree,37.1,57.79116997792497,-20.69116997792497,20.69116997792497
Decision Tree,50.7,58.64523809523809,-7.945238095238089,7.945238095238089
Decision Tree,71.1,84.31521739130434,-13.21521739130435,13.21521739130435
Decision Tree,57.4,66.43494505494505,-9.034945054945048,9.034945054945048
Decision Tree,100.0,90.7666666666667,9.233333333333306,9.233333333333306
Decision Tree,44.1,66.43494505494505,-22.334945054945045,22.334945054945045
Decision Tree,73.6,70.30150564617314,3.298494353826854,3.298494353826854
Decision Tree,45.5,59.49999999999999,-13.999999999999993,13.999999999999993
Decision Tree,71.8,61.977927927927894,9.822072072072103,9.822072072072103
Decision Tree,54.2,55.390566037735844,-1.1905660377358416,1.1905660377358416
Decision Tree,78.6,64.12803738317751,14.47196261682248,14.47196261682248
Decision Tree,67.3,72.2,-4.900000000000006,4.900000000000006
Decision Tree,63.6,61.802941176470604,1.7970588235293974,1.7970588235293974
Decision Tree,60.0,86.66388888888888,-26.663888888888877,26.663888888888877
Decision Tree,55.8,62.495721925133715,-6.695721925133718,6.695721925133718
Decision Tree,30.4,55.43400000000001,-25.034000000000013,25.034000000000013
Decision Tree,64.4,58.98142857142848,5.418571428571525,5.418571428571525
Decision Tree,89.7,73.41900739176354,16.28099260823646,16.28099260823646
Decision Tree,71.8,66.43494505494505,5.3650549450549505,5.3650549450549505
Decision Tree,80.6,61.84561688311685,18.754383116883147,18.754383116883147
Decision Tree,78.4,73.73538461538458,4.664615384615431,4.664615384615431
Decision Tree,60.4,61.977927927927894,-1.5779279279278953,1.5779279279278953
Decision Tree,100.0,77.67750000000001,22.32249999999999,22.32249999999999
Decision Tree,47.3,46.800000000000004,0.4999999999999929,0.4999999999999929
Decision Tree,79.7,76.13800000000002,3.5619999999999834,3.5619999999999834
Decision Tree,66.5,64.12803738317751,2.3719626168224863,2.3719626168224863
Decision Tree,72.5,49.31666666666667,23.18333333333333,23.18333333333333
Decision Tree,46.4,56.26794871794873,-9.867948717948728,9.867948717948728
Decision Tree,89.1,90.3,-1.2000000000000028,1.2000000000000028
Decision Tree,83.0,74.08169014084505,8.918309859154945,8.918309859154945
Decision Tree,66.3,58.98142857142848,7.318571428571516,7.318571428571516
Decision Tree,83.7,62.13796875000005,21.562031249999954,21.562031249999954
Decision Tree,83.4,55.155319148936194,28.244680851063812,28.244680851063812
Decision Tree,64.2,59.67339449541285,4.5266055045871525,4.5266055045871525
Decision Tree,100.0,62.97333333333335,37.02666666666665,37.02666666666665
Decision Tree,69.2,65.17675438596491,4.0232456140350905,4.0232456140350905
Decision Tree,76.5,58.98142857142848,17.51857142857152,17.51857142857152
Decision Tree,53.9,86.08444444444444,-32.184444444444445,32.184444444444445
Decision Tree,65.8,68.47062500000004,-2.6706250000000438,2.6706250000000438
Decision Tree,78.7,66.43494505494505,12.265054945054956,12.265054945054956
Decision Tree,66.4,73.73538461538458,-7.335384615384569,7.335384615384569
Decision Tree,67.2,64.12803738317751,3.071962616822489,3.071962616822489
Decision Tree,83.2,76.13800000000002,7.061999999999983,7.061999999999983
Decision Tree,83.0,66.43494505494505,16.565054945054953,16.565054945054953
Decision Tree,69.4,64.12803738317751,5.271962616822492,5.271962616822492
Decision Tree,52.6,75.79015151515148,-23.190151515151477,23.190151515151477
Decision Tree,63.0,73.41900739176354,-10.419007391763543,10.419007391763543
Decision Tree,83.2,70.30150564617314,12.898494353826862,12.898494353826862
Decision Tree,74.0,73.41900739176354,0.5809926082364569,0.5809926082364569
Decision Tree,94.8,66.43494505494505,28.36505494505495,28.36505494505495
Decision Tree,59.2,64.12803738317751,-4.928037383177511,4.928037383177511
Decision Tree,38.4,62.13796875000005,-23.73796875000005,23.73796875000005
Decision Tree,62.0,62.291056910569104,-0.2910569105691039,0.2910569105691039
Decision Tree,34.2,62.589473684210525,-28.38947368421052,28.38947368421052
Decision Tree,63.1,62.13796875000005,0.9620312499999528,0.9620312499999528
Decision Tree,89.4,65.65957446808511,23.740425531914894,23.740425531914894
Decision Tree,28.3,64.12803738317751,-35.82803738317752,35.82803738317752
Decision Tree,39.5,57.79116997792497,-18.291169977924973,18.291169977924973
Decision Tree,84.3,69.31891891891891,14.981081081081086,14.981081081081086
Decision Tree,66.4,86.2125,-19.8125,19.8125
Decision Tree,98.6,77.64318181818182,20.95681818181818,20.95681818181818
Decision Tree,94.9,60.32506265664157,34.574937343358435,34.574937343358435
Decision Tree,76.8,76.6404761904762,0.1595238095237903,0.1595238095237903
Decision Tree,59.5,69.07500000000003,-9.575000000000031,9.575000000000031
Decision Tree,48.3,73.41900739176354,-25.119007391763546,25.119007391763546
Decision Tree,72.7,55.22333333333335,17.476666666666652,17.476666666666652
Decision Tree,73.0,58.98142857142848,14.01857142857152,14.01857142857152
Decision Tree,66.5,71.16242424242422,-4.662424242424223,4.662424242424223
Decision Tree,47.5,50.3586206896552,-2.858620689655197,2.858620689655197
Decision Tree,60.9,66.43494505494505,-5.534945054945048,5.534945054945048
Decision Tree,59.7,55.279466666666686,4.420533333333317,4.420533333333317
Decision Tree,54.2,73.41900739176354,-19.21900739176354,19.21900739176354
Decision Tree,73.4,61.84561688311685,11.554383116883159,11.554383116883159
Decision Tree,72.9,73.86481481481482,-0.9648148148148152,0.9648148148148152
Decision Tree,28.6,41.85714285714285,-13.257142857142846,13.257142857142846
Decision Tree,62.2,62.13796875000005,0.06203124999995424,0.06203124999995424
Decision Tree,62.5,61.84561688311685,0.6543831168831531,0.6543831168831531
Decision Tree,44.3,62.13796875000005,-17.83796875000005,17.83796875000005
Decision Tree,33.8,64.88484848484848,-31.08484848484848,31.08484848484848
Decision Tree,34.8,40.043636363636374,-5.2436363636363765,5.2436363636363765
Decision Tree,71.9,58.64523809523809,13.254761904761914,13.254761904761914
Decision Tree,60.8,73.41900739176354,-12.619007391763546,12.619007391763546
Decision Tree,77.5,65.26153846153846,12.238461538461536,12.238461538461536
Decision Tree,58.2,53.36023391812866,4.839766081871346,4.839766081871346
Decision Tree,69.6,83.30000000000001,-13.700000000000017,13.700000000000017
Decision Tree,66.1,66.43494505494505,-0.33494505494505233,0.33494505494505233
Decision Tree,98.2,73.41900739176354,24.78099260823646,24.78099260823646
Decision Tree,80.8,68.04800000000002,12.751999999999981,12.751999999999981
Decision Tree,51.6,61.38787878787879,-9.787878787878789,9.787878787878789
Decision Tree,50.1,62.13796875000005,-12.037968750000047,12.037968750000047
Decision Tree,63.8,62.14361233480173,1.6563876651982667,1.6563876651982667
Decision Tree,58.5,46.800000000000004,11.699999999999996,11.699999999999996
Decision Tree,81.0,73.73538461538458,7.264615384615425,7.264615384615425
Decision Tree,97.2,68.51793103448279,28.682068965517217,28.682068965517217
Decision Tree,55.2,60.32506265664157,-5.125062656641568,5.125062656641568
Decision Tree,54.5,52.56038186157518,1.9396181384248194,1.9396181384248194
Decision Tree,47.4,68.47062500000004,-21.070625000000042,21.070625000000042
Decision Tree,100.0,78.64000000000001,21.359999999999985,21.359999999999985
Decision Tree,71.4,78.13999999999997,-6.7399999999999665,6.7399999999999665
Decision Tree,51.6,45.268253968253966,6.331746031746036,6.331746031746036
Decision Tree,100.0,80.90645161290323,19.093548387096774,19.093548387096774
Decision Tree,42.5,53.63873873873873,-11.13873873873873,11.13873873873873
Decision Tree,56.8,61.977927927927894,-5.177927927927897,5.177927927927897
Decision Tree,25.6,52.79032258064516,-27.19032258064516,27.19032258064516
Decision Tree,74.9,62.291056910569104,12.608943089430902,12.608943089430902
Decision Tree,55.0,43.45000000000001,11.54999999999999,11.54999999999999
Decision Tree,65.9,65.17675438596491,0.7232456140350934,0.7232456140350934
Decision Tree,75.9,70.88294573643414,5.017054263565868,5.017054263565868
Decision Tree,41.0,79.92045454545455,-38.92045454545455,38.92045454545455
Decision Tree,93.8,74.02432432432433,19.77567567567567,19.77567567567567
Decision Tree,48.4,64.12803738317751,-15.728037383177515,15.728037383177515
Decision Tree,53.7,60.32506265664157,-6.625062656641568,6.625062656641568
Decision Tree,51.0,58.98142857142848,-7.981428571428481,7.981428571428481
Decision Tree,30.4,52.56038186157518,-22.160381861575182,22.160381861575182
Decision Tree,55.8,61.802941176470604,-6.002941176470607,6.002941176470607
Decision Tree,88.8,87.72476190476192,1.0752380952380776,1.0752380952380776
Decision Tree,83.7,73.41900739176354,10.28099260823646,10.28099260823646
Decision Tree,61.5,40.043636363636374,21.456363636363626,21.456363636363626
Decision Tree,73.7,61.16052631578948,12.53947368421052,12.53947368421052
Decision Tree,48.7,62.13796875000005,-13.437968750000046,13.437968750000046
Decision Tree,57.8,62.495721925133715,-4.695721925133718,4.695721925133718
Decision Tree,95.0,75.22666666666667,19.773333333333326,19.773333333333326
Decision Tree,76.2,62.13796875000005,14.062031249999954,14.062031249999954
Decision Tree,80.4,70.88294573643414,9.517054263565868,9.517054263565868
Decision Tree,94.6,61.84561688311685,32.75438311688315,32.75438311688315
Decision Tree,67.3,61.84561688311685,5.45438311688315,5.45438311688315
Decision Tree,42.8,57.79116997792497,-14.991169977924976,14.991169977924976
Decision Tree,96.4,78.13999999999997,18.260000000000034,18.260000000000034
Decision Tree,46.8,58.64523809523809,-11.845238095238095,11.845238095238095
Decision Tree,76.6,71.16242424242422,5.437575757575772,5.437575757575772
Decision Tree,58.8,62.495721925133715,-3.695721925133718,3.695721925133718
Decision Tree,43.9,62.13796875000005,-18.23796875000005,18.23796875000005
Decision Tree,59.5,69.66,-10.159999999999997,10.159999999999997
Decision Tree,82.5,73.41900739176354,9.080992608236457,9.080992608236457
Decision Tree,58.2,62.13796875000005,-3.9379687500000458,3.9379687500000458
Decision Tree,64.2,53.63873873873873,10.561261261261272,10.561261261261272
Decision Tree,82.5,66.43494505494505,16.065054945054953,16.065054945054953
Decision Tree,60.5,76.36842105263156,-15.868421052631561,15.868421052631561
Decision Tree,46.2,70.55,-24.349999999999994,24.349999999999994
Decision Tree,45.3,70.30150564617314,-25.001505646173143,25.001505646173143
Decision Tree,68.7,73.41900739176354,-4.71900739176354,4.71900739176354
Decision Tree,53.3,58.98142857142848,-5.681428571428484,5.681428571428484
Decision Tree,68.7,66.43494505494505,2.265054945054956,2.265054945054956
Decision Tree,56.6,64.12803738317751,-7.528037383177512,7.528037383177512
Decision Tree,58.9,61.977927927927894,-3.0779279279278953,3.0779279279278953
Decision Tree,88.9,74.32325581395348,14.576744186046525,14.576744186046525
Decision Tree,73.0,66.43494505494505,6.565054945054953,6.565054945054953
Decision Tree,51.2,62.13796875000005,-10.937968750000046,10.937968750000046
Decision Tree,81.8,60.32506265664157,21.474937343358427,21.474937343358427
Decision Tree,47.5,53.63873873873873,-6.138738738738731,6.138738738738731
Decision Tree,91.3,87.95128205128208,3.348717948717919,3.348717948717919
Decision Tree,78.9,70.87499999999999,8.02500000000002,8.02500000000002
Decision Tree,45.0,53.63873873873873,-8.63873873873873,8.63873873873873
Decision Tree,82.7,64.33095238095238,18.36904761904762,18.36904761904762
Decision Tree,70.5,73.73538461538458,-3.235384615384575,3.235384615384575
Decision Tree,65.8,69.85384615384616,-4.053846153846166,4.053846153846166
Decision Tree,65.9,70.30150564617314,-4.401505646173135,4.401505646173135
Decision Tree,80.9,64.12803738317751,16.771962616822492,16.771962616822492
Decision Tree,32.1,50.34146341463415,-18.241463414634147,18.241463414634147
Decision Tree,69.8,66.43494505494505,3.3650549450549505,3.3650549450549505
Decision Tree,45.1,51.83714285714285,-6.7371428571428496,6.7371428571428496
Decision Tree,73.4,62.97333333333335,10.426666666666655,10.426666666666655
Decision Tree,85.3,62.495721925133715,22.804278074866282,22.804278074866282
Decision Tree,52.2,64.12803738317751,-11.92803738317751,11.92803738317751
Decision Tree,94.0,71.16242424242422,22.837575757575777,22.837575757575777
Decision Tree,77.1,65.17675438596491,11.923245614035082,11.923245614035082
Decision Tree,46.7,61.977927927927894,-15.277927927927891,15.277927927927891
Decision Tree,62.3,58.98142857142848,3.3185714285715164,3.3185714285715164
Decision Tree,64.5,57.79116997792497,6.708830022075027,6.708830022075027
Decision Tree,86.9,79.89574468085104,7.004255319148967,7.004255319148967
Decision Tree,77.4,65.40892857142856,11.991071428571445,11.991071428571445
Decision Tree,34.9,60.32506265664157,-25.425062656641572,25.425062656641572
Decision Tree,63.0,79.45750000000001,-16.45750000000001,16.45750000000001
Decision Tree,81.7,73.73538461538458,7.964615384615428,7.964615384615428
Decision Tree,43.9,44.51272727272728,-0.6127272727272839,0.6127272727272839
Decision Tree,67.6,61.22000000000001,6.379999999999981,6.379999999999981
Decision Tree,78.0,70.30150564617314,7.6984943538268595,7.6984943538268595
Decision Tree,80.2,58.98142857142848,21.218571428571522,21.218571428571522
Decision Tree,56.6,50.23454545454546,6.36545454545454,6.36545454545454
Decision Tree,98.6,55.390566037735844,43.20943396226415,43.20943396226415
Decision Tree,67.0,53.31428571428571,13.68571428571429,13.68571428571429
Decision Tree,66.4,50.3586206896552,16.04137931034481,16.04137931034481
Decision Tree,65.5,81.22380952380952,-15.723809523809521,15.723809523809521
Decision Tree,61.0,73.80217391304348,-12.802173913043475,12.802173913043475
Decision Tree,74.6,90.7666666666667,-16.1666666666667,16.1666666666667
Decision Tree,70.8,66.43494505494505,4.3650549450549505,4.3650549450549505
Decision Tree,39.4,52.56038186157518,-13.160381861575182,13.160381861575182
Decision Tree,43.3,66.43494505494505,-23.13494505494505,23.13494505494505
Decision Tree,87.1,91.990243902439,-4.8902439024390105,4.8902439024390105
Decision Tree,98.1,64.12803738317751,33.97196261682248,33.97196261682248
Decision Tree,72.0,62.13796875000005,9.862031249999951,9.862031249999951
Decision Tree,54.9,66.52105263157895,-11.621052631578955,11.621052631578955
Decision Tree,61.3,62.13796875000005,-0.8379687500000514,0.8379687500000514
Decision Tree,56.2,59.936363636363645,-3.7363636363636417,3.7363636363636417
Decision Tree,68.7,57.79116997792497,10.90883002207503,10.90883002207503
Decision Tree,59.9,62.14361233480173,-2.243612334801732,2.243612334801732
Decision Tree,100.0,82.01627906976742,17.98372093023258,17.98372093023258
Decision Tree,75.7,79.73666666666666,-4.036666666666662,4.036666666666662
Decision Tree,50.8,62.13796875000005,-11.337968750000051,11.337968750000051
Decision Tree,41.1,61.977927927927894,-20.877927927927892,20.877927927927892
Decision Tree,77.3,69.44545454545455,7.854545454545445,7.854545454545445
Decision Tree,42.9,62.13796875000005,-19.23796875000005,19.23796875000005
Decision Tree,72.1,69.44545454545455,2.654545454545442,2.654545454545442
Decision Tree,51.6,54.654430379746856,-3.0544303797468544,3.0544303797468544
Decision Tree,75.7,86.66388888888888,-10.963888888888874,10.963888888888874
Decision Tree,86.8,62.13796875000005,24.66203124999995,24.66203124999995
Decision Tree,87.7,58.98142857142848,28.718571428571522,28.718571428571522
Decision Tree,57.7,62.13796875000005,-4.437968750000046,4.437968750000046
Decision Tree,52.9,50.3586206896552,2.5413793103448015,2.5413793103448015
Decision Tree,48.3,61.84561688311685,-13.54561688311685,13.54561688311685
Decision Tree,66.7,62.13796875000005,4.562031249999954,4.562031249999954
Decision Tree,54.8,50.3586206896552,4.4413793103448,4.4413793103448
Decision Tree,79.3,61.95593220338984,17.344067796610155,17.344067796610155
Decision Tree,60.1,60.32506265664157,-0.225062656641569,0.225062656641569
Decision Tree,63.1,62.13796875000005,0.9620312499999528,0.9620312499999528
Decision Tree,43.8,45.268253968253966,-1.4682539682539684,1.4682539682539684
Decision Tree,62.2,57.79116997792497,4.40883002207503,4.40883002207503
Decision Tree,47.9,61.977927927927894,-14.077927927927895,14.077927927927895
Decision Tree,43.7,66.43494505494505,-22.734945054945044,22.734945054945044
Decision Tree,45.2,73.41900739176354,-28.21900739176354,28.21900739176354
Decision Tree,47.9,73.41900739176354,-25.519007391763544,25.519007391763544
Decision Tree,88.3,69.94130434782608,18.35869565217392,18.35869565217392
Decision Tree,46.3,44.302040816326546,1.9979591836734514,1.9979591836734514
Decision Tree,62.2,72.83731343283581,-10.63731343283581,10.63731343283581
Decision Tree,64.3,53.36023391812866,10.93976608187134,10.93976608187134
Decision Tree,73.4,64.12803738317751,9.271962616822492,9.271962616822492
Decision Tree,49.6,61.977927927927894,-12.377927927927892,12.377927927927892
Decision Tree,59.6,59.67339449541285,-0.07339449541284893,0.07339449541284893
Decision Tree,60.4,76.24285714285713,-15.842857142857135,15.842857142857135
Decision Tree,34.2,50.3586206896552,-16.158620689655194,16.158620689655194
Decision Tree,52.7,40.043636363636374,12.65636363636363,12.65636363636363
Decision Tree,46.6,60.32506265664157,-13.725062656641569,13.725062656641569
Decision Tree,61.3,59.49999999999999,1.8000000000000043,1.8000000000000043
Decision Tree,53.2,55.70909090909088,-2.5090909090908795,2.5090909090908795
Decision Tree,69.2,55.155319148936194,14.04468085106381,14.04468085106381
Decision Tree,61.8,62.13796875000005,-0.33796875000005144,0.33796875000005144
Decision Tree,75.4,77.67750000000001,-2.2775000000000034,2.2775000000000034
Decision Tree,30.9,55.279466666666686,-24.379466666666687,24.379466666666687
Decision Tree,51.8,49.46111111111111,2.3388888888888886,2.3388888888888886
Decision Tree,46.4,49.595238095238095,-3.1952380952380963,3.1952380952380963
Decision Tree,62.3,58.98142857142848,3.3185714285715164,3.3185714285715164
Decision Tree,44.5,62.495721925133715,-17.995721925133715,17.995721925133715
Decision Tree,68.9,62.13796875000005,6.762031249999957,6.762031249999957
Decision Tree,71.9,50.3586206896552,21.54137931034481,21.54137931034481
Decision Tree,52.4,73.73538461538458,-21.335384615384577,21.335384615384577
Decision Tree,71.2,80.07592592592594,-8.87592592592594,8.87592592592594
Decision Tree,50.7,60.32506265664157,-9.625062656641568,9.625062656641568
Decision Tree,93.4,73.41900739176354,19.980992608236463,19.980992608236463
Decision Tree,100.0,58.98142857142848,41.01857142857152,41.01857142857152
Decision Tree,99.0,73.86481481481482,25.13518518518518,25.13518518518518
Decision Tree,74.7,58.98142857142848,15.718571428571522,15.718571428571522
Decision Tree,58.3,66.43494505494505,-8.13494505494505,8.13494505494505
Decision Tree,23.7,53.31428571428571,-29.61428571428571,29.61428571428571
Decision Tree,41.7,75.79015151515148,-34.090151515151476,34.090151515151476
Decision Tree,93.5,75.15588235294116,18.344117647058837,18.344117647058837
Decision Tree,53.7,58.98142857142848,-5.281428571428478,5.281428571428478
Decision Tree,40.4,78.98282208588957,-38.58282208588957,38.58282208588957
Decision Tree,53.8,61.802941176470604,-8.002941176470607,8.002941176470607
Decision Tree,76.2,76.24285714285713,-0.04285714285713027,0.04285714285713027
Decision Tree,66.2,69.85384615384616,-3.6538461538461604,3.6538461538461604
Decision Tree,55.8,56.12363636363636,-0.3236363636363606,0.3236363636363606
Decision Tree,36.9,53.63873873873873,-16.738738738738732,16.738738738738732
Decision Tree,38.8,42.269999999999996,-3.469999999999999,3.469999999999999
Decision Tree,84.9,61.977927927927894,22.922072072072112,22.922072072072112
Decision Tree,37.2,57.79116997792497,-20.59116997792497,20.59116997792497
Decision Tree,73.4,57.79116997792497,15.608830022075033,15.608830022075033
Decision Tree,49.3,66.43494505494505,-17.13494505494505,17.13494505494505
Decision Tree,65.7,86.08444444444444,-20.38444444444444,20.38444444444444
Decision Tree,39.9,44.51272727272728,-4.612727272727284,4.612727272727284
Decision Tree,45.1,62.13796875000005,-17.037968750000047,17.037968750000047
Decision Tree,95.6,70.30150564617314,25.298494353826854,25.298494353826854
Decision Tree,50.9,84.29500000000002,-33.39500000000002,33.39500000000002
Decision Tree,82.8,82.2742857142857,0.5257142857143009,0.5257142857143009
Decision Tree,37.0,57.79116997792497,-20.791169977924973,20.791169977924973
Decision Tree,71.2,58.98142857142848,12.218571428571522,12.218571428571522
Decision Tree,36.8,62.13796875000005,-25.33796875000005,25.33796875000005
Decision Tree,62.5,71.34675324675322,-8.846753246753224,8.846753246753224
Decision Tree,58.6,61.84561688311685,-3.2456168831168455,3.2456168831168455
Decision Tree,48.2,58.98142857142848,-10.781428571428478,10.781428571428478
Decision Tree,38.6,50.3586206896552,-11.758620689655196,11.758620689655196
Decision Tree,67.0,63.57777777777778,3.422222222222217,3.422222222222217
Decision Tree,77.8,71.16242424242422,6.637575757575775,6.637575757575775
Decision Tree,80.2,88.35806451612903,-8.15806451612903,8.15806451612903
Decision Tree,91.4,64.14375000000001,27.256249999999994,27.256249999999994
Decision Tree,66.6,72.2,-5.6000000000000085,5.6000000000000085
Decision Tree,81.4,59.67339449541285,21.726605504587155,21.726605504587155
Decision Tree,84.6,57.79116997792497,26.80883002207502,26.80883002207502
Decision Tree,56.8,77.40975609756097,-20.609756097560975,20.609756097560975
Decision Tree,56.7,58.98142857142848,-2.281428571428478,2.281428571428478
Decision Tree,65.4,69.72105263157897,-4.321052631578965,4.321052631578965
Decision Tree,31.5,53.63873873873873,-22.13873873873873,22.13873873873873
Decision Tree,45.1,73.41900739176354,-28.31900739176354,28.31900739176354
Decision Tree,44.2,62.14361233480173,-17.943612334801728,17.943612334801728
Decision Tree,87.8,62.495721925133715,25.304278074866282,25.304278074866282
Decision Tree,100.0,82.01627906976742,17.98372093023258,17.98372093023258
Decision Tree,48.7,55.946938775510205,-7.246938775510202,7.246938775510202
Decision Tree,89.7,69.94130434782608,19.758695652173927,19.758695652173927
Decision Tree,79.1,62.66774193548388,16.432258064516112,16.432258064516112
Decision Tree,51.1,62.14361233480173,-11.043612334801729,11.043612334801729
Decision Tree,69.4,66.18666666666667,3.2133333333333383,3.2133333333333383
Decision Tree,65.8,62.13796875000005,3.6620312499999486,3.6620312499999486
Decision Tree,73.1,72.76800000000001,0.3319999999999794,0.3319999999999794
Decision Tree,81.9,66.43494505494505,15.465054945054959,15.465054945054959
Decision Tree,54.7,69.06810810810812,-14.368108108108117,14.368108108108117
Decision Tree,55.3,66.43494505494505,-11.13494505494505,11.13494505494505
Decision Tree,60.0,53.63873873873873,6.361261261261269,6.361261261261269
Decision Tree,53.6,53.89767441860465,-0.29767441860465027,0.29767441860465027
Decision Tree,77.4,71.16242424242422,6.237575757575783,6.237575757575783
Decision Tree,66.0,62.13796875000005,3.8620312499999514,3.8620312499999514
Decision Tree,41.8,77.64318181818182,-35.84318181818182,35.84318181818182
Decision Tree,79.0,62.13796875000005,16.86203124999995,16.86203124999995
Decision Tree,59.8,71.41764705882352,-11.617647058823522,11.617647058823522
Decision Tree,94.1,69.06810810810812,25.031891891891874,25.031891891891874
Decision Tree,55.5,57.79116997792497,-2.291169977924973,2.291169977924973
Decision Tree,56.0,53.89767441860465,2.1023255813953483,2.1023255813953483
Decision Tree,100.0,66.43494505494505,33.56505494505495,33.56505494505495
Decision Tree,51.9,68.56285714285714,-16.662857142857142,16.662857142857142
Decision Tree,39.2,65.17675438596491,-25.97675438596491,25.97675438596491
Decision Tree,70.1,60.32506265664157,9.774937343358424,9.774937343358424
Decision Tree,62.0,70.55,-8.549999999999997,8.549999999999997
Decision Tree,74.6,70.30150564617314,4.298494353826854,4.298494353826854
Decision Tree,89.1,49.595238095238095,39.5047619047619,39.5047619047619
Decision Tree,66.1,61.84561688311685,4.254383116883147,4.254383116883147
Decision Tree,73.8,70.30150564617314,3.4984943538268567,3.4984943538268567
Decision Tree,58.3,58.98142857142848,-0.6814285714284836,0.6814285714284836
Decision Tree,69.9,62.13796875000005,7.762031249999957,7.762031249999957
Decision Tree,59.7,71.16242424242422,-11.46242424242422,11.46242424242422
Decision Tree,74.0,62.13796875000005,11.862031249999951,11.862031249999951
Decision Tree,88.7,89.62,-0.9200000000000017,0.9200000000000017
Decision Tree,33.4,62.13796875000005,-28.73796875000005,28.73796875000005
Decision Tree,67.3,60.32506265664157,6.974937343358427,6.974937343358427
Decision Tree,51.8,66.52105263157895,-14.721052631578956,14.721052631578956
Decision Tree,83.0,85.49175257731963,-2.4917525773196303,2.4917525773196303
Decision Tree,65.2,62.13796875000005,3.0620312499999542,3.0620312499999542
Decision Tree,57.0,73.41900739176354,-16.419007391763543,16.419007391763543
Decision Tree,100.0,90.3,9.700000000000003,9.700000000000003
Decision Tree,58.9,52.56038186157518,6.339618138424818,6.339618138424818
Decision Tree,92.3,70.30150564617314,21.998494353826857,21.998494353826857
Decision Tree,47.8,44.51272727272728,3.2872727272727147,3.2872727272727147
Decision Tree,76.0,52.56038186157518,23.43961813842482,23.43961813842482
Decision Tree,55.3,61.84561688311685,-6.54561688311685,6.54561688311685
Decision Tree,48.4,63.82571428571428,-15.425714285714278,15.425714285714278
Decision Tree,49.9,86.08444444444444,-36.184444444444445,36.184444444444445
Decision Tree,33.4,66.43494505494505,-33.03494505494505,33.03494505494505
Decision Tree,75.0,56.35746268656715,18.642537313432847,18.642537313432847
Decision Tree,85.1,73.41900739176354,11.680992608236451,11.680992608236451
Decision Tree,80.1,62.13796875000005,17.962031249999946,17.962031249999946
Decision Tree,61.2,53.63873873873873,7.561261261261272,7.561261261261272
Decision Tree,65.1,71.03454545454547,-5.934545454545471,5.934545454545471
Decision Tree,71.6,84.31980198019801,-12.719801980198014,12.719801980198014
Decision Tree,78.1,68.51793103448279,9.582068965517209,9.582068965517209
Decision Tree,99.1,73.73538461538458,25.36461538461542,25.36461538461542
Decision Tree,71.6,62.14361233480173,9.456387665198264,9.456387665198264
Decision Tree,61.7,72.35409836065574,-10.654098360655738,10.654098360655738
Decision Tree,77.1,65.17675438596491,11.923245614035082,11.923245614035082
Decision Tree,55.4,73.73538461538458,-18.335384615384577,18.335384615384577
Decision Tree,64.5,62.291056910569104,2.208943089430896,2.208943089430896
Decision Tree,52.5,52.56038186157518,-0.06038186157518055,0.06038186157518055
Decision Tree,54.7,70.34166666666667,-15.641666666666666,15.641666666666666
Decision Tree,94.9,61.802941176470604,33.0970588235294,33.0970588235294
Decision Tree,66.8,70.88294573643414,-4.082945736434141,4.082945736434141
Decision Tree,55.6,52.56038186157518,3.039618138424821,3.039618138424821
Decision Tree,64.4,73.41900739176354,-9.019007391763537,9.019007391763537
Decision Tree,82.0,69.12083333333332,12.879166666666677,12.879166666666677
Decision Tree,77.9,62.284000000000006,15.616,15.616
Decision Tree,68.3,69.85384615384616,-1.553846153846166,1.553846153846166
Decision Tree,62.9,62.495721925133715,0.40427807486628353,0.40427807486628353
Decision Tree,74.2,55.22333333333335,18.976666666666652,18.976666666666652
Decision Tree,79.6,50.3586206896552,29.241379310344797,29.241379310344797
Decision Tree,79.9,73.73538461538458,6.164615384615431,6.164615384615431
Decision Tree,58.0,70.30150564617314,-12.30150564617314,12.30150564617314
Decision Tree,53.3,73.41900739176354,-20.119007391763546,20.119007391763546
Decision Tree,46.2,73.73538461538458,-27.535384615384572,27.535384615384572
Decision Tree,46.7,45.268253968253966,1.4317460317460373,1.4317460317460373
Decision Tree,74.4,85.49175257731963,-11.091752577319625,11.091752577319625
Decision Tree,100.0,80.95757575757577,19.042424242424232,19.042424242424232
Decision Tree,55.9,57.79116997792497,-1.8911699779249744,1.8911699779249744
Decision Tree,83.3,70.88294573643414,12.41705426356586,12.41705426356586
Decision Tree,65.9,61.84561688311685,4.054383116883159,4.054383116883159
Decision Tree,77.2,60.32506265664157,16.874937343358432,16.874937343358432
Decision Tree,100.0,91.44102564102562,8.558974358974382,8.558974358974382
Decision Tree,74.0,67.42666666666668,6.5733333333333235,6.5733333333333235
Decision Tree,29.5,56.00833333333335,-26.508333333333347,26.508333333333347
Decision Tree,93.8,83.30000000000001,10.499999999999986,10.499999999999986
Decision Tree,100.0,64.88484848484848,35.115151515151524,35.115151515151524
Decision Tree,50.3,57.79116997792497,-7.491169977924976,7.491169977924976
Decision Tree,82.4,57.79116997792497,24.608830022075033,24.608830022075033
Decision Tree,92.6,87.72476190476192,4.875238095238075,4.875238095238075
Decision Tree,55.9,82.23225806451612,-26.332258064516118,26.332258064516118
Decision Tree,64.1,62.13796875000005,1.9620312499999457,1.9620312499999457
Decision Tree,68.9,66.43494505494505,2.465054945054959,2.465054945054959
Decision Tree,62.3,52.56038186157518,9.739618138424817,9.739618138424817
Decision Tree,62.5,57.79116997792497,4.708830022075027,4.708830022075027
Decision Tree,38.9,52.56038186157518,-13.660381861575182,13.660381861575182
Decision Tree,100.0,70.30150564617314,29.69849435382686,29.69849435382686
Decision Tree,29.6,42.269999999999996,-12.669999999999995,12.669999999999995
Decision Tree,72.0,61.977927927927894,10.022072072072106,10.022072072072106
Decision Tree,52.8,71.16242424242422,-18.362424242424225,18.362424242424225
Decision Tree,61.3,56.75217391304348,4.547826086956519,4.547826086956519
Decision Tree,80.3,73.73538461538458,6.564615384615422,6.564615384615422
Decision Tree,40.5,54.12786885245901,-13.62786885245901,13.62786885245901
Decision Tree,55.8,57.79116997792497,-1.9911699779249759,1.9911699779249759
Decision Tree,65.0,71.16242424242422,-6.162424242424223,6.162424242424223
Decision Tree,73.0,58.98142857142848,14.01857142857152,14.01857142857152
Decision Tree,56.2,62.13796875000005,-5.937968750000046,5.937968750000046
Decision Tree,60.9,55.155319148936194,5.744680851063805,5.744680851063805
Decision Tree,46.6,69.5774193548387,-22.977419354838695,22.977419354838695
Decision Tree,62.9,62.13796875000005,0.76203124999995,0.76203124999995
Decision Tree,59.0,54.12786885245901,4.8721311475409905,4.8721311475409905
Decision Tree,51.1,62.13796875000005,-11.037968750000047,11.037968750000047
Decision Tree,36.9,57.79116997792497,-20.891169977924974,20.891169977924974
Decision Tree,71.8,70.30150564617314,1.4984943538268567,1.4984943538268567
Decision Tree,45.2,52.56038186157518,-7.360381861575178,7.360381861575178
Decision Tree,53.1,62.13796875000005,-9.037968750000047,9.037968750000047
Decision Tree,98.1,90.7666666666667,7.3333333333333,7.3333333333333
Decision Tree,55.7,67.80581395348835,-12.10581395348835,12.10581395348835
Decision Tree,69.7,66.43494505494505,3.265054945054956,3.265054945054956
Decision Tree,70.3,65.68499999999997,4.615000000000023,4.615000000000023
Decision Tree,31.2,55.155319148936194,-23.955319148936194,23.955319148936194
Decision Tree,46.6,53.36023391812866,-6.760233918128655,6.760233918128655
Decision Tree,72.5,57.79116997792497,14.708830022075027,14.708830022075027
Decision Tree,63.1,69.66,-6.559999999999995,6.559999999999995
Decision Tree,72.4,90.7666666666667,-18.36666666666669,18.36666666666669
Decision Tree,79.0,77.40588235294119,1.594117647058809,1.594117647058809
Decision Tree,62.6,57.79116997792497,4.808830022075028,4.808830022075028
Decision Tree,99.3,78.98282208588957,20.31717791411043,20.31717791411043
Decision Tree,50.8,70.30150564617314,-19.501505646173143,19.501505646173143
Decision Tree,63.0,62.13796875000005,0.8620312499999514,0.8620312499999514
Decision Tree,80.0,88.35806451612903,-8.358064516129033,8.358064516129033
Decision Tree,66.9,82.01627906976742,-15.116279069767415,15.116279069767415
Decision Tree,50.7,56.31866666666667,-5.61866666666667,5.61866666666667
Decision Tree,48.6,53.63873873873873,-5.038738738738729,5.038738738738729
Decision Tree,75.4,73.41900739176354,1.9809926082364626,1.9809926082364626
Decision Tree,100.0,92.62162162162163,7.378378378378372,7.378378378378372
Decision Tree,58.0,68.51793103448279,-10.517931034482785,10.517931034482785
Decision Tree,70.9,77.65666666666668,-6.756666666666675,6.756666666666675
Decision Tree,74.6,84.31980198019801,-9.719801980198014,9.719801980198014
Decision Tree,58.6,72.35409836065574,-13.754098360655739,13.754098360655739
Decision Tree,59.3,58.98142857142848,0.31857142857151644,0.31857142857151644
Decision Tree,86.1,64.88484848484848,21.21515151515152,21.21515151515152
Decision Tree,85.0,58.98142857142848,26.01857142857152,26.01857142857152
Decision Tree,84.8,72.625,12.174999999999997,12.174999999999997
Decision Tree,37.8,50.23454545454546,-12.434545454545464,12.434545454545464
Decision Tree,38.1,59.67339449541285,-21.57339449541285,21.57339449541285
Decision Tree,46.9,53.63873873873873,-6.738738738738732,6.738738738738732
Decision Tree,74.6,76.83529411764705,-2.235294117647058,2.235294117647058
Decision Tree,59.4,60.32506265664157,-0.9250626566415718,0.9250626566415718
Decision Tree,42.2,62.13796875000005,-19.937968750000046,19.937968750000046
Decision Tree,67.9,58.98142857142848,8.918571428571525,8.918571428571525
Decision Tree,55.9,54.654430379746856,1.2455696202531428,1.2455696202531428
Decision Tree,71.6,62.13796875000005,9.462031249999946,9.462031249999946
Decision Tree,65.8,68.04800000000002,-2.248000000000019,2.248000000000019
Decision Tree,73.6,58.64523809523809,14.954761904761902,14.954761904761902
Decision Tree,78.6,90.3,-11.700000000000003,11.700000000000003
Decision Tree,58.7,64.14375000000001,-5.4437500000000085,5.4437500000000085
Decision Tree,47.3,61.977927927927894,-14.677927927927897,14.677927927927897
Decision Tree,75.5,74.08169014084505,1.4183098591549452,1.4183098591549452
Decision Tree,49.7,71.52,-21.819999999999993,21.819999999999993
Decision Tree,54.7,52.56038186157518,2.1396181384248223,2.1396181384248223
Decision Tree,46.1,50.3586206896552,-4.258620689655196,4.258620689655196
Decision Tree,77.4,71.16242424242422,6.237575757575783,6.237575757575783
Decision Tree,49.4,56.35746268656715,-6.957462686567155,6.957462686567155
Decision Tree,30.9,61.802941176470604,-30.902941176470605,30.902941176470605
Decision Tree,49.3,50.34146341463415,-1.0414634146341513,1.0414634146341513
Decision Tree,65.6,62.13796875000005,3.4620312499999457,3.4620312499999457
Decision Tree,30.7,59.936363636363645,-29.236363636363645,29.236363636363645
Decision Tree,48.3,62.13796875000005,-13.837968750000051,13.837968750000051
Decision Tree,94.4,90.3,4.1000000000000085,4.1000000000000085
Decision Tree,88.5,60.32506265664157,28.17493734335843,28.17493734335843
Decision Tree,74.5,55.747727272727275,18.752272727272725,18.752272727272725
Decision Tree,27.7,53.36023391812866,-25.660233918128657,25.660233918128657
Decision Tree,88.4,60.505333333333304,27.8946666666667,27.8946666666667
Decision Tree,48.7,50.3586206896552,-1.6586206896551943,1.6586206896551943
Decision Tree,66.6,58.98142857142848,7.618571428571514,7.618571428571514
Decision Tree,81.3,87.72476190476192,-6.424761904761922,6.424761904761922
Decision Tree,89.5,82.37941176470588,7.120588235294122,7.120588235294122
Decision Tree,41.9,65.40892857142856,-23.508928571428562,23.508928571428562
Decision Tree,55.4,62.13796875000005,-6.73796875000005,6.73796875000005
Decision Tree,73.6,55.279466666666686,18.32053333333331,18.32053333333331
Decision Tree,72.1,87.85283018867923,-15.75283018867924,15.75283018867924
Decision Tree,36.1,64.33095238095238,-28.23095238095238,28.23095238095238
Decision Tree,96.7,87.72476190476192,8.975238095238083,8.975238095238083
Decision Tree,29.2,60.32506265664157,-31.12506265664157,31.12506265664157
Decision Tree,99.7,91.990243902439,7.709756097560998,7.709756097560998
Decision Tree,76.0,66.43494505494505,9.565054945054953,9.565054945054953
Decision Tree,48.6,86.2125,-37.612500000000004,37.612500000000004
Decision Tree,70.4,73.41900739176354,-3.0190073917635374,3.0190073917635374
Decision Tree,95.7,77.65666666666668,18.043333333333322,18.043333333333322
Decision Tree,56.7,67.42719298245613,-10.727192982456131,10.727192982456131
Decision Tree,54.0,56.35746268656715,-2.3574626865671533,2.3574626865671533
Decision Tree,82.9,79.0897435897436,3.8102564102564003,3.8102564102564003
Decision Tree,53.7,67.42719298245613,-13.727192982456131,13.727192982456131
Decision Tree,66.0,53.791428571428554,12.208571428571446,12.208571428571446
Decision Tree,71.2,75.0537037037037,-3.853703703703701,3.853703703703701
Decision Tree,70.1,63.57777777777778,6.5222222222222115,6.5222222222222115
Decision Tree,66.7,56.00833333333335,10.691666666666656,10.691666666666656
Decision Tree,95.8,69.74666666666667,26.053333333333327,26.053333333333327
Decision Tree,38.8,56.35746268656715,-17.557462686567156,17.557462686567156
Decision Tree,79.9,73.41900739176354,6.480992608236463,6.480992608236463
Decision Tree,81.6,60.32506265664157,21.274937343358424,21.274937343358424
Decision Tree,59.1,66.43494505494505,-7.334945054945045,7.334945054945045
Decision Tree,57.4,53.63873873873873,3.761261261261268,3.761261261261268
Decision Tree,34.3,58.98142857142848,-24.681428571428484,24.681428571428484
Decision Tree,68.5,56.862222222222215,11.637777777777785,11.637777777777785
Decision Tree,87.1,64.12803738317751,22.97196261682248,22.97196261682248
Decision Tree,34.1,51.83714285714285,-17.73714285714285,17.73714285714285
Decision Tree,86.0,83.58000000000003,2.4199999999999733,2.4199999999999733
Decision Tree,61.6,62.14361233480173,-0.543612334801729,0.543612334801729
Decision Tree,64.6,66.43494505494505,-1.8349450549450523,1.8349450549450523
Decision Tree,31.7,67.42719298245613,-35.72719298245613,35.72719298245613
Decision Tree,63.7,64.33095238095238,-0.6309523809523796,0.6309523809523796
Decision Tree,68.1,71.34675324675322,-3.2467532467532294,3.2467532467532294
Decision Tree,58.5,59.67339449541285,-1.1733944954128503,1.1733944954128503
Decision Tree,81.1,70.30150564617314,10.798494353826854,10.798494353826854
Decision Tree,84.6,73.73538461538458,10.86461538461542,10.86461538461542
Decision Tree,77.7,66.39117647058823,11.308823529411768,11.308823529411768
Decision Tree,72.7,75.21964285714284,-2.5196428571428413,2.5196428571428413
Decision Tree,69.2,75.22666666666667,-6.026666666666671,6.026666666666671
Decision Tree,68.8,61.84561688311685,6.95438311688315,6.95438311688315
Decision Tree,56.6,55.279466666666686,1.3205333333333158,1.3205333333333158
Decision Tree,79.6,71.52,8.079999999999998,8.079999999999998
Decision Tree,87.8,64.00967741935484,23.790322580645153,23.790322580645153
Decision Tree,60.6,62.13796875000005,-1.5379687500000472,1.5379687500000472
Decision Tree,54.3,53.791428571428554,0.5085714285714431,0.5085714285714431
Decision Tree,83.1,78.98282208588957,4.117177914110428,4.117177914110428
Decision Tree,43.5,72.76800000000001,-29.268000000000015,29.268000000000015
Decision Tree,78.3,58.98142857142848,19.318571428571516,19.318571428571516
Decision Tree,55.3,56.35746268656715,-1.0574626865671561,1.0574626865671561
Decision Tree,71.3,67.42719298245613,3.872807017543863,3.872807017543863
Decision Tree,71.5,62.13796875000005,9.362031249999951,9.362031249999951
Decision Tree,70.2,73.41900739176354,-3.2190073917635402,3.2190073917635402
Decision Tree,94.0,79.89574468085104,14.104255319148962,14.104255319148962
Decision Tree,78.3,67.17291666666665,11.127083333333346,11.127083333333346
Decision Tree,80.8,73.73538461538458,7.064615384615422,7.064615384615422
Decision Tree,73.1,53.63873873873873,19.461261261261264,19.461261261261264
Decision Tree,58.3,60.505333333333304,-2.205333333333307,2.205333333333307
Decision Tree,84.4,65.85384615384615,18.546153846153857,18.546153846153857
Decision Tree,80.2,84.31980198019801,-4.119801980198005,4.119801980198005
Decision Tree,64.3,62.13796875000005,2.1620312499999486,2.1620312499999486
Decision Tree,67.9,58.98142857142848,8.918571428571525,8.918571428571525
Decision Tree,75.9,64.12803738317751,11.771962616822492,11.771962616822492
Decision Tree,69.5,50.3586206896552,19.141379310344803,19.141379310344803
Decision Tree,52.6,50.3586206896552,2.2413793103448043,2.2413793103448043
Decision Tree,63.3,59.936363636363645,3.3636363636363527,3.3636363636363527
Decision Tree,46.3,53.63873873873873,-7.3387387387387335,7.3387387387387335
Decision Tree,49.1,78.98282208588957,-29.882822085889565,29.882822085889565
Decision Tree,59.0,58.98142857142848,0.018571428571519277,0.018571428571519277
Decision Tree,79.9,74.02432432432433,5.87567567567568,5.87567567567568
Decision Tree,64.9,58.64523809523809,6.254761904761914,6.254761904761914
Decision Tree,57.7,70.88294573643414,-13.182945736434135,13.182945736434135
Decision Tree,9.4,58.98142857142848,-49.58142857142848,49.58142857142848
Decision Tree,74.1,69.12083333333332,4.979166666666671,4.979166666666671
Decision Tree,40.8,58.98142857142848,-18.181428571428484,18.181428571428484
Decision Tree,87.3,61.84561688311685,25.45438311688315,25.45438311688315
Decision Tree,70.9,63.57777777777778,7.322222222222223,7.322222222222223
Decision Tree,88.7,70.30150564617314,18.398494353826862,18.398494353826862
Decision Tree,56.9,78.64000000000001,-21.740000000000016,21.740000000000016
Decision Tree,69.0,71.16242424242422,-2.1624242424242226,2.1624242424242226
Decision Tree,58.9,86.66388888888888,-27.76388888888888,27.76388888888888
Decision Tree,38.1,52.03125,-13.931249999999999,13.931249999999999
Decision Tree,38.6,55.33846153846153,-16.73846153846153,16.73846153846153
Decision Tree,75.0,69.06810810810812,5.93189189189188,5.93189189189188
Decision Tree,64.9,57.79116997792497,7.108830022075033,7.108830022075033
Decision Tree,73.9,53.63873873873873,20.261261261261275,20.261261261261275
Decision Tree,58.8,53.63873873873873,5.1612612612612665,5.1612612612612665
Decision Tree,58.1,62.13796875000005,-4.037968750000047,4.037968750000047
Decision Tree,33.7,56.862222222222215,-23.162222222222212,23.162222222222212
Decision Tree,35.3,62.13796875000005,-26.83796875000005,26.83796875000005
Decision Tree,55.9,61.84561688311685,-5.945616883116848,5.945616883116848
Decision Tree,48.5,53.36023391812866,-4.860233918128657,4.860233918128657
Decision Tree,40.4,65.65957446808511,-25.259574468085113,25.259574468085113
Decision Tree,100.0,75.25797101449274,24.74202898550726,24.74202898550726
Decision Tree,97.5,61.802941176470604,35.697058823529396,35.697058823529396
Decision Tree,52.3,64.12803738317751,-11.828037383177517,11.828037383177517
Decision Tree,84.6,74.02432432432433,10.575675675675669,10.575675675675669
Decision Tree,76.6,61.84561688311685,14.754383116883147,14.754383116883147
Decision Tree,87.1,62.13796875000005,24.962031249999946,24.962031249999946
Decision Tree,71.7,73.41900739176354,-1.7190073917635402,1.7190073917635402
Decision Tree,89.9,65.17675438596491,24.723245614035093,24.723245614035093
Decision Tree,80.9,57.79116997792497,23.108830022075033,23.108830022075033
Decision Tree,67.5,57.79116997792497,9.708830022075027,9.708830022075027
Decision Tree,45.3,66.52105263157895,-21.221052631578956,21.221052631578956
Decision Tree,74.0,61.977927927927894,12.022072072072106,12.022072072072106
Decision Tree,48.8,70.55,-21.75,21.75
Decision Tree,61.0,62.13796875000005,-1.1379687500000486,1.1379687500000486
Decision Tree,51.1,65.17675438596491,-14.076754385964911,14.076754385964911
Decision Tree,64.8,53.791428571428554,11.008571428571443,11.008571428571443
Decision Tree,72.9,58.98142857142848,13.918571428571525,13.918571428571525
Decision Tree,50.7,54.12786885245901,-3.4278688524590066,3.4278688524590066
Decision Tree,81.3,58.98142857142848,22.318571428571516,22.318571428571516
Decision Tree,41.5,53.63873873873873,-12.13873873873873,12.13873873873873
Decision Tree,47.9,65.72083333333336,-17.82083333333336,17.82083333333336
Decision Tree,61.6,60.32506265664157,1.274937343358431,1.274937343358431
Decision Tree,100.0,81.27222222222221,18.72777777777779,18.72777777777779
Decision Tree,60.2,64.14375000000001,-3.9437500000000085,3.9437500000000085
Decision Tree,68.0,71.16242424242422,-3.1624242424242226,3.1624242424242226
Decision Tree,50.5,63.08793103448275,-12.58793103448275,12.58793103448275
Decision Tree,79.9,73.41900739176354,6.480992608236463,6.480992608236463
Decision Tree,58.1,70.30150564617314,-12.201505646173139,12.201505646173139
Decision Tree,63.1,63.08793103448275,0.012068965517251229,0.012068965517251229
Decision Tree,58.9,62.13796875000005,-3.23796875000005,3.23796875000005
Decision Tree,55.7,50.3586206896552,5.341379310344806,5.341379310344806
Decision Tree,66.9,70.30150564617314,-3.401505646173135,3.401505646173135
Decision Tree,41.7,53.31428571428571,-11.614285714285707,11.614285714285707
Decision Tree,71.5,67.42719298245613,4.072807017543866,4.072807017543866
Decision Tree,65.1,69.01136363636364,-3.911363636363646,3.911363636363646
Decision Tree,55.3,67.02105263157895,-11.721052631578956,11.721052631578956
Decision Tree,91.3,79.89574468085104,11.404255319148959,11.404255319148959
Decision Tree,100.0,65.82941176470591,34.17058823529409,34.17058823529409
Decision Tree,64.9,66.43494505494505,-1.534945054945041,1.534945054945041
Decision Tree,40.1,72.76800000000001,-32.66800000000001,32.66800000000001
Decision Tree,100.0,84.31980198019801,15.680198019801992,15.680198019801992
Decision Tree,47.0,57.79116997792497,-10.791169977924973,10.791169977924973
Decision Tree,90.4,73.73538461538458,16.66461538461543,16.66461538461543
Decision Tree,58.4,66.46578947368421,-8.065789473684212,8.065789473684212
Decision Tree,78.1,58.98142857142848,19.118571428571514,19.118571428571514
Decision Tree,73.8,73.73538461538458,0.06461538461542204,0.06461538461542204
Decision Tree,53.9,59.936363636363645,-6.036363636363646,6.036363636363646
Decision Tree,67.1,54.654430379746856,12.445569620253139,12.445569620253139
Decision Tree,62.2,66.90851063829786,-4.708510638297852,4.708510638297852
Decision Tree,45.5,53.36023391812866,-7.860233918128657,7.860233918128657
Decision Tree,53.3,73.41900739176354,-20.119007391763546,20.119007391763546
Decision Tree,85.6,62.284000000000006,23.31599999999999,23.31599999999999
Decision Tree,59.0,67.80581395348835,-8.805813953488354,8.805813953488354
Decision Tree,63.6,65.40892857142856,-1.8089285714285595,1.8089285714285595
Decision Tree,56.9,58.98142857142848,-2.081428571428482,2.081428571428482
Decision Tree,60.1,69.51777777777778,-9.41777777777778,9.41777777777778
Decision Tree,100.0,60.45476190476192,39.54523809523808,39.54523809523808
Decision Tree,56.9,55.279466666666686,1.620533333333313,1.620533333333313
Decision Tree,100.0,92.62162162162163,7.378378378378372,7.378378378378372
Decision Tree,82.2,60.32506265664157,21.874937343358432,21.874937343358432
Decision Tree,77.6,55.70909090909088,21.890909090909112,21.890909090909112
Decision Tree,81.8,52.56038186157518,29.239618138424817,29.239618138424817
Decision Tree,80.9,73.41900739176354,7.480992608236463,7.480992608236463
Decision Tree,67.5,58.98142857142848,8.51857142857152,8.51857142857152
Decision Tree,75.8,58.98142857142848,16.818571428571516,16.818571428571516
Decision Tree,74.0,86.08444444444444,-12.084444444444443,12.084444444444443
Decision Tree,47.4,48.57878787878788,-1.1787878787878796,1.1787878787878796
Decision Tree,70.7,68.47062500000004,2.229374999999962,2.229374999999962
Decision Tree,84.1,73.7891891891892,10.310810810810793,10.310810810810793
Decision Tree,55.9,53.791428571428554,2.1085714285714445,2.1085714285714445
Decision Tree,84.5,65.17675438596491,19.323245614035088,19.323245614035088
Decision Tree,40.4,53.61571428571429,-13.215714285714292,13.215714285714292
Decision Tree,70.3,75.79015151515148,-5.4901515151514815,5.4901515151514815
Decision Tree,72.6,66.43494505494505,6.165054945054948,6.165054945054948
Decision Tree,43.4,51.83714285714285,-8.437142857142852,8.437142857142852
k-NN,69.0,65.10666666666667,3.893333333333331,3.893333333333331
k-NN,81.6,68.64,12.959999999999994,12.959999999999994
k-NN,63.1,64.68666666666665,-1.5866666666666518,1.5866666666666518
k-NN,89.3,63.00666666666667,26.29333333333333,26.29333333333333
k-NN,49.6,53.79333333333333,-4.193333333333328,4.193333333333328
k-NN,44.5,64.79333333333334,-20.293333333333337,20.293333333333337
k-NN,63.5,66.26,-2.760000000000005,2.760000000000005
k-NN,74.6,58.03333333333334,16.566666666666656,16.566666666666656
k-NN,54.6,63.10666666666666,-8.50666666666666,8.50666666666666
k-NN,84.3,79.1,5.200000000000003,5.200000000000003
k-NN,98.1,56.9,41.199999999999996,41.199999999999996
k-NN,64.8,63.24666666666667,1.5533333333333275,1.5533333333333275
k-NN,45.4,69.74666666666667,-24.34666666666667,24.34666666666667
k-NN,48.0,57.56666666666667,-9.56666666666667,9.56666666666667
k-NN,58.3,61.68666666666666,-3.386666666666663,3.386666666666663
k-NN,26.4,45.48,-19.08,19.08
k-NN,66.9,66.93333333333334,-0.03333333333333144,0.03333333333333144
k-NN,52.9,53.526666666666664,-0.6266666666666652,0.6266666666666652
k-NN,64.5,70.95333333333333,-6.453333333333333,6.453333333333333
k-NN,46.6,53.173333333333325,-6.5733333333333235,6.5733333333333235
k-NN,66.5,58.46666666666666,8.033333333333339,8.033333333333339
k-NN,41.3,56.913333333333334,-15.613333333333337,15.613333333333337
k-NN,40.5,51.75333333333334,-11.253333333333337,11.253333333333337
k-NN,90.8,73.02666666666666,17.77333333333334,17.77333333333334
k-NN,74.2,66.92666666666668,7.273333333333326,7.273333333333326
k-NN,99.4,70.26666666666667,29.13333333333334,29.13333333333334
k-NN,68.1,69.86666666666666,-1.7666666666666657,1.7666666666666657
k-NN,40.0,74.50666666666666,-34.50666666666666,34.50666666666666
k-NN,58.4,69.33999999999999,-10.93999999999999,10.93999999999999
k-NN,63.6,66.77333333333334,-3.173333333333339,3.173333333333339
k-NN,75.1,73.00666666666666,2.0933333333333337,2.0933333333333337
k-NN,72.8,65.63333333333334,7.166666666666657,7.166666666666657
k-NN,46.4,61.05333333333333,-14.653333333333329,14.653333333333329
k-NN,50.9,61.06000000000001,-10.16000000000001,10.16000000000001
k-NN,66.0,69.43333333333334,-3.433333333333337,3.433333333333337
k-NN,63.0,73.69333333333336,-10.693333333333356,10.693333333333356
k-NN,80.2,65.75333333333334,14.446666666666658,14.446666666666658
k-NN,75.2,79.82666666666667,-4.626666666666665,4.626666666666665
k-NN,63.5,64.80666666666666,-1.3066666666666578,1.3066666666666578
k-NN,37.0,62.66,-25.659999999999997,25.659999999999997
k-NN,54.7,61.03999999999999,-6.339999999999989,6.339999999999989
k-NN,67.9,65.06666666666666,2.833333333333343,2.833333333333343
k-NN,84.8,62.92666666666667,21.873333333333328,21.873333333333328
k-NN,73.1,63.04,10.059999999999995,10.059999999999995
k-NN,99.1,77.82,21.28,21.28
k-NN,72.2,66.21333333333334,5.986666666666665,5.986666666666665
k-NN,93.9,70.05333333333333,23.84666666666668,23.84666666666668
k-NN,68.8,66.27333333333334,2.5266666666666566,2.5266666666666566
k-NN,61.8,72.26666666666667,-10.466666666666669,10.466666666666669
k-NN,39.5,56.22,-16.72,16.72
k-NN,53.9,60.76666666666666,-6.86666666666666,6.86666666666666
k-NN,55.7,65.28666666666668,-9.586666666666673,9.586666666666673
k-NN,46.8,52.14,-5.340000000000003,5.340000000000003
k-NN,94.1,69.86,24.239999999999995,24.239999999999995
k-NN,56.2,54.913333333333334,1.2866666666666688,1.2866666666666688
k-NN,75.3,65.60666666666667,9.693333333333328,9.693333333333328
k-NN,83.9,66.0,17.900000000000006,17.900000000000006
k-NN,65.3,70.34,-5.040000000000006,5.040000000000006
k-NN,71.5,62.080000000000005,9.419999999999995,9.419999999999995
k-NN,73.5,64.5,9.0,9.0
k-NN,40.5,47.306666666666665,-6.806666666666665,6.806666666666665
k-NN,28.7,48.88666666666666,-20.186666666666664,20.186666666666664
k-NN,35.3,60.93333333333332,-25.633333333333326,25.633333333333326
k-NN,82.2,75.36666666666666,6.833333333333343,6.833333333333343
k-NN,39.3,61.44000000000001,-22.140000000000015,22.140000000000015
k-NN,83.8,68.27333333333334,15.526666666666657,15.526666666666657
k-NN,67.4,64.1,3.3000000000000114,3.3000000000000114
k-NN,33.2,56.06666666666667,-22.866666666666667,22.866666666666667
k-NN,49.5,60.273333333333326,-10.773333333333326,10.773333333333326
k-NN,47.1,69.66666666666667,-22.56666666666667,22.56666666666667
k-NN,71.0,61.95333333333334,9.04666666666666,9.04666666666666
k-NN,75.5,73.99333333333333,1.5066666666666748,1.5066666666666748
k-NN,74.1,66.61333333333333,7.486666666666665,7.486666666666665
k-NN,82.5,63.400000000000006,19.099999999999994,19.099999999999994
k-NN,84.1,73.42000000000002,10.679999999999978,10.679999999999978
k-NN,38.5,68.1,-29.599999999999994,29.599999999999994
k-NN,87.6,68.90666666666668,18.693333333333314,18.693333333333314
k-NN,48.8,61.96,-13.160000000000004,13.160000000000004
k-NN,78.2,60.24666666666666,17.95333333333334,17.95333333333334
k-NN,74.9,61.81333333333335,13.086666666666659,13.086666666666659
k-NN,42.9,58.57333333333334,-15.67333333333334,15.67333333333334
k-NN,66.7,61.019999999999996,5.680000000000007,5.680000000000007
k-NN,86.5,73.61999999999999,12.88000000000001,12.88000000000001
k-NN,74.9,70.02,4.88000000000001,4.88000000000001
k-NN,68.6,63.413333333333334,5.18666666666666,5.18666666666666
k-NN,45.8,73.80666666666666,-28.00666666666666,28.00666666666666
k-NN,59.7,63.559999999999995,-3.8599999999999923,3.8599999999999923
k-NN,63.8,65.8,-2.0,2.0
k-NN,38.3,56.38666666666666,-18.086666666666666,18.086666666666666
k-NN,54.1,64.46,-10.359999999999992,10.359999999999992
k-NN,41.2,59.093333333333334,-17.89333333333333,17.89333333333333
k-NN,62.4,79.38666666666667,-16.98666666666667,16.98666666666667
k-NN,44.6,61.83333333333333,-17.233333333333327,17.233333333333327
k-NN,44.8,57.053333333333335,-12.253333333333337,12.253333333333337
k-NN,38.4,56.406666666666666,-18.006666666666668,18.006666666666668
k-NN,76.2,68.74000000000001,7.459999999999994,7.459999999999994
k-NN,61.0,56.379999999999995,4.6200000000000045,4.6200000000000045
k-NN,71.5,66.94666666666666,4.553333333333342,4.553333333333342
k-NN,86.2,65.09333333333335,21.106666666666655,21.106666666666655
k-NN,65.1,71.86,-6.760000000000005,6.760000000000005
k-NN,79.6,62.346666666666664,17.25333333333333,17.25333333333333
k-NN,83.6,69.05333333333333,14.546666666666667,14.546666666666667
k-NN,58.2,73.16666666666667,-14.966666666666669,14.966666666666669
k-NN,83.0,59.779999999999994,23.220000000000006,23.220000000000006
k-NN,82.6,79.59333333333332,3.006666666666675,3.006666666666675
k-NN,53.8,52.39333333333334,1.4066666666666592,1.4066666666666592
k-NN,31.1,59.64666666666666,-28.54666666666666,28.54666666666666
k-NN,49.4,50.4,-1.0,1.0
k-NN,64.4,64.16666666666667,0.23333333333333428,0.23333333333333428
k-NN,37.6,60.720000000000006,-23.120000000000005,23.120000000000005
k-NN,65.3,66.02000000000001,-0.7200000000000131,0.7200000000000131
k-NN,70.5,74.56,-4.060000000000002,4.060000000000002
k-NN,99.6,72.38000000000001,27.219999999999985,27.219999999999985
k-NN,61.3,79.80666666666666,-18.50666666666666,18.50666666666666
k-NN,71.8,71.33333333333333,0.46666666666666856,0.46666666666666856
k-NN,74.3,72.90666666666668,1.3933333333333167,1.3933333333333167
k-NN,66.7,75.82666666666667,-9.126666666666665,9.126666666666665
k-NN,72.7,86.67999999999999,-13.97999999999999,13.97999999999999
k-NN,56.1,59.586666666666666,-3.4866666666666646,3.4866666666666646
k-NN,46.6,62.35333333333334,-15.753333333333337,15.753333333333337
k-NN,53.9,65.51333333333334,-11.613333333333337,11.613333333333337
k-NN,42.0,54.440000000000005,-12.440000000000005,12.440000000000005
k-NN,65.2,69.52000000000001,-4.320000000000007,4.320000000000007
k-NN,98.9,66.32,32.58000000000001,32.58000000000001
k-NN,72.2,75.57333333333332,-3.3733333333333206,3.3733333333333206
k-NN,93.1,76.50666666666667,16.59333333333332,16.59333333333332
k-NN,51.6,60.46000000000001,-8.860000000000007,8.860000000000007
k-NN,70.3,69.67333333333335,0.6266666666666509,0.6266666666666509
k-NN,60.8,59.43333333333332,1.3666666666666742,1.3666666666666742
k-NN,32.9,61.873333333333335,-28.973333333333336,28.973333333333336
k-NN,87.3,57.666666666666664,29.633333333333333,29.633333333333333
k-NN,46.6,58.03333333333333,-11.43333333333333,11.43333333333333
k-NN,88.0,72.67333333333335,15.326666666666654,15.326666666666654
k-NN,50.5,67.80666666666667,-17.306666666666672,17.306666666666672
k-NN,88.5,66.76,21.739999999999995,21.739999999999995
k-NN,34.2,57.620000000000005,-23.42,23.42
k-NN,68.2,57.333333333333336,10.866666666666667,10.866666666666667
k-NN,55.4,66.21333333333332,-10.813333333333325,10.813333333333325
k-NN,65.5,60.693333333333335,4.806666666666665,4.806666666666665
k-NN,55.6,67.58666666666666,-11.986666666666657,11.986666666666657
k-NN,62.8,69.33999999999999,-6.539999999999992,6.539999999999992
k-NN,81.4,72.30666666666666,9.093333333333348,9.093333333333348
k-NN,66.4,67.39333333333333,-0.9933333333333252,0.9933333333333252
k-NN,51.4,65.36666666666666,-13.966666666666661,13.966666666666661
k-NN,50.7,60.62,-9.919999999999995,9.919999999999995
k-NN,59.0,79.64666666666668,-20.646666666666675,20.646666666666675
k-NN,63.1,60.93333333333333,2.1666666666666714,2.1666666666666714
k-NN,100.0,78.66666666666666,21.333333333333343,21.333333333333343
k-NN,65.5,70.53333333333333,-5.033333333333331,5.033333333333331
k-NN,79.3,67.28,12.019999999999996,12.019999999999996
k-NN,69.9,68.58,1.3200000000000074,1.3200000000000074
k-NN,57.6,60.89333333333333,-3.2933333333333294,3.2933333333333294
k-NN,61.2,62.526666666666664,-1.3266666666666609,1.3266666666666609
k-NN,52.3,58.93999999999999,-6.6399999999999935,6.6399999999999935
k-NN,53.1,78.23333333333333,-25.133333333333333,25.133333333333333
k-NN,50.4,51.98,-1.5799999999999983,1.5799999999999983
k-NN,88.4,71.97333333333334,16.426666666666662,16.426666666666662
k-NN,87.1,64.47333333333334,22.62666666666665,22.62666666666665
k-NN,44.5,62.39333333333333,-17.89333333333333,17.89333333333333
k-NN,62.8,51.66,11.14,11.14
k-NN,68.7,62.559999999999995,6.140000000000008,6.140000000000008
k-NN,82.2,59.86666666666667,22.333333333333336,22.333333333333336
k-NN,80.1,69.62666666666668,10.473333333333315,10.473333333333315
k-NN,94.1,60.099999999999994,34.0,34.0
k-NN,79.5,66.91333333333333,12.586666666666673,12.586666666666673
k-NN,62.7,58.933333333333344,3.7666666666666586,3.7666666666666586
k-NN,100.0,75.54,24.459999999999994,24.459999999999994
k-NN,58.3,56.193333333333335,2.106666666666662,2.106666666666662
k-NN,78.4,61.58,16.820000000000007,16.820000000000007
k-NN,77.5,73.36666666666666,4.13333333333334,4.13333333333334
k-NN,39.5,66.75333333333333,-27.25333333333333,27.25333333333333
k-NN,71.2,65.64666666666666,5.553333333333342,5.553333333333342
k-NN,73.4,63.940000000000005,9.46,9.46
k-NN,97.7,69.58666666666667,28.11333333333333,28.11333333333333
k-NN,81.8,70.35333333333332,11.446666666666673,11.446666666666673
k-NN,66.4,63.26666666666666,3.133333333333347,3.133333333333347
k-NN,56.0,67.95333333333335,-11.953333333333347,11.953333333333347
k-NN,57.9,62.50000000000001,-4.6000000000000085,4.6000000000000085
k-NN,72.6,58.75333333333334,13.846666666666657,13.846666666666657
k-NN,52.6,68.14666666666668,-15.546666666666674,15.546666666666674
k-NN,62.6,63.53333333333333,-0.93333333333333,0.93333333333333
k-NN,55.6,64.03333333333333,-8.43333333333333,8.43333333333333
k-NN,54.6,69.01333333333332,-14.41333333333332,14.41333333333332
k-NN,64.8,69.11999999999999,-4.319999999999993,4.319999999999993
k-NN,72.3,65.88666666666667,6.413333333333327,6.413333333333327
k-NN,85.2,65.32,19.88000000000001,19.88000000000001
k-NN,50.2,60.76666666666666,-10.566666666666656,10.566666666666656
k-NN,60.7,66.38,-5.679999999999993,5.679999999999993
k-NN,61.3,60.85333333333334,0.44666666666665833,0.44666666666665833
k-NN,49.8,67.86666666666666,-18.066666666666663,18.066666666666663
k-NN,73.9,64.92,8.980000000000004,8.980000000000004
k-NN,41.0,66.6,-25.599999999999994,25.599999999999994
k-NN,79.2,64.60666666666667,14.593333333333334,14.593333333333334
k-NN,49.0,50.94666666666667,-1.9466666666666725,1.9466666666666725
k-NN,73.2,67.51333333333334,5.686666666666667,5.686666666666667
k-NN,67.8,64.08,3.719999999999999,3.719999999999999
k-NN,56.5,70.73333333333333,-14.233333333333334,14.233333333333334
k-NN,88.3,70.54666666666665,17.753333333333345,17.753333333333345
k-NN,53.9,71.46666666666667,-17.56666666666667,17.56666666666667
k-NN,92.0,68.4,23.599999999999994,23.599999999999994
k-NN,100.0,67.57333333333334,32.42666666666666,32.42666666666666
k-NN,66.3,70.58666666666666,-4.286666666666662,4.286666666666662
k-NN,79.8,61.533333333333324,18.266666666666673,18.266666666666673
k-NN,95.9,67.9,28.0,28.0
k-NN,55.4,66.87333333333333,-11.473333333333336,11.473333333333336
k-NN,60.5,61.61333333333333,-1.1133333333333297,1.1133333333333297
k-NN,50.3,59.52666666666666,-9.22666666666666,9.22666666666666
k-NN,95.1,66.98666666666666,28.11333333333333,28.11333333333333
k-NN,57.2,63.4,-6.199999999999996,6.199999999999996
k-NN,57.4,68.87333333333332,-11.473333333333322,11.473333333333322
k-NN,65.5,63.519999999999996,1.980000000000004,1.980000000000004
k-NN,93.4,59.76666666666666,33.63333333333335,33.63333333333335
k-NN,39.3,60.873333333333335,-21.573333333333338,21.573333333333338
k-NN,36.5,66.04,-29.540000000000006,29.540000000000006
k-NN,84.2,68.28666666666666,15.913333333333341,15.913333333333341
k-NN,61.2,63.29333333333333,-2.0933333333333266,2.0933333333333266
k-NN,73.3,71.83333333333333,1.4666666666666686,1.4666666666666686
k-NN,44.6,67.88666666666667,-23.28666666666667,23.28666666666667
k-NN,47.2,66.78,-19.58,19.58
k-NN,81.5,77.05999999999999,4.440000000000012,4.440000000000012
k-NN,45.7,60.54666666666667,-14.846666666666664,14.846666666666664
k-NN,72.9,71.93333333333334,0.9666666666666686,0.9666666666666686
k-NN,95.5,67.58,27.92,27.92
k-NN,85.2,75.14,10.060000000000002,10.060000000000002
k-NN,34.5,79.52666666666667,-45.02666666666667,45.02666666666667
k-NN,40.0,55.24,-15.240000000000002,15.240000000000002
k-NN,86.0,68.63333333333334,17.36666666666666,17.36666666666666
k-NN,56.5,60.059999999999995,-3.559999999999995,3.559999999999995
k-NN,90.5,55.273333333333326,35.226666666666674,35.226666666666674
k-NN,52.9,59.65999999999999,-6.759999999999991,6.759999999999991
k-NN,90.9,66.74,24.16000000000001,24.16000000000001
k-NN,70.3,70.05999999999999,0.2400000000000091,0.2400000000000091
k-NN,46.5,59.446666666666665,-12.946666666666665,12.946666666666665
k-NN,80.7,68.92,11.780000000000001,11.780000000000001
k-NN,70.7,61.76666666666667,8.93333333333333,8.93333333333333
k-NN,74.8,68.20666666666668,6.5933333333333195,6.5933333333333195
k-NN,45.7,56.69333333333334,-10.99333333333334,10.99333333333334
k-NN,100.0,70.60666666666665,29.393333333333345,29.393333333333345
k-NN,61.0,60.913333333333334,0.086666666666666,0.086666666666666
k-NN,78.4,65.91333333333334,12.486666666666665,12.486666666666665
k-NN,73.0,74.15333333333334,-1.153333333333336,1.153333333333336
k-NN,49.9,62.726666666666674,-12.826666666666675,12.826666666666675
k-NN,64.4,60.06666666666667,4.333333333333336,4.333333333333336
k-NN,94.3,60.666666666666664,33.63333333333333,33.63333333333333
k-NN,54.0,63.980000000000004,-9.980000000000004,9.980000000000004
k-NN,55.3,72.55333333333333,-17.25333333333333,17.25333333333333
k-NN,81.8,75.94,5.859999999999999,5.859999999999999
k-NN,78.1,55.586666666666666,22.51333333333333,22.51333333333333
k-NN,83.0,67.92,15.079999999999998,15.079999999999998
k-NN,59.3,57.98,1.3200000000000003,1.3200000000000003
k-NN,42.8,55.193333333333335,-12.393333333333338,12.393333333333338
k-NN,72.8,76.80666666666666,-4.006666666666661,4.006666666666661
k-NN,69.5,63.74666666666666,5.753333333333337,5.753333333333337
k-NN,52.2,65.32666666666667,-13.126666666666665,13.126666666666665
k-NN,67.1,69.69333333333334,-2.593333333333348,2.593333333333348
k-NN,73.5,50.593333333333334,22.906666666666666,22.906666666666666
k-NN,63.0,70.36666666666666,-7.36666666666666,7.36666666666666
k-NN,47.8,54.74666666666667,-6.9466666666666725,6.9466666666666725
k-NN,100.0,71.79333333333334,28.206666666666663,28.206666666666663
k-NN,64.5,66.26666666666668,-1.76666666666668,1.76666666666668
k-NN,50.5,62.14000000000001,-11.640000000000008,11.640000000000008
k-NN,74.8,75.76666666666667,-0.9666666666666686,0.9666666666666686
k-NN,85.0,79.08666666666667,5.913333333333327,5.913333333333327
k-NN,81.1,73.07999999999998,8.02000000000001,8.02000000000001
k-NN,100.0,73.53333333333332,26.466666666666683,26.466666666666683
k-NN,44.5,71.41333333333336,-26.913333333333355,26.913333333333355
k-NN,42.4,66.10666666666665,-23.706666666666656,23.706666666666656
k-NN,91.0,65.75333333333334,25.246666666666655,25.246666666666655
k-NN,51.4,57.68666666666665,-6.286666666666655,6.286666666666655
k-NN,100.0,72.24666666666667,27.75333333333333,27.75333333333333
k-NN,69.1,68.96,0.14000000000000057,0.14000000000000057
k-NN,81.3,66.31333333333333,14.986666666666665,14.986666666666665
k-NN,51.8,54.71333333333333,-2.913333333333334,2.913333333333334
k-NN,45.6,70.27333333333334,-24.67333333333334,24.67333333333334
k-NN,54.9,51.126666666666665,3.7733333333333334,3.7733333333333334
k-NN,79.4,64.24000000000002,15.159999999999982,15.159999999999982
k-NN,70.5,61.27333333333333,9.226666666666667,9.226666666666667
k-NN,72.2,62.96666666666668,9.23333333333332,9.23333333333332
k-NN,97.4,61.20666666666666,36.19333333333334,36.19333333333334
k-NN,65.8,66.32,-0.519999999999996,0.519999999999996
k-NN,37.5,65.42666666666666,-27.926666666666662,27.926666666666662
k-NN,49.0,59.35333333333333,-10.353333333333332,10.353333333333332
k-NN,66.1,66.70666666666666,-0.6066666666666691,0.6066666666666691
k-NN,47.5,66.67333333333335,-19.173333333333346,19.173333333333346
k-NN,86.3,67.72666666666666,18.573333333333338,18.573333333333338
k-NN,76.8,67.26,9.539999999999992,9.539999999999992
k-NN,71.2,59.10666666666667,12.093333333333334,12.093333333333334
k-NN,31.1,71.62666666666668,-40.52666666666668,40.52666666666668
k-NN,64.3,61.333333333333336,2.9666666666666615,2.9666666666666615
k-NN,67.3,69.67333333333333,-2.373333333333335,2.373333333333335
k-NN,95.8,71.26666666666665,24.533333333333346,24.533333333333346
k-NN,95.4,74.87333333333332,20.526666666666685,20.526666666666685
k-NN,65.7,58.266666666666666,7.433333333333337,7.433333333333337
k-NN,22.5,66.53333333333333,-44.03333333333333,44.03333333333333
k-NN,93.4,72.51999999999998,20.880000000000024,20.880000000000024
k-NN,63.9,68.55333333333334,-4.653333333333343,4.653333333333343
k-NN,61.1,73.39333333333335,-12.293333333333344,12.293333333333344
k-NN,61.5,66.32666666666665,-4.826666666666654,4.826666666666654
k-NN,59.2,80.21333333333334,-21.013333333333335,21.013333333333335
k-NN,71.8,58.2,13.599999999999994,13.599999999999994
k-NN,62.3,63.279999999999994,-0.9799999999999969,0.9799999999999969
k-NN,35.0,57.819999999999986,-22.819999999999986,22.819999999999986
k-NN,65.2,57.05999999999999,8.140000000000015,8.140000000000015
k-NN,83.6,66.36666666666666,17.233333333333334,17.233333333333334
k-NN,100.0,64.43333333333335,35.56666666666665,35.56666666666665
k-NN,72.3,55.76,16.54,16.54
k-NN,72.0,67.80666666666666,4.193333333333342,4.193333333333342
k-NN,56.3,59.98666666666667,-3.6866666666666745,3.6866666666666745
k-NN,78.4,71.27333333333334,7.126666666666665,7.126666666666665
k-NN,81.2,68.25333333333333,12.946666666666673,12.946666666666673
k-NN,33.6,45.426666666666655,-11.826666666666654,11.826666666666654
k-NN,61.4,76.58,-15.18,15.18
k-NN,88.3,69.21333333333334,19.08666666666666,19.08666666666666
k-NN,62.8,66.92,-4.1200000000000045,4.1200000000000045
k-NN,61.9,65.16000000000001,-3.260000000000012,3.260000000000012
k-NN,45.6,55.93333333333332,-10.333333333333321,10.333333333333321
k-NN,29.2,52.580000000000005,-23.380000000000006,23.380000000000006
k-NN,78.1,65.61999999999999,12.480000000000004,12.480000000000004
k-NN,53.0,65.97333333333331,-12.973333333333315,12.973333333333315
k-NN,51.7,66.92666666666666,-15.22666666666666,15.22666666666666
k-NN,71.8,64.26666666666667,7.533333333333331,7.533333333333331
k-NN,49.5,57.693333333333335,-8.193333333333335,8.193333333333335
k-NN,62.1,65.80666666666667,-3.7066666666666706,3.7066666666666706
k-NN,64.1,62.519999999999996,1.5799999999999983,1.5799999999999983
k-NN,55.6,67.3,-11.699999999999996,11.699999999999996
k-NN,89.5,59.59333333333333,29.906666666666673,29.906666666666673
k-NN,46.0,57.49333333333334,-11.49333333333334,11.49333333333334
k-NN,80.7,64.05333333333333,16.646666666666675,16.646666666666675
k-NN,84.7,70.48666666666666,14.213333333333338,14.213333333333338
k-NN,64.4,63.993333333333325,0.4066666666666805,0.4066666666666805
k-NN,55.8,60.633333333333326,-4.833333333333329,4.833333333333329
k-NN,83.9,65.31333333333332,18.586666666666687,18.586666666666687
k-NN,49.1,62.29333333333334,-13.193333333333335,13.193333333333335
k-NN,85.2,68.26666666666667,16.933333333333337,16.933333333333337
k-NN,58.4,62.38,-3.980000000000004,3.980000000000004
k-NN,81.8,72.24,9.560000000000002,9.560000000000002
k-NN,63.0,67.54,-4.540000000000006,4.540000000000006
k-NN,46.2,68.19333333333333,-21.993333333333325,21.993333333333325
k-NN,42.5,62.69333333333332,-20.19333333333332,20.19333333333332
k-NN,58.4,71.82000000000001,-13.420000000000009,13.420000000000009
k-NN,80.7,59.879999999999995,20.820000000000007,20.820000000000007
k-NN,62.6,54.686666666666675,7.913333333333327,7.913333333333327
k-NN,72.8,67.47333333333333,5.326666666666668,5.326666666666668
k-NN,61.0,62.53999999999999,-1.539999999999992,1.539999999999992
k-NN,50.9,53.54666666666666,-2.646666666666661,2.646666666666661
k-NN,99.9,68.24666666666667,31.653333333333336,31.653333333333336
k-NN,40.7,68.98,-28.28,28.28
k-NN,49.1,67.02000000000001,-17.92000000000001,17.92000000000001
k-NN,100.0,72.12666666666668,27.87333333333332,27.87333333333332
k-NN,50.2,60.49333333333333,-10.29333333333333,10.29333333333333
k-NN,51.7,70.15333333333332,-18.45333333333332,18.45333333333332
k-NN,69.0,67.02666666666666,1.9733333333333434,1.9733333333333434
k-NN,89.9,71.04666666666667,18.85333333333334,18.85333333333334
k-NN,64.9,71.26,-6.359999999999999,6.359999999999999
k-NN,37.1,59.34666666666668,-22.246666666666677,22.246666666666677
k-NN,50.7,63.88666666666667,-13.186666666666667,13.186666666666667
k-NN,71.1,67.85333333333335,3.2466666666666413,3.2466666666666413
k-NN,57.4,65.08666666666666,-7.68666666666666,7.68666666666666
k-NN,100.0,81.87333333333332,18.12666666666668,18.12666666666668
k-NN,44.1,63.28,-19.18,19.18
k-NN,73.6,68.28,5.319999999999993,5.319999999999993
k-NN,45.5,57.63999999999999,-12.139999999999993,12.139999999999993
k-NN,71.8,62.620000000000005,9.179999999999993,9.179999999999993
k-NN,54.2,75.23333333333335,-21.033333333333346,21.033333333333346
k-NN,78.6,59.166666666666664,19.43333333333333,19.43333333333333
k-NN,67.3,76.80000000000001,-9.500000000000014,9.500000000000014
k-NN,63.6,64.02000000000001,-0.4200000000000088,0.4200000000000088
k-NN,60.0,72.01333333333332,-12.013333333333321,12.013333333333321
k-NN,55.8,59.393333333333345,-3.593333333333348,3.593333333333348
k-NN,30.4,52.99333333333334,-22.59333333333334,22.59333333333334
k-NN,64.4,69.86,-5.459999999999994,5.459999999999994
k-NN,89.7,70.60666666666667,19.093333333333334,19.093333333333334
k-NN,71.8,59.99333333333333,11.806666666666665,11.806666666666665
k-NN,80.6,61.62000000000001,18.979999999999983,18.979999999999983
k-NN,78.4,62.19333333333332,16.206666666666685,16.206666666666685
k-NN,60.4,59.54,0.8599999999999994,0.8599999999999994
k-NN,100.0,69.09333333333333,30.906666666666666,30.906666666666666
k-NN,47.3,56.27333333333333,-8.973333333333336,8.973333333333336
k-NN,79.7,63.07333333333334,16.626666666666665,16.626666666666665
k-NN,66.5,64.68666666666667,1.8133333333333326,1.8133333333333326
k-NN,72.5,63.21333333333334,9.286666666666662,9.286666666666662
k-NN,46.4,76.63333333333334,-30.23333333333334,30.23333333333334
k-NN,89.1,80.20666666666666,8.89333333333333,8.89333333333333
k-NN,83.0,66.35333333333332,16.646666666666675,16.646666666666675
k-NN,66.3,70.48,-4.180000000000007,4.180000000000007
k-NN,83.7,66.13333333333334,17.566666666666663,17.566666666666663
k-NN,83.4,56.279999999999994,27.12000000000001,27.12000000000001
k-NN,64.2,60.25999999999999,3.940000000000012,3.940000000000012
k-NN,100.0,69.69333333333334,30.306666666666658,30.306666666666658
k-NN,69.2,65.55333333333333,3.6466666666666754,3.6466666666666754
k-NN,76.5,66.55333333333334,9.946666666666658,9.946666666666658
k-NN,53.9,61.33333333333332,-7.433333333333323,7.433333333333323
k-NN,65.8,64.73333333333333,1.0666666666666629,1.0666666666666629
k-NN,78.7,76.31333333333333,2.3866666666666703,2.3866666666666703
k-NN,66.4,50.720000000000006,15.68,15.68
k-NN,67.2,51.933333333333344,15.266666666666659,15.266666666666659
k-NN,83.2,72.59333333333332,10.606666666666683,10.606666666666683
k-NN,83.0,60.95333333333334,22.04666666666666,22.04666666666666
k-NN,69.4,59.93333333333333,9.466666666666676,9.466666666666676
k-NN,52.6,65.29333333333334,-12.693333333333335,12.693333333333335
k-NN,63.0,56.519999999999996,6.480000000000004,6.480000000000004
k-NN,83.2,63.20666666666667,19.993333333333332,19.993333333333332
k-NN,74.0,64.1,9.900000000000006,9.900000000000006
k-NN,94.8,60.50666666666667,34.29333333333333,34.29333333333333
k-NN,59.2,52.940000000000005,6.259999999999998,6.259999999999998
k-NN,38.4,61.51333333333333,-23.11333333333333,23.11333333333333
k-NN,62.0,64.25333333333332,-2.253333333333316,2.253333333333316
k-NN,34.2,59.206666666666656,-25.006666666666653,25.006666666666653
k-NN,63.1,65.88,-2.779999999999994,2.779999999999994
k-NN,89.4,66.95333333333332,22.446666666666687,22.446666666666687
k-NN,28.3,64.58,-36.28,36.28
k-NN,39.5,53.29333333333333,-13.79333333333333,13.79333333333333
k-NN,84.3,56.65333333333332,27.646666666666675,27.646666666666675
k-NN,66.4,68.32,-1.9199999999999875,1.9199999999999875
k-NN,98.6,64.71333333333332,33.88666666666667,33.88666666666667
k-NN,94.9,73.61333333333333,21.286666666666676,21.286666666666676
k-NN,76.8,64.68666666666665,12.113333333333344,12.113333333333344
k-NN,59.5,71.76,-12.260000000000005,12.260000000000005
k-NN,48.3,55.733333333333334,-7.433333333333337,7.433333333333337
k-NN,72.7,66.04,6.659999999999997,6.659999999999997
k-NN,73.0,61.90666666666666,11.09333333333334,11.09333333333334
k-NN,66.5,80.95333333333335,-14.453333333333347,14.453333333333347
k-NN,47.5,53.14000000000001,-5.640000000000008,5.640000000000008
k-NN,60.9,73.2,-12.300000000000004,12.300000000000004
k-NN,59.7,68.92,-9.219999999999999,9.219999999999999
k-NN,54.2,56.65333333333333,-2.453333333333326,2.453333333333326
k-NN,73.4,56.63333333333334,16.766666666666666,16.766666666666666
k-NN,72.9,67.33999999999999,5.5600000000000165,5.5600000000000165
k-NN,28.6,56.446666666666665,-27.846666666666664,27.846666666666664
k-NN,62.2,62.673333333333325,-0.47333333333332206,0.47333333333332206
k-NN,62.5,66.14000000000001,-3.640000000000015,3.640000000000015
k-NN,44.3,67.26666666666667,-22.96666666666667,22.96666666666667
k-NN,33.8,58.599999999999994,-24.799999999999997,24.799999999999997
k-NN,34.8,60.53999999999999,-25.739999999999995,25.739999999999995
k-NN,71.9,66.47333333333334,5.426666666666662,5.426666666666662
k-NN,60.8,60.59333333333333,0.20666666666667055,0.20666666666667055
k-NN,77.5,73.53333333333335,3.9666666666666544,3.9666666666666544
k-NN,58.2,61.21333333333333,-3.0133333333333283,3.0133333333333283
k-NN,69.6,67.88666666666667,1.713333333333324,1.713333333333324
k-NN,66.1,66.52000000000001,-0.4200000000000159,0.4200000000000159
k-NN,98.2,64.78,33.42,33.42
k-NN,80.8,65.80000000000001,14.999999999999986,14.999999999999986
k-NN,51.6,71.34666666666668,-19.746666666666677,19.746666666666677
k-NN,50.1,60.96,-10.86,10.86
k-NN,63.8,70.05333333333333,-6.25333333333333,6.25333333333333
k-NN,58.5,44.13333333333333,14.366666666666667,14.366666666666667
k-NN,81.0,63.75333333333333,17.24666666666667,17.24666666666667
k-NN,97.2,67.52666666666666,29.673333333333346,29.673333333333346
k-NN,55.2,57.38,-2.1799999999999997,2.1799999999999997
k-NN,54.5,65.50666666666667,-11.006666666666675,11.006666666666675
k-NN,47.4,64.42666666666666,-17.026666666666664,17.026666666666664
k-NN,100.0,77.72,22.28,22.28
k-NN,71.4,73.22666666666667,-1.826666666666668,1.826666666666668
k-NN,51.6,62.98666666666668,-11.386666666666677,11.386666666666677
k-NN,100.0,74.7,25.299999999999997,25.299999999999997
k-NN,42.5,78.62666666666664,-36.12666666666664,36.12666666666664
k-NN,56.8,61.853333333333325,-5.0533333333333275,5.0533333333333275
k-NN,25.6,49.81333333333334,-24.21333333333334,24.21333333333334
k-NN,74.9,62.92666666666667,11.973333333333336,11.973333333333336
k-NN,55.0,57.61333333333332,-2.6133333333333226,2.6133333333333226
k-NN,65.9,62.33333333333334,3.566666666666663,3.566666666666663
k-NN,75.9,66.58,9.320000000000007,9.320000000000007
k-NN,41.0,61.873333333333335,-20.873333333333335,20.873333333333335
k-NN,93.8,67.08,26.72,26.72
k-NN,48.4,59.00000000000001,-10.600000000000009,10.600000000000009
k-NN,53.7,52.02666666666667,1.673333333333332,1.673333333333332
k-NN,51.0,61.693333333333335,-10.693333333333335,10.693333333333335
k-NN,30.4,68.67333333333333,-38.27333333333333,38.27333333333333
k-NN,55.8,64.26,-8.460000000000008,8.460000000000008
k-NN,88.8,73.24,15.560000000000002,15.560000000000002
k-NN,83.7,66.11333333333333,17.586666666666673,17.586666666666673
k-NN,61.5,67.65333333333332,-6.153333333333322,6.153333333333322
k-NN,73.7,62.03999999999999,11.66000000000001,11.66000000000001
k-NN,48.7,49.78,-1.0799999999999983,1.0799999999999983
k-NN,57.8,59.7,-1.9000000000000057,1.9000000000000057
k-NN,95.0,81.72000000000001,13.279999999999987,13.279999999999987
k-NN,76.2,63.133333333333326,13.066666666666677,13.066666666666677
k-NN,80.4,71.06,9.340000000000003,9.340000000000003
k-NN,94.6,67.7,26.89999999999999,26.89999999999999
k-NN,67.3,72.74666666666667,-5.4466666666666725,5.4466666666666725
k-NN,42.8,52.580000000000005,-9.780000000000008,9.780000000000008
k-NN,96.4,65.3,31.10000000000001,31.10000000000001
k-NN,46.8,56.98,-10.18,10.18
k-NN,76.6,65.97999999999999,10.620000000000005,10.620000000000005
k-NN,58.8,68.32666666666667,-9.52666666666667,9.52666666666667
k-NN,43.9,70.95333333333335,-27.05333333333335,27.05333333333335
k-NN,59.5,74.38000000000001,-14.88000000000001,14.88000000000001
k-NN,82.5,61.70666666666668,20.793333333333322,20.793333333333322
k-NN,58.2,66.16666666666667,-7.966666666666669,7.966666666666669
k-NN,64.2,65.87333333333332,-1.6733333333333178,1.6733333333333178
k-NN,82.5,70.11333333333332,12.386666666666684,12.386666666666684
k-NN,60.5,67.31333333333333,-6.813333333333333,6.813333333333333
k-NN,46.2,68.32666666666668,-22.12666666666668,22.12666666666668
k-NN,45.3,74.92666666666666,-29.626666666666665,29.626666666666665
k-NN,68.7,67.33333333333333,1.3666666666666742,1.3666666666666742
k-NN,53.3,68.83999999999999,-15.539999999999992,15.539999999999992
k-NN,68.7,65.04,3.6599999999999966,3.6599999999999966
k-NN,56.6,63.026666666666664,-6.426666666666662,6.426666666666662
k-NN,58.9,63.56666666666667,-4.666666666666671,4.666666666666671
k-NN,88.9,68.79333333333332,20.106666666666683,20.106666666666683
k-NN,73.0,63.66,9.340000000000003,9.340000000000003
k-NN,51.2,58.67333333333333,-7.473333333333329,7.473333333333329
k-NN,81.8,68.39333333333335,13.406666666666652,13.406666666666652
k-NN,47.5,50.03333333333334,-2.5333333333333385,2.5333333333333385
k-NN,91.3,71.14,20.159999999999997,20.159999999999997
k-NN,78.9,70.86,8.040000000000006,8.040000000000006
k-NN,45.0,56.320000000000014,-11.320000000000014,11.320000000000014
k-NN,82.7,69.64,13.060000000000002,13.060000000000002
k-NN,70.5,68.86666666666666,1.63333333333334,1.63333333333334
k-NN,65.8,68.92000000000002,-3.1200000000000188,3.1200000000000188
k-NN,65.9,62.96666666666667,2.933333333333337,2.933333333333337
k-NN,80.9,57.42666666666666,23.473333333333343,23.473333333333343
k-NN,32.1,66.5,-34.4,34.4
k-NN,69.8,63.93999999999999,5.8600000000000065,5.8600000000000065
k-NN,45.1,66.28666666666666,-21.18666666666666,21.18666666666666
k-NN,73.4,64.25333333333334,9.146666666666661,9.146666666666661
k-NN,85.3,57.60666666666667,27.693333333333328,27.693333333333328
k-NN,52.2,62.10666666666667,-9.906666666666666,9.906666666666666
k-NN,94.0,73.84666666666666,20.153333333333336,20.153333333333336
k-NN,77.1,67.73333333333333,9.36666666666666,9.36666666666666
k-NN,46.7,57.739999999999995,-11.039999999999992,11.039999999999992
k-NN,62.3,65.46666666666667,-3.1666666666666714,3.1666666666666714
k-NN,64.5,62.473333333333336,2.0266666666666637,2.0266666666666637
k-NN,86.9,56.66666666666666,30.23333333333335,30.23333333333335
k-NN,77.4,66.79333333333334,10.60666666666667,10.60666666666667
k-NN,34.9,57.559999999999995,-22.659999999999997,22.659999999999997
k-NN,63.0,77.85333333333332,-14.853333333333325,14.853333333333325
k-NN,81.7,74.72000000000001,6.97999999999999,6.97999999999999
k-NN,43.9,63.346666666666664,-19.446666666666665,19.446666666666665
k-NN,67.6,69.76666666666667,-2.1666666666666714,2.1666666666666714
k-NN,78.0,57.96000000000001,20.039999999999992,20.039999999999992
k-NN,80.2,65.37333333333332,14.826666666666682,14.826666666666682
k-NN,56.6,70.44666666666667,-13.846666666666671,13.846666666666671
k-NN,98.6,73.61333333333333,24.986666666666665,24.986666666666665
k-NN,67.0,64.42,2.5799999999999983,2.5799999999999983
k-NN,66.4,66.44,-0.03999999999999204,0.03999999999999204
k-NN,65.5,69.18,-3.680000000000007,3.680000000000007
k-NN,61.0,71.45333333333333,-10.453333333333333,10.453333333333333
k-NN,74.6,80.11999999999998,-5.519999999999982,5.519999999999982
k-NN,70.8,62.06000000000001,8.739999999999988,8.739999999999988
k-NN,39.4,66.40666666666667,-27.006666666666668,27.006666666666668
k-NN,43.3,47.773333333333326,-4.473333333333329,4.473333333333329
k-NN,87.1,66.97999999999999,20.120000000000005,20.120000000000005
k-NN,98.1,66.79333333333332,31.306666666666672,31.306666666666672
k-NN,72.0,68.3,3.700000000000003,3.700000000000003
k-NN,54.9,63.22666666666667,-8.326666666666668,8.326666666666668
k-NN,61.3,67.10000000000001,-5.800000000000011,5.800000000000011
k-NN,56.2,70.4,-14.200000000000003,14.200000000000003
k-NN,68.7,57.440000000000005,11.259999999999998,11.259999999999998
k-NN,59.9,60.733333333333334,-0.8333333333333357,0.8333333333333357
k-NN,100.0,73.99333333333333,26.006666666666675,26.006666666666675
k-NN,75.7,78.81333333333332,-3.1133333333333155,3.1133333333333155
k-NN,50.8,62.58,-11.780000000000001,11.780000000000001
k-NN,41.1,64.46,-23.359999999999992,23.359999999999992
k-NN,77.3,60.17999999999999,17.120000000000005,17.120000000000005
k-NN,42.9,60.89333333333333,-17.993333333333332,17.993333333333332
k-NN,72.1,76.46,-4.359999999999999,4.359999999999999
k-NN,51.6,64.06666666666666,-12.466666666666661,12.466666666666661
k-NN,75.7,69.72000000000001,5.97999999999999,5.97999999999999
k-NN,86.8,68.34666666666666,18.453333333333333,18.453333333333333
k-NN,87.7,79.26666666666667,8.433333333333337,8.433333333333337
k-NN,57.7,63.960000000000015,-6.260000000000012,6.260000000000012
k-NN,52.9,59.093333333333334,-6.193333333333335,6.193333333333335
k-NN,48.3,53.0,-4.700000000000003,4.700000000000003
k-NN,66.7,59.86000000000001,6.839999999999996,6.839999999999996
k-NN,54.8,56.55999999999999,-1.759999999999991,1.759999999999991
k-NN,79.3,66.97333333333333,12.326666666666668,12.326666666666668
k-NN,60.1,76.55333333333333,-16.453333333333326,16.453333333333326
k-NN,63.1,57.566666666666656,5.533333333333346,5.533333333333346
k-NN,43.8,55.01333333333332,-11.213333333333324,11.213333333333324
k-NN,62.2,61.533333333333324,0.6666666666666785,0.6666666666666785
k-NN,47.9,65.22666666666666,-17.32666666666666,17.32666666666666
k-NN,43.7,66.3,-22.599999999999994,22.599999999999994
k-NN,45.2,67.87333333333332,-22.673333333333318,22.673333333333318
k-NN,47.9,56.81333333333334,-8.913333333333341,8.913333333333341
k-NN,88.3,64.64666666666666,23.653333333333336,23.653333333333336
k-NN,46.3,67.74666666666667,-21.446666666666673,21.446666666666673
k-NN,62.2,72.04666666666665,-9.84666666666665,9.84666666666665
k-NN,64.3,64.75333333333332,-0.45333333333331893,0.45333333333331893
k-NN,73.4,61.98666666666667,11.413333333333334,11.413333333333334
k-NN,49.6,67.28,-17.68,17.68
k-NN,59.6,60.440000000000005,-0.8400000000000034,0.8400000000000034
k-NN,60.4,69.94666666666666,-9.54666666666666,9.54666666666666
k-NN,34.2,60.44666666666667,-26.24666666666667,26.24666666666667
k-NN,52.7,63.25333333333334,-10.553333333333335,10.553333333333335
k-NN,46.6,57.53333333333333,-10.93333333333333,10.93333333333333
k-NN,61.3,63.19333333333332,-1.8933333333333238,1.8933333333333238
k-NN,53.2,58.686666666666675,-5.486666666666672,5.486666666666672
k-NN,69.2,65.22666666666666,3.9733333333333434,3.9733333333333434
k-NN,61.8,60.806666666666665,0.9933333333333323,0.9933333333333323
k-NN,75.4,70.44,4.960000000000008,4.960000000000008
k-NN,30.9,55.56000000000002,-24.660000000000018,24.660000000000018
k-NN,51.8,70.31333333333333,-18.513333333333335,18.513333333333335
k-NN,46.4,60.58,-14.18,14.18
k-NN,62.3,63.620000000000005,-1.3200000000000074,1.3200000000000074
k-NN,44.5,65.06000000000002,-20.560000000000016,20.560000000000016
k-NN,68.9,72.32,-3.4199999999999875,3.4199999999999875
k-NN,71.9,63.42,8.480000000000004,8.480000000000004
k-NN,52.4,60.800000000000004,-8.400000000000006,8.400000000000006
k-NN,71.2,67.94,3.260000000000005,3.260000000000005
k-NN,50.7,63.05333333333333,-12.353333333333325,12.353333333333325
k-NN,93.4,70.91333333333336,22.48666666666665,22.48666666666665
k-NN,100.0,63.173333333333325,36.826666666666675,36.826666666666675
k-NN,99.0,70.99333333333333,28.006666666666675,28.006666666666675
k-NN,74.7,63.43333333333332,11.26666666666668,11.26666666666668
k-NN,58.3,69.30666666666666,-11.00666666666666,11.00666666666666
k-NN,23.7,63.36,-39.66,39.66
k-NN,41.7,63.39333333333333,-21.693333333333328,21.693333333333328
k-NN,93.5,75.21333333333335,18.286666666666648,18.286666666666648
k-NN,53.7,50.87333333333334,2.826666666666661,2.826666666666661
k-NN,40.4,62.173333333333325,-21.773333333333326,21.773333333333326
k-NN,53.8,67.14666666666668,-13.346666666666678,13.346666666666678
k-NN,76.2,66.32,9.88000000000001,9.88000000000001
k-NN,66.2,80.29333333333332,-14.09333333333332,14.09333333333332
k-NN,55.8,61.406666666666666,-5.606666666666669,5.606666666666669
k-NN,36.9,43.61333333333333,-6.713333333333331,6.713333333333331
k-NN,38.8,66.68666666666667,-27.88666666666667,27.88666666666667
k-NN,84.9,58.940000000000005,25.96,25.96
k-NN,37.2,69.02666666666667,-31.826666666666668,31.826666666666668
k-NN,73.4,63.44666666666667,9.953333333333333,9.953333333333333
k-NN,49.3,54.74666666666667,-5.4466666666666725,5.4466666666666725
k-NN,65.7,61.29333333333334,4.406666666666666,4.406666666666666
k-NN,39.9,61.82666666666667,-21.92666666666667,21.92666666666667
k-NN,45.1,63.36000000000001,-18.260000000000005,18.260000000000005
k-NN,95.6,57.20666666666667,38.393333333333324,38.393333333333324
k-NN,50.9,70.2,-19.300000000000004,19.300000000000004
k-NN,82.8,68.13333333333333,14.666666666666671,14.666666666666671
k-NN,37.0,69.11999999999999,-32.11999999999999,32.11999999999999
k-NN,71.2,61.326666666666675,9.873333333333328,9.873333333333328
k-NN,36.8,53.39333333333333,-16.593333333333334,16.593333333333334
k-NN,62.5,66.1,-3.5999999999999943,3.5999999999999943
k-NN,58.6,64.14000000000001,-5.540000000000013,5.540000000000013
k-NN,48.2,57.193333333333335,-8.993333333333332,8.993333333333332
k-NN,38.6,58.926666666666655,-20.326666666666654,20.326666666666654
k-NN,67.0,68.04,-1.0400000000000063,1.0400000000000063
k-NN,77.8,70.28,7.519999999999996,7.519999999999996
k-NN,80.2,78.52666666666666,1.6733333333333462,1.6733333333333462
k-NN,91.4,67.10666666666667,24.293333333333337,24.293333333333337
k-NN,66.6,62.68666666666666,3.913333333333334,3.913333333333334
k-NN,81.4,60.20666666666667,21.193333333333335,21.193333333333335
k-NN,84.6,65.98,18.61999999999999,18.61999999999999
k-NN,56.8,61.693333333333335,-4.893333333333338,4.893333333333338
k-NN,56.7,63.80666666666668,-7.106666666666676,7.106666666666676
k-NN,65.4,65.12666666666668,0.2733333333333263,0.2733333333333263
k-NN,31.5,53.91333333333333,-22.413333333333327,22.413333333333327
k-NN,45.1,61.68,-16.58,16.58
k-NN,44.2,71.42000000000002,-27.220000000000013,27.220000000000013
k-NN,87.8,62.36000000000001,25.43999999999999,25.43999999999999
k-NN,100.0,75.40666666666668,24.59333333333332,24.59333333333332
k-NN,48.7,71.65333333333334,-22.953333333333333,22.953333333333333
k-NN,89.7,68.57333333333334,21.126666666666665,21.126666666666665
k-NN,79.1,73.98666666666668,5.1133333333333155,5.1133333333333155
k-NN,51.1,61.79999999999999,-10.699999999999989,10.699999999999989
k-NN,69.4,64.61999999999999,4.780000000000015,4.780000000000015
k-NN,65.8,72.46,-6.659999999999997,6.659999999999997
k-NN,73.1,61.653333333333336,11.446666666666658,11.446666666666658
k-NN,81.9,63.13999999999999,18.760000000000012,18.760000000000012
k-NN,54.7,58.666666666666664,-3.9666666666666615,3.9666666666666615
k-NN,55.3,69.36666666666666,-14.066666666666663,14.066666666666663
k-NN,60.0,61.666666666666664,-1.6666666666666643,1.6666666666666643
k-NN,53.6,60.95333333333334,-7.353333333333339,7.353333333333339
k-NN,77.4,67.34666666666666,10.053333333333342,10.053333333333342
k-NN,66.0,66.96000000000001,-0.960000000000008,0.960000000000008
k-NN,41.8,66.75333333333333,-24.953333333333333,24.953333333333333
k-NN,79.0,59.65333333333333,19.34666666666667,19.34666666666667
k-NN,59.8,63.086666666666666,-3.286666666666669,3.286666666666669
k-NN,94.1,61.373333333333335,32.72666666666666,32.72666666666666
k-NN,55.5,79.16,-23.659999999999997,23.659999999999997
k-NN,56.0,52.16666666666665,3.83333333333335,3.83333333333335
k-NN,100.0,60.51333333333333,39.48666666666667,39.48666666666667
k-NN,51.9,68.77333333333333,-16.873333333333328,16.873333333333328
k-NN,39.2,55.11999999999999,-15.919999999999987,15.919999999999987
k-NN,70.1,70.32,-0.21999999999999886,0.21999999999999886
k-NN,62.0,66.45333333333333,-4.453333333333333,4.453333333333333
k-NN,74.6,69.84666666666665,4.7533333333333445,4.7533333333333445
k-NN,89.1,76.32666666666667,12.773333333333326,12.773333333333326
k-NN,66.1,66.52000000000001,-0.4200000000000159,0.4200000000000159
k-NN,73.8,54.526666666666664,19.273333333333333,19.273333333333333
k-NN,58.3,61.74000000000001,-3.440000000000012,3.440000000000012
k-NN,69.9,65.60666666666667,4.2933333333333366,4.2933333333333366
k-NN,59.7,74.61999999999999,-14.919999999999987,14.919999999999987
k-NN,74.0,55.38666666666666,18.613333333333337,18.613333333333337
k-NN,88.7,59.96,28.740000000000002,28.740000000000002
k-NN,33.4,58.98666666666668,-25.58666666666668,25.58666666666668
k-NN,67.3,74.02666666666667,-6.726666666666674,6.726666666666674
k-NN,51.8,70.56666666666665,-18.76666666666665,18.76666666666665
k-NN,83.0,70.20666666666666,12.793333333333337,12.793333333333337
k-NN,65.2,72.19333333333333,-6.993333333333325,6.993333333333325
k-NN,57.0,72.53333333333333,-15.533333333333331,15.533333333333331
k-NN,100.0,82.61333333333332,17.386666666666684,17.386666666666684
k-NN,58.9,54.36,4.539999999999999,4.539999999999999
k-NN,92.3,65.64666666666666,26.653333333333336,26.653333333333336
k-NN,47.8,68.25999999999999,-20.459999999999994,20.459999999999994
k-NN,76.0,63.733333333333334,12.266666666666666,12.266666666666666
k-NN,55.3,59.11333333333333,-3.8133333333333326,3.8133333333333326
k-NN,48.4,65.03999999999999,-16.639999999999993,16.639999999999993
k-NN,49.9,57.04,-7.140000000000001,7.140000000000001
k-NN,33.4,63.266666666666666,-29.866666666666667,29.866666666666667
k-NN,75.0,56.26666666666667,18.733333333333327,18.733333333333327
k-NN,85.1,70.20666666666668,14.893333333333317,14.893333333333317
k-NN,80.1,61.70666666666667,18.393333333333324,18.393333333333324
k-NN,61.2,68.79999999999998,-7.59999999999998,7.59999999999998
k-NN,65.1,61.36666666666667,3.733333333333327,3.733333333333327
k-NN,71.6,71.26000000000002,0.339999999999975,0.339999999999975
k-NN,78.1,71.99333333333333,6.106666666666669,6.106666666666669
k-NN,99.1,69.46000000000001,29.639999999999986,29.639999999999986
k-NN,71.6,63.20666666666668,8.393333333333317,8.393333333333317
k-NN,61.7,71.1,-9.399999999999991,9.399999999999991
k-NN,77.1,65.45333333333333,11.646666666666661,11.646666666666661
k-NN,55.4,54.21333333333334,1.1866666666666603,1.1866666666666603
k-NN,64.5,61.653333333333315,2.8466666666666853,2.8466666666666853
k-NN,52.5,55.166666666666664,-2.6666666666666643,2.6666666666666643
k-NN,54.7,67.58,-12.879999999999995,12.879999999999995
k-NN,94.9,85.51333333333334,9.38666666666667,9.38666666666667
k-NN,66.8,70.98666666666666,-4.186666666666667,4.186666666666667
k-NN,55.6,57.74666666666666,-2.146666666666661,2.146666666666661
k-NN,64.4,65.14666666666668,-0.7466666666666697,0.7466666666666697
k-NN,82.0,66.72000000000001,15.279999999999987,15.279999999999987
k-NN,77.9,66.44,11.460000000000008,11.460000000000008
k-NN,68.3,74.32666666666667,-6.026666666666671,6.026666666666671
k-NN,62.9,71.54666666666667,-8.646666666666668,8.646666666666668
k-NN,74.2,59.27999999999999,14.920000000000016,14.920000000000016
k-NN,79.6,70.08000000000001,9.519999999999982,9.519999999999982
k-NN,79.9,55.63999999999999,24.260000000000012,24.260000000000012
k-NN,58.0,65.58666666666666,-7.586666666666659,7.586666666666659
k-NN,53.3,58.75333333333334,-5.45333333333334,5.45333333333334
k-NN,46.2,61.660000000000004,-15.46,15.46
k-NN,46.7,75.32666666666667,-28.626666666666665,28.626666666666665
k-NN,74.4,79.04666666666667,-4.646666666666661,4.646666666666661
k-NN,100.0,73.42666666666668,26.573333333333323,26.573333333333323
k-NN,55.9,66.32,-10.419999999999995,10.419999999999995
k-NN,83.3,61.36666666666667,21.93333333333333,21.93333333333333
k-NN,65.9,66.49999999999999,-0.5999999999999801,0.5999999999999801
k-NN,77.2,59.05333333333333,18.146666666666675,18.146666666666675
k-NN,100.0,70.00666666666666,29.99333333333334,29.99333333333334
k-NN,74.0,62.78666666666666,11.213333333333338,11.213333333333338
k-NN,29.5,55.86666666666667,-26.366666666666667,26.366666666666667
k-NN,93.8,61.03333333333333,32.766666666666666,32.766666666666666
k-NN,100.0,65.00000000000001,34.999999999999986,34.999999999999986
k-NN,50.3,65.75333333333333,-15.453333333333333,15.453333333333333
k-NN,82.4,62.22666666666666,20.173333333333346,20.173333333333346
k-NN,92.6,76.08,16.519999999999996,16.519999999999996
k-NN,55.9,54.47333333333333,1.4266666666666694,1.4266666666666694
k-NN,64.1,66.80666666666666,-2.7066666666666634,2.7066666666666634
k-NN,68.9,71.22666666666667,-2.326666666666668,2.326666666666668
k-NN,62.3,59.34666666666668,2.953333333333319,2.953333333333319
k-NN,62.5,69.14,-6.640000000000001,6.640000000000001
k-NN,38.9,52.833333333333336,-13.933333333333337,13.933333333333337
k-NN,100.0,68.76666666666667,31.233333333333334,31.233333333333334
k-NN,29.6,59.63999999999999,-30.039999999999992,30.039999999999992
k-NN,72.0,63.24,8.759999999999998,8.759999999999998
k-NN,52.8,54.75999999999999,-1.9599999999999937,1.9599999999999937
k-NN,61.3,64.06,-2.760000000000005,2.760000000000005
k-NN,80.3,70.44,9.86,9.86
k-NN,40.5,66.56,-26.060000000000002,26.060000000000002
k-NN,55.8,67.83999999999999,-12.039999999999992,12.039999999999992
k-NN,65.0,61.55333333333333,3.4466666666666725,3.4466666666666725
k-NN,73.0,74.82666666666667,-1.826666666666668,1.826666666666668
k-NN,56.2,64.61999999999999,-8.419999999999987,8.419999999999987
k-NN,60.9,58.35333333333333,2.546666666666667,2.546666666666667
k-NN,46.6,66.95333333333333,-20.35333333333333,20.35333333333333
k-NN,62.9,63.39333333333334,-0.4933333333333394,0.4933333333333394
k-NN,59.0,72.29333333333334,-13.293333333333337,13.293333333333337
k-NN,51.1,60.266666666666666,-9.166666666666664,9.166666666666664
k-NN,36.9,50.78666666666666,-13.886666666666663,13.886666666666663
k-NN,71.8,55.973333333333336,15.82666666666666,15.82666666666666
k-NN,45.2,57.38,-12.18,12.18
k-NN,53.1,64.00666666666667,-10.906666666666673,10.906666666666673
k-NN,98.1,74.58666666666664,23.51333333333335,23.51333333333335
k-NN,55.7,58.413333333333334,-2.713333333333331,2.713333333333331
k-NN,69.7,64.88666666666667,4.813333333333333,4.813333333333333
k-NN,70.3,71.85333333333332,-1.5533333333333275,1.5533333333333275
k-NN,31.2,60.99333333333334,-29.79333333333334,29.79333333333334
k-NN,46.6,62.46000000000001,-15.860000000000007,15.860000000000007
k-NN,72.5,61.346666666666664,11.153333333333336,11.153333333333336
k-NN,63.1,63.06666666666667,0.03333333333333144,0.03333333333333144
k-NN,72.4,70.42666666666668,1.9733333333333292,1.9733333333333292
k-NN,79.0,61.04666666666666,17.95333333333334,17.95333333333334
k-NN,62.6,62.22666666666665,0.37333333333334906,0.37333333333334906
k-NN,99.3,67.16,32.14,32.14
k-NN,50.8,73.81333333333333,-23.013333333333335,23.013333333333335
k-NN,63.0,62.32666666666667,0.673333333333332,0.673333333333332
k-NN,80.0,70.89333333333335,9.106666666666655,9.106666666666655
k-NN,66.9,73.28666666666668,-6.38666666666667,6.38666666666667
k-NN,50.7,51.16666666666667,-0.46666666666666856,0.46666666666666856
k-NN,48.6,66.19333333333333,-17.593333333333327,17.593333333333327
k-NN,75.4,70.99999999999999,4.40000000000002,4.40000000000002
k-NN,100.0,66.98666666666666,33.013333333333335,33.013333333333335
k-NN,58.0,64.66666666666666,-6.666666666666657,6.666666666666657
k-NN,70.9,65.85999999999999,5.0400000000000205,5.0400000000000205
k-NN,74.6,79.15333333333334,-4.553333333333342,4.553333333333342
k-NN,58.6,63.173333333333325,-4.5733333333333235,4.5733333333333235
k-NN,59.3,66.48666666666666,-7.186666666666667,7.186666666666667
k-NN,86.1,73.53999999999999,12.560000000000002,12.560000000000002
k-NN,85.0,66.21333333333334,18.78666666666666,18.78666666666666
k-NN,84.8,74.62666666666665,10.173333333333346,10.173333333333346
k-NN,37.8,59.63333333333333,-21.833333333333336,21.833333333333336
k-NN,38.1,68.17333333333333,-30.07333333333333,30.07333333333333
k-NN,46.9,68.74666666666667,-21.84666666666667,21.84666666666667
k-NN,74.6,58.646666666666654,15.95333333333334,15.95333333333334
k-NN,59.4,67.04666666666665,-7.646666666666654,7.646666666666654
k-NN,42.2,57.326666666666675,-15.126666666666672,15.126666666666672
k-NN,67.9,74.83999999999999,-6.9399999999999835,6.9399999999999835
k-NN,55.9,58.173333333333325,-2.2733333333333263,2.2733333333333263
k-NN,71.6,58.70666666666667,12.893333333333324,12.893333333333324
k-NN,65.8,70.72666666666667,-4.9266666666666765,4.9266666666666765
k-NN,73.6,68.37999999999998,5.220000000000013,5.220000000000013
k-NN,78.6,76.22666666666667,2.3733333333333206,2.3733333333333206
k-NN,58.7,68.82666666666665,-10.126666666666651,10.126666666666651
k-NN,47.3,71.05333333333333,-23.75333333333333,23.75333333333333
k-NN,75.5,58.26666666666667,17.233333333333327,17.233333333333327
k-NN,49.7,53.160000000000004,-3.460000000000001,3.460000000000001
k-NN,54.7,56.90666666666667,-2.2066666666666706,2.2066666666666706
k-NN,46.1,48.806666666666665,-2.7066666666666634,2.7066666666666634
k-NN,77.4,68.81333333333332,8.586666666666687,8.586666666666687
k-NN,49.4,57.386666666666656,-7.9866666666666575,7.9866666666666575
k-NN,30.9,65.35333333333332,-34.453333333333326,34.453333333333326
k-NN,49.3,67.97333333333333,-18.673333333333332,18.673333333333332
k-NN,65.6,65.46,0.14000000000000057,0.14000000000000057
k-NN,30.7,56.54666666666667,-25.846666666666668,25.846666666666668
k-NN,48.3,61.62,-13.32,13.32
k-NN,94.4,76.75333333333333,17.646666666666675,17.646666666666675
k-NN,88.5,69.45333333333335,19.046666666666653,19.046666666666653
k-NN,74.5,66.97333333333331,7.526666666666685,7.526666666666685
k-NN,27.7,63.026666666666664,-35.32666666666667,35.32666666666667
k-NN,88.4,50.98666666666667,37.413333333333334,37.413333333333334
k-NN,48.7,59.29333333333334,-10.593333333333334,10.593333333333334
k-NN,66.6,77.1,-10.5,10.5
k-NN,81.3,67.75999999999999,13.540000000000006,13.540000000000006
k-NN,89.5,75.83333333333333,13.666666666666671,13.666666666666671
k-NN,41.9,67.18666666666667,-25.28666666666667,25.28666666666667
k-NN,55.4,59.22,-3.8200000000000003,3.8200000000000003
k-NN,73.6,66.32666666666667,7.273333333333326,7.273333333333326
k-NN,72.1,80.72000000000001,-8.620000000000019,8.620000000000019
k-NN,36.1,69.94666666666667,-33.84666666666667,33.84666666666667
k-NN,96.7,69.81333333333333,26.88666666666667,26.88666666666667
k-NN,29.2,63.373333333333335,-34.17333333333333,34.17333333333333
k-NN,99.7,73.38666666666667,26.313333333333333,26.313333333333333
k-NN,76.0,68.76,7.239999999999995,7.239999999999995
k-NN,48.6,69.68,-21.080000000000005,21.080000000000005
k-NN,70.4,56.419999999999995,13.980000000000011,13.980000000000011
k-NN,95.7,65.71333333333334,29.986666666666665,29.986666666666665
k-NN,56.7,59.79333333333333,-3.0933333333333266,3.0933333333333266
k-NN,54.0,64.92666666666666,-10.926666666666662,10.926666666666662
k-NN,82.9,75.64666666666666,7.2533333333333445,7.2533333333333445
k-NN,53.7,63.79999999999999,-10.099999999999987,10.099999999999987
k-NN,66.0,58.720000000000006,7.279999999999994,7.279999999999994
k-NN,71.2,63.3,7.900000000000006,7.900000000000006
k-NN,70.1,68.64,1.4599999999999937,1.4599999999999937
k-NN,66.7,68.84,-2.1400000000000006,2.1400000000000006
k-NN,95.8,68.8,27.0,27.0
k-NN,38.8,54.38666666666667,-15.586666666666673,15.586666666666673
k-NN,79.9,65.04,14.86,14.86
k-NN,81.6,64.33333333333334,17.26666666666665,17.26666666666665
k-NN,59.1,64.19999999999999,-5.099999999999987,5.099999999999987
k-NN,57.4,64.65333333333332,-7.253333333333323,7.253333333333323
k-NN,34.3,60.58666666666666,-26.28666666666666,26.28666666666666
k-NN,68.5,64.40666666666667,4.093333333333334,4.093333333333334
k-NN,87.1,67.89333333333333,19.206666666666663,19.206666666666663
k-NN,34.1,62.25333333333333,-28.15333333333333,28.15333333333333
k-NN,86.0,71.22666666666667,14.773333333333326,14.773333333333326
k-NN,61.6,60.693333333333335,0.9066666666666663,0.9066666666666663
k-NN,64.6,64.16666666666667,0.4333333333333229,0.4333333333333229
k-NN,31.7,76.18,-44.480000000000004,44.480000000000004
k-NN,63.7,67.31333333333333,-3.6133333333333297,3.6133333333333297
k-NN,68.1,74.00666666666666,-5.906666666666666,5.906666666666666
k-NN,58.5,73.20666666666668,-14.706666666666678,14.706666666666678
k-NN,81.1,57.593333333333334,23.50666666666666,23.50666666666666
k-NN,84.6,65.32,19.28,19.28
k-NN,77.7,57.52666666666667,20.173333333333332,20.173333333333332
k-NN,72.7,63.24666666666667,9.453333333333333,9.453333333333333
k-NN,69.2,65.25333333333334,3.9466666666666583,3.9466666666666583
k-NN,68.8,58.660000000000004,10.139999999999993,10.139999999999993
k-NN,56.6,62.06666666666667,-5.466666666666669,5.466666666666669
k-NN,79.6,59.733333333333334,19.86666666666666,19.86666666666666
k-NN,87.8,70.68,17.11999999999999,17.11999999999999
k-NN,60.6,62.64666666666666,-2.0466666666666598,2.0466666666666598
k-NN,54.3,68.06666666666666,-13.766666666666666,13.766666666666666
k-NN,83.1,66.70666666666666,16.39333333333333,16.39333333333333
k-NN,43.5,66.51333333333334,-23.013333333333335,23.013333333333335
k-NN,78.3,69.96666666666667,8.333333333333329,8.333333333333329
k-NN,55.3,56.386666666666656,-1.086666666666659,1.086666666666659
k-NN,71.3,69.21333333333334,2.086666666666659,2.086666666666659
k-NN,71.5,51.653333333333336,19.846666666666664,19.846666666666664
k-NN,70.2,65.97333333333334,4.2266666666666595,4.2266666666666595
k-NN,94.0,61.0,33.0,33.0
k-NN,78.3,54.806666666666665,23.493333333333332,23.493333333333332
k-NN,80.8,61.77333333333333,19.026666666666664,19.026666666666664
k-NN,73.1,64.66666666666667,8.433333333333323,8.433333333333323
k-NN,58.3,63.35333333333334,-5.053333333333342,5.053333333333342
k-NN,84.4,74.10666666666667,10.293333333333337,10.293333333333337
k-NN,80.2,67.83999999999999,12.360000000000014,12.360000000000014
k-NN,64.3,74.1,-9.799999999999997,9.799999999999997
k-NN,67.9,61.48666666666666,6.413333333333348,6.413333333333348
k-NN,75.9,59.58666666666666,16.313333333333347,16.313333333333347
k-NN,69.5,62.4,7.100000000000001,7.100000000000001
k-NN,52.6,62.00666666666666,-9.40666666666666,9.40666666666666
k-NN,63.3,63.800000000000004,-0.5000000000000071,0.5000000000000071
k-NN,46.3,44.18666666666666,2.113333333333337,2.113333333333337
k-NN,49.1,67.4,-18.300000000000004,18.300000000000004
k-NN,59.0,66.02000000000001,-7.02000000000001,7.02000000000001
k-NN,79.9,63.63999999999999,16.260000000000012,16.260000000000012
k-NN,64.9,63.473333333333336,1.4266666666666694,1.4266666666666694
k-NN,57.7,58.086666666666666,-0.38666666666666316,0.38666666666666316
k-NN,9.4,61.75333333333334,-52.35333333333334,52.35333333333334
k-NN,74.1,65.83333333333334,8.266666666666652,8.266666666666652
k-NN,40.8,58.69333333333332,-17.893333333333324,17.893333333333324
k-NN,87.3,59.64,27.659999999999997,27.659999999999997
k-NN,70.9,76.93333333333334,-6.033333333333331,6.033333333333331
k-NN,88.7,61.599999999999994,27.10000000000001,27.10000000000001
k-NN,56.9,75.94,-19.04,19.04
k-NN,69.0,69.16000000000001,-0.1600000000000108,0.1600000000000108
k-NN,58.9,74.95333333333335,-16.05333333333335,16.05333333333335
k-NN,38.1,52.55333333333333,-14.453333333333326,14.453333333333326
k-NN,38.6,57.12666666666667,-18.52666666666667,18.52666666666667
k-NN,75.0,62.66000000000001,12.33999999999999,12.33999999999999
k-NN,64.9,55.986666666666665,8.913333333333341,8.913333333333341
k-NN,73.9,67.80666666666666,6.093333333333348,6.093333333333348
k-NN,58.8,64.52,-5.719999999999999,5.719999999999999
k-NN,58.1,55.78666666666667,2.3133333333333326,2.3133333333333326
k-NN,33.7,61.84666666666667,-28.14666666666667,28.14666666666667
k-NN,35.3,59.02666666666666,-23.72666666666666,23.72666666666666
k-NN,55.9,56.77333333333333,-0.8733333333333348,0.8733333333333348
k-NN,48.5,55.440000000000005,-6.940000000000005,6.940000000000005
k-NN,40.4,70.47333333333333,-30.07333333333333,30.07333333333333
k-NN,100.0,64.90666666666667,35.093333333333334,35.093333333333334
k-NN,97.5,64.64,32.86,32.86
k-NN,52.3,60.17999999999999,-7.8799999999999955,7.8799999999999955
k-NN,84.6,63.08,21.519999999999996,21.519999999999996
k-NN,76.6,65.51333333333335,11.086666666666645,11.086666666666645
k-NN,87.1,72.93333333333334,14.166666666666657,14.166666666666657
k-NN,71.7,64.13333333333333,7.566666666666677,7.566666666666677
k-NN,89.9,53.833333333333336,36.06666666666667,36.06666666666667
k-NN,80.9,64.72666666666666,16.173333333333346,16.173333333333346
k-NN,67.5,67.26666666666667,0.23333333333333428,0.23333333333333428
k-NN,45.3,74.77333333333334,-29.473333333333343,29.473333333333343
k-NN,74.0,68.16,5.840000000000003,5.840000000000003
k-NN,48.8,56.20666666666667,-7.406666666666673,7.406666666666673
k-NN,61.0,66.16666666666666,-5.166666666666657,5.166666666666657
k-NN,51.1,65.03333333333333,-13.93333333333333,13.93333333333333
k-NN,64.8,67.94,-3.1400000000000006,3.1400000000000006
k-NN,72.9,70.24666666666667,2.653333333333336,2.653333333333336
k-NN,50.7,67.88666666666668,-17.18666666666668,17.18666666666668
k-NN,81.3,62.57333333333334,18.72666666666666,18.72666666666666
k-NN,41.5,55.25333333333333,-13.75333333333333,13.75333333333333
k-NN,47.9,68.45333333333333,-20.553333333333335,20.553333333333335
k-NN,61.6,70.83333333333333,-9.233333333333327,9.233333333333327
k-NN,100.0,70.32,29.680000000000007,29.680000000000007
k-NN,60.2,59.89333333333334,0.30666666666666487,0.30666666666666487
k-NN,68.0,70.44000000000001,-2.440000000000012,2.440000000000012
k-NN,50.5,63.29999999999999,-12.79999999999999,12.79999999999999
k-NN,79.9,65.14666666666668,14.75333333333333,14.75333333333333
k-NN,58.1,57.440000000000005,0.6599999999999966,0.6599999999999966
k-NN,63.1,64.18666666666667,-1.086666666666666,1.086666666666666
k-NN,58.9,60.906666666666666,-2.0066666666666677,2.0066666666666677
k-NN,55.7,66.77333333333334,-11.073333333333338,11.073333333333338
k-NN,66.9,66.37333333333332,0.526666666666685,0.526666666666685
k-NN,41.7,63.98,-22.279999999999994,22.279999999999994
k-NN,71.5,61.89333333333334,9.606666666666662,9.606666666666662
k-NN,65.1,72.71333333333335,-7.613333333333358,7.613333333333358
k-NN,55.3,59.54,-4.240000000000002,4.240000000000002
k-NN,91.3,73.28666666666666,18.013333333333335,18.013333333333335
k-NN,100.0,61.833333333333336,38.166666666666664,38.166666666666664
k-NN,64.9,69.97999999999999,-5.079999999999984,5.079999999999984
k-NN,40.1,64.46,-24.359999999999992,24.359999999999992
k-NN,100.0,69.68000000000002,30.31999999999998,30.31999999999998
k-NN,47.0,59.806666666666665,-12.806666666666665,12.806666666666665
k-NN,90.4,63.7,26.700000000000003,26.700000000000003
k-NN,58.4,68.36,-9.96,9.96
k-NN,78.1,73.94,4.159999999999997,4.159999999999997
k-NN,73.8,59.433333333333344,14.366666666666653,14.366666666666653
k-NN,53.9,64.97333333333333,-11.07333333333333,11.07333333333333
k-NN,67.1,62.08000000000001,5.019999999999982,5.019999999999982
k-NN,62.2,73.46000000000001,-11.260000000000005,11.260000000000005
k-NN,45.5,70.16666666666667,-24.66666666666667,24.66666666666667
k-NN,53.3,56.53333333333333,-3.2333333333333343,3.2333333333333343
k-NN,85.6,63.873333333333335,21.72666666666666,21.72666666666666
k-NN,59.0,70.79333333333334,-11.793333333333337,11.793333333333337
k-NN,63.6,73.86,-10.259999999999998,10.259999999999998
k-NN,56.9,63.193333333333335,-6.2933333333333366,6.2933333333333366
k-NN,60.1,64.41333333333334,-4.31333333333334,4.31333333333334
k-NN,100.0,72.43333333333332,27.566666666666677,27.566666666666677
k-NN,56.9,65.59333333333333,-8.693333333333335,8.693333333333335
k-NN,100.0,71.06666666666666,28.933333333333337,28.933333333333337
k-NN,82.2,62.78666666666667,19.413333333333334,19.413333333333334
k-NN,77.6,64.94000000000001,12.659999999999982,12.659999999999982
k-NN,81.8,60.419999999999995,21.380000000000003,21.380000000000003
k-NN,80.9,62.27333333333333,18.626666666666672,18.626666666666672
k-NN,67.5,68.08,-0.5799999999999983,0.5799999999999983
k-NN,75.8,61.93999999999999,13.860000000000007,13.860000000000007
k-NN,74.0,80.11333333333333,-6.11333333333333,6.11333333333333
k-NN,47.4,66.34,-18.940000000000005,18.940000000000005
k-NN,70.7,76.58666666666667,-5.88666666666667,5.88666666666667
k-NN,84.1,66.53333333333335,17.56666666666665,17.56666666666665
k-NN,55.9,63.28000000000001,-7.38000000000001,7.38000000000001
k-NN,84.5,66.64666666666666,17.85333333333334,17.85333333333334
k-NN,40.4,70.59333333333333,-30.193333333333335,30.193333333333335
k-NN,70.3,66.64,3.6599999999999966,3.6599999999999966
k-NN,72.6,67.18,5.4199999999999875,5.4199999999999875
k-NN,43.4,55.31333333333334,-11.913333333333341,11.913333333333341
