Model,Actual,Predicted,Residual,Absolute_Error
Linear Regression,69.0,70.27197100769143,-1.271971007691434,1.271971007691434
Linear Regression,81.6,68.84642281597081,12.753577184029183,12.753577184029183
Linear Regression,63.1,76.48854075332542,-13.388540753325422,13.388540753325422
Linear Regression,89.3,83.4291494529923,5.8708505470076915,5.8708505470076915
Linear Regression,49.6,51.72420266493549,-2.1242026649354884,2.1242026649354884
Linear Regression,44.5,42.23001296622755,2.269987033772452,2.269987033772452
Linear Regression,63.5,66.92571151389666,-3.4257115138966583,3.4257115138966583
Linear Regression,74.6,84.67452981018434,-10.074529810184345,10.074529810184345
Linear Regression,54.6,58.533002829378944,-3.9330028293789425,3.9330028293789425
Linear Regression,84.3,62.62567298953243,21.674327010467564,21.674327010467564
Linear Regression,98.1,73.63719411346239,24.46280588653761,24.46280588653761
Linear Regression,64.8,67.94233718993337,-3.1423371899333716,3.1423371899333716
Linear Regression,45.4,59.41921663086276,-14.019216630862765,14.019216630862765
Linear Regression,48.0,73.98989376946554,-25.98989376946554,25.98989376946554
Linear Regression,58.3,62.213414955006726,-3.913414955006729,3.913414955006729
Linear Regression,26.4,64.98024696440342,-38.58024696440342,38.58024696440342
Linear Regression,66.9,75.00308696751998,-8.103086967519971,8.103086967519971
Linear Regression,52.9,54.86144939154789,-1.9614493915478945,1.9614493915478945
Linear Regression,64.5,70.87673035062467,-6.376730350624669,6.376730350624669
Linear Regression,46.6,45.32311895822659,1.2768810417734144,1.2768810417734144
Linear Regression,66.5,62.90920796912093,3.590792030879072,3.590792030879072
Linear Regression,41.3,47.06537813678011,-5.7653781367801145,5.7653781367801145
Linear Regression,40.5,75.49922923562542,-34.99922923562542,34.99922923562542
Linear Regression,90.8,83.12029162928121,7.679708370718785,7.679708370718785
Linear Regression,74.2,80.22916035747835,-6.0291603574783466,6.0291603574783466
Linear Regression,99.4,78.42278837680908,20.977211623190925,20.977211623190925
Linear Regression,68.1,85.5231279843099,-17.4231279843099,17.4231279843099
Linear Regression,40.0,49.33303426944087,-9.333034269440873,9.333034269440873
Linear Regression,58.4,59.44787458874123,-1.0478745887412302,1.0478745887412302
Linear Regression,63.6,66.58094374324321,-2.980943743243209,2.980943743243209
Linear Regression,75.1,68.22673410083229,6.873265899167706,6.873265899167706
Linear Regression,72.8,65.84054745127327,6.9594525487267305,6.9594525487267305
Linear Regression,46.4,65.79065817581971,-19.390658175819716,19.390658175819716
Linear Regression,50.9,57.32926901713415,-6.429269017134153,6.429269017134153
Linear Regression,66.0,56.75645582263326,9.243544177366743,9.243544177366743
Linear Regression,63.0,76.03011645744482,-13.03011645744482,13.03011645744482
Linear Regression,80.2,79.98752148808506,0.21247851191493794,0.21247851191493794
Linear Regression,75.2,61.445183343642036,13.754816656357967,13.754816656357967
Linear Regression,63.5,77.93422433492867,-14.434224334928672,14.434224334928672
Linear Regression,37.0,30.79566644322435,6.2043335567756515,6.2043335567756515
Linear Regression,54.7,61.38684248243055,-6.686842482430549,6.686842482430549
Linear Regression,67.9,58.231497434774326,9.66850256522568,9.66850256522568
Linear Regression,84.8,77.67443103181027,7.125568968189725,7.125568968189725
Linear Regression,73.1,55.510961935091814,17.58903806490818,17.58903806490818
Linear Regression,99.1,93.64765798836731,5.45234201163268,5.45234201163268
Linear Regression,72.2,64.07811384807377,8.121886151926233,8.121886151926233
Linear Regression,93.9,72.74331523474427,21.156684765255733,21.156684765255733
Linear Regression,68.8,58.002653037994946,10.79734696200505,10.79734696200505
Linear Regression,61.8,63.70144191881296,-1.9014419188129636,1.9014419188129636
Linear Regression,39.5,65.00038511758652,-25.500385117586518,25.500385117586518
Linear Regression,53.9,51.9868130796105,1.9131869203894993,1.9131869203894993
Linear Regression,55.7,64.25630810423075,-8.556308104230752,8.556308104230752
Linear Regression,46.8,44.50594255778765,2.294057442212349,2.294057442212349
Linear Regression,94.1,81.97286665130932,12.127133348690677,12.127133348690677
Linear Regression,56.2,66.3565320045268,-10.156532004526795,10.156532004526795
Linear Regression,75.3,63.17008136886341,12.12991863113659,12.12991863113659
Linear Regression,83.9,86.54971239366796,-2.6497123936679543,2.6497123936679543
Linear Regression,65.3,58.50023189493686,6.799768105063137,6.799768105063137
Linear Regression,71.5,68.43437276049059,3.0656272395094106,3.0656272395094106
Linear Regression,73.5,53.60976499085632,19.89023500914368,19.89023500914368
Linear Regression,40.5,53.7322019197224,-13.2322019197224,13.2322019197224
Linear Regression,28.7,50.828782725962526,-22.128782725962527,22.128782725962527
Linear Regression,35.3,44.204680302501174,-8.904680302501177,8.904680302501177
Linear Regression,82.2,84.05136429487527,-1.8513642948752675,1.8513642948752675
Linear Regression,39.3,53.03242863297942,-13.73242863297942,13.73242863297942
Linear Regression,83.8,82.2133243651624,1.58667563483759,1.58667563483759
Linear Regression,67.4,62.44430703975985,4.955692960240157,4.955692960240157
Linear Regression,33.2,39.35282057271002,-6.15282057271002,6.15282057271002
Linear Regression,49.5,63.784463186361904,-14.284463186361904,14.284463186361904
Linear Regression,47.1,43.24060269473679,3.859397305263208,3.859397305263208
Linear Regression,71.0,54.95624331638521,16.043756683614788,16.043756683614788
Linear Regression,75.5,75.7377725545681,-0.23777255456809598,0.23777255456809598
Linear Regression,74.1,77.57078553635449,-3.470785536354498,3.470785536354498
Linear Regression,82.5,56.59878210508043,25.90121789491957,25.90121789491957
Linear Regression,84.1,72.78053139317711,11.31946860682288,11.31946860682288
Linear Regression,38.5,69.20376650693282,-30.703766506932823,30.703766506932823
Linear Regression,87.6,85.19570329609974,2.4042967039002576,2.4042967039002576
Linear Regression,48.8,74.95996131504512,-26.159961315045123,26.159961315045123
Linear Regression,78.2,70.5423744210679,7.657625578932098,7.657625578932098
Linear Regression,74.9,74.18729752403846,0.7127024759615495,0.7127024759615495
Linear Regression,42.9,49.806678955575705,-6.906678955575707,6.906678955575707
Linear Regression,66.7,76.36545098333369,-9.665450983333685,9.665450983333685
Linear Regression,86.5,84.91279022046973,1.5872097795302693,1.5872097795302693
Linear Regression,74.9,69.61189072529962,5.288109274700389,5.288109274700389
Linear Regression,68.6,69.11814371011792,-0.5181437101179256,0.5181437101179256
Linear Regression,45.8,51.72084917736686,-5.920849177366861,5.920849177366861
Linear Regression,59.7,63.31558357488518,-3.6155835748851786,3.6155835748851786
Linear Regression,63.8,52.179865450588295,11.620134549411702,11.620134549411702
Linear Regression,38.3,53.14550484666455,-14.845504846664554,14.845504846664554
Linear Regression,54.1,74.1820216662594,-20.0820216662594,20.0820216662594
Linear Regression,41.2,64.96863607494265,-23.76863607494265,23.76863607494265
Linear Regression,62.4,79.39094108290169,-16.990941082901692,16.990941082901692
Linear Regression,44.6,60.858194237110126,-16.258194237110125,16.258194237110125
Linear Regression,44.8,51.20988588097771,-6.409885880977711,6.409885880977711
Linear Regression,38.4,58.71159975319398,-20.31159975319398,20.31159975319398
Linear Regression,76.2,73.68571257124302,2.5142874287569867,2.5142874287569867
Linear Regression,61.0,78.63653771230861,-17.63653771230861,17.63653771230861
Linear Regression,71.5,82.17451963363021,-10.674519633630212,10.674519633630212
Linear Regression,86.2,69.22864017899249,16.97135982100751,16.97135982100751
Linear Regression,65.1,76.01299748974233,-10.912997489742338,10.912997489742338
Linear Regression,79.6,65.80329128588323,13.796708714116761,13.796708714116761
Linear Regression,83.6,78.86093400176549,4.7390659982345085,4.7390659982345085
Linear Regression,58.2,77.56449216735098,-19.364492167350974,19.364492167350974
Linear Regression,83.0,83.8172757142404,-0.8172757142403952,0.8172757142403952
Linear Regression,82.6,75.93824407554656,6.661755924453431,6.661755924453431
Linear Regression,53.8,58.24701922013833,-4.44701922013833,4.44701922013833
Linear Regression,31.1,63.88106901290848,-32.78106901290848,32.78106901290848
Linear Regression,49.4,53.16162490176316,-3.761624901763163,3.761624901763163
Linear Regression,64.4,64.82840099214837,-0.4284009921483687,0.4284009921483687
Linear Regression,37.6,57.58072802755481,-19.98072802755481,19.98072802755481
Linear Regression,65.3,75.50906391319523,-10.209063913195237,10.209063913195237
Linear Regression,70.5,67.63824563482882,2.86175436517118,2.86175436517118
Linear Regression,99.6,58.60350495660691,40.99649504339308,40.99649504339308
Linear Regression,61.3,60.70979471599878,0.5902052840012146,0.5902052840012146
Linear Regression,71.8,51.00361459753941,20.796385402460587,20.796385402460587
Linear Regression,74.3,71.00613730571445,3.2938626942855507,3.2938626942855507
Linear Regression,66.7,75.1039770131805,-8.403977013180494,8.403977013180494
Linear Regression,72.7,66.78323053551719,5.916769464482812,5.916769464482812
Linear Regression,56.1,54.763941136510596,1.3360588634894057,1.3360588634894057
Linear Regression,46.6,53.403247151965445,-6.803247151965444,6.803247151965444
Linear Regression,53.9,62.48768826769867,-8.587688267698674,8.587688267698674
Linear Regression,42.0,50.54447977978697,-8.544479779786968,8.544479779786968
Linear Regression,65.2,62.54184036650014,2.6581596334998636,2.6581596334998636
Linear Regression,98.9,64.43493873153028,34.465061268469725,34.465061268469725
Linear Regression,72.2,67.55219483409888,4.647805165901119,4.647805165901119
Linear Regression,93.1,94.0103994470536,-0.9103994470536065,0.9103994470536065
Linear Regression,51.6,63.29941159884595,-11.699411598845948,11.699411598845948
Linear Regression,70.3,67.24069944453845,3.0593005554615473,3.0593005554615473
Linear Regression,60.8,64.23720475769443,-3.437204757694431,3.437204757694431
Linear Regression,32.9,56.31971829467466,-23.41971829467466,23.41971829467466
Linear Regression,87.3,56.55595517538811,30.74404482461189,30.74404482461189
Linear Regression,46.6,66.56654838528823,-19.966548385288228,19.966548385288228
Linear Regression,88.0,83.09934552213053,4.900654477869466,4.900654477869466
Linear Regression,50.5,61.97284539875034,-11.472845398750337,11.472845398750337
Linear Regression,88.5,78.9431530932726,9.556846906727401,9.556846906727401
Linear Regression,34.2,48.150867729756726,-13.950867729756723,13.950867729756723
Linear Regression,68.2,65.7231450845663,2.476854915433705,2.476854915433705
Linear Regression,55.4,71.08625398724433,-15.686253987244335,15.686253987244335
Linear Regression,65.5,73.07257336317701,-7.572573363177014,7.572573363177014
Linear Regression,55.6,60.319501431254594,-4.719501431254592,4.719501431254592
Linear Regression,62.8,82.43971269472695,-19.639712694726953,19.639712694726953
Linear Regression,81.4,68.84559761048746,12.554402389512546,12.554402389512546
Linear Regression,66.4,57.549842908966696,8.85015709103331,8.85015709103331
Linear Regression,51.4,52.866299674421555,-1.4662996744215562,1.4662996744215562
Linear Regression,50.7,66.36945209686428,-15.669452096864276,15.669452096864276
Linear Regression,59.0,63.945054785124256,-4.945054785124256,4.945054785124256
Linear Regression,63.1,67.35088592030212,-4.250885920302117,4.250885920302117
Linear Regression,100.0,84.76760836339218,15.232391636607815,15.232391636607815
Linear Regression,65.5,56.87410986247892,8.625890137521083,8.625890137521083
Linear Regression,79.3,69.14278542889502,10.157214571104973,10.157214571104973
Linear Regression,69.9,64.6496172145217,5.250382785478308,5.250382785478308
Linear Regression,57.6,61.23273562340336,-3.632735623403356,3.632735623403356
Linear Regression,61.2,70.89576992716803,-9.69576992716803,9.69576992716803
Linear Regression,52.3,61.22547179057358,-8.925471790573582,8.925471790573582
Linear Regression,53.1,65.5401302643512,-12.440130264351204,12.440130264351204
Linear Regression,50.4,57.343552378043796,-6.9435523780437975,6.9435523780437975
Linear Regression,88.4,66.52603654322422,21.873963456775783,21.873963456775783
Linear Regression,87.1,78.70905962155223,8.390940378447766,8.390940378447766
Linear Regression,44.5,57.228776916224604,-12.728776916224604,12.728776916224604
Linear Regression,62.8,61.00937335884561,1.7906266411543896,1.7906266411543896
Linear Regression,68.7,61.33528529727067,7.36471470272933,7.36471470272933
Linear Regression,82.2,66.52238894433157,15.677611055668436,15.677611055668436
Linear Regression,80.1,79.34490393995003,0.755096060049965,0.755096060049965
Linear Regression,94.1,75.11584896972028,18.98415103027972,18.98415103027972
Linear Regression,79.5,71.95075579818467,7.549244201815327,7.549244201815327
Linear Regression,62.7,68.45583310240698,-5.7558331024069815,5.7558331024069815
Linear Regression,100.0,71.6617441057233,28.3382558942767,28.3382558942767
Linear Regression,58.3,70.45542226372243,-12.155422263722429,12.155422263722429
Linear Regression,78.4,76.7794052384188,1.6205947615812022,1.6205947615812022
Linear Regression,77.5,65.62987187944736,11.870128120552636,11.870128120552636
Linear Regression,39.5,70.75625456492816,-31.256254564928156,31.256254564928156
Linear Regression,71.2,65.73169706647423,5.468302933525777,5.468302933525777
Linear Regression,73.4,81.04316041456536,-7.643160414565358,7.643160414565358
Linear Regression,97.7,75.52830074761289,22.171699252387114,22.171699252387114
Linear Regression,81.8,75.12301151923396,6.676988480766042,6.676988480766042
Linear Regression,66.4,73.07448539541906,-6.674485395419055,6.674485395419055
Linear Regression,56.0,62.59781458634103,-6.5978145863410305,6.5978145863410305
Linear Regression,57.9,65.12998141320242,-7.229981413202417,7.229981413202417
Linear Regression,72.6,76.625165182057,-4.025165182057009,4.025165182057009
Linear Regression,52.6,57.68766012608728,-5.087660126087279,5.087660126087279
Linear Regression,62.6,63.17521408193389,-0.5752140819338862,0.5752140819338862
Linear Regression,55.6,54.39791198155535,1.2020880184446483,1.2020880184446483
Linear Regression,54.6,73.36239820431047,-18.762398204310465,18.762398204310465
Linear Regression,64.8,74.82803832734118,-10.028038327341179,10.028038327341179
Linear Regression,72.3,74.20487654813184,-1.9048765481318384,1.9048765481318384
Linear Regression,85.2,60.93901782014581,24.260982179854196,24.260982179854196
Linear Regression,50.2,66.81436464087676,-16.614364640876758,16.614364640876758
Linear Regression,60.7,64.06974680571949,-3.369746805719487,3.369746805719487
Linear Regression,61.3,65.60616826697424,-4.30616826697424,4.30616826697424
Linear Regression,49.8,61.76651166726208,-11.966511667262083,11.966511667262083
Linear Regression,73.9,59.69598254285813,14.204017457141873,14.204017457141873
Linear Regression,41.0,48.64591696319678,-7.6459169631967825,7.6459169631967825
Linear Regression,79.2,56.43632303304287,22.763676966957135,22.763676966957135
Linear Regression,49.0,53.19625689544793,-4.196256895447931,4.196256895447931
Linear Regression,73.2,80.76212484224422,-7.562124842244216,7.562124842244216
Linear Regression,67.8,51.68284089103764,16.117159108962355,16.117159108962355
Linear Regression,56.5,79.05806544386425,-22.55806544386425,22.55806544386425
Linear Regression,88.3,60.68352226239986,27.616477737600135,27.616477737600135
Linear Regression,53.9,70.33010245562184,-16.430102455621842,16.430102455621842
Linear Regression,92.0,69.28662855549646,22.713371444503537,22.713371444503537
Linear Regression,100.0,94.16396524326649,5.836034756733511,5.836034756733511
Linear Regression,66.3,75.78339964938107,-9.48339964938107,9.48339964938107
Linear Regression,79.8,61.64722885380877,18.152771146191228,18.152771146191228
Linear Regression,95.9,85.51006848405859,10.389931515941413,10.389931515941413
Linear Regression,55.4,59.08282860648734,-3.682828606487341,3.682828606487341
Linear Regression,60.5,70.43758377351242,-9.937583773512415,9.937583773512415
Linear Regression,50.3,50.94127130301541,-0.6412713030154151,0.6412713030154151
Linear Regression,95.1,78.60018995901817,16.499810040981828,16.499810040981828
Linear Regression,57.2,55.00474920008804,2.1952507999119604,2.1952507999119604
Linear Regression,57.4,74.48513081232804,-17.08513081232804,17.08513081232804
Linear Regression,65.5,60.158709186928434,5.341290813071566,5.341290813071566
Linear Regression,93.4,64.51740807060426,28.882591929395744,28.882591929395744
Linear Regression,39.3,58.73149615670269,-19.431496156702693,19.431496156702693
Linear Regression,36.5,56.16556031888865,-19.66556031888865,19.66556031888865
Linear Regression,84.2,80.90183732787949,3.2981626721205117,3.2981626721205117
Linear Regression,61.2,57.26492596283765,3.9350740371623516,3.9350740371623516
Linear Regression,73.3,55.4444142806081,17.855585719391897,17.855585719391897
Linear Regression,44.6,59.444872301527994,-14.844872301527992,14.844872301527992
Linear Regression,47.2,62.54481792700956,-15.344817927009558,15.344817927009558
Linear Regression,81.5,73.57788764475409,7.922112355245915,7.922112355245915
Linear Regression,45.7,63.88443031197744,-18.184430311977437,18.184430311977437
Linear Regression,72.9,56.68723349582456,16.21276650417545,16.21276650417545
Linear Regression,95.5,79.26579647543821,16.234203524561792,16.234203524561792
Linear Regression,85.2,59.70306875681007,25.496931243189934,25.496931243189934
Linear Regression,34.5,60.32271414394927,-25.82271414394927,25.82271414394927
Linear Regression,40.0,36.832704972457776,3.167295027542224,3.167295027542224
Linear Regression,86.0,76.50455092063294,9.495449079367063,9.495449079367063
Linear Regression,56.5,53.50742475542012,2.992575244579882,2.992575244579882
Linear Regression,90.5,70.07267123578288,20.427328764217123,20.427328764217123
Linear Regression,52.9,47.26442812755272,5.635571872447279,5.635571872447279
Linear Regression,90.9,78.89125498765355,12.008745012346452,12.008745012346452
Linear Regression,70.3,75.41157956083146,-5.1115795608314585,5.1115795608314585
Linear Regression,46.5,49.15113925896908,-2.6511392589690814,2.6511392589690814
Linear Regression,80.7,51.26070675536607,29.43929324463393,29.43929324463393
Linear Regression,70.7,71.17430790974532,-0.47430790974532044,0.47430790974532044
Linear Regression,74.8,68.13200745973995,6.667992540260045,6.667992540260045
Linear Regression,45.7,57.16487970691787,-11.46487970691787,11.46487970691787
Linear Regression,100.0,73.47516180116688,26.524838198833123,26.524838198833123
Linear Regression,61.0,63.84989198408607,-2.849891984086071,2.849891984086071
Linear Regression,78.4,75.77255648161395,2.627443518386059,2.627443518386059
Linear Regression,73.0,72.51592115062022,0.4840788493797845,0.4840788493797845
Linear Regression,49.9,54.85921260270874,-4.959212602708739,4.959212602708739
Linear Regression,64.4,67.21472648255224,-2.8147264825522313,2.8147264825522313
Linear Regression,94.3,76.66534953111125,17.63465046888875,17.63465046888875
Linear Regression,54.0,58.634137333341755,-4.634137333341755,4.634137333341755
Linear Regression,55.3,78.84730928958805,-23.547309289588057,23.547309289588057
Linear Regression,81.8,83.39774542693249,-1.5977454269324909,1.5977454269324909
Linear Regression,78.1,71.8828155312346,6.217184468765396,6.217184468765396
Linear Regression,83.0,85.90168715029154,-2.9016871502915365,2.9016871502915365
Linear Regression,59.3,62.923809961076756,-3.623809961076759,3.623809961076759
Linear Regression,42.8,46.11247604475261,-3.3124760447526143,3.3124760447526143
Linear Regression,72.8,71.3099253365412,1.490074663458799,1.490074663458799
Linear Regression,69.5,66.96209775641552,2.537902243584483,2.537902243584483
Linear Regression,52.2,55.814244545706856,-3.6142445457068533,3.6142445457068533
Linear Regression,67.1,69.80166084908194,-2.7016608490819465,2.7016608490819465
Linear Regression,73.5,56.20600577632001,17.293994223679988,17.293994223679988
Linear Regression,63.0,63.378136725869126,-0.37813672586912617,0.37813672586912617
Linear Regression,47.8,49.15015804097936,-1.350158040979366,1.350158040979366
Linear Regression,100.0,98.16001561300249,1.8399843869975143,1.8399843869975143
Linear Regression,64.5,53.562731091477986,10.937268908522014,10.937268908522014
Linear Regression,50.5,56.87923536547703,-6.3792353654770295,6.3792353654770295
Linear Regression,74.8,80.47310345202328,-5.673103452023284,5.673103452023284
Linear Regression,85.0,71.20499161995194,13.79500838004806,13.79500838004806
Linear Regression,81.1,83.0587047183492,-1.9587047183492103,1.9587047183492103
Linear Regression,100.0,69.4598862105911,30.540113789408906,30.540113789408906
Linear Regression,44.5,56.58365984537534,-12.083659845375337,12.083659845375337
Linear Regression,42.4,49.12202094487185,-6.722020944871851,6.722020944871851
Linear Regression,91.0,79.6330923841582,11.366907615841797,11.366907615841797
Linear Regression,51.4,53.994523627752244,-2.5945236277522454,2.5945236277522454
Linear Regression,100.0,75.49333284005206,24.506667159947938,24.506667159947938
Linear Regression,69.1,78.81958908813823,-9.719589088138235,9.719589088138235
Linear Regression,81.3,78.75762250366404,2.542377496335959,2.542377496335959
Linear Regression,51.8,68.32682693355929,-16.526826933559292,16.526826933559292
Linear Regression,45.6,44.076563952661274,1.523436047338727,1.523436047338727
Linear Regression,54.9,53.577666802813724,1.3223331971862748,1.3223331971862748
Linear Regression,79.4,77.02027169639842,2.3797283036015813,2.3797283036015813
Linear Regression,70.5,72.24537378480005,-1.7453737848000515,1.7453737848000515
Linear Regression,72.2,67.99393763751898,4.2060623624810205,4.2060623624810205
Linear Regression,97.4,79.01772946791573,18.382270532084277,18.382270532084277
Linear Regression,65.8,56.51579317630228,9.284206823697716,9.284206823697716
Linear Regression,37.5,51.91126811986874,-14.411268119868737,14.411268119868737
Linear Regression,49.0,44.25772667159859,4.74227332840141,4.74227332840141
Linear Regression,66.1,64.93707914779452,1.162920852205474,1.162920852205474
Linear Regression,47.5,71.84032445684988,-24.340324456849885,24.340324456849885
Linear Regression,86.3,80.60673131564863,5.6932686843513665,5.6932686843513665
Linear Regression,76.8,75.17127424213834,1.628725757861659,1.628725757861659
Linear Regression,71.2,77.67056266232026,-6.470562662320262,6.470562662320262
Linear Regression,31.1,62.081315747339545,-30.981315747339544,30.981315747339544
Linear Regression,64.3,63.07610777969268,1.2238922203073201,1.2238922203073201
Linear Regression,67.3,60.51444663945887,6.78555336054113,6.78555336054113
Linear Regression,95.8,66.16477799450576,29.635222005494242,29.635222005494242
Linear Regression,95.4,64.79469015078683,30.60530984921317,30.60530984921317
Linear Regression,65.7,57.20409037616065,8.495909623839353,8.495909623839353
Linear Regression,22.5,46.75510990264104,-24.25510990264104,24.25510990264104
Linear Regression,93.4,79.91869501756372,13.481304982436285,13.481304982436285
Linear Regression,63.9,70.08795918026959,-6.187959180269594,6.187959180269594
Linear Regression,61.1,74.16160415245173,-13.061604152451729,13.061604152451729
Linear Regression,61.5,46.17179514912908,15.328204850870918,15.328204850870918
Linear Regression,59.2,54.833734717150605,4.3662652828493975,4.3662652828493975
Linear Regression,71.8,69.79208763309853,2.007912366901465,2.007912366901465
Linear Regression,62.3,58.17011330248806,4.129886697511935,4.129886697511935
Linear Regression,35.0,38.25574542195136,-3.25574542195136,3.25574542195136
Linear Regression,65.2,62.97428369337911,2.225716306620896,2.225716306620896
Linear Regression,83.6,62.50760852288971,21.092391477110283,21.092391477110283
Linear Regression,100.0,72.18804532290295,27.81195467709705,27.81195467709705
Linear Regression,72.3,62.657003399201585,9.642996600798412,9.642996600798412
Linear Regression,72.0,77.49563555843179,-5.495635558431786,5.495635558431786
Linear Regression,56.3,65.50479133870704,-9.20479133870704,9.20479133870704
Linear Regression,78.4,74.82300757380023,3.57699242619978,3.57699242619978
Linear Regression,81.2,84.91398730297198,-3.7139873029719723,3.7139873029719723
Linear Regression,33.6,50.24457197218413,-16.64457197218413,16.64457197218413
Linear Regression,61.4,70.31224565078594,-8.912245650785941,8.912245650785941
Linear Regression,88.3,62.428795772745275,25.871204227254722,25.871204227254722
Linear Regression,62.8,71.54704591729336,-8.747045917293363,8.747045917293363
Linear Regression,61.9,69.57263302583124,-7.672633025831239,7.672633025831239
Linear Regression,45.6,54.8387451527214,-9.2387451527214,9.2387451527214
Linear Regression,29.2,46.003193528416034,-16.803193528416035,16.803193528416035
Linear Regression,78.1,82.68975819665451,-4.589758196654515,4.589758196654515
Linear Regression,53.0,62.299359183186894,-9.299359183186894,9.299359183186894
Linear Regression,51.7,62.770993600568204,-11.070993600568201,11.070993600568201
Linear Regression,71.8,74.04460887770131,-2.2446088777013102,2.2446088777013102
Linear Regression,49.5,25.43294152988085,24.06705847011915,24.06705847011915
Linear Regression,62.1,74.0371448402031,-11.937144840203096,11.937144840203096
Linear Regression,64.1,58.99058821689084,5.109411783109152,5.109411783109152
Linear Regression,55.6,55.0334832249647,0.5665167750353035,0.5665167750353035
Linear Regression,89.5,83.60617851378436,5.893821486215643,5.893821486215643
Linear Regression,46.0,51.15356827983601,-5.1535682798360085,5.1535682798360085
Linear Regression,80.7,77.55300498358565,3.146995016414351,3.146995016414351
Linear Regression,84.7,74.49453801840536,10.205461981594638,10.205461981594638
Linear Regression,64.4,60.71468824978638,3.6853117502136286,3.6853117502136286
Linear Regression,55.8,71.16080971234305,-15.360809712343055,15.360809712343055
Linear Regression,83.9,72.29780794112708,11.60219205887293,11.60219205887293
Linear Regression,49.1,64.10304254484703,-15.003042544847027,15.003042544847027
Linear Regression,85.2,67.14490968318594,18.05509031681406,18.05509031681406
Linear Regression,58.4,59.2749256048927,-0.8749256048927023,0.8749256048927023
Linear Regression,81.8,66.81005963373934,14.989940366260655,14.989940366260655
Linear Regression,63.0,71.11917893783647,-8.119178937836466,8.119178937836466
Linear Regression,46.2,49.340776103055546,-3.1407761030555434,3.1407761030555434
Linear Regression,42.5,55.6607472999853,-13.160747299985303,13.160747299985303
Linear Regression,58.4,68.73624078777624,-10.33624078777624,10.33624078777624
Linear Regression,80.7,68.3351857350911,12.364814264908901,12.364814264908901
Linear Regression,62.6,63.090406228325776,-0.4904062283257744,0.4904062283257744
Linear Regression,72.8,80.37405326163065,-7.574053261630652,7.574053261630652
Linear Regression,61.0,57.98530484880553,3.0146951511944735,3.0146951511944735
Linear Regression,50.9,63.36212644765544,-12.462126447655443,12.462126447655443
Linear Regression,99.9,72.89683984220909,27.003160157790916,27.003160157790916
Linear Regression,40.7,43.81136647982254,-3.111366479822536,3.111366479822536
Linear Regression,49.1,51.556486407934926,-2.456486407934925,2.456486407934925
Linear Regression,100.0,59.94050290668838,40.05949709331162,40.05949709331162
Linear Regression,50.2,69.36943523914272,-19.169435239142715,19.169435239142715
Linear Regression,51.7,63.22007580643435,-11.520075806434349,11.520075806434349
Linear Regression,69.0,69.42060132746155,-0.4206013274615543,0.4206013274615543
Linear Regression,89.9,71.22581831309776,18.674181686902244,18.674181686902244
Linear Regression,64.9,67.9223397638138,-3.0223397638137897,3.0223397638137897
Linear Regression,37.1,53.93170539700992,-16.83170539700992,16.83170539700992
Linear Regression,50.7,48.583264410765366,2.1167355892346364,2.1167355892346364
Linear Regression,71.1,72.54857897040014,-1.448578970400149,1.448578970400149
Linear Regression,57.4,61.07667917555224,-3.6766791755522448,3.6766791755522448
Linear Regression,100.0,91.2886640672831,8.711335932716906,8.711335932716906
Linear Regression,44.1,59.442532629157824,-15.342532629157823,15.342532629157823
Linear Regression,73.6,70.75566629804513,2.8443337019548665,2.8443337019548665
Linear Regression,45.5,48.15959526944272,-2.6595952694427183,2.6595952694427183
Linear Regression,71.8,57.55880699156637,14.241193008433626,14.241193008433626
Linear Regression,54.2,59.07226374343077,-4.872263743430764,4.872263743430764
Linear Regression,78.6,61.82705140786163,16.772948592138363,16.772948592138363
Linear Regression,67.3,80.76750497738578,-13.467504977385786,13.467504977385786
Linear Regression,63.6,68.40341365088955,-4.803413650889546,4.803413650889546
Linear Regression,60.0,75.97219287557675,-15.972192875576752,15.972192875576752
Linear Regression,55.8,57.3355844138344,-1.5355844138343997,1.5355844138343997
Linear Regression,30.4,62.90556099451658,-32.50556099451658,32.50556099451658
Linear Regression,64.4,66.47372344330006,-2.0737234433000538,2.0737234433000538
Linear Regression,89.7,85.2992053009811,4.400794699018903,4.400794699018903
Linear Regression,71.8,76.82071641535924,-5.020716415359246,5.020716415359246
Linear Regression,80.6,68.0711941685048,12.528805831495191,12.528805831495191
Linear Regression,78.4,64.71836083569815,13.681639164301856,13.681639164301856
Linear Regression,60.4,66.88265860009267,-6.48265860009267,6.48265860009267
Linear Regression,100.0,76.49314018423257,23.506859815767427,23.506859815767427
Linear Regression,47.3,53.9211494320524,-6.621149432052405,6.621149432052405
Linear Regression,79.7,79.9196689723234,-0.21966897232339022,0.21966897232339022
Linear Regression,66.5,67.75133511748817,-1.2513351174881677,1.2513351174881677
Linear Regression,72.5,49.100626527935674,23.399373472064326,23.399373472064326
Linear Regression,46.4,53.869658111787146,-7.4696581117871474,7.4696581117871474
Linear Regression,89.1,81.87471923672672,7.225280763273275,7.225280763273275
Linear Regression,83.0,68.24456505996756,14.755434940032444,14.755434940032444
Linear Regression,66.3,61.91199336567638,4.388006634323617,4.388006634323617
Linear Regression,83.7,73.28208177997021,10.41791822002979,10.41791822002979
Linear Regression,83.4,85.75821014034855,-2.3582101403485467,2.3582101403485467
Linear Regression,64.2,59.273261036584074,4.926738963415929,4.926738963415929
Linear Regression,100.0,75.4002269001914,24.5997730998086,24.5997730998086
Linear Regression,69.2,60.83494923544737,8.365050764552635,8.365050764552635
Linear Regression,76.5,69.93780824796653,6.5621917520334705,6.5621917520334705
Linear Regression,53.9,75.30603571539524,-21.40603571539524,21.40603571539524
Linear Regression,65.8,76.27256260451583,-10.47256260451583,10.47256260451583
Linear Regression,78.7,66.73908937603608,11.960910623963926,11.960910623963926
Linear Regression,66.4,67.39106091865335,-0.9910609186533463,0.9910609186533463
Linear Regression,67.2,57.0757424683286,10.124257531671404,10.124257531671404
Linear Regression,83.2,70.74717135322169,12.452828646778315,12.452828646778315
Linear Regression,83.0,64.06224548120275,18.93775451879725,18.93775451879725
Linear Regression,69.4,68.91545498698702,0.48454501301299047,0.48454501301299047
Linear Regression,52.6,71.80034021301566,-19.200340213015657,19.200340213015657
Linear Regression,63.0,70.91181661531363,-7.911816615313626,7.911816615313626
Linear Regression,83.2,66.2307091483139,16.969290851686097,16.969290851686097
Linear Regression,74.0,70.4980334698646,3.5019665301354053,3.5019665301354053
Linear Regression,94.8,80.74695775291343,14.053042247086566,14.053042247086566
Linear Regression,59.2,45.37746993752134,13.822530062478663,13.822530062478663
Linear Regression,38.4,62.52684446353794,-24.126844463537942,24.126844463537942
Linear Regression,62.0,67.05950925705736,-5.059509257057357,5.059509257057357
Linear Regression,34.2,30.037683408095347,4.162316591904656,4.162316591904656
Linear Regression,63.1,75.16298603373261,-12.062986033732606,12.062986033732606
Linear Regression,89.4,75.03512092573669,14.364879074263314,14.364879074263314
Linear Regression,28.3,53.653960556484094,-25.353960556484093,25.353960556484093
Linear Regression,39.5,50.058941979720885,-10.558941979720885,10.558941979720885
Linear Regression,84.3,64.68008608932058,19.619913910679415,19.619913910679415
Linear Regression,66.4,81.18110200022676,-14.781102000226753,14.781102000226753
Linear Regression,98.6,78.21578406945525,20.38421593054474,20.38421593054474
Linear Regression,94.9,64.13761058495106,30.762389415048943,30.762389415048943
Linear Regression,76.8,86.08495155745993,-9.284951557459934,9.284951557459934
Linear Regression,59.5,70.20568845675041,-10.705688456750408,10.705688456750408
Linear Regression,48.3,70.08354406071953,-21.783544060719535,21.783544060719535
Linear Regression,72.7,69.61934802438066,3.0806519756193467,3.0806519756193467
Linear Regression,73.0,73.24930154068767,-0.24930154068766797,0.24930154068766797
Linear Regression,66.5,80.23528511848468,-13.735285118484683,13.735285118484683
Linear Regression,47.5,55.886385926608796,-8.386385926608796,8.386385926608796
Linear Regression,60.9,75.5076924330317,-14.607692433031708,14.607692433031708
Linear Regression,59.7,62.87145591590962,-3.1714559159096183,3.1714559159096183
Linear Regression,54.2,63.51000241094778,-9.310002410947774,9.310002410947774
Linear Regression,73.4,72.02224323136852,1.3777567686314853,1.3777567686314853
Linear Regression,72.9,63.3622289333552,9.537771066644808,9.537771066644808
Linear Regression,28.6,44.629077696428794,-16.029077696428793,16.029077696428793
Linear Regression,62.2,65.15820348882909,-2.958203488829085,2.958203488829085
Linear Regression,62.5,73.91461792197163,-11.414617921971626,11.414617921971626
Linear Regression,44.3,62.381448381384814,-18.081448381384817,18.081448381384817
Linear Regression,33.8,58.53168303918426,-24.73168303918426,24.73168303918426
Linear Regression,34.8,39.76611035868632,-4.966110358686322,4.966110358686322
Linear Regression,71.9,48.419528182378485,23.48047181762152,23.48047181762152
Linear Regression,60.8,58.686921018942115,2.113078981057882,2.113078981057882
Linear Regression,77.5,75.96818746810675,1.5318125318932516,1.5318125318932516
Linear Regression,58.2,60.307321840210534,-2.107321840210531,2.107321840210531
Linear Regression,69.6,80.62138193217305,-11.021381932173057,11.021381932173057
Linear Regression,66.1,70.37873017073628,-4.2787301707362815,4.2787301707362815
Linear Regression,98.2,90.60381515031463,7.596184849685372,7.596184849685372
Linear Regression,80.8,86.96877762767352,-6.168777627673521,6.168777627673521
Linear Regression,51.6,66.13203930553888,-14.53203930553888,14.53203930553888
Linear Regression,50.1,51.840221083159975,-1.7402210831599731,1.7402210831599731
Linear Regression,63.8,62.452209576278506,1.3477904237214915,1.3477904237214915
Linear Regression,58.5,62.12981028328289,-3.629810283282893,3.629810283282893
Linear Regression,81.0,73.40450386051441,7.59549613948559,7.59549613948559
Linear Regression,97.2,78.09639905869642,19.103600941303583,19.103600941303583
Linear Regression,55.2,56.93735485075467,-1.73735485075467,1.73735485075467
Linear Regression,54.5,61.9500544600495,-7.4500544600495004,7.4500544600495004
Linear Regression,47.4,54.85725746992915,-7.457257469929154,7.457257469929154
Linear Regression,100.0,72.84053185340173,27.15946814659827,27.15946814659827
Linear Regression,71.4,74.62370476707986,-3.2237047670798518,3.2237047670798518
Linear Regression,51.6,64.49514386298367,-12.895143862983666,12.895143862983666
Linear Regression,100.0,76.75391914052136,23.24608085947864,23.24608085947864
Linear Regression,42.5,45.88262265785659,-3.3826226578565866,3.3826226578565866
Linear Regression,56.8,66.7095581385015,-9.90955813850151,9.90955813850151
Linear Regression,25.6,55.53301227491215,-29.93301227491215,29.93301227491215
Linear Regression,74.9,70.76700184684768,4.132998153152329,4.132998153152329
Linear Regression,55.0,52.23427014176468,2.765729858235318,2.765729858235318
Linear Regression,65.9,78.62334567092392,-12.72334567092392,12.72334567092392
Linear Regression,75.9,67.77255831169111,8.127441688308892,8.127441688308892
Linear Regression,41.0,60.030812823199824,-19.030812823199824,19.030812823199824
Linear Regression,93.8,85.74518780039455,8.05481219960545,8.05481219960545
Linear Regression,48.4,61.916297638455774,-13.516297638455775,13.516297638455775
Linear Regression,53.7,51.52821281854676,2.17178718145324,2.17178718145324
Linear Regression,51.0,73.66115394488423,-22.661153944884234,22.661153944884234
Linear Regression,30.4,35.91276928404392,-5.5127692840439195,5.5127692840439195
Linear Regression,55.8,62.82371815363808,-7.023718153638086,7.023718153638086
Linear Regression,88.8,81.20290794436471,7.597092055635287,7.597092055635287
Linear Regression,83.7,74.22922637113629,9.47077362886371,9.47077362886371
Linear Regression,61.5,67.36697466632927,-5.86697466632927,5.86697466632927
Linear Regression,73.7,63.18587658423229,10.514123415767713,10.514123415767713
Linear Regression,48.7,67.14874243869536,-18.448742438695362,18.448742438695362
Linear Regression,57.8,71.12643393189632,-13.326433931896318,13.326433931896318
Linear Regression,95.0,68.86128052759705,26.138719472402954,26.138719472402954
Linear Regression,76.2,60.4505527270301,15.749447272969903,15.749447272969903
Linear Regression,80.4,69.50375723758322,10.89624276241679,10.89624276241679
Linear Regression,94.6,68.82208884344038,25.77791115655961,25.77791115655961
Linear Regression,67.3,72.81415199526367,-5.514151995263674,5.514151995263674
Linear Regression,42.8,35.09066234807881,7.709337651921189,7.709337651921189
Linear Regression,96.4,70.6464654927704,25.753534507229602,25.753534507229602
Linear Regression,46.8,39.21790182612045,7.582098173879544,7.582098173879544
Linear Regression,76.6,76.76342748762107,-0.16342748762107817,0.16342748762107817
Linear Regression,58.8,59.92105317038681,-1.1210531703868156,1.1210531703868156
Linear Regression,43.9,65.75300067373524,-21.853000673735245,21.853000673735245
Linear Regression,59.5,65.87686262573078,-6.37686262573078,6.37686262573078
Linear Regression,82.5,73.08285209039195,9.417147909608047,9.417147909608047
Linear Regression,58.2,81.05772229812175,-22.857722298121743,22.857722298121743
Linear Regression,64.2,58.61608534871863,5.5839146512813755,5.5839146512813755
Linear Regression,82.5,69.31368838431149,13.18631161568851,13.18631161568851
Linear Regression,60.5,71.11531989060234,-10.615319890602336,10.615319890602336
Linear Regression,46.2,43.962065705958395,2.237934294041608,2.237934294041608
Linear Regression,45.3,62.46833130318413,-17.168331303184132,17.168331303184132
Linear Regression,68.7,74.70171656956137,-6.001716569561367,6.001716569561367
Linear Regression,53.3,65.92162537227279,-12.621625372272788,12.621625372272788
Linear Regression,68.7,65.08015584817821,3.6198441518217948,3.6198441518217948
Linear Regression,56.6,62.29990734192461,-5.699907341924607,5.699907341924607
Linear Regression,58.9,58.64971079639241,0.25028920360758633,0.25028920360758633
Linear Regression,88.9,84.60547551479567,4.2945244852043345,4.2945244852043345
Linear Regression,73.0,63.82353440509621,9.176465594903789,9.176465594903789
Linear Regression,51.2,57.36750402510722,-6.16750402510722,6.16750402510722
Linear Regression,81.8,77.66991865359961,4.130081346400388,4.130081346400388
Linear Regression,47.5,50.43563872661588,-2.9356387266158777,2.9356387266158777
Linear Regression,91.3,80.6840626326175,10.6159373673825,10.6159373673825
Linear Regression,78.9,72.37475980716636,6.52524019283365,6.52524019283365
Linear Regression,45.0,44.85902304301737,0.1409769569826267,0.1409769569826267
Linear Regression,82.7,64.99413566384877,17.705864336151237,17.705864336151237
Linear Regression,70.5,66.36790786453412,4.132092135465882,4.132092135465882
Linear Regression,65.8,76.15301805159197,-10.353018051591974,10.353018051591974
Linear Regression,65.9,38.89821929256766,27.001780707432346,27.001780707432346
Linear Regression,80.9,68.10906063598986,12.790939364010143,12.790939364010143
Linear Regression,32.1,40.30664140735172,-8.206641407351718,8.206641407351718
Linear Regression,69.8,62.40869284422871,7.391307155771287,7.391307155771287
Linear Regression,45.1,32.65964460052885,12.440355399471152,12.440355399471152
Linear Regression,73.4,68.8216495707049,4.578350429295099,4.578350429295099
Linear Regression,85.3,51.61655337575348,33.683446624246514,33.683446624246514
Linear Regression,52.2,66.52462839407224,-14.324628394072235,14.324628394072235
Linear Regression,94.0,84.21354128536052,9.78645871463948,9.78645871463948
Linear Regression,77.1,66.98154132212039,10.118458677879602,10.118458677879602
Linear Regression,46.7,65.71057311405013,-19.010573114050132,19.010573114050132
Linear Regression,62.3,59.888201031592814,2.411798968407183,2.411798968407183
Linear Regression,64.5,71.9050324939206,-7.405032493920601,7.405032493920601
Linear Regression,86.9,70.92680289511759,15.973197104882416,15.973197104882416
Linear Regression,77.4,75.9409150119327,1.4590849880673034,1.4590849880673034
Linear Regression,34.9,50.94260494377755,-16.042604943777555,16.042604943777555
Linear Regression,63.0,78.50906784303007,-15.509067843030067,15.509067843030067
Linear Regression,81.7,92.31700612810641,-10.61700612810641,10.61700612810641
Linear Regression,43.9,36.097340903372015,7.802659096627984,7.802659096627984
Linear Regression,67.6,56.6162353300453,10.983764669954695,10.983764669954695
Linear Regression,78.0,70.58572939320793,7.414270606792073,7.414270606792073
Linear Regression,80.2,68.94190057770948,11.258099422290528,11.258099422290528
Linear Regression,56.6,63.18463688869406,-6.584636888694057,6.584636888694057
Linear Regression,98.6,72.06815610112704,26.53184389887295,26.53184389887295
Linear Regression,67.0,71.6481220530278,-4.648122053027805,4.648122053027805
Linear Regression,66.4,61.510073756610666,4.88992624338934,4.88992624338934
Linear Regression,65.5,71.58312189200853,-6.083121892008535,6.083121892008535
Linear Regression,61.0,64.11493261431312,-3.114932614313119,3.114932614313119
Linear Regression,74.6,86.32029165199089,-11.720291651990891,11.720291651990891
Linear Regression,70.8,58.41220917107404,12.387790828925958,12.387790828925958
Linear Regression,39.4,61.47031559437693,-22.07031559437693,22.07031559437693
Linear Regression,43.3,57.99873636228699,-14.698736362286994,14.698736362286994
Linear Regression,87.1,82.13610633412543,4.963893665874565,4.963893665874565
Linear Regression,98.1,80.61233428118277,17.487665718817226,17.487665718817226
Linear Regression,72.0,60.166619326394084,11.833380673605916,11.833380673605916
Linear Regression,54.9,68.9911357643785,-14.0911357643785,14.0911357643785
Linear Regression,61.3,78.68739921787665,-17.38739921787665,17.38739921787665
Linear Regression,56.2,53.50710213040975,2.6928978695902543,2.6928978695902543
Linear Regression,68.7,67.00265978129096,1.6973402187090443,1.6973402187090443
Linear Regression,59.9,71.80427562788077,-11.904275627880772,11.904275627880772
Linear Regression,100.0,80.53331122332361,19.466688776676392,19.466688776676392
Linear Regression,75.7,78.3810832038584,-2.6810832038583925,2.6810832038583925
Linear Regression,50.8,66.51282298452486,-15.712822984524863,15.712822984524863
Linear Regression,41.1,48.5253689080717,-7.425368908071697,7.425368908071697
Linear Regression,77.3,72.30000458979703,4.9999954102029704,4.9999954102029704
Linear Regression,42.9,64.69712718768437,-21.797127187684374,21.797127187684374
Linear Regression,72.1,63.05042348407193,9.049576515928067,9.049576515928067
Linear Regression,51.6,55.05470945310361,-3.454709453103611,3.454709453103611
Linear Regression,75.7,87.11456364973617,-11.414563649736166,11.414563649736166
Linear Regression,86.8,77.57667660115663,9.223323398843362,9.223323398843362
Linear Regression,87.7,63.41932187377853,24.280678126221474,24.280678126221474
Linear Regression,57.7,58.664714900295394,-0.964714900295391,0.964714900295391
Linear Regression,52.9,44.74773136308187,8.15226863691813,8.15226863691813
Linear Regression,48.3,62.64409239057238,-14.344092390572385,14.344092390572385
Linear Regression,66.7,68.89131856276026,-2.1913185627602587,2.1913185627602587
Linear Regression,54.8,57.674018150007555,-2.874018150007558,2.874018150007558
Linear Regression,79.3,74.0379447818176,5.262055218182397,5.262055218182397
Linear Regression,60.1,65.88976444751938,-5.7897644475193815,5.7897644475193815
Linear Regression,63.1,68.70198452511875,-5.601984525118745,5.601984525118745
Linear Regression,43.8,50.66989257632156,-6.869892576321561,6.869892576321561
Linear Regression,62.2,51.572562645471066,10.627437354528936,10.627437354528936
Linear Regression,47.9,55.61142958541046,-7.711429585410464,7.711429585410464
Linear Regression,43.7,59.260706154867535,-15.560706154867532,15.560706154867532
Linear Regression,45.2,57.19378800996657,-11.993788009966565,11.993788009966565
Linear Regression,47.9,60.928612986231144,-13.028612986231145,13.028612986231145
Linear Regression,88.3,77.77257418873012,10.527425811269879,10.527425811269879
Linear Regression,46.3,34.4305621122098,11.869437887790198,11.869437887790198
Linear Regression,62.2,69.66529086345548,-7.465290863455479,7.465290863455479
Linear Regression,64.3,66.86039902546133,-2.5603990254613365,2.5603990254613365
Linear Regression,73.4,67.53276994060423,5.86723005939578,5.86723005939578
Linear Regression,49.6,57.27691238885211,-7.676912388852109,7.676912388852109
Linear Regression,59.6,51.23647895328088,8.363521046719121,8.363521046719121
Linear Regression,60.4,82.16516987718248,-21.76516987718248,21.76516987718248
Linear Regression,34.2,59.02761348671646,-24.82761348671646,24.82761348671646
Linear Regression,52.7,54.28071098476482,-1.5807109847648206,1.5807109847648206
Linear Regression,46.6,50.148376267359936,-3.5483762673599344,3.5483762673599344
Linear Regression,61.3,71.39842970063808,-10.098429700638079,10.098429700638079
Linear Regression,53.2,54.69650549100811,-1.496505491008108,1.496505491008108
Linear Regression,69.2,65.69179922382398,3.508200776176025,3.508200776176025
Linear Regression,61.8,57.467483879119754,4.332516120880243,4.332516120880243
Linear Regression,75.4,72.00635252845598,3.3936474715440283,3.3936474715440283
Linear Regression,30.9,49.53060226511599,-18.63060226511599,18.63060226511599
Linear Regression,51.8,55.56427279760919,-3.7642727976091948,3.7642727976091948
Linear Regression,46.4,60.62982861227425,-14.229828612274254,14.229828612274254
Linear Regression,62.3,66.25306061370361,-3.953060613703613,3.953060613703613
Linear Regression,44.5,68.16285727817314,-23.662857278173135,23.662857278173135
Linear Regression,68.9,63.1692893333539,5.730710666646104,5.730710666646104
Linear Regression,71.9,61.44097985577662,10.459020144223388,10.459020144223388
Linear Regression,52.4,61.478466375299774,-9.078466375299776,9.078466375299776
Linear Regression,71.2,72.15095525450579,-0.9509552545057858,0.9509552545057858
Linear Regression,50.7,69.59011338916451,-18.89011338916451,18.89011338916451
Linear Regression,93.4,62.536331450542775,30.86366854945723,30.86366854945723
Linear Regression,100.0,66.42970844665848,33.57029155334152,33.57029155334152
Linear Regression,99.0,80.7018377370083,18.298162262991696,18.298162262991696
Linear Regression,74.7,55.96446716036428,18.735532839635724,18.735532839635724
Linear Regression,58.3,66.0992154321259,-7.799215432125905,7.799215432125905
Linear Regression,23.7,54.82960049385798,-31.129600493857982,31.129600493857982
Linear Regression,41.7,63.86948150809485,-22.169481508094847,22.169481508094847
Linear Regression,93.5,72.37467719307097,21.125322806929034,21.125322806929034
Linear Regression,53.7,38.151693015855244,15.548306984144759,15.548306984144759
Linear Regression,40.4,42.91964301259566,-2.519643012595658,2.519643012595658
Linear Regression,53.8,63.92243526615357,-10.122435266153573,10.122435266153573
Linear Regression,76.2,76.76391370790185,-0.5639137079018468,0.5639137079018468
Linear Regression,66.2,70.77492593902127,-4.57492593902127,4.57492593902127
Linear Regression,55.8,61.64329194581114,-5.843291945811146,5.843291945811146
Linear Regression,36.9,38.993702050685386,-2.093702050685387,2.093702050685387
Linear Regression,38.8,50.78956426754644,-11.989564267546442,11.989564267546442
Linear Regression,84.9,66.60202862372813,18.297971376271875,18.297971376271875
Linear Regression,37.2,35.48667834946079,1.7133216505392141,1.7133216505392141
Linear Regression,73.4,62.849376757196296,10.55062324280371,10.55062324280371
Linear Regression,49.3,48.01957372613026,1.280426273869736,1.280426273869736
Linear Regression,65.7,69.36394731238772,-3.6639473123877195,3.6639473123877195
Linear Regression,39.9,41.70317185246245,-1.803171852462448,1.803171852462448
Linear Regression,45.1,46.66581492446218,-1.565814924462181,1.565814924462181
Linear Regression,95.6,81.07282542330546,14.527174576694534,14.527174576694534
Linear Regression,50.9,76.35437455406947,-25.454374554069467,25.454374554069467
Linear Regression,82.8,76.02267739616809,6.777322603831905,6.777322603831905
Linear Regression,37.0,59.931185264802764,-22.931185264802764,22.931185264802764
Linear Regression,71.2,60.47549233862401,10.724507661375995,10.724507661375995
Linear Regression,36.8,58.447350433412794,-21.647350433412797,21.647350433412797
Linear Regression,62.5,60.79994905770468,1.70005094229532,1.70005094229532
Linear Regression,58.6,63.44947845310156,-4.849478453101561,4.849478453101561
Linear Regression,48.2,47.33710072049303,0.8628992795069763,0.8628992795069763
Linear Regression,38.6,37.28789426645477,1.3121057335452306,1.3121057335452306
Linear Regression,67.0,63.39598034195461,3.604019658045388,3.604019658045388
Linear Regression,77.8,63.72640143631759,14.07359856368241,14.07359856368241
Linear Regression,80.2,77.89471782626896,2.305282173731044,2.305282173731044
Linear Regression,91.4,73.85013115369088,17.549868846309124,17.549868846309124
Linear Regression,66.6,70.91497283477293,-4.314972834772931,4.314972834772931
Linear Regression,81.4,73.58579340403753,7.8142065959624745,7.8142065959624745
Linear Regression,84.6,71.80482099781085,12.795179002189144,12.795179002189144
Linear Regression,56.8,69.14702435453569,-12.34702435453569,12.34702435453569
Linear Regression,56.7,73.74469888576994,-17.044698885769932,17.044698885769932
Linear Regression,65.4,68.53835973117447,-3.138359731174461,3.138359731174461
Linear Regression,31.5,35.30899557191674,-3.808995571916739,3.808995571916739
Linear Regression,45.1,52.13339870268203,-7.033398702682028,7.033398702682028
Linear Regression,44.2,67.69383581899024,-23.493835818990235,23.493835818990235
Linear Regression,87.8,66.09367555273354,21.706324447266454,21.706324447266454
Linear Regression,100.0,82.39013277937613,17.60986722062387,17.60986722062387
Linear Regression,48.7,50.01796322461871,-1.3179632246187083,1.3179632246187083
Linear Regression,89.7,74.36999635058407,15.330003649415929,15.330003649415929
Linear Regression,79.1,70.52015595093934,8.579844049060654,8.579844049060654
Linear Regression,51.1,64.25135206167357,-13.15135206167357,13.15135206167357
Linear Regression,69.4,58.608854528564535,10.79114547143547,10.79114547143547
Linear Regression,65.8,71.5647075883578,-5.764707588357808,5.764707588357808
Linear Regression,73.1,73.13108895439609,-0.031088954396096824,0.031088954396096824
Linear Regression,81.9,59.60856253167947,22.291437468320538,22.291437468320538
Linear Regression,54.7,60.03705940899789,-5.337059408997888,5.337059408997888
Linear Regression,55.3,63.084365934011714,-7.784365934011717,7.784365934011717
Linear Regression,60.0,40.875458899119764,19.124541100880236,19.124541100880236
Linear Regression,53.6,53.67491558742677,-0.07491558742676574,0.07491558742676574
Linear Regression,77.4,77.03423660891997,0.3657633910800371,0.3657633910800371
Linear Regression,66.0,63.42065736930789,2.5793426306921106,2.5793426306921106
Linear Regression,41.8,60.44580370043042,-18.64580370043042,18.64580370043042
Linear Regression,79.0,75.24678685308697,3.7532131469130263,3.7532131469130263
Linear Regression,59.8,67.57248226195344,-7.772482261953442,7.772482261953442
Linear Regression,94.1,82.31485540855283,11.785144591447164,11.785144591447164
Linear Regression,55.5,64.47094491925452,-8.97094491925452,8.97094491925452
Linear Regression,56.0,57.08581334775255,-1.0858133477525485,1.0858133477525485
Linear Regression,100.0,77.746367865033,22.253632134967006,22.253632134967006
Linear Regression,51.9,72.50256715375394,-20.602567153753945,20.602567153753945
Linear Regression,39.2,52.08368666395893,-12.883686663958926,12.883686663958926
Linear Regression,70.1,71.52167637632817,-1.421676376328179,1.421676376328179
Linear Regression,62.0,70.1733840932846,-8.173384093284596,8.173384093284596
Linear Regression,74.6,68.39392965218957,6.206070347810424,6.206070347810424
Linear Regression,89.1,63.30280994565831,25.797190054341684,25.797190054341684
Linear Regression,66.1,56.235808431634666,9.864191568365328,9.864191568365328
Linear Regression,73.8,70.84907548548011,2.9509245145198832,2.9509245145198832
Linear Regression,58.3,59.177470226794526,-0.8774702267945287,0.8774702267945287
Linear Regression,69.9,62.63586898401434,7.264131015985669,7.264131015985669
Linear Regression,59.7,61.95893552104643,-2.258935521046425,2.258935521046425
Linear Regression,74.0,65.78603444011793,8.21396555988207,8.21396555988207
Linear Regression,88.7,85.24658009915765,3.4534199008423485,3.4534199008423485
Linear Regression,33.4,44.09816885431371,-10.698168854313714,10.698168854313714
Linear Regression,67.3,67.17920571447348,0.1207942855265145,0.1207942855265145
Linear Regression,51.8,75.79577874348877,-23.99577874348877,23.99577874348877
Linear Regression,83.0,87.70874308680288,-4.708743086802883,4.708743086802883
Linear Regression,65.2,74.03789672929486,-8.837896729294854,8.837896729294854
Linear Regression,57.0,59.47434413451987,-2.4743441345198676,2.4743441345198676
Linear Regression,100.0,83.2158406831735,16.784159316826504,16.784159316826504
Linear Regression,58.9,71.310976657183,-12.410976657183006,12.410976657183006
Linear Regression,92.3,77.10717629835335,15.192823701646645,15.192823701646645
Linear Regression,47.8,59.51865152555247,-11.718651525552474,11.718651525552474
Linear Regression,76.0,68.73078289558555,7.269217104414452,7.269217104414452
Linear Regression,55.3,70.82240210118977,-15.522402101189769,15.522402101189769
Linear Regression,48.4,60.77931733294349,-12.379317332943494,12.379317332943494
Linear Regression,49.9,65.06622966283862,-15.166229662838624,15.166229662838624
Linear Regression,33.4,45.9922811129926,-12.592281112992602,12.592281112992602
Linear Regression,75.0,64.52242426892437,10.477575731075632,10.477575731075632
Linear Regression,85.1,80.3432802713549,4.756719728645095,4.756719728645095
Linear Regression,80.1,62.544292686704466,17.555707313295528,17.555707313295528
Linear Regression,61.2,69.4609356038444,-8.260935603844402,8.260935603844402
Linear Regression,65.1,74.1148884935867,-9.01488849358671,9.01488849358671
Linear Regression,71.6,68.99648161484896,2.603518385151034,2.603518385151034
Linear Regression,78.1,74.74594593449666,3.354054065503334,3.354054065503334
Linear Regression,99.1,67.31740385660771,31.782596143392283,31.782596143392283
Linear Regression,71.6,61.53934920639108,10.060650793608914,10.060650793608914
Linear Regression,61.7,77.10889686206406,-15.408896862064054,15.408896862064054
Linear Regression,77.1,80.98658532889016,-3.8865853288901633,3.8865853288901633
Linear Regression,55.4,78.97871055792604,-23.578710557926037,23.578710557926037
Linear Regression,64.5,72.4049875882846,-7.904987588284598,7.904987588284598
Linear Regression,52.5,56.806749561599446,-4.306749561599446,4.306749561599446
Linear Regression,54.7,72.03757631936912,-17.33757631936912,17.33757631936912
Linear Regression,94.9,58.15151972068321,36.748480279316794,36.748480279316794
Linear Regression,66.8,63.95006617143247,2.8499338285675293,2.8499338285675293
Linear Regression,55.6,54.54257045459076,1.0574295454092422,1.0574295454092422
Linear Regression,64.4,70.22467498080425,-5.824674980804247,5.824674980804247
Linear Regression,82.0,72.03292285585678,9.967077144143218,9.967077144143218
Linear Regression,77.9,68.8399190409134,9.060080959086605,9.060080959086605
Linear Regression,68.3,78.51004903096072,-10.210049030960718,10.210049030960718
Linear Regression,62.9,63.59606664269256,-0.6960666426925641,0.6960666426925641
Linear Regression,74.2,61.340789682618265,12.859210317381738,12.859210317381738
Linear Regression,79.6,61.654136225750904,17.94586377424909,17.94586377424909
Linear Regression,79.9,75.72330312932604,4.176696870673965,4.176696870673965
Linear Regression,58.0,62.43399464381491,-4.433994643814913,4.433994643814913
Linear Regression,53.3,58.70997801518189,-5.409978015181892,5.409978015181892
Linear Regression,46.2,52.903749022426155,-6.703749022426152,6.703749022426152
Linear Regression,46.7,31.48261481848469,15.217385181515311,15.217385181515311
Linear Regression,74.4,83.08469474645489,-8.68469474645488,8.68469474645488
Linear Regression,100.0,89.48012292630011,10.519877073699888,10.519877073699888
Linear Regression,55.9,63.24364894505027,-7.343648945050269,7.343648945050269
Linear Regression,83.3,74.74720903942097,8.552790960579031,8.552790960579031
Linear Regression,65.9,64.96822480571507,0.9317751942849384,0.9317751942849384
Linear Regression,77.2,57.83773958620134,19.362260413798666,19.362260413798666
Linear Regression,100.0,89.4637668263353,10.536233173664698,10.536233173664698
Linear Regression,74.0,83.65272280036982,-9.652722800369816,9.652722800369816
Linear Regression,29.5,46.98769174616314,-17.487691746163136,17.487691746163136
Linear Regression,93.8,88.95701261318379,4.842987386816205,4.842987386816205
Linear Regression,100.0,85.24649714746693,14.753502852533074,14.753502852533074
Linear Regression,50.3,51.70465122741885,-1.404651227418853,1.404651227418853
Linear Regression,82.4,73.86161954641534,8.538380453584665,8.538380453584665
Linear Regression,92.6,88.80246599017136,3.797534009828638,3.797534009828638
Linear Regression,55.9,72.75063106412637,-16.850631064126368,16.850631064126368
Linear Regression,64.1,59.50088737314269,4.5991126268573055,4.5991126268573055
Linear Regression,68.9,70.60711365998634,-1.7071136599863337,1.7071136599863337
Linear Regression,62.3,48.18520387533488,14.11479612466512,14.11479612466512
Linear Regression,62.5,59.14752611467594,3.352473885324059,3.352473885324059
Linear Regression,38.9,52.59352041368527,-13.69352041368527,13.69352041368527
Linear Regression,100.0,75.24648045695943,24.753519543040568,24.753519543040568
Linear Regression,29.6,45.044145770101295,-15.444145770101294,15.444145770101294
Linear Regression,72.0,71.59845422886639,0.40154577113361256,0.40154577113361256
Linear Regression,52.8,58.999034525067145,-6.199034525067148,6.199034525067148
Linear Regression,61.3,65.09353901796004,-3.7935390179600432,3.7935390179600432
Linear Regression,80.3,76.64694130198444,3.653058698015556,3.653058698015556
Linear Regression,40.5,58.098476288256904,-17.598476288256904,17.598476288256904
Linear Regression,55.8,53.624297977721426,2.1757020222785712,2.1757020222785712
Linear Regression,65.0,64.18480431587273,0.8151956841272749,0.8151956841272749
Linear Regression,73.0,74.64894281502666,-1.6489428150266576,1.6489428150266576
Linear Regression,56.2,54.9139870314462,1.2860129685538055,1.2860129685538055
Linear Regression,60.9,65.74573218896165,-4.845732188961655,4.845732188961655
Linear Regression,46.6,58.17853993585578,-11.57853993585578,11.57853993585578
Linear Regression,62.9,70.99804521924244,-8.098045219242444,8.098045219242444
Linear Regression,59.0,62.485049998856994,-3.4850499988569936,3.4850499988569936
Linear Regression,51.1,59.97001089892831,-8.870010898928307,8.870010898928307
Linear Regression,36.9,51.09042198289444,-14.190421982894442,14.190421982894442
Linear Regression,71.8,73.44680882628984,-1.646808826289842,1.646808826289842
Linear Regression,45.2,44.446429016074205,0.7535709839257976,0.7535709839257976
Linear Regression,53.1,75.11072239517455,-22.010722395174547,22.010722395174547
Linear Regression,98.1,92.39583459203732,5.704165407962677,5.704165407962677
Linear Regression,55.7,66.85694172609168,-11.156941726091674,11.156941726091674
Linear Regression,69.7,61.649184482424516,8.050815517575487,8.050815517575487
Linear Regression,70.3,82.25552280451689,-11.955522804516889,11.955522804516889
Linear Regression,31.2,62.181486556509356,-30.981486556509356,30.981486556509356
Linear Regression,46.6,56.53150674527498,-9.93150674527498,9.93150674527498
Linear Regression,72.5,63.863966511115564,8.636033488884436,8.636033488884436
Linear Regression,63.1,68.99775737682705,-5.897757376827052,5.897757376827052
Linear Regression,72.4,69.3783751728252,3.0216248271748043,3.0216248271748043
Linear Regression,79.0,66.26512430394308,12.734875696056918,12.734875696056918
Linear Regression,62.6,59.38808115929771,3.211918840702289,3.211918840702289
Linear Regression,99.3,76.40921700340948,22.890782996590517,22.890782996590517
Linear Regression,50.8,52.90649608643412,-2.1064960864341202,2.1064960864341202
Linear Regression,63.0,60.69957725026245,2.3004227497375496,2.3004227497375496
Linear Regression,80.0,73.69277096448951,6.307229035510488,6.307229035510488
Linear Regression,66.9,61.120044962906945,5.77995503709306,5.77995503709306
Linear Regression,50.7,60.138684063157484,-9.438684063157481,9.438684063157481
Linear Regression,48.6,47.80444427657568,0.7955557234243216,0.7955557234243216
Linear Regression,75.4,72.37946588773883,3.020534112261174,3.020534112261174
Linear Regression,100.0,85.12741769828438,14.872582301715624,14.872582301715624
Linear Regression,58.0,65.53900694061474,-7.53900694061474,7.53900694061474
Linear Regression,70.9,70.51956218441069,0.38043781558931755,0.38043781558931755
Linear Regression,74.6,81.60630534579496,-7.006305345794971,7.006305345794971
Linear Regression,58.6,70.27752871714671,-11.677528717146707,11.677528717146707
Linear Regression,59.3,61.45831712389287,-2.1583171238928713,2.1583171238928713
Linear Regression,86.1,78.04843149018751,8.051568509812483,8.051568509812483
Linear Regression,85.0,72.8319963093478,12.168003690652199,12.168003690652199
Linear Regression,84.8,71.85239332357617,12.947606676423831,12.947606676423831
Linear Regression,37.8,58.69416197578721,-20.894161975787213,20.894161975787213
Linear Regression,38.1,38.444672355832665,-0.34467235583266387,0.34467235583266387
Linear Regression,46.9,48.5867370151409,-1.6867370151408991,1.6867370151408991
Linear Regression,74.6,91.2643156964005,-16.664315696400507,16.664315696400507
Linear Regression,59.4,72.71689088947335,-13.316890889473349,13.316890889473349
Linear Regression,42.2,48.08719854114622,-5.887198541146219,5.887198541146219
Linear Regression,67.9,66.3791396782492,1.5208603217508028,1.5208603217508028
Linear Regression,55.9,55.96699789162409,-0.06699789162409076,0.06699789162409076
Linear Regression,71.6,76.07810761321343,-4.478107613213439,4.478107613213439
Linear Regression,65.8,81.25925860666734,-15.459258606667348,15.459258606667348
Linear Regression,73.6,55.79753696636237,17.802463033637622,17.802463033637622
Linear Regression,78.6,82.9191672437264,-4.319167243726412,4.319167243726412
Linear Regression,58.7,73.12457479554598,-14.424574795545979,14.424574795545979
Linear Regression,47.3,37.37621504992501,9.923784950074989,9.923784950074989
Linear Regression,75.5,73.06743959467565,2.4325604053243524,2.4325604053243524
Linear Regression,49.7,64.98979081138384,-15.289790811383838,15.289790811383838
Linear Regression,54.7,59.33128250378394,-4.631282503783936,4.631282503783936
Linear Regression,46.1,41.31237333963168,4.787626660368325,4.787626660368325
Linear Regression,77.4,72.30578776333908,5.094212236660923,5.094212236660923
Linear Regression,49.4,59.35679947968924,-9.956799479689245,9.956799479689245
Linear Regression,30.9,32.695652016513634,-1.7956520165136354,1.7956520165136354
Linear Regression,49.3,62.674603579097635,-13.374603579097638,13.374603579097638
Linear Regression,65.6,71.74545053174268,-6.145450531742682,6.145450531742682
Linear Regression,30.7,53.119158738400756,-22.419158738400757,22.419158738400757
Linear Regression,48.3,51.50680888574436,-3.2068088857443655,3.2068088857443655
Linear Regression,94.4,89.32372396579751,5.076276034202493,5.076276034202493
Linear Regression,88.5,69.19594039621893,19.30405960378107,19.30405960378107
Linear Regression,74.5,74.38015809997466,0.11984190002533524,0.11984190002533524
Linear Regression,27.7,44.80216544911036,-17.102165449110363,17.102165449110363
Linear Regression,88.4,79.92480876110795,8.475191238892052,8.475191238892052
Linear Regression,48.7,51.430666730147436,-2.7306667301474334,2.7306667301474334
Linear Regression,66.6,70.36161397304602,-3.7616139730460247,3.7616139730460247
Linear Regression,81.3,70.82375405128494,10.47624594871506,10.47624594871506
Linear Regression,89.5,95.75992505796526,-6.259925057965262,6.259925057965262
Linear Regression,41.9,56.85098345023954,-14.95098345023954,14.95098345023954
Linear Regression,55.4,54.44012197452514,0.9598780254748576,0.9598780254748576
Linear Regression,73.6,62.17642156321244,11.423578436787551,11.423578436787551
Linear Regression,72.1,77.4906729964639,-5.3906729964639055,5.3906729964639055
Linear Regression,36.1,40.453933917416805,-4.3539339174168035,4.3539339174168035
Linear Regression,96.7,92.60730365009346,4.0926963499065465,4.0926963499065465
Linear Regression,29.2,57.63905866424926,-28.439058664249263,28.439058664249263
Linear Regression,99.7,87.96002367557253,11.739976324427474,11.739976324427474
Linear Regression,76.0,69.01642809173666,6.983571908263343,6.983571908263343
Linear Regression,48.6,71.46336845422832,-22.863368454228315,22.863368454228315
Linear Regression,70.4,68.16278850262984,2.2372114973701684,2.2372114973701684
Linear Regression,95.7,72.86661408745334,22.83338591254666,22.83338591254666
Linear Regression,56.7,59.18858909445714,-2.48858909445714,2.48858909445714
Linear Regression,54.0,63.86929742596817,-9.86929742596817,9.86929742596817
Linear Regression,82.9,77.17510291470808,5.7248970852919285,5.7248970852919285
Linear Regression,53.7,61.08310322204113,-7.383103222041129,7.383103222041129
Linear Regression,66.0,55.58254798570255,10.417452014297453,10.417452014297453
Linear Regression,71.2,68.02664153094436,3.1733584690556427,3.1733584690556427
Linear Regression,70.1,60.31536356337517,9.784636436624822,9.784636436624822
Linear Regression,66.7,53.19102453713646,13.508975462863546,13.508975462863546
Linear Regression,95.8,74.88220322373093,20.91779677626907,20.91779677626907
Linear Regression,38.8,51.73723126724923,-12.937231267249231,12.937231267249231
Linear Regression,79.9,72.43154770530498,7.468452294695027,7.468452294695027
Linear Regression,81.6,62.96920226135478,18.630797738645214,18.630797738645214
Linear Regression,59.1,78.55062050011895,-19.45062050011895,19.45062050011895
Linear Regression,57.4,67.3494344890384,-9.949434489038403,9.949434489038403
Linear Regression,34.3,57.65010140022713,-23.350101400227132,23.350101400227132
Linear Regression,68.5,73.84784319994992,-5.347843199949921,5.347843199949921
Linear Regression,87.1,74.09726473836037,13.002735261639629,13.002735261639629
Linear Regression,34.1,47.32347992286401,-13.223479922864009,13.223479922864009
Linear Regression,86.0,83.2577317731184,2.742268226881606,2.742268226881606
Linear Regression,61.6,53.98598601078345,7.614013989216552,7.614013989216552
Linear Regression,64.6,76.76455510493423,-12.164555104934237,12.164555104934237
Linear Regression,31.7,49.273723830834996,-17.573723830834997,17.573723830834997
Linear Regression,63.7,62.66649694240044,1.0335030575995603,1.0335030575995603
Linear Regression,68.1,55.96253690984716,12.137463090152835,12.137463090152835
Linear Regression,58.5,60.67650921270808,-2.1765092127080834,2.1765092127080834
Linear Regression,81.1,73.46528593108928,7.634714068910711,7.634714068910711
Linear Regression,84.6,67.99902596411539,16.600974035884605,16.600974035884605
Linear Regression,77.7,72.78099057225374,4.919009427746261,4.919009427746261
Linear Regression,72.7,64.61603368105636,8.083966318943638,8.083966318943638
Linear Regression,69.2,72.92224742311805,-3.7222474231180485,3.7222474231180485
Linear Regression,68.8,48.972798738689164,19.827201261310833,19.827201261310833
Linear Regression,56.6,60.853719479065944,-4.253719479065943,4.253719479065943
Linear Regression,79.6,88.2026760173906,-8.602676017390607,8.602676017390607
Linear Regression,87.8,69.18992074847574,18.610079251524255,18.610079251524255
Linear Regression,60.6,58.159467961484495,2.4405320385155065,2.4405320385155065
Linear Regression,54.3,47.117860839546154,7.182139160453843,7.182139160453843
Linear Regression,83.1,87.83616212378769,-4.736162123787693,4.736162123787693
Linear Regression,43.5,49.80311247396119,-6.303112473961193,6.303112473961193
Linear Regression,78.3,61.531162262777684,16.768837737222313,16.768837737222313
Linear Regression,55.3,58.293307707019835,-2.993307707019838,2.993307707019838
Linear Regression,71.3,65.59462599349104,5.705374006508961,5.705374006508961
Linear Regression,71.5,74.83155367202158,-3.3315536720215846,3.3315536720215846
Linear Regression,70.2,85.71747917253197,-15.517479172531964,15.517479172531964
Linear Regression,94.0,79.49286799667618,14.507132003323818,14.507132003323818
Linear Regression,78.3,87.53324056449588,-9.233240564495887,9.233240564495887
Linear Regression,80.8,70.56096334935603,10.239036650643968,10.239036650643968
Linear Regression,73.1,58.11646191853271,14.983538081467287,14.983538081467287
Linear Regression,58.3,73.8938639687459,-15.593863968745907,15.593863968745907
Linear Regression,84.4,77.40893979192316,6.991060208076846,6.991060208076846
Linear Regression,80.2,74.93515349895995,5.264846501040054,5.264846501040054
Linear Regression,64.3,62.779058905948034,1.5209410940519632,1.5209410940519632
Linear Regression,67.9,68.38813710946698,-0.48813710946697597,0.48813710946697597
Linear Regression,75.9,55.66848972200961,20.231510277990395,20.231510277990395
Linear Regression,69.5,62.97833739336883,6.521662606631168,6.521662606631168
Linear Regression,52.6,68.59367485860525,-15.993674858605253,15.993674858605253
Linear Regression,63.3,60.28303582052018,3.016964179479814,3.016964179479814
Linear Regression,46.3,42.890700934966645,3.409299065033352,3.409299065033352
Linear Regression,49.1,68.04310355997421,-18.94310355997421,18.94310355997421
Linear Regression,59.0,64.63921318749271,-5.6392131874927145,5.6392131874927145
Linear Regression,79.9,73.25810937129705,6.641890628702953,6.641890628702953
Linear Regression,64.9,61.78455789275307,3.1154421072469347,3.1154421072469347
Linear Regression,57.7,70.76425621856686,-13.064256218566854,13.064256218566854
Linear Regression,9.4,38.9373348791508,-29.537334879150798,29.537334879150798
Linear Regression,74.1,67.41796653085976,6.6820334691402365,6.6820334691402365
Linear Regression,40.8,55.74681283524768,-14.946812835247684,14.946812835247684
Linear Regression,87.3,67.31689136368874,19.983108636311258,19.983108636311258
Linear Regression,70.9,76.5539260099211,-5.6539260099210935,5.6539260099210935
Linear Regression,88.7,71.70435015735279,16.99564984264721,16.99564984264721
Linear Regression,56.9,81.09276710571498,-24.192767105714985,24.192767105714985
Linear Regression,69.0,73.19524859372177,-4.195248593721772,4.195248593721772
Linear Regression,58.9,73.15094934170531,-14.250949341705315,14.250949341705315
Linear Regression,38.1,47.74614358186744,-9.646143581867442,9.646143581867442
Linear Regression,38.6,47.2497455535493,-8.649745553549302,8.649745553549302
Linear Regression,75.0,71.29379402853084,3.70620597146916,3.70620597146916
Linear Regression,64.9,63.87348209003778,1.026517909962223,1.026517909962223
Linear Regression,73.9,62.34884748086688,11.551152519133126,11.551152519133126
Linear Regression,58.8,67.41178458206912,-8.61178458206912,8.61178458206912
Linear Regression,58.1,63.99906690991179,-5.899066909911788,5.899066909911788
Linear Regression,33.7,68.64098685194773,-34.94098685194773,34.94098685194773
Linear Regression,35.3,71.37532260614864,-36.075322606148646,36.075322606148646
Linear Regression,55.9,62.042781496694545,-6.142781496694546,6.142781496694546
Linear Regression,48.5,37.0729452018478,11.427054798152199,11.427054798152199
Linear Regression,40.4,65.02517674558158,-24.625176745581577,24.625176745581577
Linear Regression,100.0,78.1997352413224,21.8002647586776,21.8002647586776
Linear Regression,97.5,80.29338714459325,17.206612855406746,17.206612855406746
Linear Regression,52.3,67.18185143633065,-14.881851436330649,14.881851436330649
Linear Regression,84.6,79.02686838473073,5.573131615269261,5.573131615269261
Linear Regression,76.6,68.84738152568286,7.752618474317131,7.752618474317131
Linear Regression,87.1,73.15545109711309,13.944548902886908,13.944548902886908
Linear Regression,71.7,68.73894023346935,2.961059766530653,2.961059766530653
Linear Regression,89.9,68.13858593731072,21.761414062689283,21.761414062689283
Linear Regression,80.9,61.376778694761924,19.52322130523808,19.52322130523808
Linear Regression,67.5,61.70265530596822,5.7973446940317785,5.7973446940317785
Linear Regression,45.3,65.15995731451281,-19.859957314512812,19.859957314512812
Linear Regression,74.0,67.94757836145686,6.052421638543137,6.052421638543137
Linear Regression,48.8,29.008974853455243,19.791025146544754,19.791025146544754
Linear Regression,61.0,69.16655713621039,-8.166557136210386,8.166557136210386
Linear Regression,51.1,66.25783814007389,-15.157838140073885,15.157838140073885
Linear Regression,64.8,70.24778932100207,-5.447789321002077,5.447789321002077
Linear Regression,72.9,55.667063116088855,17.23293688391115,17.23293688391115
Linear Regression,50.7,62.946363256120605,-12.246363256120603,12.246363256120603
Linear Regression,81.3,71.92692460628581,9.373075393714188,9.373075393714188
Linear Regression,41.5,31.353248096761178,10.146751903238822,10.146751903238822
Linear Regression,47.9,73.10789396581504,-25.20789396581504,25.20789396581504
Linear Regression,61.6,54.21908301354614,7.380916986453862,7.380916986453862
Linear Regression,100.0,78.76912783760724,21.230872162392757,21.230872162392757
Linear Regression,60.2,66.32066121832688,-6.120661218326873,6.120661218326873
Linear Regression,68.0,71.67421210769896,-3.6742121076989633,3.6742121076989633
Linear Regression,50.5,70.82113788956718,-20.321137889567183,20.321137889567183
Linear Regression,79.9,85.63233413702346,-5.732334137023457,5.732334137023457
Linear Regression,58.1,65.00762117337092,-6.90762117337092,6.90762117337092
Linear Regression,63.1,63.861422118977316,-0.7614221189773147,0.7614221189773147
Linear Regression,58.9,67.00298333087392,-8.102983330873919,8.102983330873919
Linear Regression,55.7,53.7598526234093,1.9401473765907014,1.9401473765907014
Linear Regression,66.9,71.97394326776026,-5.0739432677602565,5.0739432677602565
Linear Regression,41.7,49.66361498198154,-7.963614981981536,7.963614981981536
Linear Regression,71.5,71.87661576195097,-0.3766157619509727,0.3766157619509727
Linear Regression,65.1,79.35771830032246,-14.257718300322466,14.257718300322466
Linear Regression,55.3,65.20212691573141,-9.902126915731415,9.902126915731415
Linear Regression,91.3,78.26833389469698,13.031666105303017,13.031666105303017
Linear Regression,100.0,61.515004081200345,38.484995918799655,38.484995918799655
Linear Regression,64.9,51.486264309434034,13.413735690565971,13.413735690565971
Linear Regression,40.1,84.01013416360996,-43.91013416360996,43.91013416360996
Linear Regression,100.0,86.04123964442232,13.958760355577681,13.958760355577681
Linear Regression,47.0,56.09583002229016,-9.095830022290158,9.095830022290158
Linear Regression,90.4,72.52220555217991,17.877794447820094,17.877794447820094
Linear Regression,58.4,55.42731927205085,2.9726807279491467,2.9726807279491467
Linear Regression,78.1,77.49159088921425,0.6084091107857432,0.6084091107857432
Linear Regression,73.8,83.00682842425044,-9.206828424250446,9.206828424250446
Linear Regression,53.9,57.131842252513195,-3.2318422525131965,3.2318422525131965
Linear Regression,67.1,65.1565946232082,1.9434053767917874,1.9434053767917874
Linear Regression,62.2,67.57937032720076,-5.3793703272007605,5.3793703272007605
Linear Regression,45.5,58.010200102028705,-12.510200102028705,12.510200102028705
Linear Regression,53.3,78.26210333151664,-24.962103331516644,24.962103331516644
Linear Regression,85.6,73.05369344582982,12.546306554170172,12.546306554170172
Linear Regression,59.0,74.86155356212998,-15.861553562129984,15.861553562129984
Linear Regression,63.6,67.70775114635615,-4.107751146356144,4.107751146356144
Linear Regression,56.9,55.48859411583487,1.4114058841651271,1.4114058841651271
Linear Regression,60.1,72.18506295691907,-12.085062956919067,12.085062956919067
Linear Regression,100.0,80.18669830460328,19.813301695396717,19.813301695396717
Linear Regression,56.9,55.75405857758835,1.1459414224116458,1.1459414224116458
Linear Regression,100.0,87.12490582687474,12.875094173125262,12.875094173125262
Linear Regression,82.2,74.10076885879917,8.099231141200832,8.099231141200832
Linear Regression,77.6,62.96321945416253,14.636780545837468,14.636780545837468
Linear Regression,81.8,53.409789504412174,28.390210495587823,28.390210495587823
Linear Regression,80.9,82.4488386086914,-1.5488386086913977,1.5488386086913977
Linear Regression,67.5,66.63385863017362,0.86614136982638,0.86614136982638
Linear Regression,75.8,48.29982700042933,27.500172999570665,27.500172999570665
Linear Regression,74.0,67.2729127936189,6.7270872063811,6.7270872063811
Linear Regression,47.4,51.016696832953585,-3.6166968329535862,3.6166968329535862
Linear Regression,70.7,83.77823518007489,-13.078235180074884,13.078235180074884
Linear Regression,84.1,81.91965397739055,2.1803460226094415,2.1803460226094415
Linear Regression,55.9,57.21829261525386,-1.3182926152538599,1.3182926152538599
Linear Regression,84.5,64.37517903438845,20.124820965611548,20.124820965611548
Linear Regression,40.4,61.39117007253492,-20.99117007253492,20.99117007253492
Linear Regression,70.3,67.41535241265714,2.8846475873428545,2.8846475873428545
Linear Regression,72.6,79.62852256356666,-7.028522563566668,7.028522563566668
Linear Regression,43.4,28.235127157940653,15.164872842059346,15.164872842059346
Ridge Regression,69.0,70.82686912143596,-1.826869121435962,1.826869121435962
Ridge Regression,81.6,67.73201768804195,13.867982311958045,13.867982311958045
Ridge Regression,63.1,77.28876502573593,-14.188765025735925,14.188765025735925
Ridge Regression,89.3,82.6463774481559,6.653622551844094,6.653622551844094
Ridge Regression,49.6,50.0373832093417,-0.4373832093416965,0.4373832093416965
Ridge Regression,44.5,53.24285319756141,-8.74285319756141,8.74285319756141
Ridge Regression,63.5,66.1199428926464,-2.6199428926464066,2.6199428926464066
Ridge Regression,74.6,83.69964405460496,-9.099644054604966,9.099644054604966
Ridge Regression,54.6,55.89184124354389,-1.2918412435438853,1.2918412435438853
Ridge Regression,84.3,60.9126320370957,23.3873679629043,23.3873679629043
Ridge Regression,98.1,74.09442749794988,24.005572502050114,24.005572502050114
Ridge Regression,64.8,64.04989613339538,0.7501038666046185,0.7501038666046185
Ridge Regression,45.4,58.91547837185783,-13.515478371857832,13.515478371857832
Ridge Regression,48.0,74.51987336147444,-26.51987336147444,26.51987336147444
Ridge Regression,58.3,62.251809200561084,-3.9518092005610868,3.9518092005610868
Ridge Regression,26.4,64.97687654929499,-38.57687654929499,38.57687654929499
Ridge Regression,66.9,74.68256403333419,-7.782564033334182,7.782564033334182
Ridge Regression,52.9,51.961426162672105,0.938573837327894,0.938573837327894
Ridge Regression,64.5,71.12125002295241,-6.62125002295241,6.62125002295241
Ridge Regression,46.6,45.718140734674634,0.8818592653253674,0.8818592653253674
Ridge Regression,66.5,62.64854559131062,3.851454408689378,3.851454408689378
Ridge Regression,41.3,50.791054479736346,-9.491054479736349,9.491054479736349
Ridge Regression,40.5,76.07980881103357,-35.57980881103357,35.57980881103357
Ridge Regression,90.8,81.97611825852104,8.823881741478957,8.823881741478957
Ridge Regression,74.2,80.00726868826933,-5.807268688269332,5.807268688269332
Ridge Regression,99.4,77.94884892162293,21.45115107837708,21.45115107837708
Ridge Regression,68.1,83.70718262740485,-15.607182627404853,15.607182627404853
Ridge Regression,40.0,48.25620175337103,-8.25620175337103,8.25620175337103
Ridge Regression,58.4,59.41408976650909,-1.0140897665090947,1.0140897665090947
Ridge Regression,63.6,66.01321948399502,-2.4132194839950145,2.4132194839950145
Ridge Regression,75.1,66.91029269972265,8.189707300277348,8.189707300277348
Ridge Regression,72.8,65.05563671697956,7.744363283020434,7.744363283020434
Ridge Regression,46.4,66.09022210284589,-19.690222102845887,19.690222102845887
Ridge Regression,50.9,56.97997335604022,-6.07997335604022,6.07997335604022
Ridge Regression,66.0,56.37655325763625,9.623446742363747,9.623446742363747
Ridge Regression,63.0,77.06546204788563,-14.065462047885632,14.065462047885632
Ridge Regression,80.2,80.82552936427834,-0.6255293642783357,0.6255293642783357
Ridge Regression,75.2,58.62674444625714,16.57325555374286,16.57325555374286
Ridge Regression,63.5,78.86867356776196,-15.36867356776196,15.36867356776196
Ridge Regression,37.0,36.64579840748894,0.3542015925110604,0.3542015925110604
Ridge Regression,54.7,60.92633888516555,-6.226338885165546,6.226338885165546
Ridge Regression,67.9,55.60301198005015,12.296988019949858,12.296988019949858
Ridge Regression,84.8,76.38058636249393,8.419413637506068,8.419413637506068
Ridge Regression,73.1,51.96097689774314,21.139023102256857,21.139023102256857
Ridge Regression,99.1,94.8738258029639,4.226174197036087,4.226174197036087
Ridge Regression,72.2,61.98647544800098,10.213524551999022,10.213524551999022
Ridge Regression,93.9,72.98125336853808,20.91874663146193,20.91874663146193
Ridge Regression,68.8,58.41115435074694,10.388845649253057,10.388845649253057
Ridge Regression,61.8,64.86527431402361,-3.065274314023611,3.065274314023611
Ridge Regression,39.5,64.8766520528351,-25.376652052835098,25.376652052835098
Ridge Regression,53.9,52.76911062563154,1.1308893743684578,1.1308893743684578
Ridge Regression,55.7,64.42073210127153,-8.720732101271523,8.720732101271523
Ridge Regression,46.8,51.13228845584283,-4.332288455842836,4.332288455842836
Ridge Regression,94.1,82.43661690288332,11.663383097116679,11.663383097116679
Ridge Regression,56.2,66.39806994519067,-10.198069945190667,10.198069945190667
Ridge Regression,75.3,63.16056371075287,12.13943628924713,12.13943628924713
Ridge Regression,83.9,83.57949959403656,0.3205004059634433,0.3205004059634433
Ridge Regression,65.3,58.119964610305274,7.180035389694723,7.180035389694723
Ridge Regression,71.5,66.94175552340081,4.558244476599185,4.558244476599185
Ridge Regression,73.5,52.423867206509385,21.076132793490615,21.076132793490615
Ridge Regression,40.5,53.259019338850095,-12.759019338850095,12.759019338850095
Ridge Regression,28.7,50.15798501845188,-21.457985018451883,21.457985018451883
Ridge Regression,35.3,53.71296723470521,-18.412967234705214,18.412967234705214
Ridge Regression,82.2,85.19716931392651,-2.9971693139265057,2.9971693139265057
Ridge Regression,39.3,59.99949117534618,-20.699491175346182,20.699491175346182
Ridge Regression,83.8,83.0766461118222,0.7233538881777974,0.7233538881777974
Ridge Regression,67.4,62.29455358940963,5.105446410590375,5.105446410590375
Ridge Regression,33.2,46.121171718090174,-12.921171718090172,12.921171718090172
Ridge Regression,49.5,65.45213269531956,-15.952132695319563,15.952132695319563
Ridge Regression,47.1,49.81425412909497,-2.714254129094968,2.714254129094968
Ridge Regression,71.0,53.65172071952905,17.348279280470948,17.348279280470948
Ridge Regression,75.5,75.57030664402596,-0.07030664402596187,0.07030664402596187
Ridge Regression,74.1,76.9772722420116,-2.8772722420115997,2.8772722420115997
Ridge Regression,82.5,56.39946050996532,26.100539490034677,26.100539490034677
Ridge Regression,84.1,73.25362068675817,10.846379313241826,10.846379313241826
Ridge Regression,38.5,69.30700360547799,-30.807003605477988,30.807003605477988
Ridge Regression,87.6,84.36032658499357,3.239673415006422,3.239673415006422
Ridge Regression,48.8,74.2401266086449,-25.440126608644903,25.440126608644903
Ridge Regression,78.2,69.58510833933627,8.61489166066373,8.61489166066373
Ridge Regression,74.9,70.6617006924977,4.238299307502302,4.238299307502302
Ridge Regression,42.9,49.07780333153045,-6.177803331530448,6.177803331530448
Ridge Regression,66.7,76.00211607823309,-9.302116078233084,9.302116078233084
Ridge Regression,86.5,84.27060391850188,2.2293960814981233,2.2293960814981233
Ridge Regression,74.9,68.14339830976998,6.756601690230028,6.756601690230028
Ridge Regression,68.6,69.18621186697987,-0.5862118669798804,0.5862118669798804
Ridge Regression,45.8,59.28212610353943,-13.482126103539436,13.482126103539436
Ridge Regression,59.7,62.49791950799476,-2.797919507994756,2.797919507994756
Ridge Regression,63.8,49.96330980400921,13.83669019599079,13.83669019599079
Ridge Regression,38.3,52.60382081352431,-14.303820813524311,14.303820813524311
Ridge Regression,54.1,72.64213228449711,-18.542132284497107,18.542132284497107
Ridge Regression,41.2,65.01106236501518,-23.811062365015175,23.811062365015175
Ridge Regression,62.4,76.96474239309447,-14.56474239309447,14.56474239309447
Ridge Regression,44.6,60.621470010366735,-16.021470010366734,16.021470010366734
Ridge Regression,44.8,58.32180002965208,-13.521800029652084,13.521800029652084
Ridge Regression,38.4,58.03678653967273,-19.636786539672734,19.636786539672734
Ridge Regression,76.2,72.21455247683481,3.985447523165192,3.985447523165192
Ridge Regression,61.0,77.10644332789738,-16.10644332789738,16.10644332789738
Ridge Regression,71.5,83.18076564038718,-11.680765640387179,11.680765640387179
Ridge Regression,86.2,67.97802222546076,18.22197777453924,18.22197777453924
Ridge Regression,65.1,74.95381452923526,-9.853814529235265,9.853814529235265
Ridge Regression,79.6,65.90837783923456,13.691622160765434,13.691622160765434
Ridge Regression,83.6,79.62908920086787,3.9709107991321275,3.9709107991321275
Ridge Regression,58.2,78.1307520317107,-19.930752031710696,19.930752031710696
Ridge Regression,83.0,84.77842509181511,-1.7784250918151088,1.7784250918151088
Ridge Regression,82.6,75.63897747078578,6.961022529214219,6.961022529214219
Ridge Regression,53.8,58.01589862881046,-4.215898628810464,4.215898628810464
Ridge Regression,31.1,63.95748947785269,-32.85748947785269,32.85748947785269
Ridge Regression,49.4,52.47428978336261,-3.074289783362609,3.074289783362609
Ridge Regression,64.4,62.615303046899754,1.7846969531002514,1.7846969531002514
Ridge Regression,37.6,56.8949736971754,-19.2949736971754,19.2949736971754
Ridge Regression,65.3,74.04943142914479,-8.749431429144792,8.749431429144792
Ridge Regression,70.5,67.53024551992267,2.9697544800773272,2.9697544800773272
Ridge Regression,99.6,58.03277474117945,41.56722525882054,41.56722525882054
Ridge Regression,61.3,59.80986709095168,1.4901329090483202,1.4901329090483202
Ridge Regression,71.8,50.16595553519059,21.634044464809406,21.634044464809406
Ridge Regression,74.3,71.27751973402926,3.022480265970742,3.022480265970742
Ridge Regression,66.7,73.87582529765672,-7.175825297656715,7.175825297656715
Ridge Regression,72.7,67.24042021879703,5.459579781202976,5.459579781202976
Ridge Regression,56.1,54.11148762263309,1.9885123773669093,1.9885123773669093
Ridge Regression,46.6,57.961552410825796,-11.361552410825794,11.361552410825794
Ridge Regression,53.9,61.23843580634549,-7.338435806345494,7.338435806345494
Ridge Regression,42.0,49.66295660515841,-7.6629566051584135,7.6629566051584135
Ridge Regression,65.2,62.35342293116436,2.846577068835643,2.846577068835643
Ridge Regression,98.9,64.36988118458278,34.530118815417225,34.530118815417225
Ridge Regression,72.2,68.41773495315257,3.782265046847428,3.782265046847428
Ridge Regression,93.1,96.30664094010933,-3.206640940109338,3.206640940109338
Ridge Regression,51.6,62.4454820174529,-10.845482017452902,10.845482017452902
Ridge Regression,70.3,65.30102073278648,4.998979267213514,4.998979267213514
Ridge Regression,60.8,64.35874004541357,-3.558740045413572,3.558740045413572
Ridge Regression,32.9,55.832976012901,-22.932976012901,22.932976012901
Ridge Regression,87.3,56.64497782190421,30.655022178095784,30.655022178095784
Ridge Regression,46.6,66.763757189206,-20.163757189206002,20.163757189206002
Ridge Regression,88.0,82.86453548564057,5.135464514359427,5.135464514359427
Ridge Regression,50.5,62.107962753855006,-11.607962753855006,11.607962753855006
Ridge Regression,88.5,78.759838789418,9.740161210582002,9.740161210582002
Ridge Regression,34.2,50.252351170699306,-16.052351170699303,16.052351170699303
Ridge Regression,68.2,63.61385489989513,4.586145100104872,4.586145100104872
Ridge Regression,55.4,68.99241738804598,-13.59241738804598,13.59241738804598
Ridge Regression,65.5,73.60305396708507,-8.103053967085074,8.103053967085074
Ridge Regression,55.6,61.066954855847996,-5.466954855847995,5.466954855847995
Ridge Regression,62.8,83.3224057717558,-20.5224057717558,20.5224057717558
Ridge Regression,81.4,71.15782697030252,10.242173029697483,10.242173029697483
Ridge Regression,66.4,57.12290551518406,9.277094484815947,9.277094484815947
Ridge Regression,51.4,52.67632836267191,-1.2763283626719115,1.2763283626719115
Ridge Regression,50.7,62.22355297980628,-11.523552979806276,11.523552979806276
Ridge Regression,59.0,60.742941873282625,-1.742941873282625,1.742941873282625
Ridge Regression,63.1,67.72915915431237,-4.629159154312369,4.629159154312369
Ridge Regression,100.0,85.13371601522618,14.866283984773816,14.866283984773816
Ridge Regression,65.5,56.37629268569613,9.123707314303871,9.123707314303871
Ridge Regression,79.3,69.36318518195877,9.936814818041228,9.936814818041228
Ridge Regression,69.9,63.10169094943864,6.798309050561365,6.798309050561365
Ridge Regression,57.6,58.56254577528867,-0.9625457752886675,0.9625457752886675
Ridge Regression,61.2,69.97781733536486,-8.777817335364858,8.777817335364858
Ridge Regression,52.3,61.05667102133174,-8.75667102133174,8.75667102133174
Ridge Regression,53.1,63.81189313453592,-10.71189313453592,10.71189313453592
Ridge Regression,50.4,56.655201683445995,-6.255201683445996,6.255201683445996
Ridge Regression,88.4,66.69230088044937,21.70769911955064,21.70769911955064
Ridge Regression,87.1,78.99543787928907,8.104562120710924,8.104562120710924
Ridge Regression,44.5,56.91112882342382,-12.411128823423823,12.411128823423823
Ridge Regression,62.8,59.583690169484726,3.2163098305152715,3.2163098305152715
Ridge Regression,68.7,61.23010147895138,7.46989852104862,7.46989852104862
Ridge Regression,82.2,66.56695216995301,15.63304783004699,15.63304783004699
Ridge Regression,80.1,78.90988205198418,1.1901179480158106,1.1901179480158106
Ridge Regression,94.1,75.8374422571806,18.262557742819396,18.262557742819396
Ridge Regression,79.5,69.97895269658476,9.521047303415244,9.521047303415244
Ridge Regression,62.7,67.25829701843475,-4.558297018434743,4.558297018434743
Ridge Regression,100.0,71.60617593689932,28.39382406310068,28.39382406310068
Ridge Regression,58.3,67.36907033441045,-9.069070334410455,9.069070334410455
Ridge Regression,78.4,76.73719627842614,1.6628037215738658,1.6628037215738658
Ridge Regression,77.5,66.5901249019161,10.909875098083901,10.909875098083901
Ridge Regression,39.5,71.22995673008128,-31.729956730081284,31.729956730081284
Ridge Regression,71.2,63.976021214867686,7.223978785132317,7.223978785132317
Ridge Regression,73.4,77.88078904465996,-4.480789044659957,4.480789044659957
Ridge Regression,97.7,76.19172070793147,21.508279292068536,21.508279292068536
Ridge Regression,81.8,75.47642553964164,6.323574460358358,6.323574460358358
Ridge Regression,66.4,72.32760919309624,-5.927609193096231,5.927609193096231
Ridge Regression,56.0,60.41205195799709,-4.412051957997093,4.412051957997093
Ridge Regression,57.9,65.16342021698777,-7.263420216987775,7.263420216987775
Ridge Regression,72.6,77.28086163512661,-4.680861635126618,4.680861635126618
Ridge Regression,52.6,57.26503017734836,-4.665030177348356,4.665030177348356
Ridge Regression,62.6,61.4811807700858,1.1188192299142017,1.1188192299142017
Ridge Regression,55.6,52.33637737063862,3.263622629361379,3.263622629361379
Ridge Regression,54.6,74.72426501461845,-20.12426501461845,20.12426501461845
Ridge Regression,64.8,72.93565908088777,-8.135659080887777,8.135659080887777
Ridge Regression,72.3,75.07566621512409,-2.7756662151240903,2.7756662151240903
Ridge Regression,85.2,59.77553970511575,25.424460294884256,25.424460294884256
Ridge Regression,50.2,66.15003663444351,-15.950036634443507,15.950036634443507
Ridge Regression,60.7,64.0622081240863,-3.362208124086294,3.362208124086294
Ridge Regression,61.3,64.75065336203404,-3.4506533620340463,3.4506533620340463
Ridge Regression,49.8,63.877742829485875,-14.077742829485878,14.077742829485878
Ridge Regression,73.9,59.15447657250513,14.745523427494874,14.745523427494874
Ridge Regression,41.0,47.70104011870116,-6.701040118701158,6.701040118701158
Ridge Regression,79.2,55.95156016921281,23.24843983078719,23.24843983078719
Ridge Regression,49.0,55.11074602747749,-6.110746027477489,6.110746027477489
Ridge Regression,73.2,79.52006620570604,-6.320066205706041,6.320066205706041
Ridge Regression,67.8,49.978930926327926,17.82106907367207,17.82106907367207
Ridge Regression,56.5,77.81084003294504,-21.310840032945038,21.310840032945038
Ridge Regression,88.3,61.68214951321261,26.61785048678739,26.61785048678739
Ridge Regression,53.9,68.45918003967971,-14.55918003967971,14.55918003967971
Ridge Regression,92.0,66.15166243302527,25.848337566974735,25.848337566974735
Ridge Regression,100.0,93.79430476329824,6.205695236701757,6.205695236701757
Ridge Regression,66.3,76.21105254002129,-9.911052540021288,9.911052540021288
Ridge Regression,79.8,61.663508975775784,18.136491024224213,18.136491024224213
Ridge Regression,95.9,86.75809760860432,9.14190239139569,9.14190239139569
Ridge Regression,55.4,58.74865312545545,-3.3486531254554492,3.3486531254554492
Ridge Regression,60.5,68.90434813166516,-8.40434813166516,8.40434813166516
Ridge Regression,50.3,50.14321155714539,0.15678844285460514,0.15678844285460514
Ridge Regression,95.1,79.57601823459987,15.523981765400123,15.523981765400123
Ridge Regression,57.2,55.43420623103767,1.7657937689623324,1.7657937689623324
Ridge Regression,57.4,75.35757418403925,-17.957574184039252,17.957574184039252
Ridge Regression,65.5,60.103727964534755,5.396272035465245,5.396272035465245
Ridge Regression,93.4,64.13411576460953,29.265884235390473,29.265884235390473
Ridge Regression,39.3,68.3946078009312,-29.0946078009312,29.0946078009312
Ridge Regression,36.5,55.70567720558158,-19.20567720558158,19.20567720558158
Ridge Regression,84.2,80.6751832077647,3.524816792235299,3.524816792235299
Ridge Regression,61.2,56.86251382192772,4.337486178072282,4.337486178072282
Ridge Regression,73.3,54.29417372193821,19.00582627806179,19.00582627806179
Ridge Regression,44.6,58.9750911749595,-14.3750911749595,14.3750911749595
Ridge Regression,47.2,58.2674083571264,-11.067408357126396,11.067408357126396
Ridge Regression,81.5,73.91292380423415,7.587076195765846,7.587076195765846
Ridge Regression,45.7,60.76705598275068,-15.06705598275068,15.06705598275068
Ridge Regression,72.9,56.64620054408768,16.25379945591233,16.25379945591233
Ridge Regression,95.5,80.03560731488547,15.464392685114532,15.464392685114532
Ridge Regression,85.2,61.455145114104795,23.744854885895208,23.744854885895208
Ridge Regression,34.5,60.35585794683067,-25.855857946830668,25.855857946830668
Ridge Regression,40.0,41.50377421292332,-1.503774212923318,1.503774212923318
Ridge Regression,86.0,72.39784745536073,13.602152544639267,13.602152544639267
Ridge Regression,56.5,53.17884720477623,3.3211527952237674,3.3211527952237674
Ridge Regression,90.5,69.6430554228311,20.856944577168903,20.856944577168903
Ridge Regression,52.9,46.01865965918739,6.881340340812606,6.881340340812606
Ridge Regression,90.9,79.92157049268552,10.978429507314488,10.978429507314488
Ridge Regression,70.3,75.2631779669782,-4.963177966978208,4.963177966978208
Ridge Regression,46.5,54.070624755373416,-7.570624755373416,7.570624755373416
Ridge Regression,80.7,48.30865980144582,32.39134019855418,32.39134019855418
Ridge Regression,70.7,69.82565833241915,0.8743416675808504,0.8743416675808504
Ridge Regression,74.8,66.119081769531,8.680918230469004,8.680918230469004
Ridge Regression,45.7,56.498366399251054,-10.798366399251051,10.798366399251051
Ridge Regression,100.0,73.87505708316141,26.12494291683859,26.12494291683859
Ridge Regression,61.0,64.1517364334346,-3.151736433434607,3.151736433434607
Ridge Regression,78.4,75.03404493782357,3.3659550621764396,3.3659550621764396
Ridge Regression,73.0,73.30326688045768,-0.30326688045768435,0.30326688045768435
Ridge Regression,49.9,54.47413152282981,-4.574131522829809,4.574131522829809
Ridge Regression,64.4,67.08002852823445,-2.6800285282344447,2.6800285282344447
Ridge Regression,94.3,75.66872301230865,18.63127698769135,18.63127698769135
Ridge Regression,54.0,56.903283075163436,-2.9032830751634364,2.9032830751634364
Ridge Regression,55.3,80.38094506446426,-25.08094506446426,25.08094506446426
Ridge Regression,81.8,80.97368927992464,0.8263107200753552,0.8263107200753552
Ridge Regression,78.1,72.09549168121634,6.00450831878365,6.00450831878365
Ridge Regression,83.0,87.15516067263562,-4.155160672635617,4.155160672635617
Ridge Regression,59.3,63.04387305590235,-3.7438730559023554,3.7438730559023554
Ridge Regression,42.8,53.04157262586266,-10.241572625862666,10.241572625862666
Ridge Regression,72.8,68.59827028688406,4.201729713115938,4.201729713115938
Ridge Regression,69.5,65.6997725927189,3.800227407281099,3.800227407281099
Ridge Regression,52.2,55.52160836758186,-3.3216083675818595,3.3216083675818595
Ridge Regression,67.1,68.50667081742064,-1.4066708174206468,1.4066708174206468
Ridge Regression,73.5,55.7925640493505,17.707435950649497,17.707435950649497
Ridge Regression,63.0,62.54270027480916,0.4572997251908433,0.4572997251908433
Ridge Regression,47.8,48.30709634602107,-0.507096346021072,0.507096346021072
Ridge Regression,100.0,96.52799385623638,3.472006143763622,3.472006143763622
Ridge Regression,64.5,52.80982375934115,11.69017624065885,11.69017624065885
Ridge Regression,50.5,55.03139931255877,-4.531399312558769,4.531399312558769
Ridge Regression,74.8,81.5133455516855,-6.7133455516855065,6.7133455516855065
Ridge Regression,85.0,70.25957438619591,14.740425613804092,14.740425613804092
Ridge Regression,81.1,82.31011149342407,-1.2101114934240798,1.2101114934240798
Ridge Regression,100.0,70.40485465721926,29.59514534278074,29.59514534278074
Ridge Regression,44.5,56.23679875276176,-11.736798752761757,11.736798752761757
Ridge Regression,42.4,48.24665309045116,-5.846653090451163,5.846653090451163
Ridge Regression,91.0,78.73712509164503,12.262874908354974,12.262874908354974
Ridge Regression,51.4,53.32070729837638,-1.920707298376378,1.920707298376378
Ridge Regression,100.0,75.5576110578061,24.4423889421939,24.4423889421939
Ridge Regression,69.1,79.42364894720936,-10.323648947209364,10.323648947209364
Ridge Regression,81.3,78.21417942860342,3.0858205713965816,3.0858205713965816
Ridge Regression,51.8,66.243876706529,-14.443876706528997,14.443876706528997
Ridge Regression,45.6,54.01168444373794,-8.41168444373794,8.41168444373794
Ridge Regression,54.9,53.640846516499714,1.2591534835002847,1.2591534835002847
Ridge Regression,79.4,78.51381478357595,0.8861852164240531,0.8861852164240531
Ridge Regression,70.5,72.62236582580346,-2.122365825803456,2.122365825803456
Ridge Regression,72.2,69.04922826698909,3.150771733010913,3.150771733010913
Ridge Regression,97.4,78.65827633734077,18.74172366265924,18.74172366265924
Ridge Regression,65.8,56.21954604344057,9.580453956559424,9.580453956559424
Ridge Regression,37.5,51.502138241052066,-14.002138241052066,14.002138241052066
Ridge Regression,49.0,51.22440660578508,-2.2244066057850773,2.2244066057850773
Ridge Regression,66.1,64.80884270104882,1.2911572989511768,1.2911572989511768
Ridge Regression,47.5,71.90345613255666,-24.403456132556656,24.403456132556656
Ridge Regression,86.3,79.4185620725987,6.881437927401294,6.881437927401294
Ridge Regression,76.8,75.01936340137297,1.7806365986270265,1.7806365986270265
Ridge Regression,71.2,78.44932216171256,-7.249322161712556,7.249322161712556
Ridge Regression,31.1,62.025268875264175,-30.925268875264173,30.925268875264173
Ridge Regression,64.3,59.558049053207064,4.741950946792933,4.741950946792933
Ridge Regression,67.3,60.22840691465895,7.07159308534105,7.07159308534105
Ridge Regression,95.8,66.13748827785297,29.66251172214703,29.66251172214703
Ridge Regression,95.4,64.88385199700237,30.51614800299764,30.51614800299764
Ridge Regression,65.7,57.04038441047679,8.659615589523213,8.659615589523213
Ridge Regression,22.5,46.08107072550456,-23.58107072550456,23.58107072550456
Ridge Regression,93.4,80.68780074622332,12.712199253776689,12.712199253776689
Ridge Regression,63.9,70.41423228181274,-6.514232281812745,6.514232281812745
Ridge Regression,61.1,74.35819753707477,-13.258197537074771,13.258197537074771
Ridge Regression,61.5,45.33310487165572,16.16689512834428,16.16689512834428
Ridge Regression,59.2,54.221726498300356,4.978273501699647,4.978273501699647
Ridge Regression,71.8,68.82210286920481,2.977897130795185,2.977897130795185
Ridge Regression,62.3,57.754941677184874,4.545058322815123,4.545058322815123
Ridge Regression,35.0,49.179483673917915,-14.179483673917915,14.179483673917915
Ridge Regression,65.2,62.97088442002182,2.2291155799781848,2.2291155799781848
Ridge Regression,83.6,62.70134424780234,20.898655752197655,20.898655752197655
Ridge Regression,100.0,72.34834291995365,27.65165708004635,27.65165708004635
Ridge Regression,72.3,60.19173795594595,12.108262044054044,12.108262044054044
Ridge Regression,72.0,78.34098891488053,-6.340988914880526,6.340988914880526
Ridge Regression,56.3,65.43047659371358,-9.130476593713581,9.130476593713581
Ridge Regression,78.4,75.82854703164438,2.5714529683556293,2.5714529683556293
Ridge Regression,81.2,86.05034068823478,-4.85034068823478,4.85034068823478
Ridge Regression,33.6,49.32384984213661,-15.723849842136609,15.723849842136609
Ridge Regression,61.4,70.65127031168898,-9.251270311688977,9.251270311688977
Ridge Regression,88.3,61.467551762255496,26.8324482377445,26.8324482377445
Ridge Regression,62.8,71.9060747796943,-9.106074779694296,9.106074779694296
Ridge Regression,61.9,69.97028254948755,-8.070282549487551,8.070282549487551
Ridge Regression,45.6,52.83606175803602,-7.236061758036016,7.236061758036016
Ridge Regression,29.2,44.87731890944181,-15.677318909441812,15.677318909441812
Ridge Regression,78.1,83.74421778747471,-5.644217787474716,5.644217787474716
Ridge Regression,53.0,60.78717417371191,-7.787174173711911,7.787174173711911
Ridge Regression,51.7,64.28275920439094,-12.582759204390939,12.582759204390939
Ridge Regression,71.8,74.8328232053278,-3.0328232053278015,3.0328232053278015
Ridge Regression,49.5,38.08595512474323,11.41404487525677,11.41404487525677
Ridge Regression,62.1,72.56022368457475,-10.46022368457475,10.46022368457475
Ridge Regression,64.1,58.72455532080987,5.3754446791901245,5.3754446791901245
Ridge Regression,55.6,54.592849584586176,1.0071504154138253,1.0071504154138253
Ridge Regression,89.5,83.1567005363874,6.3432994636125954,6.3432994636125954
Ridge Regression,46.0,50.21228257280704,-4.212282572807041,4.212282572807041
Ridge Regression,80.7,78.35799123013892,2.3420087698610814,2.3420087698610814
Ridge Regression,84.7,75.18940860428016,9.510591395719842,9.510591395719842
Ridge Regression,64.4,60.461227191032705,3.9387728089673004,3.9387728089673004
Ridge Regression,55.8,70.91236772655071,-15.112367726550715,15.112367726550715
Ridge Regression,83.9,70.7271140864496,13.172885913550402,13.172885913550402
Ridge Regression,49.1,64.39151823996342,-15.291518239963416,15.291518239963416
Ridge Regression,85.2,67.38117037601621,17.81882962398379,17.81882962398379
Ridge Regression,58.4,59.96353173909138,-1.5635317390913812,1.5635317390913812
Ridge Regression,81.8,66.8344572328669,14.965542767133101,14.965542767133101
Ridge Regression,63.0,71.5670522603498,-8.567052260349797,8.567052260349797
Ridge Regression,46.2,60.84544349062225,-14.645443490622249,14.645443490622249
Ridge Regression,42.5,55.336546141767485,-12.836546141767485,12.836546141767485
Ridge Regression,58.4,67.79523639984036,-9.395236399840364,9.395236399840364
Ridge Regression,80.7,68.72978338656824,11.97021661343176,11.97021661343176
Ridge Regression,62.6,63.0921113596097,-0.49211135960970154,0.49211135960970154
Ridge Regression,72.8,78.79170611287637,-5.991706112876372,5.991706112876372
Ridge Regression,61.0,57.587928937131224,3.412071062868776,3.412071062868776
Ridge Regression,50.9,61.590942553105,-10.690942553105003,10.690942553105003
Ridge Regression,99.9,73.37294346492195,26.52705653507806,26.52705653507806
Ridge Regression,40.7,51.35923870087693,-10.659238700876926,10.659238700876926
Ridge Regression,49.1,50.97450487873084,-1.8745048787308392,1.8745048787308392
Ridge Regression,100.0,59.78682537218084,40.21317462781916,40.21317462781916
Ridge Regression,50.2,67.62486464235306,-17.424864642353057,17.424864642353057
Ridge Regression,51.7,61.04379523037477,-9.343795230374766,9.343795230374766
Ridge Regression,69.0,68.06733845755556,0.9326615424444356,0.9326615424444356
Ridge Regression,89.9,68.51203605884803,21.38796394115198,21.38796394115198
Ridge Regression,64.9,68.08353519676223,-3.1835351967622216,3.1835351967622216
Ridge Regression,37.1,53.17687469372534,-16.076874693725337,16.076874693725337
Ridge Regression,50.7,47.706708046769464,2.993291953230539,2.993291953230539
Ridge Regression,71.1,70.09492466218526,1.0050753378147306,1.0050753378147306
Ridge Regression,57.4,57.977658069458826,-0.5776580694588276,0.5776580694588276
Ridge Regression,100.0,92.35918159956314,7.6408184004368565,7.6408184004368565
Ridge Regression,44.1,59.133867579079364,-15.033867579079363,15.033867579079363
Ridge Regression,73.6,72.44846130722985,1.1515386927701456,1.1515386927701456
Ridge Regression,45.5,47.338826359731726,-1.8388263597317263,1.8388263597317263
Ridge Regression,71.8,57.524048442079064,14.275951557920934,14.275951557920934
Ridge Regression,54.2,58.718271459009316,-4.518271459009313,4.518271459009313
Ridge Regression,78.6,62.14794253938202,16.452057460617972,16.452057460617972
Ridge Regression,67.3,80.82813316483501,-13.528133164835012,13.528133164835012
Ridge Regression,63.6,67.64263619950873,-4.042636199508728,4.042636199508728
Ridge Regression,60.0,75.16428262687702,-15.164282626877025,15.164282626877025
Ridge Regression,55.8,56.93516472621002,-1.1351647262100215,1.1351647262100215
Ridge Regression,30.4,62.7665297486203,-32.3665297486203,32.3665297486203
Ridge Regression,64.4,63.28829085989525,1.1117091401047574,1.1117091401047574
Ridge Regression,89.7,86.59230423606526,3.1076957639347427,3.1076957639347427
Ridge Regression,71.8,74.97997758716022,-3.1799775871602236,3.1799775871602236
Ridge Regression,80.6,68.76392749157152,11.836072508428472,11.836072508428472
Ridge Regression,78.4,59.512500111243575,18.88749988875643,18.88749988875643
Ridge Regression,60.4,66.07171658262504,-5.671716582625045,5.671716582625045
Ridge Regression,100.0,76.99752900081754,23.002470999182464,23.002470999182464
Ridge Regression,47.3,53.18971272057523,-5.889712720575233,5.889712720575233
Ridge Regression,79.7,77.39684356979365,2.303156430206357,2.303156430206357
Ridge Regression,66.5,64.34464258941364,2.1553574105863618,2.1553574105863618
Ridge Regression,72.5,45.83961664822731,26.660383351772687,26.660383351772687
Ridge Regression,46.4,53.1813132038818,-6.781313203881801,6.781313203881801
Ridge Regression,89.1,83.33024155608123,5.769758443918761,5.769758443918761
Ridge Regression,83.0,68.64608575469019,14.35391424530981,14.35391424530981
Ridge Regression,66.3,59.4333516865342,6.866648313465795,6.866648313465795
Ridge Regression,83.7,74.10704576163558,9.592954238364428,9.592954238364428
Ridge Regression,83.4,82.0168699413098,1.383130058690199,1.383130058690199
Ridge Regression,64.2,59.02187843805858,5.178121561941424,5.178121561941424
Ridge Regression,100.0,75.09958787105379,24.900412128946215,24.900412128946215
Ridge Regression,69.2,60.972491265931254,8.22750873406875,8.22750873406875
Ridge Regression,76.5,70.48515941406335,6.014840585936653,6.014840585936653
Ridge Regression,53.9,75.31599611758124,-21.415996117581237,21.415996117581237
Ridge Regression,65.8,74.11056148957272,-8.31056148957272,8.31056148957272
Ridge Regression,78.7,65.19585638995251,13.504143610047493,13.504143610047493
Ridge Regression,66.4,67.67486091909767,-1.2748609190976623,1.2748609190976623
Ridge Regression,67.2,53.74232328130201,13.45767671869799,13.45767671869799
Ridge Regression,83.2,72.79456040214417,10.405439597855832,10.405439597855832
Ridge Regression,83.0,64.19557074941063,18.804429250589365,18.804429250589365
Ridge Regression,69.4,65.15417828254603,4.245821717453978,4.245821717453978
Ridge Regression,52.6,70.73206237513332,-18.132062375133323,18.132062375133323
Ridge Regression,63.0,71.44870050490174,-8.448700504901737,8.448700504901737
Ridge Regression,83.2,66.35196137685465,16.848038623145356,16.848038623145356
Ridge Regression,74.0,70.80148429127823,3.1985157087217715,3.1985157087217715
Ridge Regression,94.8,81.44890408626445,13.351095913735548,13.351095913735548
Ridge Regression,59.2,43.6095153934267,15.590484606573305,15.590484606573305
Ridge Regression,38.4,62.43854138559087,-24.038541385590868,24.038541385590868
Ridge Regression,62.0,67.96190492265563,-5.961904922655634,5.961904922655634
Ridge Regression,34.2,41.34084354918562,-7.140843549185618,7.140843549185618
Ridge Regression,63.1,74.82585821138144,-11.725858211381443,11.725858211381443
Ridge Regression,89.4,75.48672781398948,13.91327218601053,13.91327218601053
Ridge Regression,28.3,53.143432440886,-24.843432440886,24.843432440886
Ridge Regression,39.5,49.18069140623267,-9.680691406232668,9.680691406232668
Ridge Regression,84.3,64.27888072312473,20.021119276875268,20.021119276875268
Ridge Regression,66.4,79.77357971593003,-13.37357971593002,13.37357971593002
Ridge Regression,98.6,78.88436067577928,19.715639324220717,19.715639324220717
Ridge Regression,94.9,63.980073255215615,30.91992674478439,30.91992674478439
Ridge Regression,76.8,87.04449536992726,-10.244495369927265,10.244495369927265
Ridge Regression,59.5,70.39497110065324,-10.894971100653237,10.894971100653237
Ridge Regression,48.3,70.34161331304018,-22.041613313040187,22.041613313040187
Ridge Regression,72.7,69.99866556964926,2.701334430350741,2.701334430350741
Ridge Regression,73.0,73.40132969045531,-0.40132969045531297,0.40132969045531297
Ridge Regression,66.5,79.19426299472559,-12.694262994725591,12.694262994725591
Ridge Regression,47.5,55.36014501942553,-7.860145019425531,7.860145019425531
Ridge Regression,60.9,76.13860728539537,-15.238607285395368,15.238607285395368
Ridge Regression,59.7,59.37608526391496,0.32391473608504384,0.32391473608504384
Ridge Regression,54.2,63.674406957413524,-9.474406957413521,9.474406957413521
Ridge Regression,73.4,72.52719076515972,0.8728092348402896,0.8728092348402896
Ridge Regression,72.9,63.263288894859514,9.636711105140492,9.636711105140492
Ridge Regression,28.6,43.50193258581794,-14.901932585817939,14.901932585817939
Ridge Regression,62.2,65.46132444888032,-3.261324448880316,3.261324448880316
Ridge Regression,62.5,75.54251096086337,-13.042510960863368,13.042510960863368
Ridge Regression,44.3,62.23468886429832,-17.934688864298323,17.934688864298323
Ridge Regression,33.8,60.672412936691984,-26.872412936691987,26.872412936691987
Ridge Regression,34.8,42.03547476425728,-7.235474764257283,7.235474764257283
Ridge Regression,71.9,47.629689623891,24.27031037610901,24.27031037610901
Ridge Regression,60.8,55.834620405106804,4.965379594893193,4.965379594893193
Ridge Regression,77.5,76.27873533052123,1.2212646694787708,1.2212646694787708
Ridge Regression,58.2,60.368899232991694,-2.1688992329916914,2.1688992329916914
Ridge Regression,69.6,80.62393976595378,-11.023939765953784,11.023939765953784
Ridge Regression,66.1,66.57621712914812,-0.4762171291481252,0.4762171291481252
Ridge Regression,98.2,92.0435878389236,6.156412161076403,6.156412161076403
Ridge Regression,80.8,87.87306215672547,-7.07306215672547,7.07306215672547
Ridge Regression,51.6,66.25218232459042,-14.65218232459042,14.65218232459042
Ridge Regression,50.1,51.5144906858458,-1.4144906858457986,1.4144906858457986
Ridge Regression,63.8,62.79629872764623,1.0037012723537657,1.0037012723537657
Ridge Regression,58.5,61.86542032919492,-3.3654203291949187,3.3654203291949187
Ridge Regression,81.0,73.91844534483674,7.081554655163259,7.081554655163259
Ridge Regression,97.2,78.57927456052373,18.620725439476274,18.620725439476274
Ridge Regression,55.2,51.897263875860595,3.3027361241394075,3.3027361241394075
Ridge Regression,54.5,61.21714263574265,-6.717142635742647,6.717142635742647
Ridge Regression,47.4,60.42157419043159,-13.021574190431593,13.021574190431593
Ridge Regression,100.0,72.97662774541233,27.02337225458767,27.02337225458767
Ridge Regression,71.4,75.23123746638112,-3.8312374663811113,3.8312374663811113
Ridge Regression,51.6,59.14179454377071,-7.541794543770706,7.541794543770706
Ridge Regression,100.0,74.63036173277811,25.369638267221887,25.369638267221887
Ridge Regression,42.5,49.32103166553478,-6.8210316655347825,6.8210316655347825
Ridge Regression,56.8,64.73301923370444,-7.933019233704442,7.933019233704442
Ridge Regression,25.6,55.14347080005861,-29.543470800058607,29.543470800058607
Ridge Regression,74.9,70.45850951192295,4.441490488077051,4.441490488077051
Ridge Regression,55.0,51.69439972645597,3.30560027354403,3.30560027354403
Ridge Regression,65.9,79.89179307579384,-13.991793075793836,13.991793075793836
Ridge Regression,75.9,65.85395457021534,10.04604542978467,10.04604542978467
Ridge Regression,41.0,61.33823713610133,-20.338237136101327,20.338237136101327
Ridge Regression,93.8,88.34782128507739,5.45217871492261,5.45217871492261
Ridge Regression,48.4,62.004972437999484,-13.604972437999486,13.604972437999486
Ridge Regression,53.7,51.03859555334607,2.6614044466539326,2.6614044466539326
Ridge Regression,51.0,73.32097224336832,-22.320972243368317,22.320972243368317
Ridge Regression,30.4,34.48948997614427,-4.089489976144272,4.089489976144272
Ridge Regression,55.8,62.22730304297465,-6.42730304297465,6.42730304297465
Ridge Regression,88.8,82.05691601432832,6.743083985671674,6.743083985671674
Ridge Regression,83.7,73.36610171081387,10.333898289186138,10.333898289186138
Ridge Regression,61.5,67.38932128984833,-5.889321289848326,5.889321289848326
Ridge Regression,73.7,63.31167689205215,10.388323107947855,10.388323107947855
Ridge Regression,48.7,67.17471568216341,-18.474715682163406,18.474715682163406
Ridge Regression,57.8,71.87577809240426,-14.075778092404263,14.075778092404263
Ridge Regression,95.0,68.24553234908348,26.754467650916524,26.754467650916524
Ridge Regression,76.2,57.830733176912545,18.369266823087457,18.369266823087457
Ridge Regression,80.4,69.6907884916839,10.709211508316102,10.709211508316102
Ridge Regression,94.6,69.46615712790735,25.133842872092643,25.133842872092643
Ridge Regression,67.3,70.7825954330725,-3.482595433072504,3.482595433072504
Ridge Regression,42.8,36.14929579702417,6.650704202975824,6.650704202975824
Ridge Regression,96.4,71.09653384995256,25.30346615004744,25.30346615004744
Ridge Regression,46.8,50.08901109735749,-3.289011097357495,3.289011097357495
Ridge Regression,76.6,77.65501495494574,-1.0550149549457473,1.0550149549457473
Ridge Regression,58.8,59.71632716940101,-0.9163271694010149,0.9163271694010149
Ridge Regression,43.9,66.03422167787342,-22.13422167787342,22.13422167787342
Ridge Regression,59.5,64.95820417087889,-5.458204170878886,5.458204170878886
Ridge Regression,82.5,73.65919672835767,8.84080327164233,8.84080327164233
Ridge Regression,58.2,80.35860299131825,-22.158602991318247,22.158602991318247
Ridge Regression,64.2,58.242107315665805,5.9578926843341975,5.9578926843341975
Ridge Regression,82.5,69.68160084400095,12.818399155999046,12.818399155999046
Ridge Regression,60.5,70.85475379550672,-10.354753795506724,10.354753795506724
Ridge Regression,46.2,54.982309347140394,-8.78230934714039,8.78230934714039
Ridge Regression,45.3,68.54195669408222,-23.24195669408222,23.24195669408222
Ridge Regression,68.7,73.47292046625842,-4.772920466258412,4.772920466258412
Ridge Regression,53.3,63.26805472573617,-9.968054725736174,9.968054725736174
Ridge Regression,68.7,62.82299136700999,5.877008632990012,5.877008632990012
Ridge Regression,56.6,62.19676578978512,-5.596765789785117,5.596765789785117
Ridge Regression,58.9,58.519016920282894,0.38098307971710454,0.38098307971710454
Ridge Regression,88.9,85.72217764469161,3.1778223553083933,3.1778223553083933
Ridge Regression,73.0,63.700908052262704,9.299091947737296,9.299091947737296
Ridge Regression,51.2,57.12727380255701,-5.927273802557011,5.927273802557011
Ridge Regression,81.8,75.57558100142836,6.224418998571636,6.224418998571636
Ridge Regression,47.5,46.30704336734427,1.1929566326557293,1.1929566326557293
Ridge Regression,91.3,80.50589198612592,10.79410801387408,10.79410801387408
Ridge Regression,78.9,71.17191720684238,7.7280827931576255,7.7280827931576255
Ridge Regression,45.0,53.86178334858425,-8.861783348584247,8.861783348584247
Ridge Regression,82.7,66.29632988806566,16.403670111934346,16.403670111934346
Ridge Regression,70.5,66.598123045993,3.901876954006994,3.901876954006994
Ridge Regression,65.8,77.00103221249732,-11.201032212497324,11.201032212497324
Ridge Regression,65.9,37.896739839781006,28.003260160219,28.003260160219
Ridge Regression,80.9,68.00780919226855,12.892190807731453,12.892190807731453
Ridge Regression,32.1,39.28475434134627,-7.18475434134627,7.18475434134627
Ridge Regression,69.8,61.53586154133148,8.26413845866852,8.26413845866852
Ridge Regression,45.1,34.70551586460313,10.394484135396873,10.394484135396873
Ridge Regression,73.4,68.59684061082292,4.8031593891770825,4.8031593891770825
Ridge Regression,85.3,49.57814215161334,35.721857848386655,35.721857848386655
Ridge Regression,52.2,65.6176832274487,-13.417683227448691,13.417683227448691
Ridge Regression,94.0,85.23172632671739,8.768273673282607,8.768273673282607
Ridge Regression,77.1,67.05988561841069,10.040114381589305,10.040114381589305
Ridge Regression,46.7,65.59832313378404,-18.898323133784032,18.898323133784032
Ridge Regression,62.3,56.71323974438202,5.586760255617975,5.586760255617975
Ridge Regression,64.5,71.5390105402068,-7.039010540206803,7.039010540206803
Ridge Regression,86.9,66.57759302058383,20.322406979416172,20.322406979416172
Ridge Regression,77.4,73.65382687479341,3.746173125206596,3.746173125206596
Ridge Regression,34.9,54.92836194005502,-20.02836194005502,20.02836194005502
Ridge Regression,63.0,75.63909623706829,-12.639096237068287,12.639096237068287
Ridge Regression,81.7,93.87277951382706,-12.172779513827052,12.172779513827052
Ridge Regression,43.9,44.6358272268262,-0.7358272268262027,0.7358272268262027
Ridge Regression,67.6,55.00432784289497,12.595672157105021,12.595672157105021
Ridge Regression,78.0,70.78004473841413,7.219955261585866,7.219955261585866
Ridge Regression,80.2,67.20025220898833,12.999747791011671,12.999747791011671
Ridge Regression,56.6,60.971370326875864,-4.371370326875862,4.371370326875862
Ridge Regression,98.6,71.67476499756461,26.925235002435386,26.925235002435386
Ridge Regression,67.0,72.08029836208573,-5.080298362085728,5.080298362085728
Ridge Regression,66.4,61.44495236369539,4.955047636304613,4.955047636304613
Ridge Regression,65.5,70.14678889875839,-4.646788898758388,4.646788898758388
Ridge Regression,61.0,65.03049451577809,-4.030494515778088,4.030494515778088
Ridge Regression,74.6,84.68666554428157,-10.086665544281573,10.086665544281573
Ridge Regression,70.8,58.23098856378893,12.56901143621107,12.56901143621107
Ridge Regression,39.4,61.359448890996774,-21.959448890996775,21.959448890996775
Ridge Regression,43.3,65.20481711651283,-21.90481711651283,21.90481711651283
Ridge Regression,87.1,82.97480665842369,4.125193341576306,4.125193341576306
Ridge Regression,98.1,80.84810511896235,17.251894881037643,17.251894881037643
Ridge Regression,72.0,59.83286967677465,12.16713032322535,12.16713032322535
Ridge Regression,54.9,67.07800713869716,-12.178007138697161,12.178007138697161
Ridge Regression,61.3,77.9676123479961,-16.667612347996098,16.667612347996098
Ridge Regression,56.2,52.37020638070781,3.8297936192921895,3.8297936192921895
Ridge Regression,68.7,64.50804914605413,4.191950853945869,4.191950853945869
Ridge Regression,59.9,71.07036978162594,-11.170369781625944,11.170369781625944
Ridge Regression,100.0,80.04204429980086,19.957955700199136,19.957955700199136
Ridge Regression,75.7,77.19194906007571,-1.4919490600757115,1.4919490600757115
Ridge Regression,50.8,67.58811947318605,-16.788119473186057,16.788119473186057
Ridge Regression,41.1,59.97393421742369,-18.873934217423688,18.873934217423688
Ridge Regression,77.3,72.56847965379352,4.73152034620648,4.73152034620648
Ridge Regression,42.9,64.8680049270241,-21.968004927024104,21.968004927024104
Ridge Regression,72.1,63.03177863017156,9.068221369828436,9.068221369828436
Ridge Regression,51.6,54.59626787911047,-2.9962678791104693,2.9962678791104693
Ridge Regression,75.7,87.68614224320407,-11.986142243204071,11.986142243204071
Ridge Regression,86.8,78.08706715061588,8.712932849384117,8.712932849384117
Ridge Regression,87.7,63.56444200647756,24.13555799352244,24.13555799352244
Ridge Regression,57.7,58.58100909521224,-0.8810090952122351,0.8810090952122351
Ridge Regression,52.9,41.397470439140854,11.502529560859145,11.502529560859145
Ridge Regression,48.3,58.71374707425729,-10.413747074257294,10.413747074257294
Ridge Regression,66.7,68.87793905248787,-2.177939052487872,2.177939052487872
Ridge Regression,54.8,57.473987795366625,-2.673987795366628,2.673987795366628
Ridge Regression,79.3,72.77587957216005,6.5241204278399465,6.5241204278399465
Ridge Regression,60.1,66.51186941784569,-6.411869417845686,6.411869417845686
Ridge Regression,63.1,68.81387576361467,-5.7138757636146735,5.7138757636146735
Ridge Regression,43.8,49.87880654860559,-6.078806548605591,6.078806548605591
Ridge Regression,62.2,50.954793026159194,11.245206973840808,11.245206973840808
Ridge Regression,47.9,55.13552447122463,-7.235524471224629,7.235524471224629
Ridge Regression,43.7,60.690119460723785,-16.990119460723783,16.990119460723783
Ridge Regression,45.2,57.00813168120902,-11.80813168120902,11.80813168120902
Ridge Regression,47.9,72.72327353340717,-24.823273533407168,24.823273533407168
Ridge Regression,88.3,78.69687176273054,9.603128237269459,9.603128237269459
Ridge Regression,46.3,46.31932959598364,-0.019329595983641923,0.019329595983641923
Ridge Regression,62.2,70.17904922125783,-7.979049221257824,7.979049221257824
Ridge Regression,64.3,66.62734216621166,-2.3273421662116647,2.3273421662116647
Ridge Regression,73.4,63.990114596757174,9.409885403242832,9.409885403242832
Ridge Regression,49.6,57.12101613401278,-7.5210161340127755,7.5210161340127755
Ridge Regression,59.6,49.11511189390602,10.484888106093983,10.484888106093983
Ridge Regression,60.4,80.65177028262613,-20.251770282626133,20.251770282626133
Ridge Regression,34.2,58.42372009249827,-24.22372009249827,24.22372009249827
Ridge Regression,52.7,49.75993900731449,2.9400609926855097,2.9400609926855097
Ridge Regression,46.6,59.47811136557873,-12.878111365578725,12.878111365578725
Ridge Regression,61.3,71.00262512912975,-9.702625129129757,9.702625129129757
Ridge Regression,53.2,55.925652627654166,-2.7256526276541635,2.7256526276541635
Ridge Regression,69.2,65.8766560227066,3.323343977293405,3.323343977293405
Ridge Regression,61.8,56.95258028086289,4.847419719137108,4.847419719137108
Ridge Regression,75.4,72.51013141278399,2.8898685872160144,2.8898685872160144
Ridge Regression,30.9,48.79239819953622,-17.892398199536224,17.892398199536224
Ridge Regression,51.8,55.76275987737386,-3.9627598773738626,3.9627598773738626
Ridge Regression,46.4,60.22148290962765,-13.821482909627655,13.821482909627655
Ridge Regression,62.3,66.20104105892223,-3.9010410589222317,3.9010410589222317
Ridge Regression,44.5,68.60365698951699,-24.103656989516992,24.103656989516992
Ridge Regression,68.9,63.15070786871003,5.749292131289977,5.749292131289977
Ridge Regression,71.9,60.29542207127244,11.604577928727565,11.604577928727565
Ridge Regression,52.4,61.222562302076554,-8.822562302076555,8.822562302076555
Ridge Regression,71.2,72.35532722171648,-1.155327221716476,1.155327221716476
Ridge Regression,50.7,66.45390210426535,-15.75390210426535,15.75390210426535
Ridge Regression,93.4,60.48153831015346,32.918461689846545,32.918461689846545
Ridge Regression,100.0,66.64462639931781,33.355373600682185,33.355373600682185
Ridge Regression,99.0,81.62883188729141,17.371168112708588,17.371168112708588
Ridge Regression,74.7,55.71919508567896,18.98080491432104,18.98080491432104
Ridge Regression,58.3,64.74764415274902,-6.447644152749021,6.447644152749021
Ridge Regression,23.7,54.28378557018581,-30.583785570185814,30.583785570185814
Ridge Regression,41.7,63.831517973627086,-22.131517973627084,22.131517973627084
Ridge Regression,93.5,73.7423256441759,19.757674355824093,19.757674355824093
Ridge Regression,53.7,36.88541198301185,16.814588016988154,16.814588016988154
Ridge Regression,40.4,54.31977604756351,-13.91977604756351,13.91977604756351
Ridge Regression,53.8,64.00888217642785,-10.20888217642785,10.20888217642785
Ridge Regression,76.2,77.94736299731346,-1.7473629973134592,1.7473629973134592
Ridge Regression,66.2,68.44396634362717,-2.2439663436271644,2.2439663436271644
Ridge Regression,55.8,61.54298079427575,-5.742980794275752,5.742980794275752
Ridge Regression,36.9,47.112964162079344,-10.212964162079345,10.212964162079345
Ridge Regression,38.8,49.90260089287689,-11.102600892876893,11.102600892876893
Ridge Regression,84.9,66.93528618711856,17.964713812881442,17.964713812881442
Ridge Regression,37.2,44.48253154005199,-7.282531540051984,7.282531540051984
Ridge Regression,73.4,60.84723994623419,12.552760053765816,12.552760053765816
Ridge Regression,49.3,50.0997660485918,-0.7997660485918061,0.7997660485918061
Ridge Regression,65.7,69.52020072292632,-3.820200722926316,3.820200722926316
Ridge Regression,39.9,48.38125370974823,-8.48125370974823,8.48125370974823
Ridge Regression,45.1,52.582539161672116,-7.482539161672115,7.482539161672115
Ridge Regression,95.6,82.02945801166426,13.570541988335734,13.570541988335734
Ridge Regression,50.9,77.12873202672601,-26.228732026726014,26.228732026726014
Ridge Regression,82.8,76.58600493052892,6.213995069471082,6.213995069471082
Ridge Regression,37.0,59.78082837806211,-22.78082837806211,22.78082837806211
Ridge Regression,71.2,58.168514056843954,13.03148594315605,13.03148594315605
Ridge Regression,36.8,58.15252916719599,-21.352529167195996,21.352529167195996
Ridge Regression,62.5,60.62053863814691,1.8794613618530889,1.8794613618530889
Ridge Regression,58.6,62.35995033991318,-3.759950339913182,3.759950339913182
Ridge Regression,48.2,53.86640430616453,-5.66640430616453,5.66640430616453
Ridge Regression,38.6,35.79719134823431,2.8028086517656945,2.8028086517656945
Ridge Regression,67.0,63.118896357168225,3.881103642831775,3.881103642831775
Ridge Regression,77.8,62.97755717856659,14.822442821433405,14.822442821433405
Ridge Regression,80.2,78.38674535539083,1.8132546446091737,1.8132546446091737
Ridge Regression,91.4,72.78798369361962,18.612016306380383,18.612016306380383
Ridge Regression,66.6,70.92813409360762,-4.3281340936076305,4.3281340936076305
Ridge Regression,81.4,73.32624056359671,8.073759436403293,8.073759436403293
Ridge Regression,84.6,72.3048370838771,12.29516291612289,12.29516291612289
Ridge Regression,56.8,67.61724752279848,-10.817247522798482,10.817247522798482
Ridge Regression,56.7,74.08047400258498,-17.380474002584975,17.380474002584975
Ridge Regression,65.4,69.00109484857525,-3.6010948485752436,3.6010948485752436
Ridge Regression,31.5,44.94651890812278,-13.446518908122783,13.446518908122783
Ridge Regression,45.1,62.73565953127066,-17.63565953127066,17.63565953127066
Ridge Regression,44.2,67.95958191520772,-23.75958191520772,23.75958191520772
Ridge Regression,87.8,66.0467251038464,21.7532748961536,21.7532748961536
Ridge Regression,100.0,82.3224492883528,17.6775507116472,17.6775507116472
Ridge Regression,48.7,54.52110529824883,-5.821105298248824,5.821105298248824
Ridge Regression,89.7,72.77137479402626,16.928625205973745,16.928625205973745
Ridge Regression,79.1,70.85378372571594,8.246216274284052,8.246216274284052
Ridge Regression,51.1,64.12646360337062,-13.026463603370622,13.026463603370622
Ridge Regression,69.4,59.691176146048406,9.7088238539516,9.7088238539516
Ridge Regression,65.8,71.91736362864413,-6.117363628644128,6.117363628644128
Ridge Regression,73.1,70.55380364226798,2.546196357732015,2.546196357732015
Ridge Regression,81.9,56.70211306551311,25.197886934486895,25.197886934486895
Ridge Regression,54.7,60.052523501718795,-5.352523501718792,5.352523501718792
Ridge Regression,55.3,62.897455981479226,-7.597455981479229,7.597455981479229
Ridge Regression,60.0,39.02516929953468,20.97483070046532,20.97483070046532
Ridge Regression,53.6,53.48060740329611,0.11939259670388935,0.11939259670388935
Ridge Regression,77.4,75.86916441191099,1.530835588089019,1.530835588089019
Ridge Regression,66.0,63.55329668613362,2.4467033138663794,2.4467033138663794
Ridge Regression,41.8,60.469836083830884,-18.669836083830887,18.669836083830887
Ridge Regression,79.0,72.47073554358752,6.529264456412477,6.529264456412477
Ridge Regression,59.8,65.15810322832246,-5.358103228322463,5.358103228322463
Ridge Regression,94.1,80.76445143480886,13.335548565191132,13.335548565191132
Ridge Regression,55.5,65.633353474359,-10.133353474358998,10.133353474358998
Ridge Regression,56.0,54.79594429066192,1.2040557093380784,1.2040557093380784
Ridge Regression,100.0,75.09349345359112,24.906506546408878,24.906506546408878
Ridge Regression,51.9,74.97116078649474,-23.071160786494737,23.071160786494737
Ridge Regression,39.2,51.768918483361134,-12.56891848336113,12.56891848336113
Ridge Regression,70.1,70.39880089578291,-0.298800895782918,0.298800895782918
Ridge Regression,62.0,67.6807791824437,-5.6807791824437,5.6807791824437
Ridge Regression,74.6,68.56664942251807,6.033350577481926,6.033350577481926
Ridge Regression,89.1,57.99078347076064,31.109216529239355,31.109216529239355
Ridge Regression,66.1,55.58184563846477,10.518154361535224,10.518154361535224
Ridge Regression,73.8,71.39828026113248,2.401719738867513,2.401719738867513
Ridge Regression,58.3,58.820736402904586,-0.5207364029045891,0.5207364029045891
Ridge Regression,69.9,62.444016936203894,7.455983063796111,7.455983063796111
Ridge Regression,59.7,60.05388706170438,-0.353887061704377,0.353887061704377
Ridge Regression,74.0,65.82295683332954,8.177043166670458,8.177043166670458
Ridge Regression,88.7,86.63304856489229,2.066951435107711,2.066951435107711
Ridge Regression,33.4,56.703700633503004,-23.303700633503006,23.303700633503006
Ridge Regression,67.3,65.30950395339075,1.9904960466092518,1.9904960466092518
Ridge Regression,51.8,76.58266753413277,-24.78266753413277,24.78266753413277
Ridge Regression,83.0,86.72390036526468,-3.723900365264683,3.723900365264683
Ridge Regression,65.2,74.50356613311241,-9.303566133112412,9.303566133112412
Ridge Regression,57.0,59.10809998647164,-2.108099986471643,2.108099986471643
Ridge Regression,100.0,84.11958002193077,15.880419978069227,15.880419978069227
Ridge Regression,58.9,71.86860342486582,-12.968603424865826,12.968603424865826
Ridge Regression,92.3,76.75894091922974,15.541059080770253,15.541059080770253
Ridge Regression,47.8,56.90222236821342,-9.102222368213425,9.102222368213425
Ridge Regression,76.0,64.92268867122174,11.077311328778265,11.077311328778265
Ridge Regression,55.3,71.0936209318211,-15.79362093182111,15.79362093182111
Ridge Regression,48.4,60.66635837896804,-12.266358378968043,12.266358378968043
Ridge Regression,49.9,65.23066248980854,-15.330662489808539,15.330662489808539
Ridge Regression,33.4,53.015140281702855,-19.615140281702857,19.615140281702857
Ridge Regression,75.0,61.70697714124518,13.293022858754817,13.293022858754817
Ridge Regression,85.1,81.21267536243772,3.8873246375622728,3.8873246375622728
Ridge Regression,80.1,62.25310361389761,17.846896386102387,17.846896386102387
Ridge Regression,61.2,68.82442599797463,-7.624425997974626,7.624425997974626
Ridge Regression,65.1,72.91867963548331,-7.818679635483321,7.818679635483321
Ridge Regression,71.6,68.31758399089586,3.282416009104139,3.282416009104139
Ridge Regression,78.1,75.31034300200133,2.7896569979986623,2.7896569979986623
Ridge Regression,99.1,67.62195396082636,31.478046039173634,31.478046039173634
Ridge Regression,71.6,59.80174690452406,11.798253095475935,11.798253095475935
Ridge Regression,61.7,74.80592497681678,-13.10592497681678,13.10592497681678
Ridge Regression,77.1,79.46602149251817,-2.366021492518172,2.366021492518172
Ridge Regression,55.4,79.97447834526692,-24.574478345266918,24.574478345266918
Ridge Regression,64.5,72.93469848662649,-8.434698486626488,8.434698486626488
Ridge Regression,52.5,55.914895720074654,-3.4148957200746537,3.4148957200746537
Ridge Regression,54.7,68.61120832045313,-13.911208320453127,13.911208320453127
Ridge Regression,94.9,55.98531562938898,38.91468437061103,38.91468437061103
Ridge Regression,66.8,65.69929498296969,1.1007050170303074,1.1007050170303074
Ridge Regression,55.6,55.72800261464798,-0.12800261464797558,0.12800261464797558
Ridge Regression,64.4,70.87367332407565,-6.473673324075648,6.473673324075648
Ridge Regression,82.0,72.53281230359507,9.467187696404935,9.467187696404935
Ridge Regression,77.9,68.9180501619743,8.981949838025699,8.981949838025699
Ridge Regression,68.3,76.85055580848831,-8.550555808488312,8.550555808488312
Ridge Regression,62.9,63.3587233317751,-0.45872333177510427,0.45872333177510427
Ridge Regression,74.2,59.22160624889461,14.978393751105394,14.978393751105394
Ridge Regression,79.6,61.844184713378226,17.755815286621768,17.755815286621768
Ridge Regression,79.9,75.00252835269396,4.897471647306048,4.897471647306048
Ridge Regression,58.0,60.50300941097745,-2.503009410977448,2.503009410977448
Ridge Regression,53.3,58.322505911181096,-5.022505911181099,5.022505911181099
Ridge Regression,46.2,52.30893205637253,-6.108932056372524,6.108932056372524
Ridge Regression,46.7,42.19383904494555,4.506160955054455,4.506160955054455
Ridge Regression,74.4,83.79613662554975,-9.396136625549744,9.396136625549744
Ridge Regression,100.0,90.72789843893476,9.272101561065242,9.272101561065242
Ridge Regression,55.9,62.98154977434221,-7.081549774342214,7.081549774342214
Ridge Regression,83.3,73.50270539553739,9.797294604462607,9.797294604462607
Ridge Regression,65.9,63.442209831049034,2.4577901689509716,2.4577901689509716
Ridge Regression,77.2,57.130152060026276,20.069847939973727,20.069847939973727
Ridge Regression,100.0,90.96106187662123,9.03893812337877,9.03893812337877
Ridge Regression,74.0,84.53201345508322,-10.532013455083217,10.532013455083217
Ridge Regression,29.5,46.11668152944647,-16.616681529446467,16.616681529446467
Ridge Regression,93.8,88.22811020852333,5.571889791476664,5.571889791476664
Ridge Regression,100.0,86.62747289733231,13.37252710266769,13.37252710266769
Ridge Regression,50.3,48.58070669873183,1.7192933012681664,1.7192933012681664
Ridge Regression,82.4,72.28077981063795,10.119220189362053,10.119220189362053
Ridge Regression,92.6,89.7298010900524,2.8701989099475895,2.8701989099475895
Ridge Regression,55.9,73.34584866517773,-17.445848665177728,17.445848665177728
Ridge Regression,64.1,59.21186041535846,4.888139584641536,4.888139584641536
Ridge Regression,68.9,71.06765214778439,-2.1676521477843806,2.1676521477843806
Ridge Regression,62.3,46.168105942860805,16.131894057139192,16.131894057139192
Ridge Regression,62.5,59.1050057816105,3.394994218389499,3.394994218389499
Ridge Regression,38.9,49.13624638461578,-10.236246384615782,10.236246384615782
Ridge Regression,100.0,77.03047018314408,22.969529816855925,22.969529816855925
Ridge Regression,29.6,44.029533927377415,-14.429533927377413,14.429533927377413
Ridge Regression,72.0,72.36841241354851,-0.36841241354851206,0.36841241354851206
Ridge Regression,52.8,58.799777602460296,-5.9997776024602985,5.9997776024602985
Ridge Regression,61.3,65.90638548153247,-4.60638548153247,4.60638548153247
Ridge Regression,80.3,77.45301653470246,2.8469834652975408,2.8469834652975408
Ridge Regression,40.5,57.9371723912343,-17.4371723912343,17.4371723912343
Ridge Regression,55.8,49.70275948778919,6.09724051221081,6.09724051221081
Ridge Regression,65.0,63.155664667768505,1.8443353322314948,1.8443353322314948
Ridge Regression,73.0,73.56460158053662,-0.5646015805366176,0.5646015805366176
Ridge Regression,56.2,54.4131502963223,1.786849703677703,1.786849703677703
Ridge Regression,60.9,64.46743785573578,-3.5674378557357826,3.5674378557357826
Ridge Regression,46.6,57.930213120435766,-11.330213120435765,11.330213120435765
Ridge Regression,62.9,71.50648130032404,-8.606481300324042,8.606481300324042
Ridge Regression,59.0,62.291647940547335,-3.2916479405473353,3.2916479405473353
Ridge Regression,51.1,56.83862185086192,-5.738621850861918,5.738621850861918
Ridge Regression,36.9,47.02053275330041,-10.12053275330041,10.12053275330041
Ridge Regression,71.8,72.64752905025276,-0.8475290502527599,0.8475290502527599
Ridge Regression,45.2,42.32114836660201,2.8788516333979928,2.8788516333979928
Ridge Regression,53.1,74.68427901468988,-21.584279014689876,21.584279014689876
Ridge Regression,98.1,93.93938773353163,4.1606122664683625,4.1606122664683625
Ridge Regression,55.7,65.79401068287109,-10.094010682871087,10.094010682871087
Ridge Regression,69.7,61.83162765951151,7.8683723404884915,7.8683723404884915
Ridge Regression,70.3,82.12283371149772,-11.822833711497722,11.822833711497722
Ridge Regression,31.2,61.843886160861715,-30.643886160861715,30.643886160861715
Ridge Regression,46.6,63.00782805600621,-16.40782805600621,16.40782805600621
Ridge Regression,72.5,62.63332564086067,9.866674359139331,9.866674359139331
Ridge Regression,63.1,65.80683151924244,-2.706831519242435,2.706831519242435
Ridge Regression,72.4,69.4855637467062,2.9144362532938004,2.9144362532938004
Ridge Regression,79.0,64.9419026005915,14.058097399408496,14.058097399408496
Ridge Regression,62.6,59.23829711943473,3.361702880565268,3.361702880565268
Ridge Regression,99.3,77.20144906089074,22.09855093910926,22.09855093910926
Ridge Regression,50.8,50.42501978474674,0.37498021525325953,0.37498021525325953
Ridge Regression,63.0,59.40628662048578,3.59371337951422,3.59371337951422
Ridge Regression,80.0,74.13779418673334,5.862205813266655,5.862205813266655
Ridge Regression,66.9,60.880146016339935,6.01985398366007,6.01985398366007
Ridge Regression,50.7,58.84892855098952,-8.148928550989517,8.148928550989517
Ridge Regression,48.6,47.13529892576271,1.46470107423729,1.46470107423729
Ridge Regression,75.4,72.93155999047615,2.46844000952386,2.46844000952386
Ridge Regression,100.0,86.41787230166584,13.582127698334162,13.582127698334162
Ridge Regression,58.0,62.426823208763395,-4.426823208763395,4.426823208763395
Ridge Regression,70.9,69.6183618043585,1.2816381956415057,1.2816381956415057
Ridge Regression,74.6,83.53730657337933,-8.937306573379331,8.937306573379331
Ridge Regression,58.6,70.65911999908627,-12.05911999908627,12.05911999908627
Ridge Regression,59.3,58.69621207526049,0.6037879247395068,0.6037879247395068
Ridge Regression,86.1,77.1513859466672,8.94861405333279,8.94861405333279
Ridge Regression,85.0,71.45903177186818,13.540968228131817,13.540968228131817
Ridge Regression,84.8,72.1829747575127,12.617025242487301,12.617025242487301
Ridge Regression,37.8,58.169017755668705,-20.369017755668708,20.369017755668708
Ridge Regression,38.1,45.65152449561965,-7.5515244956196454,7.5515244956196454
Ridge Regression,46.9,47.34592228597812,-0.44592228597812067,0.44592228597812067
Ridge Regression,74.6,91.09760009471054,-16.49760009471055,16.49760009471055
Ridge Regression,59.4,72.98861637041917,-13.588616370419167,13.588616370419167
Ridge Regression,42.2,45.36513726188673,-3.165137261886727,3.165137261886727
Ridge Regression,67.9,65.33597383940423,2.5640261605957733,2.5640261605957733
Ridge Regression,55.9,55.63127157287798,0.2687284271220207,0.2687284271220207
Ridge Regression,71.6,75.34110780339036,-3.7411078033903635,3.7411078033903635
Ridge Regression,65.8,77.59833014026822,-11.79833014026822,11.79833014026822
Ridge Regression,73.6,55.168181670789,18.431818329210998,18.431818329210998
Ridge Regression,78.6,83.78463443012687,-5.184634430126877,5.184634430126877
Ridge Regression,58.7,72.85008395578811,-14.150083955788105,14.150083955788105
Ridge Regression,47.3,50.38736706496303,-3.0873670649630327,3.0873670649630327
Ridge Regression,75.5,73.00527731185109,2.4947226881489115,2.4947226881489115
Ridge Regression,49.7,73.04718394025724,-23.34718394025724,23.34718394025724
Ridge Regression,54.7,57.67644088794109,-2.976440887941088,2.976440887941088
Ridge Regression,46.1,43.81486502901865,2.2851349709813533,2.2851349709813533
Ridge Regression,77.4,70.79946864144074,6.600531358559266,6.600531358559266
Ridge Regression,49.4,59.09936331731082,-9.69936331731082,9.69936331731082
Ridge Regression,30.9,43.57989470037483,-12.679894700374831,12.679894700374831
Ridge Regression,49.3,60.36380219770715,-11.063802197707155,11.063802197707155
Ridge Regression,65.6,70.83184958305355,-5.23184958305356,5.23184958305356
Ridge Regression,30.7,52.7145119087086,-22.014511908708602,22.014511908708602
Ridge Regression,48.3,47.954000734891956,0.34599926510804124,0.34599926510804124
Ridge Regression,94.4,90.63440781793507,3.7655921820649354,3.7655921820649354
Ridge Regression,88.5,69.62031319238469,18.879686807615315,18.879686807615315
Ridge Regression,74.5,73.19291241533449,1.30708758466551,1.30708758466551
Ridge Regression,27.7,44.52864155880347,-16.828641558803472,16.828641558803472
Ridge Regression,88.4,81.2433577191599,7.156642280840103,7.156642280840103
Ridge Regression,48.7,56.627685151737595,-7.927685151737592,7.927685151737592
Ridge Regression,66.6,67.0980657641823,-0.4980657641823001,0.4980657641823001
Ridge Regression,81.3,70.4373421660565,10.862657833943501,10.862657833943501
Ridge Regression,89.5,95.79314425093304,-6.2931442509330395,6.2931442509330395
Ridge Regression,41.9,57.57287178789269,-15.672871787892689,15.672871787892689
Ridge Regression,55.4,53.67791967695723,1.7220803230427677,1.7220803230427677
Ridge Regression,73.6,57.851441031045745,15.74855896895425,15.74855896895425
Ridge Regression,72.1,78.48315333480872,-6.383153334808725,6.383153334808725
Ridge Regression,36.1,49.771339252669705,-13.671339252669704,13.671339252669704
Ridge Regression,96.7,94.63526115014803,2.0647388498519774,2.0647388498519774
Ridge Regression,29.2,57.45364676779754,-28.253646767797537,28.253646767797537
Ridge Regression,99.7,89.18834427956624,10.511655720433765,10.511655720433765
Ridge Regression,76.0,69.11467559219379,6.885324407806209,6.885324407806209
Ridge Regression,48.6,71.85843392110311,-23.258433921103112,23.258433921103112
Ridge Regression,70.4,68.18851220476974,2.211487795230269,2.211487795230269
Ridge Regression,95.7,72.67907840134563,23.02092159865437,23.02092159865437
Ridge Regression,56.7,57.91753089030524,-1.217530890305234,1.217530890305234
Ridge Regression,54.0,60.933977082976654,-6.933977082976654,6.933977082976654
Ridge Regression,82.9,78.01428337475431,4.885716625245692,4.885716625245692
Ridge Regression,53.7,61.21343000240119,-7.513430002401186,7.513430002401186
Ridge Regression,66.0,55.17621211866167,10.823787881338333,10.823787881338333
Ridge Regression,71.2,65.61309269551798,5.586907304482025,5.586907304482025
Ridge Regression,70.1,60.18923530762886,9.910764692371131,9.910764692371131
Ridge Regression,66.7,52.482811650473636,14.217188349526367,14.217188349526367
Ridge Regression,95.8,73.88812221255526,21.911877787444737,21.911877787444737
Ridge Regression,38.8,51.029803070915705,-12.229803070915708,12.229803070915708
Ridge Regression,79.9,72.93033716059362,6.969662839406382,6.969662839406382
Ridge Regression,81.6,62.84726427040529,18.752735729594704,18.752735729594704
Ridge Regression,59.1,79.37040704756804,-20.270407047568035,20.270407047568035
Ridge Regression,57.4,66.84681606633303,-9.446816066333035,9.446816066333035
Ridge Regression,34.3,55.890699502758686,-21.59069950275869,21.59069950275869
Ridge Regression,68.5,73.04595333862784,-4.5459533386278395,4.5459533386278395
Ridge Regression,87.1,72.19146249911535,14.908537500884648,14.908537500884648
Ridge Regression,34.1,44.614974012051476,-10.514974012051475,10.514974012051475
Ridge Regression,86.0,84.27131201572217,1.7286879842778262,1.7286879842778262
Ridge Regression,61.6,53.406505636979176,8.193494363020825,8.193494363020825
Ridge Regression,64.6,75.64427423209482,-11.044274232094821,11.044274232094821
Ridge Regression,31.7,59.41224324015025,-27.712243240150247,27.712243240150247
Ridge Regression,63.7,62.29394790670237,1.4060520932976317,1.4060520932976317
Ridge Regression,68.1,55.29809385056096,12.801906149439034,12.801906149439034
Ridge Regression,58.5,57.737122587293875,0.7628774127061249,0.7628774127061249
Ridge Regression,81.1,69.9222158619647,11.177784138035292,11.177784138035292
Ridge Regression,84.6,67.83791122335303,16.762088776646962,16.762088776646962
Ridge Regression,77.7,70.31805944860862,7.381940551391381,7.381940551391381
Ridge Regression,72.7,64.77826769619035,7.921732303809648,7.921732303809648
Ridge Regression,69.2,73.0311438519319,-3.8311438519318983,3.8311438519318983
Ridge Regression,68.8,48.04084494490691,20.75915505509309,20.75915505509309
Ridge Regression,56.6,60.98136931581469,-4.381369315814688,4.381369315814688
Ridge Regression,79.6,85.71623083917906,-6.116230839179067,6.116230839179067
Ridge Regression,87.8,69.22758822633035,18.572411773669643,18.572411773669643
Ridge Regression,60.6,57.63084660258911,2.969153397410892,2.969153397410892
Ridge Regression,54.3,46.067851867615445,8.232148132384552,8.232148132384552
Ridge Regression,83.1,89.09706862314556,-5.997068623145566,5.997068623145566
Ridge Regression,43.5,55.119496462441305,-11.619496462441305,11.619496462441305
Ridge Regression,78.3,61.325482453745806,16.97451754625419,16.97451754625419
Ridge Regression,55.3,58.09658088134465,-2.796580881344653,2.796580881344653
Ridge Regression,71.3,64.08582588602528,7.214174113974721,7.214174113974721
Ridge Regression,71.5,74.20921673959907,-2.7092167395990714,2.7092167395990714
Ridge Regression,70.2,86.92950693413074,-16.72950693413074,16.72950693413074
Ridge Regression,94.0,79.95622224763339,14.043777752366609,14.043777752366609
Ridge Regression,78.3,88.1392395967202,-9.839239596720205,9.839239596720205
Ridge Regression,80.8,70.23788326419933,10.562116735800672,10.562116735800672
Ridge Regression,73.1,57.73898282072709,15.361017179272906,15.361017179272906
Ridge Regression,58.3,74.03446187600214,-15.734461876002143,15.734461876002143
Ridge Regression,84.4,78.21219691483911,6.187803085160894,6.187803085160894
Ridge Regression,80.2,75.4250760552905,4.774923944709499,4.774923944709499
Ridge Regression,64.3,61.12478297541423,3.17521702458577,3.17521702458577
Ridge Regression,67.9,66.27000830608995,1.629991693910057,1.629991693910057
Ridge Regression,75.9,55.50055498790927,20.399445012090737,20.399445012090737
Ridge Regression,69.5,58.23562799485039,11.26437200514961,11.26437200514961
Ridge Regression,52.6,68.19852151992363,-15.59852151992363,15.59852151992363
Ridge Regression,63.3,59.000929936933105,4.2990700630668925,4.2990700630668925
Ridge Regression,46.3,48.755312443995116,-2.455312443995119,2.455312443995119
Ridge Regression,49.1,65.94944650843257,-16.84944650843257,16.84944650843257
Ridge Regression,59.0,64.54968835829085,-5.549688358290851,5.549688358290851
Ridge Regression,79.9,73.63315350043065,6.266846499569354,6.266846499569354
Ridge Regression,64.9,61.41943841415387,3.4805615858461323,3.4805615858461323
Ridge Regression,57.7,72.01278763443628,-14.312787634436276,14.312787634436276
Ridge Regression,9.4,47.554269575119,-38.154269575119,38.154269575119
Ridge Regression,74.1,67.3167329199966,6.783267080003398,6.783267080003398
Ridge Regression,40.8,55.49756332708502,-14.697563327085021,14.697563327085021
Ridge Regression,87.3,67.36054507205218,19.93945492794782,19.93945492794782
Ridge Regression,70.9,77.25010587229512,-6.350105872295117,6.350105872295117
Ridge Regression,88.7,71.05786011179674,17.64213988820326,17.64213988820326
Ridge Regression,56.9,79.96518129660777,-23.06518129660777,23.06518129660777
Ridge Regression,69.0,72.57822173828498,-3.578221738284981,3.578221738284981
Ridge Regression,58.9,73.01847507127567,-14.118475071275675,14.118475071275675
Ridge Regression,38.1,46.906583098565775,-8.806583098565774,8.806583098565774
Ridge Regression,38.6,48.23212904459264,-9.632129044592638,9.632129044592638
Ridge Regression,75.0,69.33396506440378,5.666034935596215,5.666034935596215
Ridge Regression,64.9,60.75811383519406,4.141886164805946,4.141886164805946
Ridge Regression,73.9,61.05652590100561,12.843474098994399,12.843474098994399
Ridge Regression,58.8,65.63754239601364,-6.837542396013646,6.837542396013646
Ridge Regression,58.1,64.5014447984097,-6.401444798409692,6.401444798409692
Ridge Regression,33.7,68.86931266253428,-35.16931266253428,35.16931266253428
Ridge Regression,35.3,72.06004931506038,-36.760049315060385,36.760049315060385
Ridge Regression,55.9,62.07467822224855,-6.174678222248552,6.174678222248552
Ridge Regression,48.5,46.19307947117295,2.3069205288270496,2.3069205288270496
Ridge Regression,40.4,64.97746151314443,-24.577461513144435,24.577461513144435
Ridge Regression,100.0,78.90634289696597,21.093657103034033,21.093657103034033
Ridge Regression,97.5,81.15561404598681,16.34438595401319,16.34438595401319
Ridge Regression,52.3,67.38724129193294,-15.08724129193294,15.08724129193294
Ridge Regression,84.6,78.99708755397822,5.602912446021776,5.602912446021776
Ridge Regression,76.6,69.36245367413747,7.2375463258625246,7.2375463258625246
Ridge Regression,87.1,73.4267394004264,13.673260599573595,13.673260599573595
Ridge Regression,71.7,69.1177965938532,2.582203406146803,2.582203406146803
Ridge Regression,89.9,67.8220903726571,22.077909627342905,22.077909627342905
Ridge Regression,80.9,61.37790857276819,19.522091427231814,19.522091427231814
Ridge Regression,67.5,59.37609034260999,8.123909657390008,8.123909657390008
Ridge Regression,45.3,67.38844351274071,-22.08844351274071,22.08844351274071
Ridge Regression,74.0,69.05531846563844,4.944681534361564,4.944681534361564
Ridge Regression,48.8,38.38906262408917,10.410937375910827,10.410937375910827
Ridge Regression,61.0,67.06964667253628,-6.06964667253628,6.06964667253628
Ridge Regression,51.1,66.96014589725002,-15.860145897250014,15.860145897250014
Ridge Regression,64.8,71.42591032708481,-6.62591032708481,6.62591032708481
Ridge Regression,72.9,55.49455930180984,17.405440698190162,17.405440698190162
Ridge Regression,50.7,62.94744543317756,-12.24744543317756,12.24744543317756
Ridge Regression,81.3,70.68446647181904,10.615533528180961,10.615533528180961
Ridge Regression,41.5,37.585488345030306,3.9145116549696937,3.9145116549696937
Ridge Regression,47.9,73.65734320637476,-25.757343206374763,25.757343206374763
Ridge Regression,61.6,53.85439402344794,7.7456059765520635,7.7456059765520635
Ridge Regression,100.0,77.812384841728,22.187615158271996,22.187615158271996
Ridge Regression,60.2,64.00122129650879,-3.8012212965087855,3.8012212965087855
Ridge Regression,68.0,72.07229091219224,-4.072290912192244,4.072290912192244
Ridge Regression,50.5,70.59819340380523,-20.098193403805226,20.098193403805226
Ridge Regression,79.9,85.4160530773511,-5.5160530773510885,5.5160530773510885
Ridge Regression,58.1,63.21215171082695,-5.11215171082695,5.11215171082695
Ridge Regression,63.1,63.881172631561746,-0.7811726315617449,0.7811726315617449
Ridge Regression,58.9,67.36916752723789,-8.469167527237893,8.469167527237893
Ridge Regression,55.7,52.65397201262635,3.0460279873736553,3.0460279873736553
Ridge Regression,66.9,72.28554161671688,-5.385541616716878,5.385541616716878
Ridge Regression,41.7,49.23073739853649,-7.530737398536488,7.530737398536488
Ridge Regression,71.5,70.05117174132614,1.4488282586738563,1.4488282586738563
Ridge Regression,65.1,79.71605236663251,-14.616052366632516,14.616052366632516
Ridge Regression,55.3,65.3892395650147,-10.089239565014708,10.089239565014708
Ridge Regression,91.3,74.84119286790923,16.45880713209077,16.45880713209077
Ridge Regression,100.0,60.95833462563823,39.04166537436177,39.04166537436177
Ridge Regression,64.9,50.89975372629162,14.000246273708385,14.000246273708385
Ridge Regression,40.1,84.79960937452036,-44.69960937452036,44.69960937452036
Ridge Regression,100.0,86.52239984551787,13.477600154482133,13.477600154482133
Ridge Regression,47.0,55.507532516402975,-8.507532516402975,8.507532516402975
Ridge Regression,90.4,72.93611505239019,17.463884947609813,17.463884947609813
Ridge Regression,58.4,55.03580749626302,3.36419250373698,3.36419250373698
Ridge Regression,78.1,78.14101401520158,-0.041014015201582765,0.041014015201582765
Ridge Regression,73.8,81.76333865737692,-7.963338657376923,7.963338657376923
Ridge Regression,53.9,56.79883712677265,-2.898837126772655,2.898837126772655
Ridge Regression,67.1,65.2139466381684,1.8860533618315998,1.8860533618315998
Ridge Regression,62.2,67.07263134003371,-4.872631340033706,4.872631340033706
Ridge Regression,45.5,57.611891879032896,-12.111891879032896,12.111891879032896
Ridge Regression,53.3,79.0009150628362,-25.700915062836202,25.700915062836202
Ridge Regression,85.6,74.15539928305516,11.444600716944834,11.444600716944834
Ridge Regression,59.0,76.29956485999685,-17.29956485999685,17.29956485999685
Ridge Regression,63.6,66.16717062588955,-2.5671706258895526,2.5671706258895526
Ridge Regression,56.9,55.20228060511984,1.6977193948801599,1.6977193948801599
Ridge Regression,60.1,71.86166237610581,-11.76166237610581,11.76166237610581
Ridge Regression,100.0,78.30863015375799,21.69136984624201,21.69136984624201
Ridge Regression,56.9,54.5354380767798,2.364561923220201,2.364561923220201
Ridge Regression,100.0,86.91971945410633,13.080280545893672,13.080280545893672
Ridge Regression,82.2,74.10144688761744,8.098553112382561,8.098553112382561
Ridge Regression,77.6,61.91045681744915,15.689543182550842,15.689543182550842
Ridge Regression,81.8,52.7338260445198,29.066173955480195,29.066173955480195
Ridge Regression,80.9,83.4849444247223,-2.584944424722295,2.584944424722295
Ridge Regression,67.5,63.50993219559194,3.9900678044080635,3.9900678044080635
Ridge Regression,75.8,47.283969271081375,28.516030728918622,28.516030728918622
Ridge Regression,74.0,67.33812574108478,6.661874258915219,6.661874258915219
Ridge Regression,47.4,50.056599818439466,-2.6565998184394672,2.6565998184394672
Ridge Regression,70.7,84.68327871897063,-13.983278718970624,13.983278718970624
Ridge Regression,84.1,84.7300181776096,-0.6300181776095997,0.6300181776095997
Ridge Regression,55.9,58.33053764441487,-2.430537644414869,2.430537644414869
Ridge Regression,84.5,64.61449636756889,19.88550363243111,19.88550363243111
Ridge Regression,40.4,60.93247674377494,-20.532476743774943,20.532476743774943
Ridge Regression,70.3,65.55144466577612,4.74855533422388,4.74855533422388
Ridge Regression,72.6,77.24694553381937,-4.646945533819377,4.646945533819377
Ridge Regression,43.4,36.20375903522576,7.1962409647742405,7.1962409647742405
Elastic Net,69.0,70.71137769200404,-1.7113776920040351,1.7113776920040351
Elastic Net,81.6,66.25460186117654,15.345398138823455,15.345398138823455
Elastic Net,63.1,76.73635351904123,-13.63635351904123,13.63635351904123
Elastic Net,89.3,81.3417757646771,7.958224235322902,7.958224235322902
Elastic Net,49.6,51.36926127894749,-1.7692612789474893,1.7692612789474893
Elastic Net,44.5,59.887517908939294,-15.387517908939294,15.387517908939294
Elastic Net,63.5,66.43645792469042,-2.9364579246904157,2.9364579246904157
Elastic Net,74.6,82.06371363847978,-7.463713638479788,7.463713638479788
Elastic Net,54.6,55.21124964442721,-0.6112496444272111,0.6112496444272111
Elastic Net,84.3,59.84041052786123,24.459589472138767,24.459589472138767
Elastic Net,98.1,73.84546952518498,24.254530474815013,24.254530474815013
Elastic Net,64.8,62.449504096292365,2.350495903707632,2.350495903707632
Elastic Net,45.4,59.21652595115721,-13.81652595115721,13.81652595115721
Elastic Net,48.0,74.33780008499654,-26.337800084996545,26.337800084996545
Elastic Net,58.3,62.15857573373802,-3.8585757337380215,3.8585757337380215
Elastic Net,26.4,64.3937136270009,-37.99371362700091,37.99371362700091
Elastic Net,66.9,73.23130641751968,-6.33130641751967,6.33130641751967
Elastic Net,52.9,51.693445684607376,1.2065543153926228,1.2065543153926228
Elastic Net,64.5,70.67060393565009,-6.170603935650092,6.170603935650092
Elastic Net,46.6,47.83312965045028,-1.2331296504502802,1.2331296504502802
Elastic Net,66.5,62.430338833124004,4.069661166875996,4.069661166875996
Elastic Net,41.3,53.932947067829055,-12.632947067829058,12.632947067829058
Elastic Net,40.5,76.13642482192175,-35.63642482192175,35.63642482192175
Elastic Net,90.8,80.86765350430369,9.932346495696308,9.932346495696308
Elastic Net,74.2,77.99778284183766,-3.797782841837659,3.797782841837659
Elastic Net,99.4,76.35407738153526,23.045922618464743,23.045922618464743
Elastic Net,68.1,81.01156152349222,-12.911561523492225,12.911561523492225
Elastic Net,40.0,49.3375591485676,-9.3375591485676,9.3375591485676
Elastic Net,58.4,60.571393394690176,-2.1713933946901776,2.1713933946901776
Elastic Net,63.6,66.2107018926178,-2.6107018926178043,2.6107018926178043
Elastic Net,75.1,66.02353364428558,9.076466355714416,9.076466355714416
Elastic Net,72.8,65.6427537377553,7.157246262244698,7.157246262244698
Elastic Net,46.4,65.71181898565311,-19.31181898565311,19.31181898565311
Elastic Net,50.9,57.5483039846778,-6.648303984677803,6.648303984677803
Elastic Net,66.0,55.662099122470465,10.337900877529535,10.337900877529535
Elastic Net,63.0,76.87133136427558,-13.871331364275576,13.871331364275576
Elastic Net,80.2,79.70333283805631,0.49666716194369087,0.49666716194369087
Elastic Net,75.2,58.46077748401793,16.73922251598207,16.73922251598207
Elastic Net,63.5,78.62615603143642,-15.126156031436423,15.126156031436423
Elastic Net,37.0,42.56728942339289,-5.567289423392893,5.567289423392893
Elastic Net,54.7,61.21888332091634,-6.518883320916338,6.518883320916338
Elastic Net,67.9,54.814553311182756,13.08544668881725,13.08544668881725
Elastic Net,84.8,74.69094937772326,10.10905062227674,10.10905062227674
Elastic Net,73.1,54.61436031357818,18.485639686421813,18.485639686421813
Elastic Net,99.1,93.00822851264249,6.091771487357505,6.091771487357505
Elastic Net,72.2,62.16753550329088,10.032464496709125,10.032464496709125
Elastic Net,93.9,72.03730651609486,21.862693483905147,21.862693483905147
Elastic Net,68.8,59.57465042505771,9.225349574942285,9.225349574942285
Elastic Net,61.8,64.160998151886,-2.360998151886008,2.360998151886008
Elastic Net,39.5,64.80874857712845,-25.308748577128455,25.308748577128455
Elastic Net,53.9,51.70194527806576,2.1980547219342412,2.1980547219342412
Elastic Net,55.7,64.07044027853313,-8.370440278533124,8.370440278533124
Elastic Net,46.8,54.4778221960156,-7.677822196015605,7.677822196015605
Elastic Net,94.1,81.30067208924169,12.799327910758308,12.799327910758308
Elastic Net,56.2,66.25393947999879,-10.053939479998789,10.053939479998789
Elastic Net,75.3,62.47315366286151,12.826846337138484,12.826846337138484
Elastic Net,83.9,81.07876273193315,2.8212372680668523,2.8212372680668523
Elastic Net,65.3,58.54019472645637,6.759805273543627,6.759805273543627
Elastic Net,71.5,66.29519235063891,5.204807649361086,5.204807649361086
Elastic Net,73.5,52.12774706030227,21.37225293969773,21.37225293969773
Elastic Net,40.5,53.676707728518046,-13.176707728518046,13.176707728518046
Elastic Net,28.7,50.52712083643284,-21.827120836432844,21.827120836432844
Elastic Net,35.3,58.24089026035314,-22.940890260353143,22.940890260353143
Elastic Net,82.2,84.79223004894018,-2.5922300489401806,2.5922300489401806
Elastic Net,39.3,63.88320206266424,-24.583202062664242,24.583202062664242
Elastic Net,83.8,82.00424649573215,1.79575350426785,1.79575350426785
Elastic Net,67.4,62.54201136890826,4.857988631091743,4.857988631091743
Elastic Net,33.2,50.96483305699313,-17.764833056993126,17.764833056993126
Elastic Net,49.5,66.6697951734529,-17.169795173452897,17.169795173452897
Elastic Net,47.1,57.764790669649116,-10.664790669649115,10.664790669649115
Elastic Net,71.0,53.51303657952698,17.486963420473018,17.486963420473018
Elastic Net,75.5,74.28304178026063,1.216958219739368,1.216958219739368
Elastic Net,74.1,76.4574760074201,-2.3574760074201038,2.3574760074201038
Elastic Net,82.5,57.16172975906429,25.338270240935707,25.338270240935707
Elastic Net,84.1,72.8157296890854,11.284270310914593,11.284270310914593
Elastic Net,38.5,69.09285030213672,-30.592850302136725,30.592850302136725
Elastic Net,87.6,82.6072662202416,4.992733779758396,4.992733779758396
Elastic Net,48.8,73.10718298408966,-24.307182984089664,24.307182984089664
Elastic Net,78.2,68.68213901935246,9.51786098064754,9.51786098064754
Elastic Net,74.9,69.88771073797041,5.012289262029597,5.012289262029597
Elastic Net,42.9,49.75320145771624,-6.853201457716239,6.853201457716239
Elastic Net,66.7,74.48430363080739,-7.784303630807386,7.784303630807386
Elastic Net,86.5,79.57947014602505,6.920529853974955,6.920529853974955
Elastic Net,74.9,67.70290476083325,7.197095239166757,7.197095239166757
Elastic Net,68.6,68.57660278934947,0.023397210650529132,0.023397210650529132
Elastic Net,45.8,65.30851882742567,-19.508518827425675,19.508518827425675
Elastic Net,59.7,61.12526335824512,-1.4252633582451182,1.4252633582451182
Elastic Net,63.8,50.574215729514705,13.225784270485292,13.225784270485292
Elastic Net,38.3,52.96754821088296,-14.667548210882963,14.667548210882963
Elastic Net,54.1,70.75913121730433,-16.659131217304328,16.659131217304328
Elastic Net,41.2,65.02749524360391,-23.827495243603906,23.827495243603906
Elastic Net,62.4,74.31751868441737,-11.917518684417367,11.917518684417367
Elastic Net,44.6,60.70562314606267,-16.10562314606267,16.10562314606267
Elastic Net,44.8,63.01219877945561,-18.212198779455612,18.212198779455612
Elastic Net,38.4,58.247192195248616,-19.847192195248617,19.847192195248617
Elastic Net,76.2,71.2403498526039,4.959650147396104,4.959650147396104
Elastic Net,61.0,76.08085241918486,-15.080852419184865,15.080852419184865
Elastic Net,71.5,82.4427732644941,-10.942773264494093,10.942773264494093
Elastic Net,86.2,67.08801260355193,19.11198739644807,19.11198739644807
Elastic Net,65.1,73.98581980811537,-8.885819808115372,8.885819808115372
Elastic Net,79.6,65.91235184888404,13.687648151115951,13.687648151115951
Elastic Net,83.6,78.04801807764798,5.551981922352013,5.551981922352013
Elastic Net,58.2,77.8475403665327,-19.647540366532695,19.647540366532695
Elastic Net,83.0,83.22774425487923,-0.22774425487922656,0.22774425487922656
Elastic Net,82.6,74.53600267091271,8.063997329087286,8.063997329087286
Elastic Net,53.8,58.13103304535703,-4.331033045357032,4.331033045357032
Elastic Net,31.1,64.27340063202519,-33.173400632025185,33.173400632025185
Elastic Net,49.4,52.5750379236749,-3.1750379236749,3.1750379236749
Elastic Net,64.4,62.85080761217403,1.5491923878259755,1.5491923878259755
Elastic Net,37.6,56.51814215915811,-18.91814215915811,18.91814215915811
Elastic Net,65.3,72.91761146057158,-7.617611460571581,7.617611460571581
Elastic Net,70.5,66.7946161541811,3.7053838458189006,3.7053838458189006
Elastic Net,99.6,58.54233567608034,41.05766432391965,41.05766432391965
Elastic Net,61.3,59.75948495984481,1.540515040155185,1.540515040155185
Elastic Net,71.8,51.20623485425659,20.593765145743404,20.593765145743404
Elastic Net,74.3,70.49478074578161,3.805219254218386,3.805219254218386
Elastic Net,66.7,72.56793480842788,-5.867934808427876,5.867934808427876
Elastic Net,72.7,67.03926951680006,5.660730483199941,5.660730483199941
Elastic Net,56.1,54.63999634984508,1.460003650154924,1.460003650154924
Elastic Net,46.6,62.37624231449928,-15.776242314499278,15.776242314499278
Elastic Net,53.9,62.08437579986927,-8.184375799869272,8.184375799869272
Elastic Net,42.0,50.31219334085094,-8.31219334085094,8.31219334085094
Elastic Net,65.2,62.28350426444006,2.9164957355599412,2.9164957355599412
Elastic Net,98.9,64.96502876384143,33.934971236158574,33.934971236158574
Elastic Net,72.2,69.71972215992216,2.4802778400778465,2.4802778400778465
Elastic Net,93.1,95.21490314390108,-2.1149031439010884,2.1149031439010884
Elastic Net,51.6,62.01758406605553,-10.417584066055525,10.417584066055525
Elastic Net,70.3,64.7659513595934,5.534048640406596,5.534048640406596
Elastic Net,60.8,64.38503650672344,-3.5850365067234407,3.5850365067234407
Elastic Net,32.9,56.173252238667445,-23.273252238667446,23.273252238667446
Elastic Net,87.3,56.59303009220513,30.706969907794864,30.706969907794864
Elastic Net,46.6,66.01316401440623,-19.413164014406227,19.413164014406227
Elastic Net,88.0,82.993233284472,5.006766715528002,5.006766715528002
Elastic Net,50.5,62.384153251628916,-11.884153251628916,11.884153251628916
Elastic Net,88.5,75.9834164474547,12.516583552545299,12.516583552545299
Elastic Net,34.2,52.331787766622426,-18.131787766622423,18.131787766622423
Elastic Net,68.2,62.22658699469254,5.973413005307464,5.973413005307464
Elastic Net,55.4,65.27704917911883,-9.877049179118835,9.877049179118835
Elastic Net,65.5,73.00170786033743,-7.501707860337433,7.501707860337433
Elastic Net,55.6,60.91937652680109,-5.319376526801086,5.319376526801086
Elastic Net,62.8,81.08962374529347,-18.28962374529347,18.28962374529347
Elastic Net,81.4,71.70927596303972,9.69072403696029,9.69072403696029
Elastic Net,66.4,57.84175756052307,8.558242439476935,8.558242439476935
Elastic Net,51.4,53.259314146238154,-1.8593141462381553,1.8593141462381553
Elastic Net,50.7,61.35123492353222,-10.651234923532215,10.651234923532215
Elastic Net,59.0,60.11737350578316,-1.1173735057831635,1.1173735057831635
Elastic Net,63.1,67.39413492565593,-4.294134925655932,4.294134925655932
Elastic Net,100.0,84.2145266382726,15.785473361727398,15.785473361727398
Elastic Net,65.5,56.53142032189784,8.96857967810216,8.96857967810216
Elastic Net,79.3,69.31317029718835,9.986829702811647,9.986829702811647
Elastic Net,69.9,63.321160439802696,6.578839560197309,6.578839560197309
Elastic Net,57.6,58.81046386510603,-1.2104638651060284,1.2104638651060284
Elastic Net,61.2,68.70409115546299,-7.504091155462987,7.504091155462987
Elastic Net,52.3,61.07963332720413,-8.779633327204131,8.779633327204131
Elastic Net,53.1,64.4635495126025,-11.363549512602496,11.363549512602496
Elastic Net,50.4,56.5854255571616,-6.185425557161601,6.185425557161601
Elastic Net,88.4,66.73704792658063,21.662952073419376,21.662952073419376
Elastic Net,87.1,80.5756741854513,6.524325814548689,6.524325814548689
Elastic Net,44.5,56.660634187565265,-12.160634187565265,12.160634187565265
Elastic Net,62.8,58.476952671115406,4.323047328884591,4.323047328884591
Elastic Net,68.7,61.44588291970971,7.254117080290293,7.254117080290293
Elastic Net,82.2,66.71065914631612,15.489340853683885,15.489340853683885
Elastic Net,80.1,77.87022550223273,2.2297744977672664,2.2297744977672664
Elastic Net,94.1,75.16209796503544,18.93790203496455,18.93790203496455
Elastic Net,79.5,68.46624562423479,11.033754375765213,11.033754375765213
Elastic Net,62.7,66.92245566937555,-4.222455669375549,4.222455669375549
Elastic Net,100.0,70.47727617169704,29.522723828302958,29.522723828302958
Elastic Net,58.3,65.192276631755,-6.89227663175501,6.89227663175501
Elastic Net,78.4,74.604886903139,3.7951130968610016,3.7951130968610016
Elastic Net,77.5,66.75157575102317,10.748424248976832,10.748424248976832
Elastic Net,39.5,70.3981679342424,-30.898167934242394,30.898167934242394
Elastic Net,71.2,63.5057645529875,7.6942354470125025,7.6942354470125025
Elastic Net,73.4,76.62702581306584,-3.2270258130658362,3.2270258130658362
Elastic Net,97.7,74.74751465281962,22.952485347180385,22.952485347180385
Elastic Net,81.8,73.6417099253497,8.158290074650296,8.158290074650296
Elastic Net,66.4,72.46900254296692,-6.069002542966913,6.069002542966913
Elastic Net,56.0,60.49784360672827,-4.497843606728267,4.497843606728267
Elastic Net,57.9,64.98503237379802,-7.085032373798022,7.085032373798022
Elastic Net,72.6,76.53436285037156,-3.9343628503715706,3.9343628503715706
Elastic Net,52.6,57.96866392437666,-5.368663924376662,5.368663924376662
Elastic Net,62.6,60.5164678163923,2.0835321836077014,2.0835321836077014
Elastic Net,55.6,52.04188237666838,3.5581176233316185,3.5581176233316185
Elastic Net,54.6,72.01084144384734,-17.41084144384734,17.41084144384734
Elastic Net,64.8,71.74015999981827,-6.9401599998182775,6.9401599998182775
Elastic Net,72.3,74.76678540558254,-2.4667854055825416,2.4667854055825416
Elastic Net,85.2,59.560334805261775,25.639665194738228,25.639665194738228
Elastic Net,50.2,64.2561429108879,-14.0561429108879,14.0561429108879
Elastic Net,60.7,64.18523190051955,-3.485231900519551,3.485231900519551
Elastic Net,61.3,64.11863842979294,-2.8186384297929408,2.8186384297929408
Elastic Net,49.8,64.92095705834475,-15.120957058344757,15.120957058344757
Elastic Net,73.9,60.14308435407315,13.756915645926853,13.756915645926853
Elastic Net,41.0,48.267693279286334,-7.267693279286334,7.267693279286334
Elastic Net,79.2,56.099973014583874,23.10002698541613,23.10002698541613
Elastic Net,49.0,57.52568960595441,-8.525689605954412,8.525689605954412
Elastic Net,73.2,78.14149132446428,-4.94149132446428,4.94149132446428
Elastic Net,67.8,49.92646434678632,17.87353565321368,17.87353565321368
Elastic Net,56.5,75.588880110103,-19.088880110103005,19.088880110103005
Elastic Net,88.3,62.76099069732282,25.53900930267718,25.53900930267718
Elastic Net,53.9,68.13044791398357,-14.230447913983575,14.230447913983575
Elastic Net,92.0,64.5577107876778,27.442289212322194,27.442289212322194
Elastic Net,100.0,90.07407670940282,9.925923290597183,9.925923290597183
Elastic Net,66.3,77.64143387584897,-11.341433875848978,11.341433875848978
Elastic Net,79.8,62.148088829417794,17.651911170582203,17.651911170582203
Elastic Net,95.9,84.15285761466104,11.747142385338961,11.747142385338961
Elastic Net,55.4,59.3440300933484,-3.9440300933484025,3.9440300933484025
Elastic Net,60.5,67.23686816097826,-6.736868160978261,6.736868160978261
Elastic Net,50.3,50.53833085467649,-0.23833085467649084,0.23833085467649084
Elastic Net,95.1,78.98732174870169,16.112678251298306,16.112678251298306
Elastic Net,57.2,57.33698189333305,-0.13698189333305066,0.13698189333305066
Elastic Net,57.4,72.97207825153842,-15.572078251538422,15.572078251538422
Elastic Net,65.5,60.41641637888967,5.0835836211103285,5.0835836211103285
Elastic Net,93.4,62.50482884914898,30.895171150851027,30.895171150851027
Elastic Net,39.3,74.10982441907592,-34.80982441907592,34.80982441907592
Elastic Net,36.5,55.78232470534134,-19.28232470534134,19.28232470534134
Elastic Net,84.2,78.51281563093582,5.687184369064184,5.687184369064184
Elastic Net,61.2,57.52886148203982,3.6711385179601805,3.6711385179601805
Elastic Net,73.3,53.646693880695594,19.653306119304403,19.653306119304403
Elastic Net,44.6,59.484173118583776,-14.884173118583774,14.884173118583774
Elastic Net,47.2,57.29522371599945,-10.095223715999445,10.095223715999445
Elastic Net,81.5,73.05727984529624,8.442720154703764,8.442720154703764
Elastic Net,45.7,58.68869769627271,-12.988697696272709,12.988697696272709
Elastic Net,72.9,55.740856280809766,17.15914371919024,17.15914371919024
Elastic Net,95.5,79.10178938376048,16.398210616239524,16.398210616239524
Elastic Net,85.2,63.94518719988553,21.254812800114472,21.254812800114472
Elastic Net,34.5,61.11392114091267,-26.613921140912673,26.613921140912673
Elastic Net,40.0,47.90706472437762,-7.907064724377619,7.907064724377619
Elastic Net,86.0,71.44745207083841,14.552547929161591,14.552547929161591
Elastic Net,56.5,54.36839272999695,2.1316072700030517,2.1316072700030517
Elastic Net,90.5,70.04334928706038,20.45665071293962,20.45665071293962
Elastic Net,52.9,46.49670709707506,6.403292902924939,6.403292902924939
Elastic Net,90.9,79.3941273102744,11.505872689725607,11.505872689725607
Elastic Net,70.3,73.71199452066622,-3.4119945206662265,3.4119945206662265
Elastic Net,46.5,58.204302311550464,-11.704302311550464,11.704302311550464
Elastic Net,80.7,49.07872818523955,31.621271814760455,31.621271814760455
Elastic Net,70.7,69.00413677088392,1.6958632291160853,1.6958632291160853
Elastic Net,74.8,66.15459459279882,8.645405407201181,8.645405407201181
Elastic Net,45.7,56.27817996696313,-10.578179966963127,10.578179966963127
Elastic Net,100.0,73.25861577466266,26.74138422533734,26.74138422533734
Elastic Net,61.0,63.88122521294714,-2.881225212947143,2.881225212947143
Elastic Net,78.4,75.04995503261625,3.3500449673837522,3.3500449673837522
Elastic Net,73.0,73.16236825343988,-0.1623682534398796,0.1623682534398796
Elastic Net,49.9,54.99837067096723,-5.098370670967235,5.098370670967235
Elastic Net,64.4,66.61241758514969,-2.21241758514968,2.21241758514968
Elastic Net,94.3,74.05707225313162,20.242927746868375,20.242927746868375
Elastic Net,54.0,56.74647090357487,-2.746470903574867,2.746470903574867
Elastic Net,55.3,78.90248664594014,-23.602486645940147,23.602486645940147
Elastic Net,81.8,78.86421824551918,2.9357817544808142,2.9357817544808142
Elastic Net,78.1,71.90963991345077,6.190360086549219,6.190360086549219
Elastic Net,83.0,85.93113203294529,-2.9311320329452855,2.9311320329452855
Elastic Net,59.3,62.74242345006065,-3.4424234500606516,3.4424234500606516
Elastic Net,42.8,59.13847138680512,-16.338471386805125,16.338471386805125
Elastic Net,72.8,67.5147866630621,5.2852133369379,5.2852133369379
Elastic Net,69.5,64.63932548545986,4.860674514540136,4.860674514540136
Elastic Net,52.2,56.16019452025567,-3.960194520255669,3.960194520255669
Elastic Net,67.1,67.84031096500019,-0.7403109650001909,0.7403109650001909
Elastic Net,73.5,56.32282127484838,17.17717872515162,17.17717872515162
Elastic Net,63.0,63.59353118985759,-0.5935311898575932,0.5935311898575932
Elastic Net,47.8,48.837915323849614,-1.0379153238496173,1.0379153238496173
Elastic Net,100.0,93.58883171933932,6.411168280660675,6.411168280660675
Elastic Net,64.5,53.41087530774651,11.089124692253492,11.089124692253492
Elastic Net,50.5,54.904495587327176,-4.404495587327176,4.404495587327176
Elastic Net,74.8,80.61094864596214,-5.810948645962142,5.810948645962142
Elastic Net,85.0,69.51108960139652,15.48891039860348,15.48891039860348
Elastic Net,81.1,80.24006560647868,0.8599343935213142,0.8599343935213142
Elastic Net,100.0,70.9105885040844,29.0894114959156,29.0894114959156
Elastic Net,44.5,56.24316351954103,-11.743163519541028,11.743163519541028
Elastic Net,42.4,48.66844133771828,-6.268441337718279,6.268441337718279
Elastic Net,91.0,77.87184204465167,13.128157955348328,13.128157955348328
Elastic Net,51.4,53.70809108419582,-2.308091084195823,2.308091084195823
Elastic Net,100.0,77.49023550936617,22.509764490633827,22.509764490633827
Elastic Net,69.1,78.726251758487,-9.626251758487001,9.626251758487001
Elastic Net,81.3,76.12053071923096,5.179469280769041,5.179469280769041
Elastic Net,51.8,65.38415860380248,-13.584158603802479,13.584158603802479
Elastic Net,45.6,61.4410749666224,-15.8410749666224,15.8410749666224
Elastic Net,54.9,54.45517709540695,0.4448229045930461,0.4448229045930461
Elastic Net,79.4,77.14847987916278,2.2515201208372275,2.2515201208372275
Elastic Net,70.5,71.85186981961132,-1.3518698196113235,1.3518698196113235
Elastic Net,72.2,68.16524508268944,4.034754917310565,4.034754917310565
Elastic Net,97.4,78.55953155574039,18.840468444259614,18.840468444259614
Elastic Net,65.8,56.7234804464145,9.076519553585499,9.076519553585499
Elastic Net,37.5,51.86658275523011,-14.366582755230112,14.366582755230112
Elastic Net,49.0,56.82575344249737,-7.825753442497373,7.825753442497373
Elastic Net,66.1,65.85084070712855,0.24915929287143967,0.24915929287143967
Elastic Net,47.5,72.73681077551969,-25.236810775519686,25.236810775519686
Elastic Net,86.3,77.85245873425453,8.447541265745471,8.447541265745471
Elastic Net,76.8,74.18663467168577,2.613365328314231,2.613365328314231
Elastic Net,71.2,77.63390429863617,-6.433904298636165,6.433904298636165
Elastic Net,31.1,62.16092945337822,-31.060929453378222,31.060929453378222
Elastic Net,64.3,60.7220483617456,3.5779516382543974,3.5779516382543974
Elastic Net,67.3,60.61639079059837,6.683609209401624,6.683609209401624
Elastic Net,95.8,66.0091200420717,29.790879957928297,29.790879957928297
Elastic Net,95.4,64.48911969521504,30.910880304784968,30.910880304784968
Elastic Net,65.7,57.566033282419454,8.133966717580549,8.133966717580549
Elastic Net,22.5,47.193058246911626,-24.693058246911626,24.693058246911626
Elastic Net,93.4,79.75322185817434,13.646778141825664,13.646778141825664
Elastic Net,63.9,69.72394037250257,-5.82394037250257,5.82394037250257
Elastic Net,61.1,73.61909474020024,-12.519094740200238,12.519094740200238
Elastic Net,61.5,46.59168461433404,14.908315385665958,14.908315385665958
Elastic Net,59.2,55.0587050784338,4.1412949215662,4.1412949215662
Elastic Net,71.8,68.32934775272408,3.470652247275922,3.470652247275922
Elastic Net,62.3,58.4574901813584,3.842509818641595,3.842509818641595
Elastic Net,35.0,55.13823407009417,-20.13823407009417,20.13823407009417
Elastic Net,65.2,62.48719757768414,2.7128024223158604,2.7128024223158604
Elastic Net,83.6,62.61272553644923,20.98727446355076,20.98727446355076
Elastic Net,100.0,71.6458163992467,28.354183600753302,28.354183600753302
Elastic Net,72.3,58.352072872834384,13.947927127165613,13.947927127165613
Elastic Net,72.0,77.8885808960357,-5.888580896035705,5.888580896035705
Elastic Net,56.3,64.13006050881467,-7.830060508814668,7.830060508814668
Elastic Net,78.4,75.44027329462804,2.9597267053719634,2.9597267053719634
Elastic Net,81.2,84.68363547416772,-3.4836354741677127,3.4836354741677127
Elastic Net,33.6,49.56637573808479,-15.966375738084785,15.966375738084785
Elastic Net,61.4,70.61100013090797,-9.21100013090797,9.21100013090797
Elastic Net,88.3,59.13569826648546,29.164301733514534,29.164301733514534
Elastic Net,62.8,71.50292239095884,-8.702922390958847,8.702922390958847
Elastic Net,61.9,69.71058978843432,-7.810589788434321,7.810589788434321
Elastic Net,45.6,53.41735727871358,-7.81735727871358,7.81735727871358
Elastic Net,29.2,45.92320918030185,-16.723209180301854,16.723209180301854
Elastic Net,78.1,83.15800185713854,-5.058001857138549,5.058001857138549
Elastic Net,53.0,60.99241273060394,-7.992412730603938,7.992412730603938
Elastic Net,51.7,64.18373479483944,-12.483734794839435,12.483734794839435
Elastic Net,71.8,75.11622568790122,-3.3162256879012233,3.3162256879012233
Elastic Net,49.5,47.627425440222936,1.872574559777064,1.872574559777064
Elastic Net,62.1,71.40736115016888,-9.30736115016888,9.30736115016888
Elastic Net,64.1,58.55968719259579,5.540312807404206,5.540312807404206
Elastic Net,55.6,54.79097038452079,0.8090296154792114,0.8090296154792114
Elastic Net,89.5,80.82928733433275,8.670712665667253,8.670712665667253
Elastic Net,46.0,50.92885565818676,-4.928855658186762,4.928855658186762
Elastic Net,80.7,78.03718907453745,2.6628109254625514,2.6628109254625514
Elastic Net,84.7,74.36288287294572,10.337117127054285,10.337117127054285
Elastic Net,64.4,60.54696150606297,3.853038493937035,3.853038493937035
Elastic Net,55.8,69.4945263528493,-13.694526352849309,13.694526352849309
Elastic Net,83.9,70.08433512859554,13.815664871404465,13.815664871404465
Elastic Net,49.1,64.24734237566538,-15.147342375665382,15.147342375665382
Elastic Net,85.2,64.8868152213974,20.313184778602604,20.313184778602604
Elastic Net,58.4,60.60160333249749,-2.2016033324974913,2.2016033324974913
Elastic Net,81.8,66.56229614358118,15.237703856418818,15.237703856418818
Elastic Net,63.0,71.00970407158194,-8.009704071581936,8.009704071581936
Elastic Net,46.2,68.41208010162268,-22.212080101622675,22.212080101622675
Elastic Net,42.5,56.021135388205145,-13.521135388205145,13.521135388205145
Elastic Net,58.4,66.10301476385777,-7.703014763857773,7.703014763857773
Elastic Net,80.7,68.068784150017,12.631215849983008,12.631215849983008
Elastic Net,62.6,63.688454677816836,-1.0884546778168342,1.0884546778168342
Elastic Net,72.8,76.67323446080587,-3.8732344608058753,3.8732344608058753
Elastic Net,61.0,57.77031656774067,3.2296834322593284,3.2296834322593284
Elastic Net,50.9,61.42161031329084,-10.521610313290843,10.521610313290843
Elastic Net,99.9,72.62142849972838,27.278571500271624,27.278571500271624
Elastic Net,40.7,57.11323194376871,-16.413231943768707,16.413231943768707
Elastic Net,49.1,51.60888194300341,-2.5088819430034093,2.5088819430034093
Elastic Net,100.0,60.1344758319951,39.8655241680049,39.8655241680049
Elastic Net,50.2,66.12078366336891,-15.920783663368908,15.920783663368908
Elastic Net,51.7,59.193488243923426,-7.493488243923423,7.493488243923423
Elastic Net,69.0,66.42015798371798,2.579842016282015,2.579842016282015
Elastic Net,89.9,67.09658502710323,22.803414972896775,22.803414972896775
Elastic Net,64.9,67.95190383230307,-3.0519038323030685,3.0519038323030685
Elastic Net,37.1,53.650346462171406,-16.550346462171404,16.550346462171404
Elastic Net,50.7,48.24751027014855,2.4524897298514503,2.4524897298514503
Elastic Net,71.1,69.86047333541343,1.2395266645865632,1.2395266645865632
Elastic Net,57.4,58.0460336821756,-0.6460336821755988,0.6460336821755988
Elastic Net,100.0,90.83237918156644,9.167620818433562,9.167620818433562
Elastic Net,44.1,59.72323921937345,-15.623239219373446,15.623239219373446
Elastic Net,73.6,70.19227560539825,3.4077243946017433,3.4077243946017433
Elastic Net,45.5,47.776729208280685,-2.2767292082806847,2.2767292082806847
Elastic Net,71.8,58.11183521009121,13.68816478990879,13.68816478990879
Elastic Net,54.2,58.60968210322312,-4.409682103223119,4.409682103223119
Elastic Net,78.6,62.70465184815419,15.895348151845802,15.895348151845802
Elastic Net,67.3,78.75844638152692,-11.458446381526926,11.458446381526926
Elastic Net,63.6,66.19285878142504,-2.5928587814250434,2.5928587814250434
Elastic Net,60.0,73.9438998737744,-13.943899873774399,13.943899873774399
Elastic Net,55.8,57.401788231403586,-1.6017882314035887,1.6017882314035887
Elastic Net,30.4,62.96239098346622,-32.56239098346622,32.56239098346622
Elastic Net,64.4,64.54240592687272,-0.14240592687271203,0.14240592687271203
Elastic Net,89.7,85.63742727216388,4.062572727836127,4.062572727836127
Elastic Net,71.8,73.89795136660186,-2.097951366601862,2.097951366601862
Elastic Net,80.6,68.30339661592802,12.296603384071972,12.296603384071972
Elastic Net,78.4,58.76828588700132,19.631714112998687,19.631714112998687
Elastic Net,60.4,64.07214412488347,-3.6721441248834665,3.6721441248834665
Elastic Net,100.0,76.28176633953211,23.718233660467888,23.718233660467888
Elastic Net,47.3,54.357005508456226,-7.057005508456228,7.057005508456228
Elastic Net,79.7,75.14539061209196,4.5546093879080445,4.5546093879080445
Elastic Net,66.5,63.3180431730241,3.181956826975899,3.181956826975899
Elastic Net,72.5,46.629224934679854,25.870775065320146,25.870775065320146
Elastic Net,46.4,53.49663151151652,-7.09663151151652,7.09663151151652
Elastic Net,89.1,82.4090582788776,6.6909417211224,6.6909417211224
Elastic Net,83.0,68.23588362146805,14.764116378531952,14.764116378531952
Elastic Net,66.3,58.68047686625088,7.619523133749119,7.619523133749119
Elastic Net,83.7,74.01286059270868,9.687139407291326,9.687139407291326
Elastic Net,83.4,80.53579146217557,2.864208537824439,2.864208537824439
Elastic Net,64.2,59.37068669434742,4.829313305652583,4.829313305652583
Elastic Net,100.0,72.97351851145345,27.02648148854655,27.02648148854655
Elastic Net,69.2,60.54858966712022,8.651410332879784,8.651410332879784
Elastic Net,76.5,70.74675131835951,5.7532486816404855,5.7532486816404855
Elastic Net,53.9,73.86840950841037,-19.968409508410367,19.968409508410367
Elastic Net,65.8,73.2657856034367,-7.4657856034367,7.4657856034367
Elastic Net,78.7,64.82600172824407,13.873998271755937,13.873998271755937
Elastic Net,66.4,66.97982136738904,-0.5798213673890302,0.5798213673890302
Elastic Net,67.2,54.21194933512356,12.98805066487644,12.98805066487644
Elastic Net,83.2,73.86516356254795,9.334836437452054,9.334836437452054
Elastic Net,83.0,64.23143657570608,18.768563424293916,18.768563424293916
Elastic Net,69.4,64.2337535652399,5.166246434760112,5.166246434760112
Elastic Net,52.6,69.90522904191923,-17.305229041919226,17.305229041919226
Elastic Net,63.0,71.64941225673907,-8.649412256739069,8.649412256739069
Elastic Net,83.2,66.5620332003299,16.637966799670096,16.637966799670096
Elastic Net,74.0,70.36535490133687,3.6346450986631282,3.6346450986631282
Elastic Net,94.8,80.12734254337914,14.672657456620854,14.672657456620854
Elastic Net,59.2,43.65809601487208,15.541903985127924,15.541903985127924
Elastic Net,38.4,62.68269141139511,-24.282691411395113,24.282691411395113
Elastic Net,62.0,68.27194103086296,-6.271941030862962,6.271941030862962
Elastic Net,34.2,49.693139675946696,-15.493139675946694,15.493139675946694
Elastic Net,63.1,73.68481374835632,-10.584813748356318,10.584813748356318
Elastic Net,89.4,75.11638671710011,14.283613282899893,14.283613282899893
Elastic Net,28.3,53.77459164976278,-25.474591649762782,25.474591649762782
Elastic Net,39.5,49.950751733326605,-10.450751733326605,10.450751733326605
Elastic Net,84.3,62.684147293019734,21.615852706980263,21.615852706980263
Elastic Net,66.4,79.73479015043559,-13.33479015043558,13.33479015043558
Elastic Net,98.6,78.45765270418907,20.14234729581092,20.14234729581092
Elastic Net,94.9,63.646478482733585,31.25352151726642,31.25352151726642
Elastic Net,76.8,86.83599264099236,-10.035992640992362,10.035992640992362
Elastic Net,59.5,68.77053917306729,-9.270539173067291,9.270539173067291
Elastic Net,48.3,69.6832262104685,-21.383226210468507,21.383226210468507
Elastic Net,72.7,70.02794374784591,2.6720562521540927,2.6720562521540927
Elastic Net,73.0,72.82495165862028,0.17504834137972125,0.17504834137972125
Elastic Net,66.5,77.18956391435883,-10.689563914358828,10.689563914358828
Elastic Net,47.5,55.89569730551679,-8.39569730551679,8.39569730551679
Elastic Net,60.9,75.78441172924494,-14.884411729244938,14.884411729244938
Elastic Net,59.7,59.338955089597754,0.3610449104022493,0.3610449104022493
Elastic Net,54.2,64.00518074714215,-9.805180747142145,9.805180747142145
Elastic Net,73.4,72.38316409776084,1.0168359022391655,1.0168359022391655
Elastic Net,72.9,63.56511493830704,9.334885061692965,9.334885061692965
Elastic Net,28.6,44.547059918716485,-15.947059918716484,15.947059918716484
Elastic Net,62.2,64.67490788622658,-2.4749078862265748,2.4749078862265748
Elastic Net,62.5,75.51974134611825,-13.019741346118252,13.019741346118252
Elastic Net,44.3,62.053644317041645,-17.753644317041648,17.753644317041648
Elastic Net,33.8,62.04465288898914,-28.244652888989144,28.244652888989144
Elastic Net,34.8,44.23596064848065,-9.435960648480652,9.435960648480652
Elastic Net,71.9,48.41694564941272,23.483054350587288,23.483054350587288
Elastic Net,60.8,55.16939638592679,5.630603614073209,5.630603614073209
Elastic Net,77.5,77.28399477464087,0.21600522535912603,0.21600522535912603
Elastic Net,58.2,60.44053722379266,-2.240537223792657,2.240537223792657
Elastic Net,69.6,79.50123236469669,-9.901232364696696,9.901232364696696
Elastic Net,66.1,65.48958785146533,0.6104121485346639,0.6104121485346639
Elastic Net,98.2,90.05935017236322,8.140649827636778,8.140649827636778
Elastic Net,80.8,86.04691391082478,-5.246913910824787,5.246913910824787
Elastic Net,51.6,66.27696019253916,-14.676960192539163,14.676960192539163
Elastic Net,50.1,52.402220824718846,-2.3022208247188445,2.3022208247188445
Elastic Net,63.8,63.0290753286778,0.7709246713221987,0.7709246713221987
Elastic Net,58.5,62.26031357874112,-3.760313578741119,3.760313578741119
Elastic Net,81.0,73.49923397810453,7.500766021895473,7.500766021895473
Elastic Net,97.2,77.58906910427945,19.610930895720557,19.610930895720557
Elastic Net,55.2,52.32960018118042,2.8703998188195854,2.8703998188195854
Elastic Net,54.5,60.667451757954126,-6.167451757954126,6.167451757954126
Elastic Net,47.4,62.835084562939755,-15.435084562939757,15.435084562939757
Elastic Net,100.0,72.02976773562354,27.970232264376463,27.970232264376463
Elastic Net,71.4,74.39981429629505,-2.9998142962950425,2.9998142962950425
Elastic Net,51.6,59.027509219389536,-7.427509219389535,7.427509219389535
Elastic Net,100.0,75.03873901517504,24.96126098482496,24.96126098482496
Elastic Net,42.5,54.23843078178221,-11.738430781782213,11.738430781782213
Elastic Net,56.8,64.77126675522312,-7.971266755223127,7.971266755223127
Elastic Net,25.6,55.34740916152131,-29.74740916152131,29.74740916152131
Elastic Net,74.9,68.93237807641265,5.967621923587359,5.967621923587359
Elastic Net,55.0,52.39738892499915,2.6026110750008513,2.6026110750008513
Elastic Net,65.9,79.08922807176387,-13.189228071763864,13.189228071763864
Elastic Net,75.9,65.38952272778279,10.510477272217216,10.510477272217216
Elastic Net,41.0,65.02860700412883,-24.02860700412883,24.02860700412883
Elastic Net,93.8,89.15503703081501,4.644962969184988,4.644962969184988
Elastic Net,48.4,61.893144168555985,-13.493144168555986,13.493144168555986
Elastic Net,53.7,51.96554231409475,1.7344576859052552,1.7344576859052552
Elastic Net,51.0,71.47850223462493,-20.478502234624926,20.478502234624926
Elastic Net,30.4,36.009166248058406,-5.609166248058408,5.609166248058408
Elastic Net,55.8,62.94616635877461,-7.1461663587746145,7.1461663587746145
Elastic Net,88.8,81.19297041901802,7.607029580981973,7.607029580981973
Elastic Net,83.7,72.55788216711233,11.142117832887678,11.142117832887678
Elastic Net,61.5,67.48404771567014,-5.984047715670144,5.984047715670144
Elastic Net,73.7,63.369607741773834,10.33039225822617,10.33039225822617
Elastic Net,48.7,66.40126821493268,-17.701268214932682,17.701268214932682
Elastic Net,57.8,71.99636912677059,-14.196369126770591,14.196369126770591
Elastic Net,95.0,68.6711530456852,26.3288469543148,26.3288469543148
Elastic Net,76.2,57.70849947681354,18.49150052318646,18.49150052318646
Elastic Net,80.4,69.51090810890928,10.889091891090729,10.889091891090729
Elastic Net,94.6,69.0901909700407,25.5098090299593,25.5098090299593
Elastic Net,67.3,68.91279368832039,-1.6127936883203944,1.6127936883203944
Elastic Net,42.8,38.93536516973139,3.8646348302686064,3.8646348302686064
Elastic Net,96.4,70.91915625337363,25.480843746626377,25.480843746626377
Elastic Net,46.8,55.78063709853054,-8.980637098530543,8.980637098530543
Elastic Net,76.6,77.24249444765445,-0.6424944476544567,0.6424944476544567
Elastic Net,58.8,58.992296205046394,-0.19229620504639655,0.19229620504639655
Elastic Net,43.9,66.39948535887989,-22.499485358879888,22.499485358879888
Elastic Net,59.5,65.20241777868866,-5.702417778688655,5.702417778688655
Elastic Net,82.5,73.05874203822114,9.44125796177886,9.44125796177886
Elastic Net,58.2,78.90907095480433,-20.709070954804332,20.709070954804332
Elastic Net,64.2,58.68727632733454,5.512723672665466,5.512723672665466
Elastic Net,82.5,69.79854841998015,12.70145158001985,12.70145158001985
Elastic Net,60.5,69.91499414273159,-9.414994142731587,9.414994142731587
Elastic Net,46.2,62.3357747519629,-16.1357747519629,16.1357747519629
Elastic Net,45.3,70.84921317831171,-25.549213178311717,25.549213178311717
Elastic Net,68.7,71.99656561890662,-3.2965656189066124,3.2965656189066124
Elastic Net,53.3,60.38816945660093,-7.08816945660093,7.08816945660093
Elastic Net,68.7,62.629169620620765,6.070830379379238,6.070830379379238
Elastic Net,56.6,62.22473126392686,-5.624731263926861,5.624731263926861
Elastic Net,58.9,58.85866156875129,0.04133843124871106,0.04133843124871106
Elastic Net,88.9,84.72276236939851,4.177237630601496,4.177237630601496
Elastic Net,73.0,64.10068387024043,8.899316129759569,8.899316129759569
Elastic Net,51.2,57.29025581490924,-6.090255814909234,6.090255814909234
Elastic Net,81.8,74.83412546766533,6.9658745323346665,6.9658745323346665
Elastic Net,47.5,46.993606891627095,0.5063931083729045,0.5063931083729045
Elastic Net,91.3,78.34599091991328,12.95400908008672,12.95400908008672
Elastic Net,78.9,71.07405660802677,7.82594339197324,7.82594339197324
Elastic Net,45.0,59.678471503891494,-14.678471503891494,14.678471503891494
Elastic Net,82.7,66.76237446542035,15.937625534579652,15.937625534579652
Elastic Net,70.5,66.24243283716591,4.257567162834093,4.257567162834093
Elastic Net,65.8,76.54510840587358,-10.74510840587358,10.74510840587358
Elastic Net,65.9,38.935748040573955,26.96425195942605,26.96425195942605
Elastic Net,80.9,67.15339342374249,13.74660657625752,13.74660657625752
Elastic Net,32.1,40.434021232178026,-8.334021232178024,8.334021232178024
Elastic Net,69.8,59.62945407226454,10.17054592773546,10.17054592773546
Elastic Net,45.1,40.41879940899541,4.68120059100459,4.68120059100459
Elastic Net,73.4,66.69770058324559,6.702299416754414,6.702299416754414
Elastic Net,85.3,49.3076066058151,35.992393394184894,35.992393394184894
Elastic Net,52.2,64.05145415147528,-11.85145415147528,11.85145415147528
Elastic Net,94.0,83.59503392626092,10.404966073739075,10.404966073739075
Elastic Net,77.1,66.72597048873017,10.374029511269825,10.374029511269825
Elastic Net,46.7,65.41863946358588,-18.718639463585873,18.718639463585873
Elastic Net,62.3,56.740803874223154,5.559196125776843,5.559196125776843
Elastic Net,64.5,70.62307525021484,-6.123075250214839,6.123075250214839
Elastic Net,86.9,65.05409771767822,21.845902282321788,21.845902282321788
Elastic Net,77.4,72.2690817781214,5.130918221878602,5.130918221878602
Elastic Net,34.9,57.740451069453826,-22.840451069453827,22.840451069453827
Elastic Net,63.0,72.55764567436324,-9.557645674363243,9.557645674363243
Elastic Net,81.7,92.05902945044811,-10.359029450448105,10.359029450448105
Elastic Net,43.9,50.66004674612259,-6.76004674612259,6.76004674612259
Elastic Net,67.6,55.01742787171841,12.582572128281583,12.582572128281583
Elastic Net,78.0,70.2778648199599,7.722135180040098,7.722135180040098
Elastic Net,80.2,66.27334351101962,13.926656488980385,13.926656488980385
Elastic Net,56.6,58.7912240797415,-2.1912240797414952,2.1912240797414952
Elastic Net,98.6,70.11221500104209,28.487784998957906,28.487784998957906
Elastic Net,67.0,72.54694820227942,-5.546948202279424,5.546948202279424
Elastic Net,66.4,61.22369376663804,5.176306233361963,5.176306233361963
Elastic Net,65.5,70.70842958510185,-5.208429585101854,5.208429585101854
Elastic Net,61.0,64.07870014716308,-3.078700147163076,3.078700147163076
Elastic Net,74.6,82.87815200335486,-8.278152003354862,8.278152003354862
Elastic Net,70.8,58.96967559633821,11.830324403661784,11.830324403661784
Elastic Net,39.4,61.9873350812584,-22.587335081258402,22.587335081258402
Elastic Net,43.3,70.04425578051547,-26.744255780515473,26.744255780515473
Elastic Net,87.1,82.0213385200527,5.0786614799473,5.0786614799473
Elastic Net,98.1,78.29828447234345,19.80171552765654,19.80171552765654
Elastic Net,72.0,60.113814570515984,11.886185429484016,11.886185429484016
Elastic Net,54.9,67.74391712225923,-12.843917122259235,12.843917122259235
Elastic Net,61.3,76.99533518921294,-15.69533518921294,15.69533518921294
Elastic Net,56.2,53.09146303295059,3.1085369670494103,3.1085369670494103
Elastic Net,68.7,62.98656712633855,5.7134328736614535,5.7134328736614535
Elastic Net,59.9,69.50402950087256,-9.604029500872564,9.604029500872564
Elastic Net,100.0,77.39349208800373,22.606507911996275,22.606507911996275
Elastic Net,75.7,74.56330800214569,1.1366919978543137,1.1366919978543137
Elastic Net,50.8,67.9194734898359,-17.119473489835897,17.119473489835897
Elastic Net,41.1,67.1213064937395,-26.021306493739495,26.021306493739495
Elastic Net,77.3,72.39608490414636,4.903915095853634,4.903915095853634
Elastic Net,42.9,65.01020867706512,-22.110208677065124,22.110208677065124
Elastic Net,72.1,63.7762317635948,8.323768236405193,8.323768236405193
Elastic Net,51.6,55.13590706424982,-3.5359070642498196,3.5359070642498196
Elastic Net,75.7,86.15871570478559,-10.45871570478559,10.45871570478559
Elastic Net,86.8,76.9612570858501,9.838742914149904,9.838742914149904
Elastic Net,87.7,64.18895305436321,23.511046945636792,23.511046945636792
Elastic Net,57.7,59.134618628896824,-1.4346186288968212,1.4346186288968212
Elastic Net,52.9,41.69038811270026,11.209611887299737,11.209611887299737
Elastic Net,48.3,57.15247690145137,-8.852476901451375,8.852476901451375
Elastic Net,66.7,67.18271941660853,-0.482719416608532,0.482719416608532
Elastic Net,54.8,58.064501840217915,-3.2645018402179176,3.2645018402179176
Elastic Net,79.3,72.10130115704806,7.198698842951941,7.198698842951941
Elastic Net,60.1,66.30958173154198,-6.209581731541981,6.209581731541981
Elastic Net,63.1,68.64015391624072,-5.540153916240719,5.540153916240719
Elastic Net,43.8,50.27126687912128,-6.471266879121281,6.471266879121281
Elastic Net,62.2,51.38542724057431,10.814572759425694,10.814572759425694
Elastic Net,47.9,55.18428073306424,-7.284280733064243,7.284280733064243
Elastic Net,43.7,62.1819178271067,-18.4819178271067,18.4819178271067
Elastic Net,45.2,57.15261416711569,-11.95261416711569,11.95261416711569
Elastic Net,47.9,78.31970687280761,-30.419706872807616,30.419706872807616
Elastic Net,88.3,77.8182136708229,10.481786329177098,10.481786329177098
Elastic Net,46.3,54.14653270190285,-7.846532701902852,7.846532701902852
Elastic Net,62.2,69.73773264155281,-7.537732641552807,7.537732641552807
Elastic Net,64.3,65.31435444444067,-1.01435444444067,1.01435444444067
Elastic Net,73.4,62.378913727774176,11.02108627222583,11.02108627222583
Elastic Net,49.6,57.876784082462144,-8.276784082462143,8.276784082462143
Elastic Net,59.6,51.13141067712707,8.46858932287293,8.46858932287293
Elastic Net,60.4,77.36427207749075,-16.964272077490754,16.964272077490754
Elastic Net,34.2,58.37137169513184,-24.17137169513184,24.17137169513184
Elastic Net,52.7,48.32279621591604,4.37720378408396,4.37720378408396
Elastic Net,46.6,64.03996982318371,-17.43996982318371,17.43996982318371
Elastic Net,61.3,69.46724628774905,-8.167246287749052,8.167246287749052
Elastic Net,53.2,56.20737233303499,-3.0073723330349864,3.0073723330349864
Elastic Net,69.2,65.29253558884965,3.9074644111503574,3.9074644111503574
Elastic Net,61.8,57.771589015574136,4.028410984425861,4.028410984425861
Elastic Net,75.4,72.06855266581594,3.3314473341840625,3.3314473341840625
Elastic Net,30.9,49.21064496816849,-18.31064496816849,18.31064496816849
Elastic Net,51.8,56.79786154198503,-4.997861541985031,4.997861541985031
Elastic Net,46.4,60.653675283406535,-14.253675283406537,14.253675283406537
Elastic Net,62.3,65.93447903518522,-3.6344790351852225,3.6344790351852225
Elastic Net,44.5,68.1072296382687,-23.607229638268706,23.607229638268706
Elastic Net,68.9,63.01726503475464,5.882734965245369,5.882734965245369
Elastic Net,71.9,59.95182910098584,11.948170899014166,11.948170899014166
Elastic Net,52.4,61.255788561813716,-8.855788561813718,8.855788561813718
Elastic Net,71.2,72.14170754445597,-0.9417075444559657,0.9417075444559657
Elastic Net,50.7,64.462613506973,-13.762613506972997,13.762613506972997
Elastic Net,93.4,59.20929722894647,34.19070277105354,34.19070277105354
Elastic Net,100.0,66.51205354161218,33.487946458387825,33.487946458387825
Elastic Net,99.0,80.91490725180867,18.08509274819133,18.08509274819133
Elastic Net,74.7,56.32386278037856,18.37613721962144,18.37613721962144
Elastic Net,58.3,63.442173949143324,-5.142173949143327,5.142173949143327
Elastic Net,23.7,55.241269132269615,-31.541269132269615,31.541269132269615
Elastic Net,41.7,64.07945800483638,-22.37945800483638,22.37945800483638
Elastic Net,93.5,73.90734672904615,19.592653270953846,19.592653270953846
Elastic Net,53.7,38.432218172833444,15.267781827166559,15.267781827166559
Elastic Net,40.4,61.40873251977209,-21.00873251977209,21.00873251977209
Elastic Net,53.8,63.53050183342627,-9.730501833426274,9.730501833426274
Elastic Net,76.2,77.21605073308552,-1.016050733085521,1.016050733085521
Elastic Net,66.2,67.94816456920572,-1.7481645692057128,1.7481645692057128
Elastic Net,55.8,61.342911209941924,-5.542911209941927,5.542911209941927
Elastic Net,36.9,52.77670879747737,-15.87670879747737,15.87670879747737
Elastic Net,38.8,50.509291265362414,-11.709291265362417,11.709291265362417
Elastic Net,84.9,66.79296031927568,18.107039680724327,18.107039680724327
Elastic Net,37.2,52.719097204680665,-15.519097204680662,15.519097204680662
Elastic Net,73.4,58.79839567585374,14.601604324146265,14.601604324146265
Elastic Net,49.3,52.57691142338208,-3.2769114233820815,3.2769114233820815
Elastic Net,65.7,70.23044562634362,-4.530445626343621,4.530445626343621
Elastic Net,39.9,53.93012186061035,-14.03012186061035,14.03012186061035
Elastic Net,45.1,57.70810482851245,-12.608104828512445,12.608104828512445
Elastic Net,95.6,81.0565587248777,14.54344127512229,14.54344127512229
Elastic Net,50.9,76.75289042804609,-25.852890428046088,25.852890428046088
Elastic Net,82.8,75.86482819938998,6.935171800610021,6.935171800610021
Elastic Net,37.0,59.71689956783622,-22.716899567836222,22.716899567836222
Elastic Net,71.2,58.450046589968736,12.749953410031267,12.749953410031267
Elastic Net,36.8,58.10905259523747,-21.309052595237475,21.309052595237475
Elastic Net,62.5,60.17948442009971,2.320515579900288,2.320515579900288
Elastic Net,58.6,60.649334248407996,-2.0493342484079946,2.0493342484079946
Elastic Net,48.2,58.76542540501589,-10.565425405015887,10.565425405015887
Elastic Net,38.6,36.852631697973294,1.7473683020267075,1.7473683020267075
Elastic Net,67.0,62.194644354632416,4.805355645367584,4.805355645367584
Elastic Net,77.8,63.179571156393564,14.620428843606433,14.620428843606433
Elastic Net,80.2,77.08009586117323,3.1199041388267688,3.1199041388267688
Elastic Net,91.4,72.55267712916452,18.847322870835484,18.847322870835484
Elastic Net,66.6,70.44742784501351,-3.847427845013513,3.847427845013513
Elastic Net,81.4,71.9316508181033,9.468349181896713,9.468349181896713
Elastic Net,84.6,71.17367413843587,13.426325861564123,13.426325861564123
Elastic Net,56.8,66.1605319473613,-9.36053194736131,9.36053194736131
Elastic Net,56.7,73.69439119459278,-16.99439119459278,16.99439119459278
Elastic Net,65.4,69.02582928235537,-3.625829282355369,3.625829282355369
Elastic Net,31.5,51.72583062137674,-20.225830621376737,20.225830621376737
Elastic Net,45.1,66.57922698556033,-21.479226985560324,21.479226985560324
Elastic Net,44.2,67.87884945161916,-23.678849451619158,23.678849451619158
Elastic Net,87.8,65.58404862024572,22.215951379754273,22.215951379754273
Elastic Net,100.0,81.35748600532355,18.64251399467645,18.64251399467645
Elastic Net,48.7,58.85135680287769,-10.151356802877686,10.151356802877686
Elastic Net,89.7,72.15756592942924,17.542434070570764,17.542434070570764
Elastic Net,79.1,70.97383132506295,8.126168674937048,8.126168674937048
Elastic Net,51.1,63.982689087488794,-12.882689087488792,12.882689087488792
Elastic Net,69.4,58.868429925555695,10.53157007444431,10.53157007444431
Elastic Net,65.8,71.93186705523824,-6.131867055238246,6.131867055238246
Elastic Net,73.1,69.1789588371032,3.921041162896799,3.921041162896799
Elastic Net,81.9,57.11470758177579,24.785292418224216,24.785292418224216
Elastic Net,54.7,60.066155885406616,-5.366155885406613,5.366155885406613
Elastic Net,55.3,63.04267700238796,-7.742677002387964,7.742677002387964
Elastic Net,60.0,40.05187337500165,19.948126624998352,19.948126624998352
Elastic Net,53.6,53.876179769468564,-0.2761797694685626,0.2761797694685626
Elastic Net,77.4,75.34318776004478,2.056812239955221,2.056812239955221
Elastic Net,66.0,63.868857157221115,2.1311428427788854,2.1311428427788854
Elastic Net,41.8,61.150197296945535,-19.350197296945538,19.350197296945538
Elastic Net,79.0,70.25443850484994,8.745561495150056,8.745561495150056
Elastic Net,59.8,63.02188427863179,-3.2218842786317907,3.2218842786317907
Elastic Net,94.1,79.74172694735665,14.35827305264334,14.35827305264334
Elastic Net,55.5,64.9272913363115,-9.427291336311498,9.427291336311498
Elastic Net,56.0,54.85082465104792,1.1491753489520775,1.1491753489520775
Elastic Net,100.0,74.90776872429825,25.09223127570175,25.09223127570175
Elastic Net,51.9,74.50253589756407,-22.602535897564074,22.602535897564074
Elastic Net,39.2,51.94995885375686,-12.749958853756858,12.749958853756858
Elastic Net,70.1,68.42141488351814,1.6785851164818553,1.6785851164818553
Elastic Net,62.0,66.4212257632344,-4.421225763234403,4.421225763234403
Elastic Net,74.6,68.17299601935426,6.427003980645736,6.427003980645736
Elastic Net,89.1,57.30892892945941,31.791071070540582,31.791071070540582
Elastic Net,66.1,55.581024205228445,10.51897579477155,10.51897579477155
Elastic Net,73.8,70.62106539372489,3.1789346062751065,3.1789346062751065
Elastic Net,58.3,59.2282809571707,-0.9282809571707062,0.9282809571707062
Elastic Net,69.9,62.52834651228514,7.371653487714866,7.371653487714866
Elastic Net,59.7,59.09546445493768,0.6045355450623262,0.6045355450623262
Elastic Net,74.0,65.14497836053548,8.855021639464525,8.855021639464525
Elastic Net,88.7,85.4601839957251,3.2398160042749,3.2398160042749
Elastic Net,33.4,63.964622384189695,-30.564622384189697,30.564622384189697
Elastic Net,67.3,64.30213807204572,2.9978619279542755,2.9978619279542755
Elastic Net,51.8,76.20852516055128,-24.408525160551278,24.408525160551278
Elastic Net,83.0,86.60915943206369,-3.6091594320636915,3.6091594320636915
Elastic Net,65.2,74.0577507918898,-8.8577507918898,8.8577507918898
Elastic Net,57.0,59.427304978108346,-2.427304978108346,2.427304978108346
Elastic Net,100.0,83.32520766100157,16.67479233899843,16.67479233899843
Elastic Net,58.9,71.40204646269935,-12.502046462699347,12.502046462699347
Elastic Net,92.3,76.04511875427333,16.254881245726665,16.254881245726665
Elastic Net,47.8,57.28856295942782,-9.488562959427824,9.488562959427824
Elastic Net,76.0,63.35610205999837,12.64389794000163,12.64389794000163
Elastic Net,55.3,70.76243444550455,-15.462434445504556,15.462434445504556
Elastic Net,48.4,61.14927734105949,-12.74927734105949,12.74927734105949
Elastic Net,49.9,65.61898551623061,-15.71898551623061,15.71898551623061
Elastic Net,33.4,57.464801190043424,-24.064801190043426,24.064801190043426
Elastic Net,75.0,62.031522146346624,12.968477853653376,12.968477853653376
Elastic Net,85.1,80.42084077853059,4.679159221469405,4.679159221469405
Elastic Net,80.1,62.88126666325841,17.218733336741586,17.218733336741586
Elastic Net,61.2,69.23719767333172,-8.037197673331718,8.037197673331718
Elastic Net,65.1,70.07715759543585,-4.977157595435855,4.977157595435855
Elastic Net,71.6,66.81689568462032,4.783104315379674,4.783104315379674
Elastic Net,78.1,74.66655693344849,3.4334430665515043,3.4334430665515043
Elastic Net,99.1,67.03965841007087,32.06034158992912,32.06034158992912
Elastic Net,71.6,60.13915770339318,11.460842296606813,11.460842296606813
Elastic Net,61.7,72.21818741323928,-10.518187413239275,10.518187413239275
Elastic Net,77.1,78.49419366341975,-1.394193663419756,1.394193663419756
Elastic Net,55.4,79.32254613958108,-23.92254613958108,23.92254613958108
Elastic Net,64.5,72.17688722263688,-7.6768872226368785,7.6768872226368785
Elastic Net,52.5,56.444197177061326,-3.9441971770613264,3.9441971770613264
Elastic Net,54.7,67.55470889792143,-12.854708897921427,12.854708897921427
Elastic Net,94.9,55.58696583628517,39.31303416371484,39.31303416371484
Elastic Net,66.8,65.17838112035663,1.6216188796433642,1.6216188796433642
Elastic Net,55.6,54.809466913683714,0.7905330863162874,0.7905330863162874
Elastic Net,64.4,70.27928872886443,-5.879288728864424,5.879288728864424
Elastic Net,82.0,72.31963447123158,9.68036552876842,9.68036552876842
Elastic Net,77.9,68.46720568563397,9.432794314366035,9.432794314366035
Elastic Net,68.3,76.14674070984131,-7.846740709841313,7.846740709841313
Elastic Net,62.9,63.83151453766794,-0.9315145376679439,0.9315145376679439
Elastic Net,74.2,58.50641650869757,15.693583491302434,15.693583491302434
Elastic Net,79.6,62.19514921670301,17.404850783296986,17.404850783296986
Elastic Net,79.9,73.32783508486064,6.572164915139368,6.572164915139368
Elastic Net,58.0,60.403241915590215,-2.4032419155902147,2.4032419155902147
Elastic Net,53.3,58.29114482422733,-4.991144824227334,4.991144824227334
Elastic Net,46.2,53.10291850678404,-6.90291850678404,6.90291850678404
Elastic Net,46.7,50.781118561934974,-4.0811185619349715,4.0811185619349715
Elastic Net,74.4,82.8650250649663,-8.465025064966298,8.465025064966298
Elastic Net,100.0,89.54002184934299,10.459978150657008,10.459978150657008
Elastic Net,55.9,62.803482487461125,-6.903482487461126,6.903482487461126
Elastic Net,83.3,72.19190049574445,11.108099504255549,11.108099504255549
Elastic Net,65.9,62.74030293300497,3.1596970669950366,3.1596970669950366
Elastic Net,77.2,57.33673996719977,19.863260032800234,19.863260032800234
Elastic Net,100.0,90.17973760915241,9.820262390847589,9.820262390847589
Elastic Net,74.0,82.10622398004709,-8.10622398004709,8.10622398004709
Elastic Net,29.5,47.34669848103813,-17.846698481038132,17.846698481038132
Elastic Net,93.8,85.25521913026508,8.544780869734922,8.544780869734922
Elastic Net,100.0,85.78435232776174,14.215647672238262,14.215647672238262
Elastic Net,50.3,48.68498266909255,1.615017330907449,1.615017330907449
Elastic Net,82.4,70.39346186705791,12.006538132942097,12.006538132942097
Elastic Net,92.6,87.79257372801452,4.807426271985477,4.807426271985477
Elastic Net,55.9,72.72045224789524,-16.82045224789524,16.82045224789524
Elastic Net,64.1,59.55043424731957,4.549565752680422,4.549565752680422
Elastic Net,68.9,71.03870267216365,-2.138702672163646,2.138702672163646
Elastic Net,62.3,45.81342295303237,16.486577046967625,16.486577046967625
Elastic Net,62.5,59.775308449651405,2.724691550348595,2.724691550348595
Elastic Net,38.9,50.279122047465336,-11.379122047465337,11.379122047465337
Elastic Net,100.0,75.52239995849897,24.477600041501034,24.477600041501034
Elastic Net,29.6,45.267960185779515,-15.667960185779513,15.667960185779513
Elastic Net,72.0,72.10345850414276,-0.1034585041427647,0.1034585041427647
Elastic Net,52.8,59.41678643988506,-6.616786439885061,6.616786439885061
Elastic Net,61.3,65.619262847601,-4.319262847600996,4.319262847600996
Elastic Net,80.3,76.50963516370399,3.790364836296007,3.790364836296007
Elastic Net,40.5,58.62099030360026,-18.12099030360026,18.12099030360026
Elastic Net,55.8,49.851176828651674,5.948823171348323,5.948823171348323
Elastic Net,65.0,61.22184635546973,3.7781536445302706,3.7781536445302706
Elastic Net,73.0,73.15565944666982,-0.1556594466698158,0.1556594466698158
Elastic Net,56.2,54.9866281603711,1.2133718396289055,1.2133718396289055
Elastic Net,60.9,63.474768880258836,-2.574768880258837,2.574768880258837
Elastic Net,46.6,58.94320764470039,-12.343207644700385,12.343207644700385
Elastic Net,62.9,71.07272886358814,-8.17272886358814,8.17272886358814
Elastic Net,59.0,62.82450259979052,-3.82450259979052,3.82450259979052
Elastic Net,51.1,56.337112447475526,-5.237112447475525,5.237112447475525
Elastic Net,36.9,46.83600927361242,-9.93600927361242,9.93600927361242
Elastic Net,71.8,71.71983253278746,0.08016746721253298,0.08016746721253298
Elastic Net,45.2,44.33192312275745,0.8680768772425509,0.8680768772425509
Elastic Net,53.1,72.41087139232178,-19.31087139232178,19.31087139232178
Elastic Net,98.1,92.27883007820856,5.821169921791437,5.821169921791437
Elastic Net,55.7,65.1347610903554,-9.434761090355394,9.434761090355394
Elastic Net,69.7,62.141998420412946,7.5580015795870565,7.5580015795870565
Elastic Net,70.3,78.08877256162017,-7.788772561620178,7.788772561620178
Elastic Net,31.2,61.331802971110164,-30.131802971110165,30.131802971110165
Elastic Net,46.6,66.35765880691416,-19.757658806914158,19.757658806914158
Elastic Net,72.5,61.48247915951639,11.017520840483613,11.017520840483613
Elastic Net,63.1,66.47397543983982,-3.3739754398398176,3.3739754398398176
Elastic Net,72.4,69.02322112760096,3.3767788723990435,3.3767788723990435
Elastic Net,79.0,64.45794384453043,14.542056155469567,14.542056155469567
Elastic Net,62.6,59.67554482380779,2.924455176192211,2.924455176192211
Elastic Net,99.3,76.72037795103795,22.57962204896205,22.57962204896205
Elastic Net,50.8,50.69353380142745,0.10646619857254791,0.10646619857254791
Elastic Net,63.0,58.983217773565585,4.016782226434415,4.016782226434415
Elastic Net,80.0,73.55724261715478,6.442757382845215,6.442757382845215
Elastic Net,66.9,60.76208035659901,6.137919643400998,6.137919643400998
Elastic Net,50.7,57.15199434539726,-6.45199434539726,6.45199434539726
Elastic Net,48.6,48.187665108019715,0.4123348919802865,0.4123348919802865
Elastic Net,75.4,72.59710241342322,2.8028975865767904,2.8028975865767904
Elastic Net,100.0,85.38471013378748,14.615289866212521,14.615289866212521
Elastic Net,58.0,61.934385704916615,-3.9343857049166147,3.9343857049166147
Elastic Net,70.9,69.03399931401104,1.8660006859889648,1.8660006859889648
Elastic Net,74.6,83.33742805564627,-8.737428055646276,8.737428055646276
Elastic Net,58.6,70.64929693243737,-12.049296932437365,12.049296932437365
Elastic Net,59.3,59.28815062132895,0.01184937867104452,0.01184937867104452
Elastic Net,86.1,75.76668472021561,10.333315279784387,10.333315279784387
Elastic Net,85.0,71.08721199561641,13.912788004383586,13.912788004383586
Elastic Net,84.8,71.7596227525417,13.040377247458295,13.040377247458295
Elastic Net,37.8,58.38442582446295,-20.584425824462954,20.584425824462954
Elastic Net,38.1,50.51419551587276,-12.414195515872755,12.414195515872755
Elastic Net,46.9,48.363394585897865,-1.4633945858978663,1.4633945858978663
Elastic Net,74.6,89.02693040460989,-14.426930404609891,14.426930404609891
Elastic Net,59.4,72.49922812087193,-13.099228120871935,13.099228120871935
Elastic Net,42.2,47.51042630103034,-5.31042630103034,5.31042630103034
Elastic Net,67.9,66.27315151437008,1.626848485629921,1.626848485629921
Elastic Net,55.9,55.905725717548535,-0.0057257175485361245,0.0057257175485361245
Elastic Net,71.6,73.89620361294999,-2.296203612949995,2.296203612949995
Elastic Net,65.8,76.05768032615357,-10.257680326153576,10.257680326153576
Elastic Net,73.6,55.52149912923868,18.078500870761317,18.078500870761317
Elastic Net,78.6,82.83492068835079,-4.2349206883507975,4.2349206883507975
Elastic Net,58.7,72.08329334371338,-13.383293343713376,13.383293343713376
Elastic Net,47.3,57.213709533581834,-9.913709533581837,9.913709533581837
Elastic Net,75.5,71.98496872256304,3.515031277436961,3.515031277436961
Elastic Net,49.7,75.82508321037943,-26.12508321037943,26.12508321037943
Elastic Net,54.7,57.113636001262144,-2.413636001262141,2.413636001262141
Elastic Net,46.1,45.70119160811501,0.39880839188499095,0.39880839188499095
Elastic Net,77.4,68.39502735935358,9.004972640646429,9.004972640646429
Elastic Net,49.4,58.63424343448333,-9.234243434483332,9.234243434483332
Elastic Net,30.9,50.00839148170333,-19.10839148170333,19.10839148170333
Elastic Net,49.3,60.72816646951392,-11.428166469513926,11.428166469513926
Elastic Net,65.6,69.64288842231774,-4.042888422317745,4.042888422317745
Elastic Net,30.7,53.64723813453037,-22.94723813453037,22.94723813453037
Elastic Net,48.3,47.78129529744977,0.5187047025502238,0.5187047025502238
Elastic Net,94.4,89.68158070879254,4.718419291207468,4.718419291207468
Elastic Net,88.5,69.4379820546205,19.062017945379495,19.062017945379495
Elastic Net,74.5,72.75370790934345,1.7462920906565529,1.7462920906565529
Elastic Net,27.7,47.3549684859852,-19.654968485985197,19.654968485985197
Elastic Net,88.4,81.21367866975307,7.18632133024694,7.18632133024694
Elastic Net,48.7,60.9614102714473,-12.261410271447296,12.261410271447296
Elastic Net,66.6,65.78979600548963,0.8102039945103598,0.8102039945103598
Elastic Net,81.3,68.23832655607389,13.06167344392611,13.06167344392611
Elastic Net,89.5,95.15064899634339,-5.650648996343392,5.650648996343392
Elastic Net,41.9,59.472769620259015,-17.572769620259017,17.572769620259017
Elastic Net,55.4,54.47905570761852,0.9209442923814777,0.9209442923814777
Elastic Net,73.6,56.45763730553814,17.142362694461852,17.142362694461852
Elastic Net,72.1,78.68094493135037,-6.580944931350373,6.580944931350373
Elastic Net,36.1,56.122568726212734,-20.022568726212732,20.022568726212732
Elastic Net,96.7,93.72086797883703,2.979132021162968,2.979132021162968
Elastic Net,29.2,57.85996265522545,-28.659962655225453,28.659962655225453
Elastic Net,99.7,87.93687501659402,11.763124983405987,11.763124983405987
Elastic Net,76.0,68.03739008948432,7.962609910515681,7.962609910515681
Elastic Net,48.6,72.02341332676593,-23.42341332676593,23.42341332676593
Elastic Net,70.4,67.59573896448913,2.8042610355108764,2.8042610355108764
Elastic Net,95.7,72.4016816822068,23.298318317793203,23.298318317793203
Elastic Net,56.7,57.562432630138225,-0.8624326301382226,0.8624326301382226
Elastic Net,54.0,60.931248927056025,-6.931248927056025,6.931248927056025
Elastic Net,82.9,75.64856258009858,7.251437419901421,7.251437419901421
Elastic Net,53.7,62.65797146564866,-8.957971465648654,8.957971465648654
Elastic Net,66.0,55.558750902288935,10.441249097711065,10.441249097711065
Elastic Net,71.2,63.515132404569066,7.684867595430937,7.684867595430937
Elastic Net,70.1,60.45713101048634,9.642868989513651,9.642868989513651
Elastic Net,66.7,52.96959644740575,13.730403552594254,13.730403552594254
Elastic Net,95.8,72.3122422087262,23.487757791273793,23.487757791273793
Elastic Net,38.8,51.041193044966725,-12.241193044966728,12.241193044966728
Elastic Net,79.9,72.41067078614658,7.4893292138534235,7.4893292138534235
Elastic Net,81.6,62.61018398121699,18.989816018783003,18.989816018783003
Elastic Net,59.1,78.32163771644669,-19.221637716446686,19.221637716446686
Elastic Net,57.4,64.86830114899931,-7.468301148999309,7.468301148999309
Elastic Net,34.3,56.0940623018285,-21.794062301828504,21.794062301828504
Elastic Net,68.5,71.89831382769509,-3.398313827695091,3.398313827695091
Elastic Net,87.1,71.32359779368298,15.776402206317016,15.776402206317016
Elastic Net,34.1,44.947637198557146,-10.847637198557145,10.847637198557145
Elastic Net,86.0,82.80267016428067,3.19732983571933,3.19732983571933
Elastic Net,61.6,54.08689882059301,7.513101179406995,7.513101179406995
Elastic Net,64.6,74.12656177668799,-9.526561776687998,9.526561776687998
Elastic Net,31.7,66.09601159169682,-34.39601159169682,34.39601159169682
Elastic Net,63.7,63.12178989838821,0.5782101016117949,0.5782101016117949
Elastic Net,68.1,56.127716642383035,11.97228335761696,11.97228335761696
Elastic Net,58.5,57.15016015704339,1.3498398429566123,1.3498398429566123
Elastic Net,81.1,69.78340261647625,11.316597383523742,11.316597383523742
Elastic Net,84.6,67.15436026425434,17.445639735745658,17.445639735745658
Elastic Net,77.7,67.41543972211751,10.284560277882491,10.284560277882491
Elastic Net,72.7,65.09603963836193,7.603960361638073,7.603960361638073
Elastic Net,69.2,72.69566428196003,-3.495664281960032,3.495664281960032
Elastic Net,68.8,48.778768221662034,20.021231778337963,20.021231778337963
Elastic Net,56.6,61.292861895196765,-4.6928618951967636,4.6928618951967636
Elastic Net,79.6,83.53185421967069,-3.931854219670697,3.931854219670697
Elastic Net,87.8,68.22769140760596,19.572308592394037,19.572308592394037
Elastic Net,60.6,58.27625297840437,2.3237470215956293,2.3237470215956293
Elastic Net,54.3,46.6986125516025,7.601387448397496,7.601387448397496
Elastic Net,83.1,86.99197866173033,-3.8919786617303345,3.8919786617303345
Elastic Net,43.5,59.54301446528252,-16.043014465282518,16.043014465282518
Elastic Net,78.3,61.298593316330106,17.00140668366989,17.00140668366989
Elastic Net,55.3,58.0797163676181,-2.7797163676181,2.7797163676181
Elastic Net,71.3,62.91308296977625,8.38691703022375,8.38691703022375
Elastic Net,71.5,72.06792428432864,-0.5679242843286403,0.5679242843286403
Elastic Net,70.2,85.69122886614304,-15.491228866143032,15.491228866143032
Elastic Net,94.0,78.94648294271856,15.05351705728144,15.05351705728144
Elastic Net,78.3,85.71273915285201,-7.412739152852012,7.412739152852012
Elastic Net,80.8,69.06287753073677,11.737122469263227,11.737122469263227
Elastic Net,73.1,58.07231721089116,15.027682789108837,15.027682789108837
Elastic Net,58.3,74.78802480206754,-16.488024802067542,16.488024802067542
Elastic Net,84.4,77.4723720850469,6.927627914953106,6.927627914953106
Elastic Net,80.2,74.35818196017463,5.84181803982537,5.84181803982537
Elastic Net,64.3,60.46570323962315,3.8342967603768443,3.8342967603768443
Elastic Net,67.9,65.62769092793496,2.272309072065042,2.272309072065042
Elastic Net,75.9,55.297714233959546,20.60228576604046,20.60228576604046
Elastic Net,69.5,57.6254410259851,11.874558974014903,11.874558974014903
Elastic Net,52.6,66.13437215128066,-13.534372151280657,13.534372151280657
Elastic Net,63.3,59.126237618308224,4.173762381691773,4.173762381691773
Elastic Net,46.3,53.23352912233653,-6.93352912233653,6.93352912233653
Elastic Net,49.1,65.06847462586649,-15.968474625866484,15.968474625866484
Elastic Net,59.0,64.06006456226042,-5.060064562260422,5.060064562260422
Elastic Net,79.9,72.82470497063588,7.075295029364128,7.075295029364128
Elastic Net,64.9,61.36845843397947,3.531541566020536,3.531541566020536
Elastic Net,57.7,70.79375907523745,-13.093759075237443,13.093759075237443
Elastic Net,9.4,53.434815265483465,-44.034815265483466,44.034815265483466
Elastic Net,74.1,67.05455624035812,7.04544375964187,7.04544375964187
Elastic Net,40.8,56.268951936972336,-15.468951936972339,15.468951936972339
Elastic Net,87.3,66.97578392475884,20.324216075241154,20.324216075241154
Elastic Net,70.9,77.01449018216907,-6.114490182169064,6.114490182169064
Elastic Net,88.7,67.7967028944108,20.903297105589203,20.903297105589203
Elastic Net,56.9,74.76711746068874,-17.86711746068874,17.86711746068874
Elastic Net,69.0,71.54667732415658,-2.546677324156576,2.546677324156576
Elastic Net,58.9,72.53565509795725,-13.635655097957248,13.635655097957248
Elastic Net,38.1,48.055713352028526,-9.955713352028525,9.955713352028525
Elastic Net,38.6,51.511020650150606,-12.911020650150604,12.911020650150604
Elastic Net,75.0,68.62192850024691,6.378071499753091,6.378071499753091
Elastic Net,64.9,59.156326750784004,5.743673249216002,5.743673249216002
Elastic Net,73.9,61.027665191242406,12.8723348087576,12.8723348087576
Elastic Net,58.8,61.267600786762664,-2.4676007867626666,2.4676007867626666
Elastic Net,58.1,65.53162596421431,-7.431625964214312,7.431625964214312
Elastic Net,33.7,68.71678579928736,-35.01678579928736,35.01678579928736
Elastic Net,35.3,72.84173360556933,-37.541733605569334,37.541733605569334
Elastic Net,55.9,61.47751414279812,-5.5775141427981225,5.5775141427981225
Elastic Net,48.5,52.061224674785905,-3.5612246747859047,3.5612246747859047
Elastic Net,40.4,65.19380688940285,-24.793806889402852,24.793806889402852
Elastic Net,100.0,78.13304949724576,21.866950502754236,21.866950502754236
Elastic Net,97.5,78.9969404415704,18.503059558429598,18.503059558429598
Elastic Net,52.3,66.89879173802406,-14.598791738024062,14.598791738024062
Elastic Net,84.6,77.49034730252454,7.109652697475454,7.109652697475454
Elastic Net,76.6,69.17754933969508,7.422450660304918,7.422450660304918
Elastic Net,87.1,72.62382932202911,14.476170677970885,14.476170677970885
Elastic Net,71.7,68.73884897451629,2.9611510254837157,2.9611510254837157
Elastic Net,89.9,68.35459149269,21.54540850731,21.54540850731
Elastic Net,80.9,61.01770706502674,19.882292934973265,19.882292934973265
Elastic Net,67.5,59.800348833898965,7.6996511661010345,7.6996511661010345
Elastic Net,45.3,69.00137671879449,-23.701376718794492,23.701376718794492
Elastic Net,74.0,70.29282358405136,3.707176415948638,3.707176415948638
Elastic Net,48.8,46.158225316519065,2.641774683480932,2.641774683480932
Elastic Net,61.0,66.33734466903347,-5.33734466903347,5.33734466903347
Elastic Net,51.1,66.79321902172683,-15.693219021726826,15.693219021726826
Elastic Net,64.8,70.78119588156707,-5.981195881567075,5.981195881567075
Elastic Net,72.9,56.30839611916187,16.591603880838136,16.591603880838136
Elastic Net,50.7,62.95077406918274,-12.25077406918274,12.25077406918274
Elastic Net,81.3,69.88932426465013,11.41067573534987,11.41067573534987
Elastic Net,41.5,42.977458501416706,-1.4774585014167059,1.4774585014167059
Elastic Net,47.9,72.7848708193493,-24.884870819349295,24.884870819349295
Elastic Net,61.6,54.36774269846312,7.232257301536883,7.232257301536883
Elastic Net,100.0,75.20568904841039,24.79431095158961,24.79431095158961
Elastic Net,60.2,63.00346447091862,-2.8034644709186196,2.8034644709186196
Elastic Net,68.0,69.48861330287728,-1.4886133028772832,1.4886133028772832
Elastic Net,50.5,69.53647183400103,-19.036471834001034,19.036471834001034
Elastic Net,79.9,84.05687187820591,-4.156871878205905,4.156871878205905
Elastic Net,58.1,62.95791443493708,-4.857914434937079,4.857914434937079
Elastic Net,63.1,61.55453605561614,1.5454639443838616,1.5454639443838616
Elastic Net,58.9,67.40554694223214,-8.505546942232137,8.505546942232137
Elastic Net,55.7,52.98434513097541,2.71565486902459,2.71565486902459
Elastic Net,66.9,71.70597550317439,-4.8059755031743805,4.8059755031743805
Elastic Net,41.7,49.730146615059766,-8.030146615059763,8.030146615059763
Elastic Net,71.5,70.02022485929211,1.4797751407078863,1.4797751407078863
Elastic Net,65.1,78.7214459028316,-13.62144590283161,13.62144590283161
Elastic Net,55.3,65.52789128028583,-10.227891280285831,10.227891280285831
Elastic Net,91.3,73.22264399892909,18.07735600107091,18.07735600107091
Elastic Net,100.0,61.113080684605166,38.886919315394834,38.886919315394834
Elastic Net,64.9,51.43621160385041,13.463788396149596,13.463788396149596
Elastic Net,40.1,84.24025467110692,-44.14025467110692,44.14025467110692
Elastic Net,100.0,84.12847685456302,15.871523145436981,15.871523145436981
Elastic Net,47.0,55.66481261405124,-8.664812614051243,8.664812614051243
Elastic Net,90.4,71.99618189014897,18.40381810985103,18.40381810985103
Elastic Net,58.4,55.33551490341507,3.0644850965849315,3.0644850965849315
Elastic Net,78.1,77.95040408136599,0.1495959186340059,0.1495959186340059
Elastic Net,73.8,80.35965554024693,-6.559655540246936,6.559655540246936
Elastic Net,53.9,56.84993832658955,-2.949938326589553,2.949938326589553
Elastic Net,67.1,65.44720759071869,1.6527924092813038,1.6527924092813038
Elastic Net,62.2,67.55982893718024,-5.3598289371802394,5.3598289371802394
Elastic Net,45.5,57.86563310409481,-12.365633104094812,12.365633104094812
Elastic Net,53.3,78.68953256968905,-25.389532569689052,25.389532569689052
Elastic Net,85.6,73.87410976219175,11.725890237808244,11.725890237808244
Elastic Net,59.0,75.99704139249323,-16.99704139249323,16.99704139249323
Elastic Net,63.6,65.45038191358299,-1.8503819135829858,1.8503819135829858
Elastic Net,56.9,56.026931181035316,0.8730688189646827,0.8730688189646827
Elastic Net,60.1,73.38768917331382,-13.287689173313815,13.287689173313815
Elastic Net,100.0,75.51805214953606,24.48194785046394,24.48194785046394
Elastic Net,56.9,53.941212887790684,2.958787112209315,2.958787112209315
Elastic Net,100.0,85.21546536742169,14.784534632578314,14.784534632578314
Elastic Net,82.2,72.98950933018547,9.210490669814533,9.210490669814533
Elastic Net,77.6,62.333502402031236,15.266497597968758,15.266497597968758
Elastic Net,81.8,53.498361093764125,28.301638906235873,28.301638906235873
Elastic Net,80.9,82.23866702822123,-1.3386670282212236,1.3386670282212236
Elastic Net,67.5,61.74581342215661,5.754186577843392,5.754186577843392
Elastic Net,75.8,47.91302250327852,27.886977496721478,27.886977496721478
Elastic Net,74.0,67.47017429809777,6.529825701902226,6.529825701902226
Elastic Net,47.4,50.90957913020708,-3.5095791302070793,3.5095791302070793
Elastic Net,70.7,83.70267237762421,-13.002672377624208,13.002672377624208
Elastic Net,84.1,83.19064046813767,0.9093595318623215,0.9093595318623215
Elastic Net,55.9,58.79143128695231,-2.8914312869523116,2.8914312869523116
Elastic Net,84.5,64.60730752439534,19.89269247560466,19.89269247560466
Elastic Net,40.4,60.399156156696826,-19.999156156696827,19.999156156696827
Elastic Net,70.3,64.79147474383794,5.508525256162059,5.508525256162059
Elastic Net,72.6,75.31443973804966,-2.7144397380496628,2.7144397380496628
Elastic Net,43.4,43.06608384760987,0.33391615239013106,0.33391615239013106
Decision Tree,69.0,53.314285714285724,15.685714285714276,15.685714285714276
Decision Tree,81.6,73.00937499999999,8.590625000000003,8.590625000000003
Decision Tree,63.1,64.68726513569942,-1.5872651356994183,1.5872651356994183
Decision Tree,89.3,70.6122023809524,18.6877976190476,18.6877976190476
Decision Tree,49.6,47.78857142857143,1.8114285714285714,1.8114285714285714
Decision Tree,44.5,55.18531468531467,-10.685314685314673,10.685314685314673
Decision Tree,63.5,78.87200000000001,-15.372000000000014,15.372000000000014
Decision Tree,74.6,78.43561643835609,-3.835616438356098,3.835616438356098
Decision Tree,54.6,63.00046296296293,-8.400462962962926,8.400462962962926
Decision Tree,84.3,70.9237623762376,13.376237623762393,13.376237623762393
Decision Tree,98.1,59.95695906432747,38.14304093567252,38.14304093567252
Decision Tree,64.8,63.0808219178082,1.719178082191796,1.719178082191796
Decision Tree,45.4,58.67982062780269,-13.279820627802692,13.279820627802692
Decision Tree,48.0,72.31333333333333,-24.313333333333333,24.313333333333333
Decision Tree,58.3,63.82244897959183,-5.522448979591836,5.522448979591836
Decision Tree,26.4,59.95695906432747,-33.55695906432747,33.55695906432747
Decision Tree,66.9,71.88000000000001,-4.980000000000004,4.980000000000004
Decision Tree,52.9,59.95695906432747,-7.056959064327472,7.056959064327472
Decision Tree,64.5,62.864,1.6360000000000028,1.6360000000000028
Decision Tree,46.6,51.77890909090911,-5.178909090909109,5.178909090909109
Decision Tree,66.5,73.00937499999999,-6.5093749999999915,6.5093749999999915
Decision Tree,41.3,50.22105263157896,-8.92105263157896,8.92105263157896
Decision Tree,40.5,55.946938775510205,-15.446938775510205,15.446938775510205
Decision Tree,90.8,83.98863636363636,6.811363636363637,6.811363636363637
Decision Tree,74.2,77.58623188405797,-3.3862318840579633,3.3862318840579633
Decision Tree,99.4,73.70000000000002,25.69999999999999,25.69999999999999
Decision Tree,68.1,86.08444444444444,-17.98444444444445,17.98444444444445
Decision Tree,40.0,54.05476190476192,-14.054761904761918,14.054761904761918
Decision Tree,58.4,60.15333333333332,-1.7533333333333232,1.7533333333333232
Decision Tree,63.6,68.10400000000001,-4.504000000000012,4.504000000000012
Decision Tree,75.1,57.31538461538462,17.78461538461537,17.78461538461537
Decision Tree,72.8,59.95695906432747,12.843040935672526,12.843040935672526
Decision Tree,46.4,64.51408450704227,-18.11408450704227,18.11408450704227
Decision Tree,50.9,72.48800000000001,-21.588000000000015,21.588000000000015
Decision Tree,66.0,76.01304347826088,-10.013043478260883,10.013043478260883
Decision Tree,63.0,75.85135135135133,-12.851351351351326,12.851351351351326
Decision Tree,80.2,78.43561643835609,1.7643835616439105,1.7643835616439105
Decision Tree,75.2,59.95695906432747,15.243040935672532,15.243040935672532
Decision Tree,63.5,73.3,-9.799999999999997,9.799999999999997
Decision Tree,37.0,53.682035928143755,-16.682035928143755,16.682035928143755
Decision Tree,54.7,62.90317460317457,-8.203174603174567,8.203174603174567
Decision Tree,67.9,69.2032258064516,-1.303225806451593,1.303225806451593
Decision Tree,84.8,84.92592592592594,-0.12592592592594087,0.12592592592594087
Decision Tree,73.1,55.754022988505746,17.34597701149425,17.34597701149425
Decision Tree,99.1,68.16666666666667,30.933333333333323,30.933333333333323
Decision Tree,72.2,70.9237623762376,1.2762376237623982,1.2762376237623982
Decision Tree,93.9,72.08378378378376,21.816216216216247,21.816216216216247
Decision Tree,68.8,55.152499999999996,13.6475,13.6475
Decision Tree,61.8,69.31891891891894,-7.518918918918942,7.518918918918942
Decision Tree,39.5,59.64070796460181,-20.14070796460181,20.14070796460181
Decision Tree,53.9,48.32380952380952,5.576190476190476,5.576190476190476
Decision Tree,55.7,72.24449339207045,-16.54449339207045,16.54449339207045
Decision Tree,46.8,58.67982062780269,-11.879820627802694,11.879820627802694
Decision Tree,94.1,72.7892857142857,21.310714285714297,21.310714285714297
Decision Tree,56.2,51.13543689320388,5.064563106796122,5.064563106796122
Decision Tree,75.3,63.54782608695652,11.752173913043478,11.752173913043478
Decision Tree,83.9,67.39259259259259,16.507407407407413,16.507407407407413
Decision Tree,65.3,66.7859872611465,-1.485987261146505,1.485987261146505
Decision Tree,71.5,61.986666666666665,9.513333333333335,9.513333333333335
Decision Tree,73.5,66.7859872611465,6.714012738853498,6.714012738853498
Decision Tree,40.5,70.17924528301884,-29.679245283018844,29.679245283018844
Decision Tree,28.7,48.894736842105274,-20.194736842105275,20.194736842105275
Decision Tree,35.3,66.90851063829788,-31.608510638297886,31.608510638297886
Decision Tree,82.2,72.16595744680849,10.034042553191512,10.034042553191512
Decision Tree,39.3,49.0075,-9.707500000000003,9.707500000000003
Decision Tree,83.8,79.50952380952381,4.290476190476184,4.290476190476184
Decision Tree,67.4,66.7859872611465,0.6140127388535035,0.6140127388535035
Decision Tree,33.2,64.27600000000001,-31.076000000000008,31.076000000000008
Decision Tree,49.5,53.314285714285724,-3.814285714285724,3.814285714285724
Decision Tree,47.1,55.47575757575757,-8.375757575757568,8.375757575757568
Decision Tree,71.0,61.332,9.668,9.668
Decision Tree,75.5,81.27222222222221,-5.7722222222222115,5.7722222222222115
Decision Tree,74.1,78.39999999999999,-4.299999999999997,4.299999999999997
Decision Tree,82.5,51.61578947368421,30.88421052631579,30.88421052631579
Decision Tree,84.1,66.7859872611465,17.314012738853492,17.314012738853492
Decision Tree,38.5,75.22592592592592,-36.72592592592592,36.72592592592592
Decision Tree,87.6,72.24449339207045,15.355506607929541,15.355506607929541
Decision Tree,48.8,66.7859872611465,-17.985987261146505,17.985987261146505
Decision Tree,78.2,57.91891891891892,20.281081081081084,20.281081081081084
Decision Tree,74.9,72.24449339207045,2.655506607929553,2.655506607929553
Decision Tree,42.9,40.36071428571429,2.539285714285711,2.539285714285711
Decision Tree,66.7,73.71315789473685,-7.01315789473685,7.01315789473685
Decision Tree,86.5,84.0352941176471,2.464705882352902,2.464705882352902
Decision Tree,74.9,72.45714285714287,2.442857142857136,2.442857142857136
Decision Tree,68.6,62.90317460317457,5.6968253968254245,5.6968253968254245
Decision Tree,45.8,70.6122023809524,-24.8122023809524,24.8122023809524
Decision Tree,59.7,53.682035928143755,6.017964071856248,6.017964071856248
Decision Tree,63.8,36.67407407407408,27.12592592592592,27.12592592592592
Decision Tree,38.3,49.865384615384606,-11.565384615384609,11.565384615384609
Decision Tree,54.1,68.2030726256983,-14.103072625698296,14.103072625698296
Decision Tree,41.2,53.89767441860466,-12.697674418604656,12.697674418604656
Decision Tree,62.4,64.48800000000001,-2.088000000000015,2.088000000000015
Decision Tree,44.6,59.95695906432747,-15.35695906432747,15.35695906432747
Decision Tree,44.8,52.228,-7.428000000000004,7.428000000000004
Decision Tree,38.4,47.819354838709685,-9.419354838709687,9.419354838709687
Decision Tree,76.2,80.44242424242422,-4.242424242424221,4.242424242424221
Decision Tree,61.0,81.99411764705883,-20.99411764705883,20.99411764705883
Decision Tree,71.5,70.17924528301884,1.3207547169811562,1.3207547169811562
Decision Tree,86.2,59.64070796460181,26.559292035398194,26.559292035398194
Decision Tree,65.1,80.04193548387096,-14.941935483870964,14.941935483870964
Decision Tree,79.6,50.639548022598866,28.960451977401128,28.960451977401128
Decision Tree,83.6,78.43561643835609,5.164383561643902,5.164383561643902
Decision Tree,58.2,79.4575,-21.257499999999993,21.257499999999993
Decision Tree,83.0,73.00937499999999,9.990625000000009,9.990625000000009
Decision Tree,82.6,69.36111111111113,13.238888888888866,13.238888888888866
Decision Tree,53.8,62.90317460317457,-9.103174603174573,9.103174603174573
Decision Tree,31.1,60.64942084942086,-29.549420849420862,29.549420849420862
Decision Tree,49.4,63.0808219178082,-13.680821917808203,13.680821917808203
Decision Tree,64.4,56.11458333333335,8.285416666666656,8.285416666666656
Decision Tree,37.6,59.95695906432747,-22.35695906432747,22.35695906432747
Decision Tree,65.3,63.647500000000015,1.652499999999982,1.652499999999982
Decision Tree,70.5,65.6595744680851,4.840425531914903,4.840425531914903
Decision Tree,99.6,83.11081081081082,16.489189189189176,16.489189189189176
Decision Tree,61.3,55.152499999999996,6.147500000000001,6.147500000000001
Decision Tree,71.8,49.865384615384606,21.93461538461539,21.93461538461539
Decision Tree,74.3,72.89722222222224,1.4027777777777573,1.4027777777777573
Decision Tree,66.7,70.9237623762376,-4.223762376237602,4.223762376237602
Decision Tree,72.7,83.3777777777778,-10.677777777777791,10.677777777777791
Decision Tree,56.1,56.36486486486486,-0.2648648648648617,0.2648648648648617
Decision Tree,46.6,63.54782608695652,-16.947826086956518,16.947826086956518
Decision Tree,53.9,57.00909090909092,-3.1090909090909236,3.1090909090909236
Decision Tree,42.0,49.59523809523811,-7.595238095238109,7.595238095238109
Decision Tree,65.2,61.986666666666665,3.2133333333333383,3.2133333333333383
Decision Tree,98.9,60.59999999999998,38.300000000000026,38.300000000000026
Decision Tree,72.2,60.644444444444446,11.555555555555557,11.555555555555557
Decision Tree,93.1,86.06785714285715,7.032142857142844,7.032142857142844
Decision Tree,51.6,51.77890909090911,-0.17890909090910867,0.17890909090910867
Decision Tree,70.3,67.80238095238094,2.497619047619054,2.497619047619054
Decision Tree,60.8,65.82286821705428,-5.022868217054281,5.022868217054281
Decision Tree,32.9,55.754022988505746,-22.854022988505747,22.854022988505747
Decision Tree,87.3,51.13543689320388,36.164563106796116,36.164563106796116
Decision Tree,46.6,59.95695906432747,-13.35695906432747,13.35695906432747
Decision Tree,88.0,76.50000000000001,11.499999999999986,11.499999999999986
Decision Tree,50.5,58.67982062780269,-8.179820627802691,8.179820627802691
Decision Tree,88.5,72.24449339207045,16.255506607929547,16.255506607929547
Decision Tree,34.2,58.20000000000001,-24.000000000000007,24.000000000000007
Decision Tree,68.2,71.34545454545457,-3.1454545454545695,3.1454545454545695
Decision Tree,55.4,72.08378378378376,-16.68378378378376,16.68378378378376
Decision Tree,65.5,66.7859872611465,-1.2859872611465022,1.2859872611465022
Decision Tree,55.6,66.90851063829788,-11.308510638297882,11.308510638297882
Decision Tree,62.8,73.7891891891892,-10.989189189189204,10.989189189189204
Decision Tree,81.4,71.05312500000001,10.346874999999997,10.346874999999997
Decision Tree,66.4,58.21428571428571,8.185714285714297,8.185714285714297
Decision Tree,51.4,60.64942084942086,-9.249420849420865,9.249420849420865
Decision Tree,50.7,68.9,-18.200000000000003,18.200000000000003
Decision Tree,59.0,71.65185185185184,-12.651851851851845,12.651851851851845
Decision Tree,63.1,67.36551724137931,-4.265517241379307,4.265517241379307
Decision Tree,100.0,95.03999999999998,4.960000000000022,4.960000000000022
Decision Tree,65.5,60.64942084942086,4.8505791505791365,4.8505791505791365
Decision Tree,79.3,65.72083333333335,13.579166666666652,13.579166666666652
Decision Tree,69.9,62.74999999999999,7.150000000000013,7.150000000000013
Decision Tree,57.6,51.72666666666666,5.873333333333342,5.873333333333342
Decision Tree,61.2,70.63333333333335,-9.433333333333351,9.433333333333351
Decision Tree,52.3,65.82286821705428,-13.522868217054281,13.522868217054281
Decision Tree,53.1,49.0075,4.092500000000001,4.092500000000001
Decision Tree,50.4,58.580079681274896,-8.180079681274897,8.180079681274897
Decision Tree,88.4,55.47575757575757,32.924242424242436,32.924242424242436
Decision Tree,87.1,65.34573643410852,21.754263565891478,21.754263565891478
Decision Tree,44.5,63.54782608695652,-19.04782608695652,19.04782608695652
Decision Tree,62.8,67.80238095238094,-5.002380952380946,5.002380952380946
Decision Tree,68.7,52.228,16.472,16.472
Decision Tree,82.2,58.67982062780269,23.520179372197312,23.520179372197312
Decision Tree,80.1,88.66842105263157,-8.568421052631578,8.568421052631578
Decision Tree,94.1,70.6122023809524,23.487797619047598,23.487797619047598
Decision Tree,79.5,66.42173913043479,13.078260869565213,13.078260869565213
Decision Tree,62.7,55.946938775510205,6.753061224489798,6.753061224489798
Decision Tree,100.0,59.95695906432747,40.04304093567253,40.04304093567253
Decision Tree,58.3,66.7859872611465,-8.485987261146505,8.485987261146505
Decision Tree,78.4,64.68726513569942,13.712734864300586,13.712734864300586
Decision Tree,77.5,67.156,10.343999999999994,10.343999999999994
Decision Tree,39.5,62.90317460317457,-23.40317460317457,23.40317460317457
Decision Tree,71.2,60.644444444444446,10.555555555555557,10.555555555555557
Decision Tree,73.4,81.56578947368419,-8.165789473684185,8.165789473684185
Decision Tree,97.7,59.87553191489363,37.824468085106375,37.824468085106375
Decision Tree,81.8,66.13888888888889,15.661111111111111,15.661111111111111
Decision Tree,66.4,66.88421052631578,-0.48421052631577766,0.48421052631577766
Decision Tree,56.0,54.323913043478264,1.6760869565217362,1.6760869565217362
Decision Tree,57.9,53.53963414634146,4.360365853658536,4.360365853658536
Decision Tree,72.6,74.04977375565612,-1.4497737556561248,1.4497737556561248
Decision Tree,52.6,69.2032258064516,-16.603225806451597,16.603225806451597
Decision Tree,62.6,41.713793103448275,20.886206896551727,20.886206896551727
Decision Tree,55.6,63.56944444444444,-7.9694444444444414,7.9694444444444414
Decision Tree,54.6,71.65185185185184,-17.051851851851843,17.051851851851843
Decision Tree,64.8,68.2030726256983,-3.4030726256983,3.4030726256983
Decision Tree,72.3,73.82033898305085,-1.5203389830508485,1.5203389830508485
Decision Tree,85.2,46.096875000000004,39.103125,39.103125
Decision Tree,50.2,66.7859872611465,-16.5859872611465,16.5859872611465
Decision Tree,60.7,59.95695906432747,0.743040935672532,0.743040935672532
Decision Tree,61.3,63.0074074074074,-1.707407407407402,1.707407407407402
Decision Tree,49.8,64.68726513569942,-14.887265135699423,14.887265135699423
Decision Tree,73.9,55.754022988505746,18.14597701149426,18.14597701149426
Decision Tree,41.0,55.18531468531467,-14.185314685314673,14.185314685314673
Decision Tree,79.2,58.67982062780269,20.520179372197312,20.520179372197312
Decision Tree,49.0,53.314285714285724,-4.314285714285724,4.314285714285724
Decision Tree,73.2,62.22853185595574,10.971468144044266,10.971468144044266
Decision Tree,67.8,36.67407407407408,31.12592592592592,31.12592592592592
Decision Tree,56.5,64.68726513569942,-8.18726513569942,8.18726513569942
Decision Tree,88.3,65.04827586206895,23.25172413793105,23.25172413793105
Decision Tree,53.9,75.22592592592592,-21.325925925925922,21.325925925925922
Decision Tree,92.0,45.14444444444444,46.85555555555556,46.85555555555556
Decision Tree,100.0,70.5,29.5,29.5
Decision Tree,66.3,59.87553191489363,6.424468085106369,6.424468085106369
Decision Tree,79.8,63.79032258064517,16.00967741935483,16.00967741935483
Decision Tree,95.9,74.04977375565612,21.850226244343887,21.850226244343887
Decision Tree,55.4,65.34573643410852,-9.945736434108518,9.945736434108518
Decision Tree,60.5,65.925,-5.424999999999997,5.424999999999997
Decision Tree,50.3,36.67407407407408,13.62592592592592,13.62592592592592
Decision Tree,95.1,62.90317460317457,32.196825396825425,32.196825396825425
Decision Tree,57.2,62.22853185595574,-5.028531855955734,5.028531855955734
Decision Tree,57.4,66.3027027027027,-8.902702702702705,8.902702702702705
Decision Tree,65.5,47.49230769230768,18.007692307692317,18.007692307692317
Decision Tree,93.4,66.325,27.075000000000003,27.075000000000003
Decision Tree,39.3,65.72083333333335,-26.42083333333335,26.42083333333335
Decision Tree,36.5,54.665942028985505,-18.165942028985505,18.165942028985505
Decision Tree,84.2,69.232,14.968000000000004,14.968000000000004
Decision Tree,61.2,42.593103448275855,18.606896551724148,18.606896551724148
Decision Tree,73.3,51.0181818181818,22.281818181818196,22.281818181818196
Decision Tree,44.6,46.800000000000004,-2.200000000000003,2.200000000000003
Decision Tree,47.2,55.53200000000001,-8.332000000000008,8.332000000000008
Decision Tree,81.5,76.24285714285715,5.257142857142853,5.257142857142853
Decision Tree,45.7,63.79032258064517,-18.090322580645164,18.090322580645164
Decision Tree,72.9,51.13543689320388,21.764563106796125,21.764563106796125
Decision Tree,95.5,72.16595744680849,23.33404255319151,23.33404255319151
Decision Tree,85.2,66.325,18.875,18.875
Decision Tree,34.5,71.96153846153845,-37.46153846153845,37.46153846153845
Decision Tree,40.0,51.13543689320388,-11.135436893203881,11.135436893203881
Decision Tree,86.0,49.13999999999999,36.86000000000001,36.86000000000001
Decision Tree,56.5,50.89629629629629,5.603703703703708,5.603703703703708
Decision Tree,90.5,72.97529411764707,17.524705882352933,17.524705882352933
Decision Tree,52.9,55.754022988505746,-2.854022988505747,2.854022988505747
Decision Tree,90.9,77.6,13.300000000000011,13.300000000000011
Decision Tree,70.3,76.24285714285715,-5.94285714285715,5.94285714285715
Decision Tree,46.5,53.32320000000001,-6.823200000000007,6.823200000000007
Decision Tree,80.7,57.25,23.450000000000003,23.450000000000003
Decision Tree,70.7,70.5,0.20000000000000284,0.20000000000000284
Decision Tree,74.8,58.21428571428571,16.58571428571429,16.58571428571429
Decision Tree,45.7,53.53963414634146,-7.83963414634146,7.83963414634146
Decision Tree,100.0,66.48,33.519999999999996,33.519999999999996
Decision Tree,61.0,49.431999999999995,11.568000000000005,11.568000000000005
Decision Tree,78.4,67.8,10.600000000000009,10.600000000000009
Decision Tree,73.0,86.08444444444444,-13.084444444444443,13.084444444444443
Decision Tree,49.9,59.95695906432747,-10.056959064327472,10.056959064327472
Decision Tree,64.4,70.9237623762376,-6.523762376237599,6.523762376237599
Decision Tree,94.3,64.68726513569942,29.612734864300577,29.612734864300577
Decision Tree,54.0,66.42173913043479,-12.421739130434787,12.421739130434787
Decision Tree,55.3,80.68846153846154,-25.38846153846154,25.38846153846154
Decision Tree,81.8,73.04400000000001,8.755999999999986,8.755999999999986
Decision Tree,78.1,62.22853185595574,15.871468144044258,15.871468144044258
Decision Tree,83.0,71.34545454545457,11.654545454545428,11.654545454545428
Decision Tree,59.3,67.80238095238094,-8.502380952380946,8.502380952380946
Decision Tree,42.8,65.82286821705428,-23.02286821705428,23.02286821705428
Decision Tree,72.8,84.92592592592594,-12.12592592592594,12.12592592592594
Decision Tree,69.5,53.682035928143755,15.817964071856245,15.817964071856245
Decision Tree,52.2,59.40370370370369,-7.203703703703688,7.203703703703688
Decision Tree,67.1,76.9793103448276,-9.879310344827601,9.879310344827601
Decision Tree,73.5,57.38823529411765,16.11176470588235,16.11176470588235
Decision Tree,63.0,73.80217391304349,-10.80217391304349,10.80217391304349
Decision Tree,47.8,55.754022988505746,-7.9540229885057485,7.9540229885057485
Decision Tree,100.0,95.03999999999998,4.960000000000022,4.960000000000022
Decision Tree,64.5,61.986666666666665,2.5133333333333354,2.5133333333333354
Decision Tree,50.5,61.986666666666665,-11.486666666666665,11.486666666666665
Decision Tree,74.8,83.30000000000001,-8.500000000000014,8.500000000000014
Decision Tree,85.0,69.36111111111113,15.638888888888872,15.638888888888872
Decision Tree,81.1,62.90317460317457,18.196825396825425,18.196825396825425
Decision Tree,100.0,58.81034482758622,41.18965517241378,41.18965517241378
Decision Tree,44.5,71.34545454545457,-26.845454545454572,26.845454545454572
Decision Tree,42.4,51.13543689320388,-8.735436893203882,8.735436893203882
Decision Tree,91.0,64.51408450704227,26.48591549295773,26.48591549295773
Decision Tree,51.4,47.30909090909091,4.090909090909086,4.090909090909086
Decision Tree,100.0,77.40588235294118,22.594117647058823,22.594117647058823
Decision Tree,69.1,81.99411764705883,-12.894117647058835,12.894117647058835
Decision Tree,81.3,76.50000000000001,4.799999999999983,4.799999999999983
Decision Tree,51.8,60.59999999999998,-8.799999999999983,8.799999999999983
Decision Tree,45.6,55.78333333333333,-10.18333333333333,10.18333333333333
Decision Tree,54.9,51.61578947368421,3.284210526315789,3.284210526315789
Decision Tree,79.4,63.82244897959183,15.577551020408173,15.577551020408173
Decision Tree,70.5,69.44545454545454,1.0545454545454618,1.0545454545454618
Decision Tree,72.2,66.325,5.875,5.875
Decision Tree,97.4,88.19642857142856,9.20357142857145,9.20357142857145
Decision Tree,65.8,58.67982062780269,7.120179372197306,7.120179372197306
Decision Tree,37.5,51.13543689320388,-13.635436893203881,13.635436893203881
Decision Tree,49.0,49.0075,-0.007500000000000284,0.007500000000000284
Decision Tree,66.1,59.87553191489363,6.224468085106366,6.224468085106366
Decision Tree,47.5,67.80238095238094,-20.302380952380943,20.302380952380943
Decision Tree,86.3,78.25714285714285,8.042857142857144,8.042857142857144
Decision Tree,76.8,68.10400000000001,8.695999999999984,8.695999999999984
Decision Tree,71.2,72.97529411764707,-1.7752941176470642,1.7752941176470642
Decision Tree,31.1,85.93599999999998,-54.83599999999998,54.83599999999998
Decision Tree,64.3,62.90317460317457,1.3968253968254274,1.3968253968254274
Decision Tree,67.3,59.95695906432747,7.343040935672526,7.343040935672526
Decision Tree,95.8,62.90317460317457,32.89682539682543,32.89682539682543
Decision Tree,95.4,62.90317460317457,32.496825396825436,32.496825396825436
Decision Tree,65.7,53.53963414634146,12.16036585365854,12.16036585365854
Decision Tree,22.5,59.95695906432747,-37.45695906432747,37.45695906432747
Decision Tree,93.4,63.54782608695652,29.852173913043487,29.852173913043487
Decision Tree,63.9,58.580079681274896,5.319920318725103,5.319920318725103
Decision Tree,61.1,74.3909090909091,-13.290909090909103,13.290909090909103
Decision Tree,61.5,62.90317460317457,-1.4031746031745698,1.4031746031745698
Decision Tree,59.2,76.67659574468084,-17.476595744680836,17.476595744680836
Decision Tree,71.8,73.80217391304349,-2.0021739130434923,2.0021739130434923
Decision Tree,62.3,60.64942084942086,1.6505791505791336,1.6505791505791336
Decision Tree,35.0,48.894736842105274,-13.894736842105274,13.894736842105274
Decision Tree,65.2,58.845161290322594,6.354838709677409,6.354838709677409
Decision Tree,83.6,66.46578947368421,17.134210526315783,17.134210526315783
Decision Tree,100.0,67.72903225806455,32.27096774193545,32.27096774193545
Decision Tree,72.3,65.94285714285712,6.357142857142875,6.357142857142875
Decision Tree,72.0,55.50256410256409,16.497435897435913,16.497435897435913
Decision Tree,56.3,59.95695906432747,-3.6569590643274736,3.6569590643274736
Decision Tree,78.4,59.95695906432747,18.443040935672535,18.443040935672535
Decision Tree,81.2,78.43561643835609,2.7643835616439105,2.7643835616439105
Decision Tree,33.6,40.99210526315789,-7.392105263157887,7.392105263157887
Decision Tree,61.4,62.90317460317457,-1.5031746031745712,1.5031746031745712
Decision Tree,88.3,64.51408450704227,23.785915492957727,23.785915492957727
Decision Tree,62.8,69.88936170212766,-7.089361702127661,7.089361702127661
Decision Tree,61.9,64.68726513569942,-2.787265135699421,2.787265135699421
Decision Tree,45.6,57.40930232558139,-11.809302325581392,11.809302325581392
Decision Tree,29.2,49.865384615384606,-20.665384615384607,20.665384615384607
Decision Tree,78.1,84.29500000000002,-6.195000000000022,6.195000000000022
Decision Tree,53.0,66.325,-13.325000000000003,13.325000000000003
Decision Tree,51.7,68.16666666666667,-16.46666666666667,16.46666666666667
Decision Tree,71.8,70.6122023809524,1.1877976190476005,1.1877976190476005
Decision Tree,49.5,48.57878787878788,0.9212121212121218,0.9212121212121218
Decision Tree,62.1,64.51408450704227,-2.4140845070422685,2.4140845070422685
Decision Tree,64.1,57.38823529411765,6.711764705882345,6.711764705882345
Decision Tree,55.6,53.682035928143755,1.9179640718562467,1.9179640718562467
Decision Tree,89.5,72.97529411764707,16.524705882352933,16.524705882352933
Decision Tree,46.0,51.77890909090911,-5.77890909090911,5.77890909090911
Decision Tree,80.7,74.86551724137931,5.834482758620695,5.834482758620695
Decision Tree,84.7,89.19444444444444,-4.49444444444444,4.49444444444444
Decision Tree,64.4,72.08378378378376,-7.683783783783753,7.683783783783753
Decision Tree,55.8,58.11666666666666,-2.316666666666663,2.316666666666663
Decision Tree,83.9,74.3232558139535,9.576744186046511,9.576744186046511
Decision Tree,49.1,61.49767441860467,-12.397674418604666,12.397674418604666
Decision Tree,85.2,64.68726513569942,20.512734864300583,20.512734864300583
Decision Tree,58.4,62.90317460317457,-4.503174603174571,4.503174603174571
Decision Tree,81.8,89.1,-7.299999999999997,7.299999999999997
Decision Tree,63.0,63.0808219178082,-0.08082191780820125,0.08082191780820125
Decision Tree,46.2,69.88936170212766,-23.689361702127655,23.689361702127655
Decision Tree,42.5,60.64942084942086,-18.149420849420864,18.149420849420864
Decision Tree,58.4,78.43561643835609,-20.035616438356094,20.035616438356094
Decision Tree,80.7,88.05483870967744,-7.354838709677438,7.354838709677438
Decision Tree,62.6,59.95695906432747,2.6430409356725306,2.6430409356725306
Decision Tree,72.8,71.65185185185184,1.1481481481481524,1.1481481481481524
Decision Tree,61.0,54.665942028985505,6.334057971014495,6.334057971014495
Decision Tree,50.9,50.22105263157896,0.6789473684210421,0.6789473684210421
Decision Tree,99.9,79.89574468085107,20.00425531914894,20.00425531914894
Decision Tree,40.7,58.580079681274896,-17.880079681274893,17.880079681274893
Decision Tree,49.1,59.17384615384615,-10.073846153846148,10.073846153846148
Decision Tree,100.0,68.16666666666667,31.83333333333333,31.83333333333333
Decision Tree,50.2,60.64942084942086,-10.44942084942086,10.44942084942086
Decision Tree,51.7,67.06486486486487,-15.36486486486487,15.36486486486487
Decision Tree,69.0,61.332,7.667999999999999,7.667999999999999
Decision Tree,89.9,88.19642857142856,1.7035714285714505,1.7035714285714505
Decision Tree,64.9,74.86551724137931,-9.965517241379303,9.965517241379303
Decision Tree,37.1,55.18531468531467,-18.08531468531467,18.08531468531467
Decision Tree,50.7,58.64523809523809,-7.945238095238089,7.945238095238089
Decision Tree,71.1,88.19642857142856,-17.09642857142856,17.09642857142856
Decision Tree,57.4,62.90317460317457,-5.503174603174571,5.503174603174571
Decision Tree,100.0,90.76666666666665,9.233333333333348,9.233333333333348
Decision Tree,44.1,62.90317460317457,-18.80317460317457,18.80317460317457
Decision Tree,73.6,72.24449339207045,1.3555066079295415,1.3555066079295415
Decision Tree,45.5,64.49199999999999,-18.99199999999999,18.99199999999999
Decision Tree,71.8,70.87297297297296,0.9270270270270373,0.9270270270270373
Decision Tree,54.2,58.21428571428571,-4.014285714285705,4.014285714285705
Decision Tree,78.6,66.7859872611465,11.814012738853492,11.814012738853492
Decision Tree,67.3,83.11081081081082,-15.810810810810821,15.810810810810821
Decision Tree,63.6,58.11666666666666,5.483333333333341,5.483333333333341
Decision Tree,60.0,88.05862068965519,-28.058620689655186,28.058620689655186
Decision Tree,55.8,67.80238095238094,-12.002380952380946,12.002380952380946
Decision Tree,30.4,56.36486486486486,-25.964864864864865,25.964864864864865
Decision Tree,64.4,60.64942084942086,3.750579150579142,3.750579150579142
Decision Tree,89.7,78.43561643835609,11.26438356164391,11.26438356164391
Decision Tree,71.8,79.50952380952381,-7.709523809523816,7.709523809523816
Decision Tree,80.6,67.72903225806455,12.870967741935445,12.870967741935445
Decision Tree,78.4,73.00937499999999,5.390625000000014,5.390625000000014
Decision Tree,60.4,62.22853185595574,-1.8285318559557382,1.8285318559557382
Decision Tree,100.0,77.67750000000001,22.32249999999999,22.32249999999999
Decision Tree,47.3,46.800000000000004,0.4999999999999929,0.4999999999999929
Decision Tree,79.7,73.04400000000001,6.655999999999992,6.655999999999992
Decision Tree,66.5,58.845161290322594,7.654838709677406,7.654838709677406
Decision Tree,72.5,52.70370370370371,19.79629629629629,19.79629629629629
Decision Tree,46.4,60.6875,-14.287500000000001,14.287500000000001
Decision Tree,89.1,86.06785714285715,3.032142857142844,3.032142857142844
Decision Tree,83.0,77.33043478260868,5.669565217391323,5.669565217391323
Decision Tree,66.3,60.64942084942086,5.650579150579134,5.650579150579134
Decision Tree,83.7,59.95695906432747,23.743040935672532,23.743040935672532
Decision Tree,83.4,61.472222222222236,21.92777777777777,21.92777777777777
Decision Tree,64.2,69.2032258064516,-5.003225806451596,5.003225806451596
Decision Tree,100.0,64.27600000000001,35.72399999999999,35.72399999999999
Decision Tree,69.2,63.0808219178082,6.119178082191802,6.119178082191802
Decision Tree,76.5,60.64942084942086,15.850579150579136,15.850579150579136
Decision Tree,53.9,86.08444444444444,-32.184444444444445,32.184444444444445
Decision Tree,65.8,58.682500000000005,7.117499999999993,7.117499999999993
Decision Tree,78.7,62.90317460317457,15.796825396825433,15.796825396825433
Decision Tree,66.4,73.00937499999999,-6.609374999999986,6.609374999999986
Decision Tree,67.2,66.7859872611465,0.41401273885350065,0.41401273885350065
Decision Tree,83.2,73.04400000000001,10.155999999999992,10.155999999999992
Decision Tree,83.0,62.90317460317457,20.09682539682543,20.09682539682543
Decision Tree,69.4,66.7859872611465,2.6140127388535035,2.6140127388535035
Decision Tree,52.6,74.24062499999998,-21.64062499999998,21.64062499999998
Decision Tree,63.0,65.82286821705428,-2.8228682170542783,2.8228682170542783
Decision Tree,83.2,82.65463917525776,0.5453608247422466,0.5453608247422466
Decision Tree,74.0,65.82286821705428,8.177131782945722,8.177131782945722
Decision Tree,94.8,79.50952380952381,15.290476190476184,15.290476190476184
Decision Tree,59.2,58.845161290322594,0.35483870967740927,0.35483870967740927
Decision Tree,38.4,64.68726513569942,-26.28726513569942,26.28726513569942
Decision Tree,62.0,60.59999999999998,1.40000000000002,1.40000000000002
Decision Tree,34.2,55.315625000000004,-21.115625,21.115625
Decision Tree,63.1,64.68726513569942,-1.5872651356994183,1.5872651356994183
Decision Tree,89.4,65.6595744680851,23.74042553191491,23.74042553191491
Decision Tree,28.3,51.42978723404255,-23.12978723404255,23.12978723404255
Decision Tree,39.5,51.77890909090911,-12.27890909090911,12.27890909090911
Decision Tree,84.3,69.31891891891894,14.981081081081058,14.981081081081058
Decision Tree,66.4,86.21249999999999,-19.812499999999986,19.812499999999986
Decision Tree,98.6,77.64318181818182,20.95681818181818,20.95681818181818
Decision Tree,94.9,58.580079681274896,36.31992031872511,36.31992031872511
Decision Tree,76.8,72.31333333333333,4.486666666666665,4.486666666666665
Decision Tree,59.5,75.06923076923077,-15.56923076923077,15.56923076923077
Decision Tree,48.3,74.04977375565612,-25.749773755656122,25.749773755656122
Decision Tree,72.7,65.76153846153846,6.938461538461539,6.938461538461539
Decision Tree,73.0,63.00046296296293,9.999537037037072,9.999537037037072
Decision Tree,66.5,70.9237623762376,-4.423762376237605,4.423762376237605
Decision Tree,47.5,53.682035928143755,-6.182035928143755,6.182035928143755
Decision Tree,60.9,79.50952380952381,-18.609523809523814,18.609523809523814
Decision Tree,59.7,55.754022988505746,3.945977011494257,3.945977011494257
Decision Tree,54.2,74.04977375565612,-19.849773755656116,19.849773755656116
Decision Tree,73.4,67.72903225806455,5.670967741935456,5.670967741935456
Decision Tree,72.9,79.09310344827587,-6.193103448275863,6.193103448275863
Decision Tree,28.6,41.85714285714287,-13.257142857142867,13.257142857142867
Decision Tree,62.2,59.95695906432747,2.243040935672532,2.243040935672532
Decision Tree,62.5,67.72903225806455,-5.229032258064549,5.229032258064549
Decision Tree,44.3,59.95695906432747,-15.656959064327474,15.656959064327474
Decision Tree,33.8,63.0074074074074,-29.207407407407402,29.207407407407402
Decision Tree,34.8,36.67407407407408,-1.8740740740740804,1.8740740740740804
Decision Tree,71.9,58.64523809523809,13.254761904761914,13.254761904761914
Decision Tree,60.8,65.82286821705428,-5.022868217054281,5.022868217054281
Decision Tree,77.5,65.81200000000001,11.687999999999988,11.687999999999988
Decision Tree,58.2,57.38823529411765,0.8117647058823536,0.8117647058823536
Decision Tree,69.6,83.30000000000001,-13.700000000000017,13.700000000000017
Decision Tree,66.1,62.90317460317457,3.1968253968254245,3.1968253968254245
Decision Tree,98.2,78.43561643835609,19.76438356164391,19.76438356164391
Decision Tree,80.8,65.59599999999999,15.204000000000008,15.204000000000008
Decision Tree,51.6,63.16000000000001,-11.56000000000001,11.56000000000001
Decision Tree,50.1,70.6122023809524,-20.512202380952395,20.512202380952395
Decision Tree,63.8,55.47575757575757,8.324242424242428,8.324242424242428
Decision Tree,58.5,46.800000000000004,11.699999999999996,11.699999999999996
Decision Tree,81.0,73.00937499999999,7.9906250000000085,7.9906250000000085
Decision Tree,97.2,66.88421052631578,30.31578947368422,30.31578947368422
Decision Tree,55.2,52.45869565217392,2.7413043478260803,2.7413043478260803
Decision Tree,54.5,51.13543689320388,3.364563106796119,3.364563106796119
Decision Tree,47.4,69.88936170212766,-22.48936170212766,22.48936170212766
Decision Tree,100.0,91.34999999999998,8.65000000000002,8.65000000000002
Decision Tree,71.4,88.05862068965519,-16.65862068965518,16.65862068965518
Decision Tree,51.6,48.32258064516131,3.277419354838692,3.277419354838692
Decision Tree,100.0,80.66041666666668,19.339583333333323,19.339583333333323
Decision Tree,42.5,54.665942028985505,-12.165942028985505,12.165942028985505
Decision Tree,56.8,62.22853185595574,-5.42853185595574,5.42853185595574
Decision Tree,25.6,52.79032258064517,-27.190322580645166,27.190322580645166
Decision Tree,74.9,60.59999999999998,14.300000000000026,14.300000000000026
Decision Tree,55.0,43.45000000000001,11.54999999999999,11.54999999999999
Decision Tree,65.9,70.17924528301884,-4.279245283018838,4.279245283018838
Decision Tree,75.9,73.71315789473685,2.1868421052631533,2.1868421052631533
Decision Tree,41.0,79.92045454545456,-38.92045454545456,38.92045454545456
Decision Tree,93.8,78.692,15.108000000000004,15.108000000000004
Decision Tree,48.4,66.7859872611465,-18.385987261146504,18.385987261146504
Decision Tree,53.7,68.16666666666667,-14.466666666666669,14.466666666666669
Decision Tree,51.0,63.00046296296293,-12.000462962962928,12.000462962962928
Decision Tree,30.4,58.03419354838713,-27.63419354838713,27.63419354838713
Decision Tree,55.8,58.11666666666666,-2.316666666666663,2.316666666666663
Decision Tree,88.8,89.19444444444444,-0.3944444444444457,0.3944444444444457
Decision Tree,83.7,65.82286821705428,17.877131782945725,17.877131782945725
Decision Tree,61.5,36.67407407407408,24.825925925925922,24.825925925925922
Decision Tree,73.7,61.16052631578946,12.539473684210542,12.539473684210542
Decision Tree,48.7,59.95695906432747,-11.256959064327468,11.256959064327468
Decision Tree,57.8,59.974999999999994,-2.174999999999997,2.174999999999997
Decision Tree,95.0,75.22666666666666,19.77333333333334,19.77333333333334
Decision Tree,76.2,70.6122023809524,5.587797619047606,5.587797619047606
Decision Tree,80.4,73.71315789473685,6.686842105263153,6.686842105263153
Decision Tree,94.6,67.72903225806455,26.870967741935445,26.870967741935445
Decision Tree,67.3,67.72903225806455,-0.42903225806455225,0.42903225806455225
Decision Tree,42.8,51.77890909090911,-8.978909090909113,8.978909090909113
Decision Tree,96.4,88.05862068965519,8.34137931034482,8.34137931034482
Decision Tree,46.8,58.64523809523809,-11.845238095238095,11.845238095238095
Decision Tree,76.6,70.9237623762376,5.67623762376239,5.67623762376239
Decision Tree,58.8,53.08148148148148,5.718518518518515,5.718518518518515
Decision Tree,43.9,59.95695906432747,-16.056959064327472,16.056959064327472
Decision Tree,59.5,62.76000000000001,-3.260000000000012,3.260000000000012
Decision Tree,82.5,74.04977375565612,8.450226244343881,8.450226244343881
Decision Tree,58.2,70.6122023809524,-12.412202380952394,12.412202380952394
Decision Tree,64.2,50.639548022598866,13.560451977401137,13.560451977401137
Decision Tree,82.5,62.90317460317457,19.59682539682543,19.59682539682543
Decision Tree,60.5,64.48800000000001,-3.9880000000000138,3.9880000000000138
Decision Tree,46.2,55.317857142857136,-9.117857142857133,9.117857142857133
Decision Tree,45.3,72.24449339207045,-26.944493392070456,26.944493392070456
Decision Tree,68.7,74.04977375565612,-5.349773755656116,5.349773755656116
Decision Tree,53.3,53.53963414634146,-0.23963414634146574,0.23963414634146574
Decision Tree,68.7,62.90317460317457,5.796825396825433,5.796825396825433
Decision Tree,56.6,58.845161290322594,-2.245161290322592,2.245161290322592
Decision Tree,58.9,62.22853185595574,-3.328531855955738,3.328531855955738
Decision Tree,88.9,74.3232558139535,14.576744186046511,14.576744186046511
Decision Tree,73.0,62.90317460317457,10.09682539682543,10.09682539682543
Decision Tree,51.2,59.95695906432747,-8.756959064327468,8.756959064327468
Decision Tree,81.8,68.16666666666667,13.633333333333326,13.633333333333326
Decision Tree,47.5,61.17227722772276,-13.672277227722759,13.672277227722759
Decision Tree,91.3,87.95128205128208,3.348717948717919,3.348717948717919
Decision Tree,78.9,70.87499999999999,8.02500000000002,8.02500000000002
Decision Tree,45.0,50.639548022598866,-5.639548022598866,5.639548022598866
Decision Tree,82.7,66.54074074074073,16.159259259259272,16.159259259259272
Decision Tree,70.5,75.82758620689656,-5.327586206896555,5.327586206896555
Decision Tree,65.8,69.85384615384613,-4.053846153846138,4.053846153846138
Decision Tree,65.9,64.51408450704227,1.3859154929577358,1.3859154929577358
Decision Tree,80.9,66.7859872611465,14.114012738853503,14.114012738853503
Decision Tree,32.1,50.34146341463415,-18.241463414634147,18.241463414634147
Decision Tree,69.8,62.90317460317457,6.896825396825427,6.896825396825427
Decision Tree,45.1,51.83714285714286,-6.737142857142857,6.737142857142857
Decision Tree,73.4,64.27600000000001,9.123999999999995,9.123999999999995
Decision Tree,85.3,59.974999999999994,25.325000000000003,25.325000000000003
Decision Tree,52.2,66.7859872611465,-14.5859872611465,14.5859872611465
Decision Tree,94.0,70.9237623762376,23.076237623762395,23.076237623762395
Decision Tree,77.1,70.17924528301884,6.9207547169811505,6.9207547169811505
Decision Tree,46.7,62.22853185595574,-15.528531855955734,15.528531855955734
Decision Tree,62.3,60.64942084942086,1.6505791505791336,1.6505791505791336
Decision Tree,64.5,59.40370370370369,5.096296296296309,5.096296296296309
Decision Tree,86.9,79.89574468085107,7.004255319148939,7.004255319148939
Decision Tree,77.4,60.644444444444446,16.75555555555556,16.75555555555556
Decision Tree,34.9,58.580079681274896,-23.680079681274897,23.680079681274897
Decision Tree,63.0,79.4575,-16.457499999999996,16.457499999999996
Decision Tree,81.7,75.82758620689656,5.872413793103448,5.872413793103448
Decision Tree,43.9,40.30312500000001,3.59687499999999,3.59687499999999
Decision Tree,67.6,66.88,0.7199999999999989,0.7199999999999989
Decision Tree,78.0,72.24449339207045,5.755506607929547,5.755506607929547
Decision Tree,80.2,53.53963414634146,26.66036585365854,26.66036585365854
Decision Tree,56.6,55.78333333333333,0.81666666666667,0.81666666666667
Decision Tree,98.6,58.21428571428571,40.385714285714286,40.385714285714286
Decision Tree,67.0,53.314285714285724,13.685714285714276,13.685714285714276
Decision Tree,66.4,45.14444444444444,21.255555555555567,21.255555555555567
Decision Tree,65.5,81.22380952380955,-15.72380952380955,15.72380952380955
Decision Tree,61.0,73.80217391304349,-12.80217391304349,12.80217391304349
Decision Tree,74.6,90.76666666666665,-16.166666666666657,16.166666666666657
Decision Tree,70.8,68.2030726256983,2.5969273743017,2.5969273743017
Decision Tree,39.4,58.03419354838713,-18.63419354838713,18.63419354838713
Decision Tree,43.3,68.2030726256983,-24.9030726256983,24.9030726256983
Decision Tree,87.1,94.08461538461539,-6.984615384615395,6.984615384615395
Decision Tree,98.1,66.7859872611465,31.314012738853492,31.314012738853492
Decision Tree,72.0,59.95695906432747,12.04304093567253,12.04304093567253
Decision Tree,54.9,62.47575757575757,-7.575757575757571,7.575757575757571
Decision Tree,61.3,70.6122023809524,-9.3122023809524,9.3122023809524
Decision Tree,56.2,49.784000000000006,6.415999999999997,6.415999999999997
Decision Tree,68.7,63.54782608695652,5.152173913043484,5.152173913043484
Decision Tree,59.9,65.34573643410852,-5.445736434108518,5.445736434108518
Decision Tree,100.0,80.0777777777778,19.922222222222203,19.922222222222203
Decision Tree,75.7,66.92790697674418,8.77209302325582,8.77209302325582
Decision Tree,50.8,70.6122023809524,-19.8122023809524,19.8122023809524
Decision Tree,41.1,62.22853185595574,-21.128531855955735,21.128531855955735
Decision Tree,77.3,69.44545454545454,7.854545454545459,7.854545454545459
Decision Tree,42.9,59.95695906432747,-17.056959064327472,17.056959064327472
Decision Tree,72.1,69.44545454545454,2.654545454545456,2.654545454545456
Decision Tree,51.6,58.20285714285715,-6.602857142857147,6.602857142857147
Decision Tree,75.7,88.05862068965519,-12.358620689655183,12.358620689655183
Decision Tree,86.8,70.6122023809524,16.1877976190476,16.1877976190476
Decision Tree,87.7,60.64942084942086,27.05057915057914,27.05057915057914
Decision Tree,57.7,59.95695906432747,-2.256959064327468,2.256959064327468
Decision Tree,52.9,40.6844827586207,12.215517241379295,12.215517241379295
Decision Tree,48.3,58.67982062780269,-10.379820627802694,10.379820627802694
Decision Tree,66.7,59.95695906432747,6.743040935672532,6.743040935672532
Decision Tree,54.8,53.682035928143755,1.1179640718562425,1.1179640718562425
Decision Tree,79.3,57.21562499999999,22.08437500000001,22.08437500000001
Decision Tree,60.1,58.580079681274896,1.5199203187251058,1.5199203187251058
Decision Tree,63.1,59.95695906432747,3.1430409356725306,3.1430409356725306
Decision Tree,43.8,42.309375,1.4906249999999943,1.4906249999999943
Decision Tree,62.2,51.77890909090911,10.421090909090893,10.421090909090893
Decision Tree,47.9,52.856521739130436,-4.956521739130437,4.956521739130437
Decision Tree,43.7,62.90317460317457,-19.203174603174567,19.203174603174567
Decision Tree,45.2,65.82286821705428,-20.622868217054275,20.622868217054275
Decision Tree,47.9,78.43561643835609,-30.535616438356094,30.535616438356094
Decision Tree,88.3,73.20357142857142,15.096428571428575,15.096428571428575
Decision Tree,46.3,50.89629629629629,-4.596296296296295,4.596296296296295
Decision Tree,62.2,67.703125,-5.503124999999997,5.503124999999997
Decision Tree,64.3,57.38823529411765,6.911764705882348,6.911764705882348
Decision Tree,73.4,66.7859872611465,6.6140127388535035,6.6140127388535035
Decision Tree,49.6,62.22853185595574,-12.628531855955735,12.628531855955735
Decision Tree,59.6,58.13125,1.46875,1.46875
Decision Tree,60.4,76.24285714285715,-15.842857142857149,15.842857142857149
Decision Tree,34.2,53.682035928143755,-19.482035928143752,19.482035928143752
Decision Tree,52.7,36.67407407407408,16.025925925925925,16.025925925925925
Decision Tree,46.6,58.580079681274896,-11.980079681274894,11.980079681274894
Decision Tree,61.3,54.50800000000001,6.791999999999987,6.791999999999987
Decision Tree,53.2,60.516000000000005,-7.3160000000000025,7.3160000000000025
Decision Tree,69.2,61.472222222222236,7.727777777777767,7.727777777777767
Decision Tree,61.8,59.95695906432747,1.8430409356725264,1.8430409356725264
Decision Tree,75.4,77.67750000000001,-2.2775000000000034,2.2775000000000034
Decision Tree,30.9,55.754022988505746,-24.854022988505747,24.854022988505747
Decision Tree,51.8,49.0075,2.792499999999997,2.792499999999997
Decision Tree,46.4,49.59523809523811,-3.1952380952381105,3.1952380952381105
Decision Tree,62.3,63.00046296296293,-0.7004629629629306,0.7004629629629306
Decision Tree,44.5,67.80238095238094,-23.302380952380943,23.302380952380943
Decision Tree,68.9,59.95695906432747,8.943040935672535,8.943040935672535
Decision Tree,71.9,53.682035928143755,18.21796407185625,18.21796407185625
Decision Tree,52.4,64.05681818181819,-11.656818181818188,11.656818181818188
Decision Tree,71.2,75.22592592592592,-4.025925925925918,4.025925925925918
Decision Tree,50.7,58.580079681274896,-7.880079681274893,7.880079681274893
Decision Tree,93.4,78.43561643835609,14.964383561643913,14.964383561643913
Decision Tree,100.0,63.00046296296293,36.99953703703707,36.99953703703707
Decision Tree,99.0,67.8,31.200000000000003,31.200000000000003
Decision Tree,74.7,60.64942084942086,14.05057915057914,14.05057915057914
Decision Tree,58.3,68.2030726256983,-9.9030726256983,9.9030726256983
Decision Tree,23.7,53.314285714285724,-29.614285714285725,29.614285714285725
Decision Tree,41.7,66.13888888888889,-24.438888888888883,24.438888888888883
Decision Tree,93.5,75.85135135135133,17.648648648648674,17.648648648648674
Decision Tree,53.7,53.53963414634146,0.16036585365853995,0.16036585365853995
Decision Tree,40.4,72.97529411764707,-32.57529411764707,32.57529411764707
Decision Tree,53.8,58.11666666666666,-4.316666666666663,4.316666666666663
Decision Tree,76.2,76.24285714285715,-0.04285714285714448,0.04285714285714448
Decision Tree,66.2,69.85384615384613,-3.653846153846132,3.653846153846132
Decision Tree,55.8,61.332,-5.532000000000004,5.532000000000004
Decision Tree,36.9,54.665942028985505,-17.765942028985506,17.765942028985506
Decision Tree,38.8,40.880769230769225,-2.080769230769228,2.080769230769228
Decision Tree,84.9,62.22853185595574,22.67146814404427,22.67146814404427
Decision Tree,37.2,51.77890909090911,-14.578909090909107,14.578909090909107
Decision Tree,73.4,51.77890909090911,21.621090909090896,21.621090909090896
Decision Tree,49.3,62.90317460317457,-13.603174603174573,13.603174603174573
Decision Tree,65.7,86.08444444444444,-20.38444444444444,20.38444444444444
Decision Tree,39.9,40.30312500000001,-0.40312500000000995,0.40312500000000995
Decision Tree,45.1,70.6122023809524,-25.512202380952395,25.512202380952395
Decision Tree,95.6,82.65463917525776,12.945360824742238,12.945360824742238
Decision Tree,50.9,84.29500000000002,-33.39500000000002,33.39500000000002
Decision Tree,82.8,82.27428571428574,0.5257142857142583,0.5257142857142583
Decision Tree,37.0,63.54782608695652,-26.54782608695652,26.54782608695652
Decision Tree,71.2,53.53963414634146,17.66036585365854,17.66036585365854
Decision Tree,36.8,64.68726513569942,-27.887265135699423,27.887265135699423
Decision Tree,62.5,71.34545454545457,-8.845454545454572,8.845454545454572
Decision Tree,58.6,46.096875000000004,12.503124999999997,12.503124999999997
Decision Tree,48.2,72.08378378378376,-23.883783783783755,23.883783783783755
Decision Tree,38.6,53.682035928143755,-15.082035928143753,15.082035928143753
Decision Tree,67.0,63.218421052631605,3.781578947368395,3.781578947368395
Decision Tree,77.8,70.9237623762376,6.876237623762393,6.876237623762393
Decision Tree,80.2,89.1,-8.899999999999991,8.899999999999991
Decision Tree,91.4,60.06,31.340000000000003,31.340000000000003
Decision Tree,66.6,71.56206896551724,-4.962068965517247,4.962068965517247
Decision Tree,81.4,69.2032258064516,12.196774193548407,12.196774193548407
Decision Tree,84.6,63.54782608695652,21.052173913043475,21.052173913043475
Decision Tree,56.8,77.40975609756097,-20.609756097560975,20.609756097560975
Decision Tree,56.7,60.64942084942086,-3.9494208494208607,3.9494208494208607
Decision Tree,65.4,69.72105263157894,-4.321052631578937,4.321052631578937
Decision Tree,31.5,40.36071428571429,-8.860714285714288,8.860714285714288
Decision Tree,45.1,65.82286821705428,-20.722868217054277,20.722868217054277
Decision Tree,44.2,65.34573643410852,-21.145736434108514,21.145736434108514
Decision Tree,87.8,67.80238095238094,19.997619047619054,19.997619047619054
Decision Tree,100.0,80.0777777777778,19.922222222222203,19.922222222222203
Decision Tree,48.7,55.946938775510205,-7.246938775510202,7.246938775510202
Decision Tree,89.7,67.61944444444445,22.08055555555555,22.08055555555555
Decision Tree,79.1,63.17241379310346,15.927586206896535,15.927586206896535
Decision Tree,51.1,55.47575757575757,-4.375757575757568,4.375757575757568
Decision Tree,69.4,67.57857142857145,1.8214285714285552,1.8214285714285552
Decision Tree,65.8,59.95695906432747,5.843040935672526,5.843040935672526
Decision Tree,73.1,76.128,-3.028000000000006,3.028000000000006
Decision Tree,81.9,68.53541666666668,13.364583333333329,13.364583333333329
Decision Tree,54.7,70.63333333333335,-15.933333333333351,15.933333333333351
Decision Tree,55.3,62.90317460317457,-7.603174603174573,7.603174603174573
Decision Tree,60.0,40.36071428571429,19.639285714285712,19.639285714285712
Decision Tree,53.6,53.89767441860466,-0.2976744186046574,0.2976744186046574
Decision Tree,77.4,77.58623188405797,-0.18623188405796043,0.18623188405796043
Decision Tree,66.0,70.6122023809524,-4.612202380952397,4.612202380952397
Decision Tree,41.8,77.64318181818182,-35.84318181818182,35.84318181818182
Decision Tree,79.0,70.6122023809524,8.387797619047603,8.387797619047603
Decision Tree,59.8,58.93928571428571,0.8607142857142875,0.8607142857142875
Decision Tree,94.1,72.16595744680849,21.934042553191503,21.934042553191503
Decision Tree,55.5,55.18531468531467,0.31468531468532746,0.31468531468532746
Decision Tree,56.0,53.89767441860466,2.102325581395341,2.102325581395341
Decision Tree,100.0,68.2030726256983,31.796927374301703,31.796927374301703
Decision Tree,51.9,68.56285714285715,-16.662857142857156,16.662857142857156
Decision Tree,39.2,63.0808219178082,-23.8808219178082,23.8808219178082
Decision Tree,70.1,68.16666666666667,1.933333333333323,1.933333333333323
Decision Tree,62.0,70.89655172413794,-8.896551724137936,8.896551724137936
Decision Tree,74.6,64.51408450704227,10.085915492957724,10.085915492957724
Decision Tree,89.1,49.59523809523811,39.504761904761885,39.504761904761885
Decision Tree,66.1,67.72903225806455,-1.629032258064555,1.629032258064555
Decision Tree,73.8,72.24449339207045,1.5555066079295443,1.5555066079295443
Decision Tree,58.3,63.00046296296293,-4.700462962962931,4.700462962962931
Decision Tree,69.9,59.95695906432747,9.943040935672535,9.943040935672535
Decision Tree,59.7,77.58623188405797,-17.886231884057963,17.886231884057963
Decision Tree,74.0,70.6122023809524,3.3877976190476033,3.3877976190476033
Decision Tree,88.7,85.93599999999998,2.764000000000024,2.764000000000024
Decision Tree,33.4,59.95695906432747,-26.556959064327472,26.556959064327472
Decision Tree,67.3,58.580079681274896,8.719920318725102,8.719920318725102
Decision Tree,51.8,62.47575757575757,-10.675757575757572,10.675757575757572
Decision Tree,83.0,83.27666666666667,-0.27666666666667084,0.27666666666667084
Decision Tree,65.2,70.6122023809524,-5.412202380952394,5.412202380952394
Decision Tree,57.0,74.04977375565612,-17.04977375565612,17.04977375565612
Decision Tree,100.0,86.06785714285715,13.93214285714285,13.93214285714285
Decision Tree,58.9,58.03419354838713,0.865806451612869,0.865806451612869
Decision Tree,92.3,72.24449339207045,20.055506607929544,20.055506607929544
Decision Tree,47.8,50.22105263157896,-2.4210526315789593,2.4210526315789593
Decision Tree,76.0,47.819354838709685,28.180645161290315,28.180645161290315
Decision Tree,55.3,58.67982062780269,-3.379820627802694,3.379820627802694
Decision Tree,48.4,62.864,-14.463999999999999,14.463999999999999
Decision Tree,49.9,86.08444444444444,-36.184444444444445,36.184444444444445
Decision Tree,33.4,62.90317460317457,-29.50317460317457,29.50317460317457
Decision Tree,75.0,63.82244897959183,11.177551020408167,11.177551020408167
Decision Tree,85.1,78.43561643835609,6.664383561643902,6.664383561643902
Decision Tree,80.1,59.95695906432747,20.143040935672524,20.143040935672524
Decision Tree,61.2,61.17227722772276,0.027722772277243735,0.027722772277243735
Decision Tree,65.1,66.48,-1.3800000000000097,1.3800000000000097
Decision Tree,71.6,80.44242424242422,-8.84242424242423,8.84242424242423
Decision Tree,78.1,76.67659574468084,1.4234042553191557,1.4234042553191557
Decision Tree,99.1,75.82758620689656,23.27241379310344,23.27241379310344
Decision Tree,71.6,65.34573643410852,6.254263565891478,6.254263565891478
Decision Tree,61.7,75.24857142857145,-13.54857142857145,13.54857142857145
Decision Tree,77.1,70.17924528301884,6.9207547169811505,6.9207547169811505
Decision Tree,55.4,75.82758620689656,-20.427586206896557,20.427586206896557
Decision Tree,64.5,72.66206896551725,-8.16206896551725,8.16206896551725
Decision Tree,52.5,47.819354838709685,4.680645161290315,4.680645161290315
Decision Tree,54.7,70.34166666666665,-15.641666666666652,15.641666666666652
Decision Tree,94.9,67.75769230769231,27.142307692307696,27.142307692307696
Decision Tree,66.8,73.71315789473685,-6.913157894736855,6.913157894736855
Decision Tree,55.6,51.13543689320388,4.4645631067961205,4.4645631067961205
Decision Tree,64.4,78.43561643835609,-14.035616438356087,14.035616438356087
Decision Tree,82.0,73.70000000000002,8.299999999999983,8.299999999999983
Decision Tree,77.9,58.728,19.172000000000004,19.172000000000004
Decision Tree,68.3,69.85384615384613,-1.5538461538461377,1.5538461538461377
Decision Tree,62.9,67.80238095238094,-4.902380952380945,4.902380952380945
Decision Tree,74.2,63.79032258064517,10.409677419354836,10.409677419354836
Decision Tree,79.6,53.682035928143755,25.91796407185624,25.91796407185624
Decision Tree,79.9,75.82758620689656,4.0724137931034505,4.0724137931034505
Decision Tree,58.0,64.51408450704227,-6.51408450704227,6.51408450704227
Decision Tree,53.3,74.04977375565612,-20.749773755656122,20.749773755656122
Decision Tree,46.2,73.00937499999999,-26.80937499999999,26.80937499999999
Decision Tree,46.7,48.32258064516131,-1.6225806451613067,1.6225806451613067
Decision Tree,74.4,91.34999999999998,-16.949999999999974,16.949999999999974
Decision Tree,100.0,80.95757575757575,19.042424242424246,19.042424242424246
Decision Tree,55.9,63.54782608695652,-7.64782608695652,7.64782608695652
Decision Tree,83.3,64.81612903225806,18.483870967741936,18.483870967741936
Decision Tree,65.9,58.67982062780269,7.220179372197315,7.220179372197315
Decision Tree,77.2,58.580079681274896,18.619920318725107,18.619920318725107
Decision Tree,100.0,91.44102564102563,8.558974358974368,8.558974358974368
Decision Tree,74.0,67.42666666666668,6.5733333333333235,6.5733333333333235
Decision Tree,29.5,56.00833333333335,-26.508333333333347,26.508333333333347
Decision Tree,93.8,83.30000000000001,10.499999999999986,10.499999999999986
Decision Tree,100.0,63.0074074074074,36.9925925925926,36.9925925925926
Decision Tree,50.3,55.18531468531467,-4.885314685314675,4.885314685314675
Decision Tree,82.4,63.54782608695652,18.852173913043487,18.852173913043487
Decision Tree,92.6,92.89999999999999,-0.29999999999999716,0.29999999999999716
Decision Tree,55.9,72.89722222222224,-16.99722222222224,16.99722222222224
Decision Tree,64.1,64.68726513569942,-0.5872651356994254,0.5872651356994254
Decision Tree,68.9,68.2030726256983,0.6969273743017084,0.6969273743017084
Decision Tree,62.3,51.13543689320388,11.164563106796116,11.164563106796116
Decision Tree,62.5,59.40370370370369,3.096296296296309,3.096296296296309
Decision Tree,38.9,47.819354838709685,-8.919354838709687,8.919354838709687
Decision Tree,100.0,73.82033898305085,26.179661016949154,26.179661016949154
Decision Tree,29.6,48.32380952380952,-18.72380952380952,18.72380952380952
Decision Tree,72.0,62.22853185595574,9.771468144044263,9.771468144044263
Decision Tree,52.8,70.9237623762376,-18.123762376237607,18.123762376237607
Decision Tree,61.3,61.24074074074075,0.059259259259249575,0.059259259259249575
Decision Tree,80.3,75.82758620689656,4.472413793103442,4.472413793103442
Decision Tree,40.5,58.05666666666666,-17.556666666666658,17.556666666666658
Decision Tree,55.8,59.40370370370369,-3.603703703703694,3.603703703703694
Decision Tree,65.0,61.986666666666665,3.0133333333333354,3.0133333333333354
Decision Tree,73.0,60.64942084942086,12.350579150579136,12.350579150579136
Decision Tree,56.2,53.32320000000001,2.876799999999996,2.876799999999996
Decision Tree,60.9,56.416000000000004,4.483999999999995,4.483999999999995
Decision Tree,46.6,69.5774193548387,-22.977419354838695,22.977419354838695
Decision Tree,62.9,70.6122023809524,-7.712202380952398,7.712202380952398
Decision Tree,59.0,51.0181818181818,7.981818181818198,7.981818181818198
Decision Tree,51.1,59.95695906432747,-8.85695906432747,8.85695906432747
Decision Tree,36.9,51.77890909090911,-14.878909090909112,14.878909090909112
Decision Tree,71.8,64.51408450704227,7.285915492957727,7.285915492957727
Decision Tree,45.2,51.13543689320388,-5.935436893203878,5.935436893203878
Decision Tree,53.1,70.6122023809524,-17.512202380952395,17.512202380952395
Decision Tree,98.1,90.76666666666665,7.333333333333343,7.333333333333343
Decision Tree,55.7,60.695999999999984,-4.995999999999981,4.995999999999981
Decision Tree,69.7,62.90317460317457,6.796825396825433,6.796825396825433
Decision Tree,70.3,72.62758620689655,-2.327586206896555,2.327586206896555
Decision Tree,31.2,61.472222222222236,-30.272222222222236,30.272222222222236
Decision Tree,46.6,57.38823529411765,-10.788235294117648,10.788235294117648
Decision Tree,72.5,51.77890909090911,20.72109090909089,20.72109090909089
Decision Tree,63.1,71.05312500000001,-7.953125000000007,7.953125000000007
Decision Tree,72.4,90.76666666666665,-18.366666666666646,18.366666666666646
Decision Tree,79.0,77.40588235294118,1.5941176470588232,1.5941176470588232
Decision Tree,62.6,55.18531468531467,7.414685314685329,7.414685314685329
Decision Tree,99.3,83.703125,15.596874999999997,15.596874999999997
Decision Tree,50.8,64.51408450704227,-13.714084507042273,13.714084507042273
Decision Tree,63.0,59.95695906432747,3.043040935672529,3.043040935672529
Decision Tree,80.0,89.1,-9.099999999999994,9.099999999999994
Decision Tree,66.9,93.33333333333331,-26.43333333333331,26.43333333333331
Decision Tree,50.7,55.152499999999996,-4.4524999999999935,4.4524999999999935
Decision Tree,48.6,54.665942028985505,-6.0659420289855035,6.0659420289855035
Decision Tree,75.4,74.04977375565612,1.3502262443438866,1.3502262443438866
Decision Tree,100.0,85.93599999999998,14.064000000000021,14.064000000000021
Decision Tree,58.0,66.88421052631578,-8.884210526315783,8.884210526315783
Decision Tree,70.9,77.65666666666667,-6.756666666666661,6.756666666666661
Decision Tree,74.6,80.44242424242422,-5.842424242424229,5.842424242424229
Decision Tree,58.6,68.4576923076923,-9.857692307692297,9.857692307692297
Decision Tree,59.3,72.08378378378376,-12.783783783783761,12.783783783783761
Decision Tree,86.1,81.95862068965518,4.141379310344817,4.141379310344817
Decision Tree,85.0,60.64942084942086,24.350579150579136,24.350579150579136
Decision Tree,84.8,72.89722222222224,11.902777777777757,11.902777777777757
Decision Tree,37.8,43.576,-5.776000000000003,5.776000000000003
Decision Tree,38.1,58.13125,-20.03125,20.03125
Decision Tree,46.9,50.639548022598866,-3.7395480225988678,3.7395480225988678
Decision Tree,74.6,72.148,2.451999999999998,2.451999999999998
Decision Tree,59.4,68.16666666666667,-8.766666666666673,8.766666666666673
Decision Tree,42.2,59.95695906432747,-17.756959064327468,17.756959064327468
Decision Tree,67.9,63.00046296296293,4.899537037037078,4.899537037037078
Decision Tree,55.9,58.20285714285715,-2.3028571428571496,2.3028571428571496
Decision Tree,71.6,70.6122023809524,0.9877976190475977,0.9877976190475977
Decision Tree,65.8,65.59599999999999,0.20400000000000773,0.20400000000000773
Decision Tree,73.6,58.64523809523809,14.954761904761902,14.954761904761902
Decision Tree,78.6,95.03999999999998,-16.439999999999984,16.439999999999984
Decision Tree,58.7,66.325,-7.625,7.625
Decision Tree,47.3,70.87297297297296,-23.572972972972963,23.572972972972963
Decision Tree,75.5,68.10400000000001,7.395999999999987,7.395999999999987
Decision Tree,49.7,71.52,-21.819999999999993,21.819999999999993
Decision Tree,54.7,51.13543689320388,3.564563106796122,3.564563106796122
Decision Tree,46.1,45.14444444444444,0.9555555555555628,0.9555555555555628
Decision Tree,77.4,77.58623188405797,-0.18623188405796043,0.18623188405796043
Decision Tree,49.4,63.82244897959183,-14.422448979591834,14.422448979591834
Decision Tree,30.9,58.11666666666666,-27.21666666666666,27.21666666666666
Decision Tree,49.3,50.34146341463415,-1.0414634146341513,1.0414634146341513
Decision Tree,65.6,59.95695906432747,5.6430409356725235,5.6430409356725235
Decision Tree,30.7,49.784000000000006,-19.084000000000007,19.084000000000007
Decision Tree,48.3,64.68726513569942,-16.387265135699423,16.387265135699423
Decision Tree,94.4,86.06785714285715,8.332142857142856,8.332142857142856
Decision Tree,88.5,68.16666666666667,20.33333333333333,20.33333333333333
Decision Tree,74.5,55.74772727272728,18.752272727272718,18.752272727272718
Decision Tree,27.7,47.01176470588236,-19.311764705882357,19.311764705882357
Decision Tree,88.4,65.925,22.47500000000001,22.47500000000001
Decision Tree,48.7,53.682035928143755,-4.982035928143752,4.982035928143752
Decision Tree,66.6,53.53963414634146,13.060365853658531,13.060365853658531
Decision Tree,81.3,92.89999999999999,-11.599999999999994,11.599999999999994
Decision Tree,89.5,82.30270270270269,7.197297297297311,7.197297297297311
Decision Tree,41.9,60.644444444444446,-18.744444444444447,18.744444444444447
Decision Tree,55.4,59.95695906432747,-4.556959064327472,4.556959064327472
Decision Tree,73.6,49.865384615384606,23.734615384615388,23.734615384615388
Decision Tree,72.1,92.49999999999999,-20.39999999999999,20.39999999999999
Decision Tree,36.1,66.54074074074073,-30.44074074074073,30.44074074074073
Decision Tree,96.7,89.19444444444444,7.50555555555556,7.50555555555556
Decision Tree,29.2,58.580079681274896,-29.380079681274896,29.380079681274896
Decision Tree,99.7,94.08461538461539,5.615384615384613,5.615384615384613
Decision Tree,76.0,68.53541666666668,7.464583333333323,7.464583333333323
Decision Tree,48.6,86.21249999999999,-37.61249999999999,37.61249999999999
Decision Tree,70.4,65.82286821705428,4.577131782945727,4.577131782945727
Decision Tree,95.7,77.65666666666667,18.043333333333337,18.043333333333337
Decision Tree,56.7,59.87553191489363,-3.175531914893625,3.175531914893625
Decision Tree,54.0,63.82244897959183,-9.822448979591833,9.822448979591833
Decision Tree,82.9,79.08974358974359,3.8102564102564145,3.8102564102564145
Decision Tree,53.7,55.152499999999996,-1.4524999999999935,1.4524999999999935
Decision Tree,66.0,54.05476190476192,11.945238095238082,11.945238095238082
Decision Tree,71.2,71.07241379310346,0.1275862068965381,0.1275862068965381
Decision Tree,70.1,58.93928571428571,11.160714285714285,11.160714285714285
Decision Tree,66.7,56.00833333333335,10.691666666666656,10.691666666666656
Decision Tree,95.8,60.58888888888889,35.21111111111111,35.21111111111111
Decision Tree,38.8,63.82244897959183,-25.022448979591836,25.022448979591836
Decision Tree,79.9,78.43561643835609,1.4643835616439134,1.4643835616439134
Decision Tree,81.6,58.580079681274896,23.0199203187251,23.0199203187251
Decision Tree,59.1,62.90317460317457,-3.8031746031745683,3.8031746031745683
Decision Tree,57.4,61.17227722772276,-3.7722772277227605,3.7722772277227605
Decision Tree,34.3,53.53963414634146,-19.239634146341466,19.239634146341466
Decision Tree,68.5,56.862222222222215,11.637777777777785,11.637777777777785
Decision Tree,87.1,58.845161290322594,28.2548387096774,28.2548387096774
Decision Tree,34.1,51.83714285714286,-17.737142857142857,17.737142857142857
Decision Tree,86.0,90.728,-4.727999999999994,4.727999999999994
Decision Tree,61.6,59.17384615384615,2.426153846153852,2.426153846153852
Decision Tree,64.6,68.53541666666668,-3.9354166666666828,3.9354166666666828
Decision Tree,31.7,66.42173913043479,-34.721739130434784,34.721739130434784
Decision Tree,63.7,60.516000000000005,3.1839999999999975,3.1839999999999975
Decision Tree,68.1,60.26896551724137,7.831034482758625,7.831034482758625
Decision Tree,58.5,58.13125,0.3687499999999986,0.3687499999999986
Decision Tree,81.1,64.51408450704227,16.585915492957724,16.585915492957724
Decision Tree,84.6,73.00937499999999,11.590625000000003,11.590625000000003
Decision Tree,77.7,66.39117647058823,11.308823529411768,11.308823529411768
Decision Tree,72.7,70.988,1.7120000000000033,1.7120000000000033
Decision Tree,69.2,75.22666666666666,-6.026666666666657,6.026666666666657
Decision Tree,68.8,58.67982062780269,10.120179372197306,10.120179372197306
Decision Tree,56.6,55.754022988505746,0.8459770114942557,0.8459770114942557
Decision Tree,79.6,71.52,8.079999999999998,8.079999999999998
Decision Tree,87.8,64.00967741935484,23.790322580645153,23.790322580645153
Decision Tree,60.6,64.68726513569942,-4.087265135699418,4.087265135699418
Decision Tree,54.3,54.05476190476192,0.24523809523807927,0.24523809523807927
Decision Tree,83.1,86.8,-3.700000000000003,3.700000000000003
Decision Tree,43.5,69.40799999999999,-25.907999999999987,25.907999999999987
Decision Tree,78.3,60.64942084942086,17.650579150579134,17.650579150579134
Decision Tree,55.3,48.894736842105274,6.405263157894723,6.405263157894723
Decision Tree,71.3,55.152499999999996,16.1475,16.1475
Decision Tree,71.5,59.95695906432747,11.54304093567253,11.54304093567253
Decision Tree,70.2,78.43561643835609,-8.23561643835609,8.23561643835609
Decision Tree,94.0,79.89574468085107,14.104255319148933,14.104255319148933
Decision Tree,78.3,66.3027027027027,11.997297297297294,11.997297297297294
Decision Tree,80.8,73.00937499999999,7.790625000000006,7.790625000000006
Decision Tree,73.1,54.665942028985505,18.43405797101449,18.43405797101449
Decision Tree,58.3,65.925,-7.625,7.625
Decision Tree,84.4,65.85384615384616,18.546153846153842,18.546153846153842
Decision Tree,80.2,88.66842105263157,-8.46842105263157,8.46842105263157
Decision Tree,64.3,53.32320000000001,10.97679999999999,10.97679999999999
Decision Tree,67.9,63.00046296296293,4.899537037037078,4.899537037037078
Decision Tree,75.9,58.845161290322594,17.054838709677412,17.054838709677412
Decision Tree,69.5,53.682035928143755,15.817964071856245,15.817964071856245
Decision Tree,52.6,53.682035928143755,-1.0820359281437533,1.0820359281437533
Decision Tree,63.3,72.58148148148149,-9.281481481481492,9.281481481481492
Decision Tree,46.3,54.665942028985505,-8.365942028985508,8.365942028985508
Decision Tree,49.1,72.97529411764707,-23.875294117647066,23.875294117647066
Decision Tree,59.0,60.64942084942086,-1.6494208494208635,1.6494208494208635
Decision Tree,79.9,74.72972972972973,5.170270270270279,5.170270270270279
Decision Tree,64.9,58.64523809523809,6.254761904761914,6.254761904761914
Decision Tree,57.7,73.71315789473685,-16.01315789473685,16.01315789473685
Decision Tree,9.4,60.64942084942086,-51.249420849420865,51.249420849420865
Decision Tree,74.1,63.06451612903226,11.035483870967731,11.035483870967731
Decision Tree,40.8,60.64942084942086,-19.849420849420866,19.849420849420866
Decision Tree,87.3,58.67982062780269,28.620179372197306,28.620179372197306
Decision Tree,70.9,66.3232558139535,4.576744186046511,4.576744186046511
Decision Tree,88.7,64.51408450704227,24.185915492957733,24.185915492957733
Decision Tree,56.9,83.27666666666667,-26.376666666666672,26.376666666666672
Decision Tree,69.0,70.9237623762376,-1.9237623762376046,1.9237623762376046
Decision Tree,58.9,78.65945945945946,-19.759459459459457,19.759459459459457
Decision Tree,38.1,63.16000000000001,-25.06000000000001,25.06000000000001
Decision Tree,38.6,49.431999999999995,-10.831999999999994,10.831999999999994
Decision Tree,75.0,70.63333333333335,4.366666666666646,4.366666666666646
Decision Tree,64.9,59.40370370370369,5.496296296296315,5.496296296296315
Decision Tree,73.9,61.17227722772276,12.727722772277247,12.727722772277247
Decision Tree,58.8,50.639548022598866,8.16045197740113,8.16045197740113
Decision Tree,58.1,70.6122023809524,-12.512202380952395,12.512202380952395
Decision Tree,33.7,56.862222222222215,-23.162222222222212,23.162222222222212
Decision Tree,35.3,70.6122023809524,-35.3122023809524,35.3122023809524
Decision Tree,55.9,46.096875000000004,9.803124999999994,9.803124999999994
Decision Tree,48.5,47.78857142857143,0.71142857142857,0.71142857142857
Decision Tree,40.4,65.6595744680851,-25.2595744680851,25.2595744680851
Decision Tree,100.0,81.95862068965518,18.041379310344823,18.041379310344823
Decision Tree,97.5,67.75769230769231,29.74230769230769,29.74230769230769
Decision Tree,52.3,58.845161290322594,-6.545161290322596,6.545161290322596
Decision Tree,84.6,74.72972972972973,9.870270270270268,9.870270270270268
Decision Tree,76.6,59.64070796460181,16.959292035398185,16.959292035398185
Decision Tree,87.1,64.68726513569942,22.412734864300575,22.412734864300575
Decision Tree,71.7,74.04977375565612,-2.3497737556561162,2.3497737556561162
Decision Tree,89.9,63.0808219178082,26.819178082191804,26.819178082191804
Decision Tree,80.9,55.18531468531467,25.714685314685333,25.714685314685333
Decision Tree,67.5,63.54782608695652,3.952173913043481,3.952173913043481
Decision Tree,45.3,62.47575757575757,-17.175757575757572,17.175757575757572
Decision Tree,74.0,62.22853185595574,11.771468144044263,11.771468144044263
Decision Tree,48.8,56.12000000000001,-7.3200000000000145,7.3200000000000145
Decision Tree,61.0,64.68726513569942,-3.6872651356994197,3.6872651356994197
Decision Tree,51.1,70.17924528301884,-19.079245283018842,19.079245283018842
Decision Tree,64.8,54.05476190476192,10.74523809523808,10.74523809523808
Decision Tree,72.9,60.64942084942086,12.250579150579142,12.250579150579142
Decision Tree,50.7,51.0181818181818,-0.3181818181817988,0.3181818181817988
Decision Tree,81.3,72.08378378378376,9.216216216216239,9.216216216216239
Decision Tree,41.5,40.36071428571429,1.1392857142857125,1.1392857142857125
Decision Tree,47.9,65.72083333333335,-17.820833333333347,17.820833333333347
Decision Tree,61.6,58.580079681274896,3.019920318725106,3.019920318725106
Decision Tree,100.0,81.27222222222221,18.72777777777779,18.72777777777779
Decision Tree,60.2,66.325,-6.125,6.125
Decision Tree,68.0,77.58623188405797,-9.586231884057966,9.586231884057966
Decision Tree,50.5,58.81034482758622,-8.31034482758622,8.31034482758622
Decision Tree,79.9,78.43561643835609,1.4643835616439134,1.4643835616439134
Decision Tree,58.1,64.51408450704227,-6.4140845070422685,6.4140845070422685
Decision Tree,63.1,58.81034482758622,4.289655172413781,4.289655172413781
Decision Tree,58.9,59.95695906432747,-1.0569590643274722,1.0569590643274722
Decision Tree,55.7,47.36724137931035,8.332758620689653,8.332758620689653
Decision Tree,66.9,72.24449339207045,-5.344493392070447,5.344493392070447
Decision Tree,41.7,53.314285714285724,-11.614285714285721,11.614285714285721
Decision Tree,71.5,66.42173913043479,5.078260869565213,5.078260869565213
Decision Tree,65.1,69.01136363636364,-3.911363636363646,3.911363636363646
Decision Tree,55.3,62.74999999999999,-7.449999999999996,7.449999999999996
Decision Tree,91.3,79.89574468085107,11.40425531914893,11.40425531914893
Decision Tree,100.0,65.82941176470588,34.17058823529412,34.17058823529412
Decision Tree,64.9,68.2030726256983,-3.3030726256982916,3.3030726256982916
Decision Tree,40.1,76.128,-36.028,36.028
Decision Tree,100.0,80.44242424242422,19.557575757575776,19.557575757575776
Decision Tree,47.0,55.18531468531467,-8.185314685314673,8.185314685314673
Decision Tree,90.4,73.00937499999999,17.390625000000014,17.390625000000014
Decision Tree,58.4,66.46578947368421,-8.065789473684212,8.065789473684212
Decision Tree,78.1,63.00046296296293,15.099537037037067,15.099537037037067
Decision Tree,73.8,73.00937499999999,0.7906250000000057,0.7906250000000057
Decision Tree,53.9,55.48461538461538,-1.5846153846153825,1.5846153846153825
Decision Tree,67.1,58.20285714285715,8.897142857142846,8.897142857142846
Decision Tree,62.2,66.90851063829788,-4.708510638297881,4.708510638297881
Decision Tree,45.5,57.38823529411765,-11.88823529411765,11.88823529411765
Decision Tree,53.3,74.04977375565612,-20.749773755656122,20.749773755656122
Decision Tree,85.6,58.728,26.871999999999993,26.871999999999993
Decision Tree,59.0,60.695999999999984,-1.6959999999999837,1.6959999999999837
Decision Tree,63.6,60.644444444444446,2.9555555555555557,2.9555555555555557
Decision Tree,56.9,63.00046296296293,-6.100462962962929,6.100462962962929
Decision Tree,60.1,71.56176470588234,-11.461764705882338,11.461764705882338
Decision Tree,100.0,60.58888888888889,39.41111111111111,39.41111111111111
Decision Tree,56.9,55.754022988505746,1.145977011494253,1.145977011494253
Decision Tree,100.0,93.33333333333331,6.666666666666686,6.666666666666686
Decision Tree,82.2,58.580079681274896,23.619920318725107,23.619920318725107
Decision Tree,77.6,60.516000000000005,17.08399999999999,17.08399999999999
Decision Tree,81.8,37.451851851851856,44.34814814814814,44.34814814814814
Decision Tree,80.9,78.43561643835609,2.4643835616439134,2.4643835616439134
Decision Tree,67.5,60.64942084942086,6.8505791505791365,6.8505791505791365
Decision Tree,75.8,53.53963414634146,22.260365853658534,22.260365853658534
Decision Tree,74.0,86.08444444444444,-12.084444444444443,12.084444444444443
Decision Tree,47.4,48.57878787878788,-1.1787878787878796,1.1787878787878796
Decision Tree,70.7,58.682500000000005,12.017499999999998,12.017499999999998
Decision Tree,84.1,73.7891891891892,10.310810810810793,10.310810810810793
Decision Tree,55.9,54.05476190476192,1.8452380952380807,1.8452380952380807
Decision Tree,84.5,70.17924528301884,14.320754716981156,14.320754716981156
Decision Tree,40.4,57.40930232558139,-17.009302325581395,17.009302325581395
Decision Tree,70.3,66.13888888888889,4.161111111111111,4.161111111111111
Decision Tree,72.6,62.90317460317457,9.696825396825425,9.696825396825425
Decision Tree,43.4,51.83714285714286,-8.43714285714286,8.43714285714286
Random Forest,69.0,61.835169509850495,7.164830490149505,7.164830490149505
Random Forest,81.6,70.91477450404254,10.685225495957454,10.685225495957454
Random Forest,63.1,75.85227103447656,-12.752271034476557,12.752271034476557
Random Forest,89.3,69.94962557693465,19.350374423065347,19.350374423065347
Random Forest,49.6,53.38997578516645,-3.7899757851664475,3.7899757851664475
Random Forest,44.5,57.33633635584742,-12.836336355847422,12.836336355847422
Random Forest,63.5,71.14309547138286,-7.643095471382864,7.643095471382864
Random Forest,74.6,75.73469523808922,-1.134695238089222,1.134695238089222
Random Forest,54.6,57.39512936073915,-2.7951293607391463,2.7951293607391463
Random Forest,84.3,64.15092612694963,20.14907387305037,20.14907387305037
Random Forest,98.1,64.72915745052904,33.37084254947095,33.37084254947095
Random Forest,64.8,64.05516474661714,0.7448352533828597,0.7448352533828597
Random Forest,45.4,62.79624262512033,-17.39624262512033,17.39624262512033
Random Forest,48.0,70.05595693030071,-22.05595693030071,22.05595693030071
Random Forest,58.3,57.85405927102477,0.4459407289752306,0.4459407289752306
Random Forest,26.4,48.10616628041556,-21.70616628041556,21.70616628041556
Random Forest,66.9,72.06510285420708,-5.165102854207078,5.165102854207078
Random Forest,52.9,55.12107087009697,-2.2210708700969732,2.2210708700969732
Random Forest,64.5,73.51841543278692,-9.018415432786924,9.018415432786924
Random Forest,46.6,48.01916830633375,-1.4191683063337521,1.4191683063337521
Random Forest,66.5,64.7490361574128,1.750963842587197,1.750963842587197
Random Forest,41.3,56.88585200408877,-15.585852004088771,15.585852004088771
Random Forest,40.5,65.57272025716625,-25.072720257166253,25.072720257166253
Random Forest,90.8,81.30261752850495,9.497382471495044,9.497382471495044
Random Forest,74.2,75.94607057538727,-1.7460705753872645,1.7460705753872645
Random Forest,99.4,71.01565788465822,28.38434211534178,28.38434211534178
Random Forest,68.1,76.4373415116345,-8.337341511634506,8.337341511634506
Random Forest,40.0,59.91479432345999,-19.914794323459986,19.914794323459986
Random Forest,58.4,67.68764139436155,-9.28764139436155,9.28764139436155
Random Forest,63.6,70.10943597614877,-6.509435976148772,6.509435976148772
Random Forest,75.1,71.90067176276261,3.1993282372373812,3.1993282372373812
Random Forest,72.8,68.37545842658221,4.424541573417784,4.424541573417784
Random Forest,46.4,68.79524671061739,-22.395246710617393,22.395246710617393
Random Forest,50.9,60.16134339412373,-9.261343394123735,9.261343394123735
Random Forest,66.0,66.94486026907484,-0.9448602690748373,0.9448602690748373
Random Forest,63.0,77.00573507741657,-14.005735077416574,14.005735077416574
Random Forest,80.2,74.38712484111097,5.812875158889028,5.812875158889028
Random Forest,75.2,56.93391424680449,18.26608575319551,18.26608575319551
Random Forest,63.5,74.06095705042138,-10.56095705042138,10.56095705042138
Random Forest,37.0,47.29222890246088,-10.292228902460877,10.292228902460877
Random Forest,54.7,60.80594609795683,-6.105946097956824,6.105946097956824
Random Forest,67.9,57.95381230364734,9.946187696352666,9.946187696352666
Random Forest,84.8,84.60051091499902,0.19948908500097673,0.19948908500097673
Random Forest,73.1,63.246657964137604,9.85334203586239,9.85334203586239
Random Forest,99.1,77.61639986170859,21.483600138291408,21.483600138291408
Random Forest,72.2,60.32764726023672,11.87235273976328,11.87235273976328
Random Forest,93.9,64.84752286689309,29.05247713310692,29.05247713310692
Random Forest,68.8,65.47254994342096,3.327450056579039,3.327450056579039
Random Forest,61.8,67.91782929552025,-6.117829295520252,6.117829295520252
Random Forest,39.5,60.74874231328185,-21.248742313281852,21.248742313281852
Random Forest,53.9,54.315135395267134,-0.4151353952671357,0.4151353952671357
Random Forest,55.7,62.60548720344575,-6.905487203445745,6.905487203445745
Random Forest,46.8,52.61642670062281,-5.816426700622813,5.816426700622813
Random Forest,94.1,78.93673776948592,15.163262230514079,15.163262230514079
Random Forest,56.2,54.736527363584756,1.463472636415247,1.463472636415247
Random Forest,75.3,60.06481236528727,15.23518763471273,15.23518763471273
Random Forest,83.9,73.97609913603313,9.923900863966878,9.923900863966878
Random Forest,65.3,63.51543473844176,1.7845652615582352,1.7845652615582352
Random Forest,71.5,67.01802168631856,4.481978313681438,4.481978313681438
Random Forest,73.5,59.018470920432534,14.481529079567466,14.481529079567466
Random Forest,40.5,57.192679915721364,-16.692679915721364,16.692679915721364
Random Forest,28.7,53.65605835650403,-24.956058356504034,24.956058356504034
Random Forest,35.3,62.021630849831,-26.721630849831,26.721630849831
Random Forest,82.2,73.08596357129566,9.114036428704338,9.114036428704338
Random Forest,39.3,58.24787367319377,-18.947873673193776,18.947873673193776
Random Forest,83.8,73.21017948086458,10.589820519135415,10.589820519135415
Random Forest,67.4,61.83049519332942,5.569504806670587,5.569504806670587
Random Forest,33.2,64.50033297809786,-31.300332978097856,31.300332978097856
Random Forest,49.5,60.41298178653439,-10.912981786534388,10.912981786534388
Random Forest,47.1,61.6422382553467,-14.542238255346696,14.542238255346696
Random Forest,71.0,61.270943661751275,9.729056338248725,9.729056338248725
Random Forest,75.5,80.28979955334495,-4.789799553344949,4.789799553344949
Random Forest,74.1,74.44940710781889,-0.34940710781889095,0.34940710781889095
Random Forest,82.5,59.52388580250082,22.97611419749918,22.97611419749918
Random Forest,84.1,64.80647053878879,19.293529461211207,19.293529461211207
Random Forest,38.5,71.7685071809337,-33.268507180933696,33.268507180933696
Random Forest,87.6,75.29554121187101,12.304458788128983,12.304458788128983
Random Forest,48.8,67.46568079120202,-18.66568079120202,18.66568079120202
Random Forest,78.2,58.40628750753459,19.79371249246541,19.79371249246541
Random Forest,74.9,70.83019106073559,4.069808939264419,4.069808939264419
Random Forest,42.9,51.29726291783676,-8.397262917836763,8.397262917836763
Random Forest,66.7,71.76626762062001,-5.06626762062001,5.06626762062001
Random Forest,86.5,77.0537234149466,9.446276585053397,9.446276585053397
Random Forest,74.9,67.299284616624,7.600715383375999,7.600715383375999
Random Forest,68.6,66.68775445546748,1.9122455445325102,1.9122455445325102
Random Forest,45.8,64.44584752611736,-18.645847526117365,18.645847526117365
Random Forest,59.7,54.460001025226894,5.239998974773108,5.239998974773108
Random Forest,63.8,46.59579600523891,17.204203994761087,17.204203994761087
Random Forest,38.3,55.377237012217144,-17.077237012217147,17.077237012217147
Random Forest,54.1,66.13082241613758,-12.030822416137575,12.030822416137575
Random Forest,41.2,57.41919919727984,-16.219199197279835,16.219199197279835
Random Forest,62.4,73.56762465794495,-11.167624657944948,11.167624657944948
Random Forest,44.6,61.67826139286156,-17.078261392861556,17.078261392861556
Random Forest,44.8,58.458766351632185,-13.658766351632188,13.658766351632188
Random Forest,38.4,53.60521179626122,-15.205211796261224,15.205211796261224
Random Forest,76.2,82.33003397761962,-6.130033977619618,6.130033977619618
Random Forest,61.0,72.61702329740697,-11.617023297406973,11.617023297406973
Random Forest,71.5,75.19614909755477,-3.696149097554766,3.696149097554766
Random Forest,86.2,63.28191954159151,22.91808045840849,22.91808045840849
Random Forest,65.1,80.06970650867241,-14.969706508672417,14.969706508672417
Random Forest,79.6,67.2185558652616,12.381444134738388,12.381444134738388
Random Forest,83.6,76.71025629187211,6.889743708127881,6.889743708127881
Random Forest,58.2,73.60627646023752,-15.406276460237521,15.406276460237521
Random Forest,83.0,75.99721897690674,7.002781023093263,7.002781023093263
Random Forest,82.6,76.08526234868341,6.51473765131658,6.51473765131658
Random Forest,53.8,56.10784240774551,-2.307842407745511,2.307842407745511
Random Forest,31.1,61.47020847995567,-30.37020847995567,30.37020847995567
Random Forest,49.4,58.26372349288498,-8.86372349288498,8.86372349288498
Random Forest,64.4,58.692884031576206,5.7071159684238,5.7071159684238
Random Forest,37.6,51.925318187498064,-14.325318187498063,14.325318187498063
Random Forest,65.3,74.57665747996244,-9.276657479962438,9.276657479962438
Random Forest,70.5,66.39657151209141,4.103428487908587,4.103428487908587
Random Forest,99.6,66.78561495192301,32.814385048076986,32.814385048076986
Random Forest,61.3,63.374195487492514,-2.074195487492517,2.074195487492517
Random Forest,71.8,59.67820407155707,12.121795928442928,12.121795928442928
Random Forest,74.3,69.80342159934213,4.496578400657867,4.496578400657867
Random Forest,66.7,69.29074904244507,-2.5907490424450685,2.5907490424450685
Random Forest,72.7,75.99329756864638,-3.2932975686463806,3.2932975686463806
Random Forest,56.1,50.36420299415913,5.7357970058408725,5.7357970058408725
Random Forest,46.6,63.30073706926349,-16.70073706926349,16.70073706926349
Random Forest,53.9,65.36752024555838,-11.467520245558383,11.467520245558383
Random Forest,42.0,50.301226200156776,-8.301226200156776,8.301226200156776
Random Forest,65.2,59.50340558821625,5.6965944117837495,5.6965944117837495
Random Forest,98.9,64.83607199645677,34.06392800354324,34.06392800354324
Random Forest,72.2,72.96772446941647,-0.7677244694164642,0.7677244694164642
Random Forest,93.1,84.69197037880349,8.408029621196505,8.408029621196505
Random Forest,51.6,57.49687887952804,-5.896878879528039,5.896878879528039
Random Forest,70.3,65.14694197562994,5.153058024370054,5.153058024370054
Random Forest,60.8,64.35303147340564,-3.553031473405639,3.553031473405639
Random Forest,32.9,56.25910480878473,-23.35910480878473,23.35910480878473
Random Forest,87.3,58.299889332854136,29.00011066714586,29.00011066714586
Random Forest,46.6,62.899791091342045,-16.299791091342044,16.299791091342044
Random Forest,88.0,73.66583296749215,14.33416703250785,14.33416703250785
Random Forest,50.5,63.929311996362024,-13.429311996362024,13.429311996362024
Random Forest,88.5,75.35841389474147,13.141586105258526,13.141586105258526
Random Forest,34.2,57.952423192787634,-23.75242319278763,23.75242319278763
Random Forest,68.2,67.16074085571437,1.0392591442856371,1.0392591442856371
Random Forest,55.4,63.07404899749546,-7.674048997495461,7.674048997495461
Random Forest,65.5,67.2856592471561,-1.7856592471561044,1.7856592471561044
Random Forest,55.6,63.34986142000646,-7.749861420006461,7.749861420006461
Random Forest,62.8,71.73321182525086,-8.933211825250865,8.933211825250865
Random Forest,81.4,60.3695107665878,21.030489233412204,21.030489233412204
Random Forest,66.4,57.66697045722392,8.733029542776087,8.733029542776087
Random Forest,51.4,60.1700632375777,-8.770063237577702,8.770063237577702
Random Forest,50.7,70.14038164651143,-19.440381646511426,19.440381646511426
Random Forest,59.0,62.23916768024268,-3.23916768024268,3.23916768024268
Random Forest,63.1,64.47972560339069,-1.379725603390689,1.379725603390689
Random Forest,100.0,84.872957202121,15.127042797879,15.127042797879
Random Forest,65.5,66.4820226850612,-0.9820226850611959,0.9820226850611959
Random Forest,79.3,66.23674524484332,13.063254755156677,13.063254755156677
Random Forest,69.9,67.07111197936366,2.8288880206363416,2.8288880206363416
Random Forest,57.6,61.48731910275175,-3.8873191027517464,3.8873191027517464
Random Forest,61.2,66.62643108010052,-5.426431080100514,5.426431080100514
Random Forest,52.3,62.667839908278154,-10.367839908278157,10.367839908278157
Random Forest,53.1,59.50803890286204,-6.408038902862039,6.408038902862039
Random Forest,50.4,52.186519430446744,-1.786519430446745,1.786519430446745
Random Forest,88.4,65.1929955450886,23.2070044549114,23.2070044549114
Random Forest,87.1,70.95486855670416,16.14513144329584,16.14513144329584
Random Forest,44.5,58.67363834235024,-14.173638342350237,14.173638342350237
Random Forest,62.8,59.872528593272,2.927471406727996,2.927471406727996
Random Forest,68.7,56.55947036580189,12.14052963419811,12.14052963419811
Random Forest,82.2,65.32526461714863,16.87473538285137,16.87473538285137
Random Forest,80.1,77.93233928763506,2.1676607123649347,2.1676607123649347
Random Forest,94.1,69.9616365441514,24.13836345584859,24.13836345584859
Random Forest,79.5,64.49131960253243,15.008680397467572,15.008680397467572
Random Forest,62.7,60.59599755534195,2.1040024446580503,2.1040024446580503
Random Forest,100.0,65.73397618184985,34.266023818150146,34.266023818150146
Random Forest,58.3,55.188978741788546,3.1110212582114514,3.1110212582114514
Random Forest,78.4,73.42094593610179,4.979054063898218,4.979054063898218
Random Forest,77.5,65.50181806093505,11.99818193906495,11.99818193906495
Random Forest,39.5,70.67938374891575,-31.179383748915754,31.179383748915754
Random Forest,71.2,68.71286173966087,2.4871382603391368,2.4871382603391368
Random Forest,73.4,77.41308321621167,-4.013083216211669,4.013083216211669
Random Forest,97.7,66.20059839168331,31.49940160831669,31.49940160831669
Random Forest,81.8,69.19712103061477,12.60287896938523,12.60287896938523
Random Forest,66.4,63.12186795635753,3.2781320436424792,3.2781320436424792
Random Forest,56.0,57.66215499538688,-1.662154995386878,1.662154995386878
Random Forest,57.9,60.28659471498624,-2.386594714986238,2.386594714986238
Random Forest,72.6,71.20670102537662,1.3932989746233773,1.3932989746233773
Random Forest,52.6,64.40075719289891,-11.800757192898907,11.800757192898907
Random Forest,62.6,54.85162196158349,7.7483780384165115,7.7483780384165115
Random Forest,55.6,55.77254287358984,-0.17254287358984044,0.17254287358984044
Random Forest,54.6,65.55532722691979,-10.955327226919785,10.955327226919785
Random Forest,64.8,69.54426031126363,-4.744260311263631,4.744260311263631
Random Forest,72.3,70.20071135973849,2.0992886402615056,2.0992886402615056
Random Forest,85.2,61.046677332211026,24.153322667788977,24.153322667788977
Random Forest,50.2,61.68089550635168,-11.480895506351679,11.480895506351679
Random Forest,60.7,61.19875465623839,-0.49875465623838977,0.49875465623838977
Random Forest,61.3,68.98204361068062,-7.682043610680623,7.682043610680623
Random Forest,49.8,63.866972740762534,-14.066972740762537,14.066972740762537
Random Forest,73.9,62.65044639135459,11.249553608645414,11.249553608645414
Random Forest,41.0,58.17679070085762,-17.176790700857623,17.176790700857623
Random Forest,79.2,58.50364709888307,20.69635290111693,20.69635290111693
Random Forest,49.0,53.237418702263085,-4.237418702263085,4.237418702263085
Random Forest,73.2,68.70618038202524,4.493819617974765,4.493819617974765
Random Forest,67.8,50.67063404034447,17.12936595965553,17.12936595965553
Random Forest,56.5,72.64102837530012,-16.141028375300124,16.141028375300124
Random Forest,88.3,65.22225473431908,23.077745265680917,23.077745265680917
Random Forest,53.9,71.73885920303931,-17.838859203039313,17.838859203039313
Random Forest,92.0,60.190357979708736,31.809642020291264,31.809642020291264
Random Forest,100.0,80.57536946990666,19.42463053009334,19.42463053009334
Random Forest,66.3,67.99669455607123,-1.696694556071236,1.696694556071236
Random Forest,79.8,58.44850109469661,21.351498905303387,21.351498905303387
Random Forest,95.9,74.54448363286876,21.355516367131244,21.355516367131244
Random Forest,55.4,61.9758029272729,-6.575802927272903,6.575802927272903
Random Forest,60.5,62.695304672087744,-2.195304672087744,2.195304672087744
Random Forest,50.3,44.824858970064284,5.475141029935713,5.475141029935713
Random Forest,95.1,76.86011039284405,18.239889607155945,18.239889607155945
Random Forest,57.2,59.927207410907805,-2.727207410907802,2.727207410907802
Random Forest,57.4,68.0922998404981,-10.692299840498102,10.692299840498102
Random Forest,65.5,56.00569937418753,9.494300625812471,9.494300625812471
Random Forest,93.4,63.57771985602545,29.822280143974552,29.822280143974552
Random Forest,39.3,66.83591798738561,-27.535917987385616,27.535917987385616
Random Forest,36.5,56.52321750638422,-20.02321750638422,20.02321750638422
Random Forest,84.2,76.99417613342159,7.205823866578413,7.205823866578413
Random Forest,61.2,53.08681474498043,8.113185255019573,8.113185255019573
Random Forest,73.3,58.881779866500395,14.418220133499602,14.418220133499602
Random Forest,44.6,54.613772451085595,-10.013772451085593,10.013772451085593
Random Forest,47.2,61.8936683738061,-14.693668373806098,14.693668373806098
Random Forest,81.5,76.75458415070031,4.74541584929969,4.74541584929969
Random Forest,45.7,63.93794086691075,-18.237940866910748,18.237940866910748
Random Forest,72.9,54.61648960769522,18.283510392304784,18.283510392304784
Random Forest,95.5,77.36582244063416,18.13417755936584,18.13417755936584
Random Forest,85.2,65.89409268503451,19.305907314965495,19.305907314965495
Random Forest,34.5,71.61173466856935,-37.111734668569355,37.111734668569355
Random Forest,40.0,52.084892565161816,-12.084892565161816,12.084892565161816
Random Forest,86.0,69.98184464819073,16.01815535180927,16.01815535180927
Random Forest,56.5,49.65882360128759,6.841176398712413,6.841176398712413
Random Forest,90.5,65.69010467543289,24.80989532456711,24.80989532456711
Random Forest,52.9,48.33262616962002,4.567373830379978,4.567373830379978
Random Forest,90.9,73.55908192422669,17.340918075773317,17.340918075773317
Random Forest,70.3,72.69747866682806,-2.3974786668280643,2.3974786668280643
Random Forest,46.5,61.17485840562868,-14.674858405628683,14.674858405628683
Random Forest,80.7,57.233977765574345,23.466022234425658,23.466022234425658
Random Forest,70.7,74.4634604348747,-3.763460434874702,3.763460434874702
Random Forest,74.8,64.8611643716571,9.9388356283429,9.9388356283429
Random Forest,45.7,54.633301253405776,-8.933301253405773,8.933301253405773
Random Forest,100.0,67.49891433241648,32.501085667583524,32.501085667583524
Random Forest,61.0,63.72933721726846,-2.7293372172684585,2.7293372172684585
Random Forest,78.4,77.21588585836817,1.184114141631838,1.184114141631838
Random Forest,73.0,71.26907854846887,1.730921451531131,1.730921451531131
Random Forest,49.9,59.265282355723684,-9.365282355723686,9.365282355723686
Random Forest,64.4,63.32511144722239,1.0748885527776153,1.0748885527776153
Random Forest,94.3,74.79781311228543,19.502186887714572,19.502186887714572
Random Forest,54.0,64.7280973368262,-10.728097336826195,10.728097336826195
Random Forest,55.3,77.96303465745596,-22.663034657455967,22.663034657455967
Random Forest,81.8,78.35322588591285,3.446774114087148,3.446774114087148
Random Forest,78.1,66.7139998199207,11.386000180079293,11.386000180079293
Random Forest,83.0,74.63221347133835,8.367786528661654,8.367786528661654
Random Forest,59.3,61.2056041448365,-1.9056041448365022,1.9056041448365022
Random Forest,42.8,64.03774205444321,-21.237742054443217,21.237742054443217
Random Forest,72.8,78.73963893371686,-5.939638933716864,5.939638933716864
Random Forest,69.5,57.2351734862073,12.264826513792698,12.264826513792698
Random Forest,52.2,63.84442791218292,-11.64442791218292,11.64442791218292
Random Forest,67.1,72.31635742582166,-5.21635742582167,5.21635742582167
Random Forest,73.5,51.56621228765922,21.93378771234078,21.93378771234078
Random Forest,63.0,69.56746942612781,-6.567469426127815,6.567469426127815
Random Forest,47.8,47.55792239780227,0.24207760219772467,0.24207760219772467
Random Forest,100.0,87.79448032760617,12.205519672393834,12.205519672393834
Random Forest,64.5,59.24498189876418,5.2550181012358195,5.2550181012358195
Random Forest,50.5,57.70509005227423,-7.20509005227423,7.20509005227423
Random Forest,74.8,73.39046615466097,1.409533845339027,1.409533845339027
Random Forest,85.0,75.4367516944173,9.563248305582704,9.563248305582704
Random Forest,81.1,76.271111328089,4.828888671910988,4.828888671910988
Random Forest,100.0,68.42803110189932,31.57196889810068,31.57196889810068
Random Forest,44.5,62.91879499324479,-18.418794993244788,18.418794993244788
Random Forest,42.4,53.74840033069953,-11.348400330699533,11.348400330699533
Random Forest,91.0,74.19723512614623,16.802764873853775,16.802764873853775
Random Forest,51.4,56.440479994747555,-5.040479994747557,5.040479994747557
Random Forest,100.0,72.75981496313432,27.240185036865682,27.240185036865682
Random Forest,69.1,73.60226082777297,-4.502260827772972,4.502260827772972
Random Forest,81.3,74.0569609526811,7.243039047318902,7.243039047318902
Random Forest,51.8,59.24865445015979,-7.448654450159793,7.448654450159793
Random Forest,45.6,56.93844227114662,-11.338442271146619,11.338442271146619
Random Forest,54.9,54.37013659095967,0.5298634090403311,0.5298634090403311
Random Forest,79.4,68.19024848682037,11.20975151317964,11.20975151317964
Random Forest,70.5,68.87512230656273,1.62487769343727,1.62487769343727
Random Forest,72.2,65.16096367689593,7.039036323104071,7.039036323104071
Random Forest,97.4,79.808140208041,17.59185979195901,17.59185979195901
Random Forest,65.8,62.29608207626213,3.503917923737866,3.503917923737866
Random Forest,37.5,52.80272189637039,-15.302721896370393,15.302721896370393
Random Forest,49.0,55.6885376065296,-6.6885376065296,6.6885376065296
Random Forest,66.1,68.21713608734572,-2.1171360873457274,2.1171360873457274
Random Forest,47.5,65.75826800237328,-18.258268002373285,18.258268002373285
Random Forest,86.3,76.5386468432379,9.761353156762098,9.761353156762098
Random Forest,76.8,72.2112291351416,4.588770864858404,4.588770864858404
Random Forest,71.2,73.84537353284736,-2.6453735328473584,2.6453735328473584
Random Forest,31.1,77.93150996577039,-46.83150996577039,46.83150996577039
Random Forest,64.3,63.92906085530692,0.3709391446930752,0.3709391446930752
Random Forest,67.3,58.80602065652728,8.493979343472716,8.493979343472716
Random Forest,95.8,71.13527100371185,24.664728996288147,24.664728996288147
Random Forest,95.4,71.36388545270339,24.03611454729662,24.03611454729662
Random Forest,65.7,55.27887261015818,10.421127389841821,10.421127389841821
Random Forest,22.5,56.675379963344085,-34.175379963344085,34.175379963344085
Random Forest,93.4,75.23379061633953,18.166209383660473,18.166209383660473
Random Forest,63.9,64.38595343842614,-0.4859534384261437,0.4859534384261437
Random Forest,61.1,73.94168882070804,-12.841688820708036,12.841688820708036
Random Forest,61.5,57.033761746584936,4.466238253415064,4.466238253415064
Random Forest,59.2,65.97218376732162,-6.772183767321621,6.772183767321621
Random Forest,71.8,65.64288854645847,6.157111453541532,6.157111453541532
Random Forest,62.3,61.11851397902525,1.181486020974745,1.181486020974745
Random Forest,35.0,51.501168362095065,-16.501168362095065,16.501168362095065
Random Forest,65.2,61.794258738632905,3.4057412613670976,3.4057412613670976
Random Forest,83.6,71.57632934170472,12.023670658295273,12.023670658295273
Random Forest,100.0,68.68021740156055,31.319782598439446,31.319782598439446
Random Forest,72.3,61.52445251290872,10.77554748709128,10.77554748709128
Random Forest,72.0,66.79327764015434,5.2067223598456565,5.2067223598456565
Random Forest,56.3,64.0882428892501,-7.7882428892501,7.7882428892501
Random Forest,78.4,72.7351785926551,5.664821407344903,5.664821407344903
Random Forest,81.2,77.69550142617956,3.5044985738204417,3.5044985738204417
Random Forest,33.6,51.54647667883656,-17.94647667883656,17.94647667883656
Random Forest,61.4,70.80731056813394,-9.407310568133944,9.407310568133944
Random Forest,88.3,57.968725441456385,30.331274558543612,30.331274558543612
Random Forest,62.8,70.66364793907096,-7.863647939070958,7.863647939070958
Random Forest,61.9,64.49156124807178,-2.591561248071777,2.591561248071777
Random Forest,45.6,52.74950149408185,-7.149501494081846,7.149501494081846
Random Forest,29.2,47.65113828999456,-18.451138289994564,18.451138289994564
Random Forest,78.1,75.77376030434714,2.326239695652859,2.326239695652859
Random Forest,53.0,63.15930957185393,-10.159309571853932,10.159309571853932
Random Forest,51.7,64.39571059019923,-12.695710590199226,12.695710590199226
Random Forest,71.8,70.72846562783698,1.0715343721630148,1.0715343721630148
Random Forest,49.5,49.38797895986293,0.1120210401370727,0.1120210401370727
Random Forest,62.1,71.7228012850529,-9.622801285052894,9.622801285052894
Random Forest,64.1,56.765444664456616,7.334555335543378,7.334555335543378
Random Forest,55.6,59.687396124238944,-4.087396124238943,4.087396124238943
Random Forest,89.5,75.53569772540587,13.964302274594132,13.964302274594132
Random Forest,46.0,51.51502937488883,-5.515029374888833,5.515029374888833
Random Forest,80.7,73.2072623281367,7.49273767186331,7.49273767186331
Random Forest,84.7,77.69675622203513,7.003243777964869,7.003243777964869
Random Forest,64.4,60.577328081488744,3.8226719185112614,3.8226719185112614
Random Forest,55.8,66.4719690706053,-10.6719690706053,10.6719690706053
Random Forest,83.9,69.7198860681734,14.180113931826611,14.180113931826611
Random Forest,49.1,64.5075349624555,-15.407534962455493,15.407534962455493
Random Forest,85.2,64.32774802892251,20.87225197107749,20.87225197107749
Random Forest,58.4,60.039472778535334,-1.6394727785353354,1.6394727785353354
Random Forest,81.8,78.35385056942219,3.4461494305778047,3.4461494305778047
Random Forest,63.0,68.80503060249158,-5.805030602491584,5.805030602491584
Random Forest,46.2,65.33118709431399,-19.131187094313987,19.131187094313987
Random Forest,42.5,57.97909434835842,-15.479094348358423,15.479094348358423
Random Forest,58.4,70.00803562786513,-11.608035627865128,11.608035627865128
Random Forest,80.7,72.93263075215086,7.767369247849146,7.767369247849146
Random Forest,62.6,61.13844034833475,1.4615596516652545,1.4615596516652545
Random Forest,72.8,69.35667400810843,3.4433259918915695,3.4433259918915695
Random Forest,61.0,59.60316234783335,1.3968376521666528,1.3968376521666528
Random Forest,50.9,64.97052572462341,-14.070525724623415,14.070525724623415
Random Forest,99.9,77.23535253483496,22.664647465165046,22.664647465165046
Random Forest,40.7,63.24585525444961,-22.545855254449606,22.545855254449606
Random Forest,49.1,59.37032892287461,-10.270328922874612,10.270328922874612
Random Forest,100.0,65.9971227736622,34.0028772263378,34.0028772263378
Random Forest,50.2,62.757473777983634,-12.557473777983631,12.557473777983631
Random Forest,51.7,61.301564328539484,-9.601564328539482,9.601564328539482
Random Forest,69.0,61.12648357621917,7.873516423780828,7.873516423780828
Random Forest,89.9,82.13135706256125,7.768642937438756,7.768642937438756
Random Forest,64.9,73.59370817644842,-8.69370817644841,8.69370817644841
Random Forest,37.1,57.562831080686465,-20.462831080686463,20.462831080686463
Random Forest,50.7,55.781005211903775,-5.081005211903772,5.081005211903772
Random Forest,71.1,83.4014836612882,-12.301483661288202,12.301483661288202
Random Forest,57.4,61.99602198782566,-4.596021987825658,4.596021987825658
Random Forest,100.0,85.4096257828427,14.590374217157304,14.590374217157304
Random Forest,44.1,63.878236157115204,-19.778236157115202,19.778236157115202
Random Forest,73.6,69.56995845715397,4.030041542846021,4.030041542846021
Random Forest,45.5,55.76147678450619,-10.261476784506193,10.261476784506193
Random Forest,71.8,64.69142728720479,7.108572712795208,7.108572712795208
Random Forest,54.2,59.4762396644227,-5.276239664422697,5.276239664422697
Random Forest,78.6,63.26840619644406,15.331593803555933,15.331593803555933
Random Forest,67.3,72.9516748881246,-5.651674888124603,5.651674888124603
Random Forest,63.6,65.8077803444662,-2.207780344466194,2.207780344466194
Random Forest,60.0,78.81508596087022,-18.81508596087022,18.81508596087022
Random Forest,55.8,60.73662866201745,-4.936628662017455,4.936628662017455
Random Forest,30.4,54.57244401956952,-24.172444019569518,24.172444019569518
Random Forest,64.4,67.19541479684393,-2.7954147968439287,2.7954147968439287
Random Forest,89.7,78.08268442935412,11.617315570645886,11.617315570645886
Random Forest,71.8,67.69449463886049,4.105505361139507,4.105505361139507
Random Forest,80.6,71.74149048647092,8.858509513529071,8.858509513529071
Random Forest,78.4,64.42255968882678,13.977440311173225,13.977440311173225
Random Forest,60.4,57.82692902921591,2.5730709707840873,2.5730709707840873
Random Forest,100.0,74.39167129269906,25.60832870730094,25.60832870730094
Random Forest,47.3,54.891902667762736,-7.591902667762739,7.591902667762739
Random Forest,79.7,72.22399912745445,7.476000872545555,7.476000872545555
Random Forest,66.5,61.2109573386277,5.289042661372299,5.289042661372299
Random Forest,72.5,52.597164344320824,19.902835655679176,19.902835655679176
Random Forest,46.4,55.432602335269266,-9.032602335269267,9.032602335269267
Random Forest,89.1,82.77446055464603,6.325539445353968,6.325539445353968
Random Forest,83.0,74.54622666139359,8.45377333860641,8.45377333860641
Random Forest,66.3,64.85556973972521,1.4444302602747854,1.4444302602747854
Random Forest,83.7,64.05412338262359,19.645876617376416,19.645876617376416
Random Forest,83.4,63.67930204642429,19.720697953575716,19.720697953575716
Random Forest,64.2,54.4181385371376,9.781861462862402,9.781861462862402
Random Forest,100.0,72.6982360645373,27.301763935462702,27.301763935462702
Random Forest,69.2,60.706762383780514,8.493237616219488,8.493237616219488
Random Forest,76.5,70.59063869076206,5.909361309237937,5.909361309237937
Random Forest,53.9,71.75676491320928,-17.856764913209282,17.856764913209282
Random Forest,65.8,74.11248624438609,-8.312486244386093,8.312486244386093
Random Forest,78.7,66.97087864813935,11.729121351860655,11.729121351860655
Random Forest,66.4,68.64273106757021,-2.2427310675702046,2.2427310675702046
Random Forest,67.2,62.559450096638706,4.640549903361297,4.640549903361297
Random Forest,83.2,71.8167733354932,11.383226664506807,11.383226664506807
Random Forest,83.0,67.76556317725637,15.234436822743632,15.234436822743632
Random Forest,69.4,69.43418123795843,-0.03418123795842121,0.03418123795842121
Random Forest,52.6,66.82669072549734,-14.226690725497342,14.226690725497342
Random Forest,63.0,66.88809699560274,-3.888096995602737,3.888096995602737
Random Forest,83.2,71.56396812625407,11.636031873745935,11.636031873745935
Random Forest,74.0,69.0069435337264,4.9930564662736,4.9930564662736
Random Forest,94.8,70.88820786514881,23.911792134851183,23.911792134851183
Random Forest,59.2,54.40098588889391,4.799014111106089,4.799014111106089
Random Forest,38.4,60.29057000755961,-21.89057000755961,21.89057000755961
Random Forest,62.0,57.3494906769101,4.650509323089899,4.650509323089899
Random Forest,34.2,54.8093355756324,-20.6093355756324,20.6093355756324
Random Forest,63.1,67.37000817923447,-4.270008179234473,4.270008179234473
Random Forest,89.4,66.779459427496,22.620540572504012,22.620540572504012
Random Forest,28.3,52.462127661331294,-24.162127661331294,24.162127661331294
Random Forest,39.5,52.92594284324031,-13.425942843240307,13.425942843240307
Random Forest,84.3,63.97773722091817,20.322262779081825,20.322262779081825
Random Forest,66.4,78.83494302156376,-12.434943021563754,12.434943021563754
Random Forest,98.6,73.50182837304367,25.09817162695633,25.09817162695633
Random Forest,94.9,62.50552704670467,32.394472953295335,32.394472953295335
Random Forest,76.8,76.16875643314994,0.6312435668500598,0.6312435668500598
Random Forest,59.5,71.6770334281405,-12.177033428140504,12.177033428140504
Random Forest,48.3,70.18330638186164,-21.883306381861644,21.883306381861644
Random Forest,72.7,64.3652885407202,8.334711459279802,8.334711459279802
Random Forest,73.0,66.47253886794412,6.527461132055876,6.527461132055876
Random Forest,66.5,79.58171187741752,-13.081711877417519,13.081711877417519
Random Forest,47.5,50.022085741540515,-2.522085741540515,2.522085741540515
Random Forest,60.9,70.84212246294031,-9.942122462940311,9.942122462940311
Random Forest,59.7,59.44459537507041,0.2554046249295894,0.2554046249295894
Random Forest,54.2,64.48971460758375,-10.289714607583747,10.289714607583747
Random Forest,73.4,64.77619393874345,8.623806061256559,8.623806061256559
Random Forest,72.9,71.67779776513194,1.222202234868064,1.222202234868064
Random Forest,28.6,49.9508853822305,-21.3508853822305,21.3508853822305
Random Forest,62.2,57.688314913818886,4.511685086181117,4.511685086181117
Random Forest,62.5,71.94070399858543,-9.440703998585434,9.440703998585434
Random Forest,44.3,59.888461098289646,-15.588461098289649,15.588461098289649
Random Forest,33.8,63.53585547742803,-29.735855477428032,29.735855477428032
Random Forest,34.8,45.96662741744229,-11.166627417442292,11.166627417442292
Random Forest,71.9,56.83392242476623,15.066077575233777,15.066077575233777
Random Forest,60.8,64.9187467680678,-4.118746768067808,4.118746768067808
Random Forest,77.5,66.30610536796841,11.193894632031586,11.193894632031586
Random Forest,58.2,58.018363462727244,0.18163653727275886,0.18163653727275886
Random Forest,69.6,73.53269551786317,-3.9326955178631806,3.9326955178631806
Random Forest,66.1,63.96554307775547,2.1344569222445244,2.1344569222445244
Random Forest,98.2,83.22310837819805,14.976891621801954,14.976891621801954
Random Forest,80.8,76.65870376934433,4.141296230655669,4.141296230655669
Random Forest,51.6,62.86093420682512,-11.26093420682512,11.26093420682512
Random Forest,50.1,57.172897306617244,-7.072897306617243,7.072897306617243
Random Forest,63.8,60.840396741030986,2.959603258969011,2.959603258969011
Random Forest,58.5,55.489223226475794,3.0107767735242064,3.0107767735242064
Random Forest,81.0,70.81247087694898,10.187529123051021,10.187529123051021
Random Forest,97.2,70.76452725483611,26.435472745163892,26.435472745163892
Random Forest,55.2,56.747577977017066,-1.5475779770170632,1.5475779770170632
Random Forest,54.5,59.431702291583704,-4.931702291583704,4.931702291583704
Random Forest,47.4,67.90217156928466,-20.502171569284663,20.502171569284663
Random Forest,100.0,76.59112696915791,23.408873030842088,23.408873030842088
Random Forest,71.4,74.59411267513627,-3.1941126751362674,3.1941126751362674
Random Forest,51.6,58.296623906669765,-6.696623906669764,6.696623906669764
Random Forest,100.0,79.26106682726605,20.73893317273395,20.73893317273395
Random Forest,42.5,62.901744582087225,-20.401744582087225,20.401744582087225
Random Forest,56.8,65.49738988399668,-8.697389883996678,8.697389883996678
Random Forest,25.6,64.97804815783083,-39.378048157830825,39.378048157830825
Random Forest,74.9,66.17077380415702,8.729226195842983,8.729226195842983
Random Forest,55.0,56.82919475089376,-1.8291947508937625,1.8291947508937625
Random Forest,65.9,75.54077244968373,-9.640772449683723,9.640772449683723
Random Forest,75.9,64.37738899219329,11.522611007806717,11.522611007806717
Random Forest,41.0,69.10438816760163,-28.104388167601627,28.104388167601627
Random Forest,93.8,74.0889381284278,19.7110618715722,19.7110618715722
Random Forest,48.4,61.069671843314964,-12.669671843314966,12.669671843314966
Random Forest,53.7,55.42563605072229,-1.7256360507222865,1.7256360507222865
Random Forest,51.0,63.34675057723321,-12.346750577233209,12.346750577233209
Random Forest,30.4,50.751529012046895,-20.351529012046896,20.351529012046896
Random Forest,55.8,64.72740957351517,-8.927409573515177,8.927409573515177
Random Forest,88.8,85.23096246115657,3.569037538843432,3.569037538843432
Random Forest,83.7,72.05912681611548,11.640873183884523,11.640873183884523
Random Forest,61.5,51.411078936664296,10.088921063335704,10.088921063335704
Random Forest,73.7,61.61719506027863,12.08280493972137,12.08280493972137
Random Forest,48.7,56.54614874323041,-7.846148743230408,7.846148743230408
Random Forest,57.8,62.72307086625182,-4.92307086625182,4.92307086625182
Random Forest,95.0,80.90823914356876,14.091760856431236,14.091760856431236
Random Forest,76.2,60.02148537061313,16.178514629386875,16.178514629386875
Random Forest,80.4,69.0403265435004,11.359673456499607,11.359673456499607
Random Forest,94.6,66.97706295474217,27.622937045257828,27.622937045257828
Random Forest,67.3,72.34329258953186,-5.043292589531859,5.043292589531859
Random Forest,42.8,53.89992454126209,-11.09992454126209,11.09992454126209
Random Forest,96.4,72.89023645865174,23.509763541348264,23.509763541348264
Random Forest,46.8,55.9336256362693,-9.1336256362693,9.1336256362693
Random Forest,76.6,70.05458225699383,6.545417743006169,6.545417743006169
Random Forest,58.8,57.67712161576569,1.1228783842343049,1.1228783842343049
Random Forest,43.9,64.07641793548865,-20.17641793548865,20.17641793548865
Random Forest,59.5,63.65700890830988,-4.1570089083098765,4.1570089083098765
Random Forest,82.5,72.19319416464829,10.30680583535171,10.30680583535171
Random Forest,58.2,71.7450211751203,-13.545021175120297,13.545021175120297
Random Forest,64.2,60.36785790877328,3.8321420912267214,3.8321420912267214
Random Forest,82.5,67.33905556201222,15.16094443798778,15.16094443798778
Random Forest,60.5,67.70069922822128,-7.200699228221282,7.200699228221282
Random Forest,46.2,66.63879357286032,-20.43879357286032,20.43879357286032
Random Forest,45.3,65.60403226776012,-20.30403226776012,20.30403226776012
Random Forest,68.7,73.62050990326884,-4.920509903268837,4.920509903268837
Random Forest,53.3,59.614215709282846,-6.314215709282848,6.314215709282848
Random Forest,68.7,63.0051708491353,5.694829150864706,5.694829150864706
Random Forest,56.6,58.3425276559276,-1.7425276559275957,1.7425276559275957
Random Forest,58.9,62.78277196329684,-3.8827719632968396,3.8827719632968396
Random Forest,88.9,73.99650343347801,14.903496566521994,14.903496566521994
Random Forest,73.0,63.96918316078347,9.030816839216527,9.030816839216527
Random Forest,51.2,59.510821895626194,-8.31082189562619,8.31082189562619
Random Forest,81.8,67.92413620201452,13.875863797985474,13.875863797985474
Random Forest,47.5,53.40545583861719,-5.905455838617193,5.905455838617193
Random Forest,91.3,83.2462734406608,8.053726559339196,8.053726559339196
Random Forest,78.9,67.58947019658092,11.310529803419087,11.310529803419087
Random Forest,45.0,55.08165413704114,-10.081654137041141,10.081654137041141
Random Forest,82.7,64.09764486063861,18.602355139361393,18.602355139361393
Random Forest,70.5,66.6096361657453,3.8903638342547,3.8903638342547
Random Forest,65.8,72.61235894280145,-6.812358942801453,6.812358942801453
Random Forest,65.9,51.52615530481036,14.373844695189646,14.373844695189646
Random Forest,80.9,68.27543083557283,12.624569164427172,12.624569164427172
Random Forest,32.1,49.97516063705335,-17.875160637053348,17.875160637053348
Random Forest,69.8,56.94696753491449,12.853032465085505,12.853032465085505
Random Forest,45.1,50.19459888765813,-5.09459888765813,5.09459888765813
Random Forest,73.4,64.32286694256683,9.077133057433173,9.077133057433173
Random Forest,85.3,57.30048024281062,27.999519757189375,27.999519757189375
Random Forest,52.2,61.299236243910684,-9.099236243910681,9.099236243910681
Random Forest,94.0,76.58879603028383,17.41120396971617,17.41120396971617
Random Forest,77.1,67.73761404818882,9.362385951811177,9.362385951811177
Random Forest,46.7,58.54445455927015,-11.844454559270147,11.844454559270147
Random Forest,62.3,60.159751444918186,2.1402485550818113,2.1402485550818113
Random Forest,64.5,63.89200345185716,0.6079965481428431,0.6079965481428431
Random Forest,86.9,70.36647552349194,16.533524476508063,16.533524476508063
Random Forest,77.4,72.27728116325422,5.12271883674579,5.12271883674579
Random Forest,34.9,58.28571331971261,-23.385713319712615,23.385713319712615
Random Forest,63.0,75.77251800492357,-12.772518004923569,12.772518004923569
Random Forest,81.7,80.21455784699,1.4854421530099984,1.4854421530099984
Random Forest,43.9,50.31590241411877,-6.415902414118769,6.415902414118769
Random Forest,67.6,63.56911647671651,4.030883523283485,4.030883523283485
Random Forest,78.0,75.49689351131724,2.5031064886827608,2.5031064886827608
Random Forest,80.2,62.55650786716067,17.643492132839334,17.643492132839334
Random Forest,56.6,55.07109979195523,1.5289002080447744,1.5289002080447744
Random Forest,98.6,64.04491130100794,34.55508869899205,34.55508869899205
Random Forest,67.0,60.87420690724156,6.1257930927584425,6.1257930927584425
Random Forest,66.4,53.05931081625996,13.340689183740047,13.340689183740047
Random Forest,65.5,77.18603672762228,-11.68603672762228,11.68603672762228
Random Forest,61.0,68.73125915681456,-7.731259156814559,7.731259156814559
Random Forest,74.6,84.602027027233,-10.002027027233012,10.002027027233012
Random Forest,70.8,60.30274043504145,10.497259564958547,10.497259564958547
Random Forest,39.4,60.57103630506964,-21.17103630506964,21.17103630506964
Random Forest,43.3,64.77894012917048,-21.478940129170482,21.478940129170482
Random Forest,87.1,85.55147184546729,1.548528154532704,1.548528154532704
Random Forest,98.1,71.23533755959706,26.864662440402938,26.864662440402938
Random Forest,72.0,61.78752077025466,10.212479229745341,10.212479229745341
Random Forest,54.9,65.94029882358882,-11.04029882358882,11.04029882358882
Random Forest,61.3,67.32773281598902,-6.027732815989026,6.027732815989026
Random Forest,56.2,61.92128023157278,-5.721280231572777,5.721280231572777
Random Forest,68.7,63.289080253689335,5.410919746310668,5.410919746310668
Random Forest,59.9,63.913364756474394,-4.013364756474395,4.013364756474395
Random Forest,100.0,76.66239510449631,23.337604895503688,23.337604895503688
Random Forest,75.7,74.86990927938206,0.830090720617946,0.830090720617946
Random Forest,50.8,66.35881546008979,-15.55881546008979,15.55881546008979
Random Forest,41.1,62.38806715102015,-21.28806715102015,21.28806715102015
Random Forest,77.3,71.75549087223467,5.544509127765323,5.544509127765323
Random Forest,42.9,59.370885087862554,-16.470885087862555,16.470885087862555
Random Forest,72.1,71.89219377304921,0.20780622695077966,0.20780622695077966
Random Forest,51.6,59.42150977064601,-7.82150977064601,7.82150977064601
Random Forest,75.7,80.87900240106323,-5.179002401063229,5.179002401063229
Random Forest,86.8,65.9692472496429,20.830752750357092,20.830752750357092
Random Forest,87.7,65.23836632258863,22.46163367741137,22.46163367741137
Random Forest,57.7,57.76234634822028,-0.06234634822027374,0.06234634822027374
Random Forest,52.9,46.73232859522218,6.1676714047778205,6.1676714047778205
Random Forest,48.3,56.13187496054793,-7.831874960547935,7.831874960547935
Random Forest,66.7,60.28228736408073,6.417712635919273,6.417712635919273
Random Forest,54.8,62.56202842479977,-7.762028424799773,7.762028424799773
Random Forest,79.3,65.40071787723166,13.89928212276834,13.89928212276834
Random Forest,60.1,70.06456169889987,-9.964561698899864,9.964561698899864
Random Forest,63.1,56.608403015222166,6.491596984777836,6.491596984777836
Random Forest,43.8,50.70541896478336,-6.905418964783365,6.905418964783365
Random Forest,62.2,53.335724152337356,8.864275847662647,8.864275847662647
Random Forest,47.9,58.60243812482405,-10.702438124824049,10.702438124824049
Random Forest,43.7,61.98549837521337,-18.285498375213365,18.285498375213365
Random Forest,45.2,60.56995827983248,-15.369958279832474,15.369958279832474
Random Forest,47.9,72.3504771231427,-24.450477123142697,24.450477123142697
Random Forest,88.3,75.07923204678389,13.22076795321611,13.22076795321611
Random Forest,46.3,51.835647502731625,-5.535647502731628,5.535647502731628
Random Forest,62.2,68.29673172982777,-6.096731729827766,6.096731729827766
Random Forest,64.3,60.01069742234597,4.289302577654027,4.289302577654027
Random Forest,73.4,65.5423033170473,7.857696682952707,7.857696682952707
Random Forest,49.6,63.30807154656134,-13.708071546561335,13.708071546561335
Random Forest,59.6,52.81407203571248,6.785927964287524,6.785927964287524
Random Forest,60.4,76.22045199711128,-15.820451997111284,15.820451997111284
Random Forest,34.2,53.49256399056681,-19.292563990566805,19.292563990566805
Random Forest,52.7,51.4382649025752,1.261735097424804,1.261735097424804
Random Forest,46.6,61.34829905198202,-14.748299051982016,14.748299051982016
Random Forest,61.3,62.3185176787798,-1.0185176787798014,1.0185176787798014
Random Forest,53.2,63.49127361389245,-10.29127361389245,10.29127361389245
Random Forest,69.2,61.666792369558,7.533207630442,7.533207630442
Random Forest,61.8,61.744292755374886,0.05570724462511123,0.05570724462511123
Random Forest,75.4,64.10213620185904,11.297863798140966,11.297863798140966
Random Forest,30.9,54.03694831550001,-23.136948315500014,23.136948315500014
Random Forest,51.8,58.57140646725444,-6.771406467254444,6.771406467254444
Random Forest,46.4,52.00764350638629,-5.607643506386289,5.607643506386289
Random Forest,62.3,61.36159268437452,0.9384073156254757,0.9384073156254757
Random Forest,44.5,66.23475908204286,-21.734759082042856,21.734759082042856
Random Forest,68.9,62.7129842936306,6.187015706369408,6.187015706369408
Random Forest,71.9,60.339218145386226,11.56078185461378,11.56078185461378
Random Forest,52.4,66.18942393879423,-13.789423938794236,13.789423938794236
Random Forest,71.2,75.19108574191095,-3.9910857419109504,3.9910857419109504
Random Forest,50.7,61.78975265910866,-11.089752659108655,11.089752659108655
Random Forest,93.4,66.3468510060045,27.053148993995507,27.053148993995507
Random Forest,100.0,64.9761416532075,35.023858346792494,35.023858346792494
Random Forest,99.0,75.35861958991588,23.641380410084125,23.641380410084125
Random Forest,74.7,61.62130420333044,13.078695796669564,13.078695796669564
Random Forest,58.3,68.02933873116092,-9.729338731160922,9.729338731160922
Random Forest,23.7,49.85231654432425,-26.152316544324254,26.152316544324254
Random Forest,41.7,62.60375351341388,-20.903753513413875,20.903753513413875
Random Forest,93.5,75.41445985696797,18.085540143032034,18.085540143032034
Random Forest,53.7,52.374411255988164,1.3255887440118386,1.3255887440118386
Random Forest,40.4,68.19497598383262,-27.79497598383262,27.79497598383262
Random Forest,53.8,65.48973580384742,-11.689735803847427,11.689735803847427
Random Forest,76.2,72.67653481538919,3.5234651846108136,3.5234651846108136
Random Forest,66.2,74.06176633175824,-7.861766331758233,7.861766331758233
Random Forest,55.8,58.81560623879828,-3.0156062387982843,3.0156062387982843
Random Forest,36.9,50.56733300876038,-13.66733300876038,13.66733300876038
Random Forest,38.8,45.81550805396493,-7.015508053964936,7.015508053964936
Random Forest,84.9,64.16573421661056,20.734265783389446,20.734265783389446
Random Forest,37.2,56.10053930162256,-18.90053930162256,18.90053930162256
Random Forest,73.4,56.628616947349805,16.7713830526502,16.7713830526502
Random Forest,49.3,54.12171189330034,-4.821711893300346,4.821711893300346
Random Forest,65.7,73.16145288465137,-7.461452884651365,7.461452884651365
Random Forest,39.9,56.81967896829972,-16.91967896829972,16.91967896829972
Random Forest,45.1,60.442124130868685,-15.342124130868683,15.342124130868683
Random Forest,95.6,74.5760267703163,21.02397322968369,21.02397322968369
Random Forest,50.9,75.73378539481095,-24.833785394810953,24.833785394810953
Random Forest,82.8,72.79418575937882,10.005814240621177,10.005814240621177
Random Forest,37.0,65.69874943819403,-28.698749438194028,28.698749438194028
Random Forest,71.2,60.152944086644695,11.047055913355308,11.047055913355308
Random Forest,36.8,57.18062949882138,-20.380629498821385,20.380629498821385
Random Forest,62.5,65.59605353586097,-3.0960535358609746,3.0960535358609746
Random Forest,58.6,54.48438996124139,4.115610038758611,4.115610038758611
Random Forest,48.2,59.6604310542391,-11.460431054239095,11.460431054239095
Random Forest,38.6,46.7356028983741,-8.135602898374096,8.135602898374096
Random Forest,67.0,65.20380925057219,1.796190749427808,1.796190749427808
Random Forest,77.8,64.96987397920994,12.830126020790061,12.830126020790061
Random Forest,80.2,78.87440744578291,1.3255925542170957,1.3255925542170957
Random Forest,91.4,66.86972628175394,24.530273718246065,24.530273718246065
Random Forest,66.6,67.75050865939929,-1.1505086593992928,1.1505086593992928
Random Forest,81.4,63.2614397966712,18.138560203328808,18.138560203328808
Random Forest,84.6,65.61294178890333,18.987058211096667,18.987058211096667
Random Forest,56.8,68.2223275544869,-11.422327554486898,11.422327554486898
Random Forest,56.7,67.97491815198006,-11.27491815198006,11.27491815198006
Random Forest,65.4,72.23232949372337,-6.832329493723364,6.832329493723364
Random Forest,31.5,52.58447778948285,-21.084477789482847,21.084477789482847
Random Forest,45.1,63.804293599575225,-18.704293599575223,18.704293599575223
Random Forest,44.2,63.61980224904431,-19.41980224904431,19.41980224904431
Random Forest,87.8,60.308548523791686,27.49145147620831,27.49145147620831
Random Forest,100.0,76.9283302075183,23.0716697924817,23.0716697924817
Random Forest,48.7,58.32811441970123,-9.628114419701227,9.628114419701227
Random Forest,89.7,70.38070730464348,19.319292695356523,19.319292695356523
Random Forest,79.1,71.4935539226337,7.6064460773663,7.6064460773663
Random Forest,51.1,58.55523245536678,-7.455232455366776,7.455232455366776
Random Forest,69.4,66.98920001669316,2.4107999833068448,2.4107999833068448
Random Forest,65.8,68.61873671086633,-2.8187367108663324,2.8187367108663324
Random Forest,73.1,73.21438352550237,-0.11438352550237596,0.11438352550237596
Random Forest,81.9,65.30052255862739,16.599477441372613,16.599477441372613
Random Forest,54.7,63.72058932617083,-9.020589326170828,9.020589326170828
Random Forest,55.3,62.910374609991024,-7.610374609991027,7.610374609991027
Random Forest,60.0,51.02739366990463,8.972606330095367,8.972606330095367
Random Forest,53.6,51.69168810880103,1.90831189119897,1.90831189119897
Random Forest,77.4,73.70740504068627,3.6925949593137375,3.6925949593137375
Random Forest,66.0,67.75591511561774,-1.7559151156177393,1.7559151156177393
Random Forest,41.8,66.59879837707727,-24.798798377077276,24.798798377077276
Random Forest,79.0,66.85615990980531,12.143840090194686,12.143840090194686
Random Forest,59.8,77.49834670311198,-17.69834670311198,17.69834670311198
Random Forest,94.1,76.2236785985033,17.876321401496696,17.876321401496696
Random Forest,55.5,60.537161865312825,-5.037161865312825,5.037161865312825
Random Forest,56.0,54.99542342219958,1.004576577800421,1.004576577800421
Random Forest,100.0,73.26665567672214,26.733344323277862,26.733344323277862
Random Forest,51.9,75.25514289919343,-23.35514289919343,23.35514289919343
Random Forest,39.2,60.93184402473115,-21.731844024731146,21.731844024731146
Random Forest,70.1,60.860156592787256,9.239843407212739,9.239843407212739
Random Forest,62.0,67.86161484039306,-5.8616148403930595,5.8616148403930595
Random Forest,74.6,72.62150447790609,1.9784955220939082,1.9784955220939082
Random Forest,89.1,54.11998988931638,34.980010110683615,34.980010110683615
Random Forest,66.1,55.894529005666094,10.2054709943339,10.2054709943339
Random Forest,73.8,68.99004342911866,4.80995657088134,4.80995657088134
Random Forest,58.3,62.50196952400239,-4.2019695240023935,4.2019695240023935
Random Forest,69.9,62.523901222773034,7.3760987772269715,7.3760987772269715
Random Forest,59.7,68.72167656274289,-9.021676562742883,9.021676562742883
Random Forest,74.0,62.54015382006006,11.459846179939937,11.459846179939937
Random Forest,88.7,84.40818896639247,4.29181103360753,4.29181103360753
Random Forest,33.4,65.1455309605851,-31.745530960585107,31.745530960585107
Random Forest,67.3,59.853189738816845,7.446810261183153,7.446810261183153
Random Forest,51.8,69.93042985023345,-18.130429850233455,18.130429850233455
Random Forest,83.0,84.36885762152198,-1.3688576215219825,1.3688576215219825
Random Forest,65.2,69.59083789627262,-4.390837896272615,4.390837896272615
Random Forest,57.0,60.15481622239272,-3.154816222392718,3.154816222392718
Random Forest,100.0,88.54567971270335,11.454320287296653,11.454320287296653
Random Forest,58.9,64.07171794558653,-5.171717945586529,5.171717945586529
Random Forest,92.3,74.98816335632965,17.311836643670347,17.311836643670347
Random Forest,47.8,55.7182292780225,-7.918229278022501,7.918229278022501
Random Forest,76.0,61.1743526827975,14.825647317202503,14.825647317202503
Random Forest,55.3,63.190937041856316,-7.8909370418563185,7.8909370418563185
Random Forest,48.4,63.03628851694835,-14.636288516948355,14.636288516948355
Random Forest,49.9,70.8861479687524,-20.986147968752398,20.986147968752398
Random Forest,33.4,61.111360627207034,-27.711360627207036,27.711360627207036
Random Forest,75.0,63.322313072976534,11.677686927023466,11.677686927023466
Random Forest,85.1,79.44001927442592,5.659980725574073,5.659980725574073
Random Forest,80.1,61.76879377757168,18.331206222428314,18.331206222428314
Random Forest,61.2,68.5555794627515,-7.355579462751493,7.355579462751493
Random Forest,65.1,67.89460407195261,-2.7946040719526195,2.7946040719526195
Random Forest,71.6,80.15301268209217,-8.553012682092174,8.553012682092174
Random Forest,78.1,72.79014400189536,5.309855998104638,5.309855998104638
Random Forest,99.1,70.00107413878509,29.09892586121491,29.09892586121491
Random Forest,71.6,63.71790878075855,7.882091219241445,7.882091219241445
Random Forest,61.7,69.90385356167754,-8.203853561677533,8.203853561677533
Random Forest,77.1,73.20758757117248,3.8924124288275124,3.8924124288275124
Random Forest,55.4,75.37900361462749,-19.979003614627494,19.979003614627494
Random Forest,64.5,65.20256322631224,-0.7025632263122361,0.7025632263122361
Random Forest,52.5,55.211918484706,-2.711918484705997,2.711918484705997
Random Forest,54.7,69.03600343821509,-14.336003438215087,14.336003438215087
Random Forest,94.9,68.6302568240787,26.269743175921306,26.269743175921306
Random Forest,66.8,60.9633837061818,5.836616293818196,5.836616293818196
Random Forest,55.6,56.38737481758326,-0.787374817583256,0.787374817583256
Random Forest,64.4,70.81711372789464,-6.41711372789463,6.41711372789463
Random Forest,82.0,69.70661040504675,12.293389594953254,12.293389594953254
Random Forest,77.9,63.900583125090066,13.99941687490994,13.99941687490994
Random Forest,68.3,73.48104768509856,-5.181047685098562,5.181047685098562
Random Forest,62.9,65.10534861356442,-2.205348613564418,2.205348613564418
Random Forest,74.2,56.889053612548324,17.31094638745168,17.31094638745168
Random Forest,79.6,55.14551670079934,24.454483299200653,24.454483299200653
Random Forest,79.9,71.79502056666436,8.104979433335643,8.104979433335643
Random Forest,58.0,61.29663149249397,-3.2966314924939724,3.2966314924939724
Random Forest,53.3,60.29011920563046,-6.990119205630464,6.990119205630464
Random Forest,46.2,61.54933073867246,-15.349330738672457,15.349330738672457
Random Forest,46.7,49.678598030788734,-2.9785980307887314,2.9785980307887314
Random Forest,74.4,83.42007379549585,-9.020073795495847,9.020073795495847
Random Forest,100.0,80.82304556861483,19.17695443138517,19.17695443138517
Random Forest,55.9,65.96412692996694,-10.064126929966939,10.064126929966939
Random Forest,83.3,64.05384284318976,19.24615715681024,19.24615715681024
Random Forest,65.9,62.17208523419566,3.727914765804343,3.727914765804343
Random Forest,77.2,53.630100869172644,23.56989913082736,23.56989913082736
Random Forest,100.0,83.03248011889895,16.967519881101055,16.967519881101055
Random Forest,74.0,73.69241785574675,0.3075821442532458,0.3075821442532458
Random Forest,29.5,53.27528205620761,-23.775282056207608,23.775282056207608
Random Forest,93.8,76.84145554175028,16.95854445824972,16.95854445824972
Random Forest,100.0,73.3308501291111,26.6691498708889,26.6691498708889
Random Forest,50.3,58.72395631136395,-8.423956311363952,8.423956311363952
Random Forest,82.4,63.553422012569044,18.846577987430962,18.846577987430962
Random Forest,92.6,87.35664089175134,5.243359108248654,5.243359108248654
Random Forest,55.9,70.0600601470138,-14.160060147013802,14.160060147013802
Random Forest,64.1,58.51749880102748,5.5825011989725155,5.5825011989725155
Random Forest,68.9,68.03164848549076,0.8683515145092429,0.8683515145092429
Random Forest,62.3,53.56033954089577,8.739660459104229,8.739660459104229
Random Forest,62.5,60.01857156630907,2.4814284336909296,2.4814284336909296
Random Forest,38.9,48.63330690638485,-9.733306906384854,9.733306906384854
Random Forest,100.0,76.21710951734093,23.78289048265907,23.78289048265907
Random Forest,29.6,51.395598528421814,-21.795598528421813,21.795598528421813
Random Forest,72.0,64.95789486562833,7.042105134371667,7.042105134371667
Random Forest,52.8,62.40802893139589,-9.608028931395893,9.608028931395893
Random Forest,61.3,64.47414274983285,-3.1741427498328534,3.1741427498328534
Random Forest,80.3,74.35958550268347,5.9404144973165245,5.9404144973165245
Random Forest,40.5,57.06452962541969,-16.564529625419688,16.564529625419688
Random Forest,55.8,55.45982390134765,0.3401760986523499,0.3401760986523499
Random Forest,65.0,58.448002214440955,6.551997785559045,6.551997785559045
Random Forest,73.0,67.13046561778171,5.869534382218291,5.869534382218291
Random Forest,56.2,56.37831386006204,-0.17831386006204042,0.17831386006204042
Random Forest,60.9,60.682656389573516,0.21734361042648231,0.21734361042648231
Random Forest,46.6,68.49334253043483,-21.89334253043483,21.89334253043483
Random Forest,62.9,68.15140063659274,-5.2514006365927415,5.2514006365927415
Random Forest,59.0,62.94575387376599,-3.9457538737659874,3.9457538737659874
Random Forest,51.1,63.24992643817099,-12.149926438170986,12.149926438170986
Random Forest,36.9,48.60434028630323,-11.704340286303228,11.704340286303228
Random Forest,71.8,69.6828874382938,2.117112561706193,2.117112561706193
Random Forest,45.2,50.98028791592714,-5.78028791592714,5.78028791592714
Random Forest,53.1,67.89889557377487,-14.798895573774864,14.798895573774864
Random Forest,98.1,83.33159891004306,14.768401089956939,14.768401089956939
Random Forest,55.7,63.79700150900825,-8.097001509008244,8.097001509008244
Random Forest,69.7,69.49728018096553,0.20271981903447056,0.20271981903447056
Random Forest,70.3,70.09155018013132,0.20844981986867595,0.20844981986867595
Random Forest,31.2,60.727606866150005,-29.527606866150006,29.527606866150006
Random Forest,46.6,55.630097036181986,-9.030097036181985,9.030097036181985
Random Forest,72.5,58.14999350883081,14.35000649116919,14.35000649116919
Random Forest,63.1,62.06706203116363,1.0329379688363716,1.0329379688363716
Random Forest,72.4,73.72822819591288,-1.328228195912871,1.328228195912871
Random Forest,79.0,68.77583996389133,10.224160036108671,10.224160036108671
Random Forest,62.6,63.72547542353715,-1.1254754235371465,1.1254754235371465
Random Forest,99.3,75.69132684644329,23.60867315355671,23.60867315355671
Random Forest,50.8,57.56859237615156,-6.76859237615156,6.76859237615156
Random Forest,63.0,62.55530258658513,0.4446974134148718,0.4446974134148718
Random Forest,80.0,81.06437449986932,-1.0643744998693165,1.0643744998693165
Random Forest,66.9,74.04995056629699,-7.14995056629698,7.14995056629698
Random Forest,50.7,60.96636942657598,-10.266369426575977,10.266369426575977
Random Forest,48.6,52.98325956299358,-4.3832595629935796,4.3832595629935796
Random Forest,75.4,70.74825132342183,4.65174867657818,4.65174867657818
Random Forest,100.0,85.23425471501301,14.765745284986991,14.765745284986991
Random Forest,58.0,68.12874355692107,-10.128743556921066,10.128743556921066
Random Forest,70.9,72.89561600194283,-1.995616001942821,1.995616001942821
Random Forest,74.6,78.92432155082099,-4.324321550820997,4.324321550820997
Random Forest,58.6,71.57508241801142,-12.975082418011418,12.975082418011418
Random Forest,59.3,61.6190176548494,-2.3190176548494037,2.3190176548494037
Random Forest,86.1,72.70854137741075,13.39145862258924,13.39145862258924
Random Forest,85.0,68.73707440332741,16.262925596672588,16.262925596672588
Random Forest,84.8,70.71359265151938,14.08640734848062,14.08640734848062
Random Forest,37.8,52.9917295966902,-15.191729596690202,15.191729596690202
Random Forest,38.1,52.397232717533385,-14.297232717533383,14.297232717533383
Random Forest,46.9,52.08140749891631,-5.181407498916315,5.181407498916315
Random Forest,74.6,77.96171098669602,-3.361710986696025,3.361710986696025
Random Forest,59.4,65.97204571891118,-6.572045718911177,6.572045718911177
Random Forest,42.2,57.86839768112431,-15.668397681124304,15.668397681124304
Random Forest,67.9,66.22923038648231,1.6707696135176917,1.6707696135176917
Random Forest,55.9,58.829635315369615,-2.929635315369616,2.929635315369616
Random Forest,71.6,65.96421055858568,5.6357894414143175,5.6357894414143175
Random Forest,65.8,72.80313794567583,-7.003137945675832,7.003137945675832
Random Forest,73.6,50.10337174905951,23.496628250940482,23.496628250940482
Random Forest,78.6,85.06322675278025,-6.463226752780258,6.463226752780258
Random Forest,58.7,68.18592969205079,-9.485929692050789,9.485929692050789
Random Forest,47.3,57.89187212502289,-10.591872125022896,10.591872125022896
Random Forest,75.5,74.01716145840831,1.4828385415916898,1.4828385415916898
Random Forest,49.7,67.98204670942826,-18.282046709428258,18.282046709428258
Random Forest,54.7,54.1463256836411,0.5536743163589009,0.5536743163589009
Random Forest,46.1,58.10995320227973,-12.009953202279732,12.009953202279732
Random Forest,77.4,70.62002921492885,6.779970785071157,6.779970785071157
Random Forest,49.4,61.38268192964163,-11.982681929641629,11.982681929641629
Random Forest,30.9,60.05913694947403,-29.159136949474032,29.159136949474032
Random Forest,49.3,55.38515587491107,-6.085155874911074,6.085155874911074
Random Forest,65.6,72.63424297603268,-7.034242976032687,7.034242976032687
Random Forest,30.7,53.16175337441249,-22.461753374412492,22.461753374412492
Random Forest,48.3,59.52540958160465,-11.225409581604652,11.225409581604652
Random Forest,94.4,89.5364366352168,4.863563364783204,4.863563364783204
Random Forest,88.5,70.53361120801047,17.96638879198953,17.96638879198953
Random Forest,74.5,68.064752460112,6.435247539887996,6.435247539887996
Random Forest,27.7,51.30536477332025,-23.60536477332025,23.60536477332025
Random Forest,88.4,70.83661197437876,17.56338802562125,17.56338802562125
Random Forest,48.7,56.45526697051314,-7.755266970513134,7.755266970513134
Random Forest,66.6,60.76662795336633,5.833372046633663,5.833372046633663
Random Forest,81.3,74.95105053957992,6.348949460420073,6.348949460420073
Random Forest,89.5,80.9172179552617,8.582782044738295,8.582782044738295
Random Forest,41.9,70.41516737043644,-28.515167370436437,28.515167370436437
Random Forest,55.4,51.09855845843859,4.30144154156141,4.30144154156141
Random Forest,73.6,59.966583880215204,13.63341611978479,13.63341611978479
Random Forest,72.1,78.97963347948729,-6.879633479487296,6.879633479487296
Random Forest,36.1,59.41689389175333,-23.31689389175333,23.31689389175333
Random Forest,96.7,79.39990237658219,17.300097623417813,17.300097623417813
Random Forest,29.2,55.44902305800166,-26.249023058001658,26.249023058001658
Random Forest,99.7,89.52970236086378,10.170297639136223,10.170297639136223
Random Forest,76.0,67.51627739738989,8.483722602610115,8.483722602610115
Random Forest,48.6,77.23486967769499,-28.634869677694986,28.634869677694986
Random Forest,70.4,66.82077753844312,3.5792224615568813,3.5792224615568813
Random Forest,95.7,73.13164888231624,22.56835111768376,22.56835111768376
Random Forest,56.7,63.29116864348519,-6.59116864348519,6.59116864348519
Random Forest,54.0,66.01368800347345,-12.013688003473447,12.013688003473447
Random Forest,82.9,83.73206623435787,-0.8320662343578675,0.8320662343578675
Random Forest,53.7,62.264391444632125,-8.564391444632122,8.564391444632122
Random Forest,66.0,56.8418776045544,9.158122395445602,9.158122395445602
Random Forest,71.2,66.18169287661848,5.018307123381518,5.018307123381518
Random Forest,70.1,65.49100696509666,4.608993034903335,4.608993034903335
Random Forest,66.7,53.42314475749471,13.276855242505292,13.276855242505292
Random Forest,95.8,78.80324716917912,16.99675283082088,16.99675283082088
Random Forest,38.8,61.43366842375207,-22.63366842375207,22.63366842375207
Random Forest,79.9,67.99018074197468,11.909819258025323,11.909819258025323
Random Forest,81.6,57.49012981466667,24.10987018533332,24.10987018533332
Random Forest,59.1,71.99934199113255,-12.899341991132552,12.899341991132552
Random Forest,57.4,65.27845802826283,-7.878458028262834,7.878458028262834
Random Forest,34.3,56.736968585871466,-22.43696858587147,22.43696858587147
Random Forest,68.5,69.31314763232636,-0.8131476323263627,0.8131476323263627
Random Forest,87.1,71.81108739757731,15.288912602422684,15.288912602422684
Random Forest,34.1,49.51730575764206,-15.417305757642062,15.417305757642062
Random Forest,86.0,82.14291504453425,3.8570849554657514,3.8570849554657514
Random Forest,61.6,56.76178745892156,4.838212541078441,4.838212541078441
Random Forest,64.6,65.5282731431329,-0.9282731431329125,0.9282731431329125
Random Forest,31.7,68.16070453564632,-36.460704535646315,36.460704535646315
Random Forest,63.7,65.14803148618711,-1.448031486187105,1.448031486187105
Random Forest,68.1,63.79888770727636,4.301112292723637,4.301112292723637
Random Forest,58.5,59.346533562491004,-0.846533562491004,0.846533562491004
Random Forest,81.1,64.50927233431112,16.590727665688874,16.590727665688874
Random Forest,84.6,72.85869696837571,11.741303031624284,11.741303031624284
Random Forest,77.7,67.15450323708237,10.545496762917637,10.545496762917637
Random Forest,72.7,67.95430742217295,4.745692577827057,4.745692577827057
Random Forest,69.2,83.34115328988813,-14.141153289888123,14.141153289888123
Random Forest,68.8,53.023789531745386,15.776210468254611,15.776210468254611
Random Forest,56.6,57.71327311572168,-1.1132731157216753,1.1132731157216753
Random Forest,79.6,74.96681076414077,4.63318923585922,4.63318923585922
Random Forest,87.8,77.60432210510771,10.195677894892285,10.195677894892285
Random Forest,60.6,61.1951665620986,-0.5951665620985978,0.5951665620985978
Random Forest,54.3,57.361768802617895,-3.061768802617898,3.061768802617898
Random Forest,83.1,77.80674797235356,5.293252027646432,5.293252027646432
Random Forest,43.5,65.21767384760301,-21.71767384760301,21.71767384760301
Random Forest,78.3,63.74157743382233,14.558422566177669,14.558422566177669
Random Forest,55.3,55.7300595841265,-0.4300595841265036,0.4300595841265036
Random Forest,71.3,62.86017879160253,8.439821208397468,8.439821208397468
Random Forest,71.5,63.19988588604264,8.300114113957363,8.300114113957363
Random Forest,70.2,80.65439039186067,-10.45439039186067,10.45439039186067
Random Forest,94.0,78.1250001043727,15.874999895627298,15.874999895627298
Random Forest,78.3,72.59796986676704,5.702030133232952,5.702030133232952
Random Forest,80.8,69.70535082674114,11.094649173258858,11.094649173258858
Random Forest,73.1,57.507211064325645,15.59278893567435,15.59278893567435
Random Forest,58.3,66.62827139035126,-8.328271390351262,8.328271390351262
Random Forest,84.4,69.56682607638814,14.833173923611866,14.833173923611866
Random Forest,80.2,79.84669776014093,0.35330223985907594,0.35330223985907594
Random Forest,64.3,59.77755844662789,4.522441553372104,4.522441553372104
Random Forest,67.9,61.61832132076448,6.281678679235526,6.281678679235526
Random Forest,75.9,59.62445556025627,16.275544439743733,16.275544439743733
Random Forest,69.5,52.72298097178553,16.777019028214468,16.777019028214468
Random Forest,52.6,60.61657043336768,-8.016570433367676,8.016570433367676
Random Forest,63.3,59.28475408958536,4.0152459104146345,4.0152459104146345
Random Forest,46.3,53.48570956413552,-7.1857095641355215,7.1857095641355215
Random Forest,49.1,70.36904939523444,-21.26904939523444,21.26904939523444
Random Forest,59.0,61.306062863064525,-2.3060628630645255,2.3060628630645255
Random Forest,79.9,67.99371696410608,11.906283035893921,11.906283035893921
Random Forest,64.9,57.008794514407484,7.891205485592522,7.891205485592522
Random Forest,57.7,68.02098648352785,-10.320986483527847,10.320986483527847
Random Forest,9.4,61.00163130946618,-51.60163130946618,51.60163130946618
Random Forest,74.1,70.45766973100032,3.6423302689996717,3.6423302689996717
Random Forest,40.8,57.015796791109935,-16.215796791109938,16.215796791109938
Random Forest,87.3,60.742931043958734,26.557068956041263,26.557068956041263
Random Forest,70.9,73.67745393948266,-2.7774539394826547,2.7774539394826547
Random Forest,88.7,71.76847936446951,16.93152063553049,16.93152063553049
Random Forest,56.9,82.9781732324511,-26.0781732324511,26.0781732324511
Random Forest,69.0,71.100787931402,-2.100787931401996,2.100787931401996
Random Forest,58.9,74.62290651826214,-15.722906518262143,15.722906518262143
Random Forest,38.1,51.37259760360119,-13.272597603601191,13.272597603601191
Random Forest,38.6,53.72396214065278,-15.123962140652779,15.123962140652779
Random Forest,75.0,67.81256212957305,7.1874378704269475,7.1874378704269475
Random Forest,64.9,58.674250801919946,6.225749198080059,6.225749198080059
Random Forest,73.9,63.438645441728184,10.461354558271822,10.461354558271822
Random Forest,58.8,63.767733786698535,-4.967733786698538,4.967733786698538
Random Forest,58.1,62.31984852877249,-4.219848528772488,4.219848528772488
Random Forest,33.7,64.01842186198753,-30.31842186198753,30.31842186198753
Random Forest,35.3,68.7693134299056,-33.4693134299056,33.4693134299056
Random Forest,55.9,56.20873234384116,-0.30873234384116444,0.30873234384116444
Random Forest,48.5,50.90802559258677,-2.4080255925867675,2.4080255925867675
Random Forest,40.4,62.815829431311215,-22.415829431311217,22.415829431311217
Random Forest,100.0,73.9857899438261,26.014210056173894,26.014210056173894
Random Forest,97.5,80.37778628370664,17.12221371629336,17.12221371629336
Random Forest,52.3,62.61492580400418,-10.314925804004183,10.314925804004183
Random Forest,84.6,76.55802412079967,8.041975879200322,8.041975879200322
Random Forest,76.6,62.44344951657316,14.156550483426834,14.156550483426834
Random Forest,87.1,69.18135913161515,17.91864086838484,17.91864086838484
Random Forest,71.7,69.44574941188728,2.2542505881127255,2.2542505881127255
Random Forest,89.9,60.31481815818229,29.585181841817715,29.585181841817715
Random Forest,80.9,58.94046752703198,21.95953247296803,21.95953247296803
Random Forest,67.5,60.91860855643961,6.581391443560392,6.581391443560392
Random Forest,45.3,77.55250707721258,-32.252507077212584,32.252507077212584
Random Forest,74.0,66.43385891562389,7.566141084376113,7.566141084376113
Random Forest,48.8,58.06526691652526,-9.265266916525263,9.265266916525263
Random Forest,61.0,62.38462961354385,-1.3846296135438507,1.3846296135438507
Random Forest,51.1,65.36179484722659,-14.26179484722659,14.26179484722659
Random Forest,64.8,59.90368547122965,4.896314528770347,4.896314528770347
Random Forest,72.9,59.14037842843861,13.759621571561397,13.759621571561397
Random Forest,50.7,59.87686574325927,-9.17686574325927,9.17686574325927
Random Forest,81.3,64.00144990740263,17.298550092597367,17.298550092597367
Random Forest,41.5,48.69491117594073,-7.194911175940732,7.194911175940732
Random Forest,47.9,71.36168799795107,-23.461687997951067,23.461687997951067
Random Forest,61.6,59.5497828396611,2.050217160338903,2.050217160338903
Random Forest,100.0,81.79586057907247,18.204139420927532,18.204139420927532
Random Forest,60.2,61.00734240248143,-0.8073424024814244,0.8073424024814244
Random Forest,68.0,63.32419438254269,4.675805617457307,4.675805617457307
Random Forest,50.5,66.9863625951259,-16.486362595125897,16.486362595125897
Random Forest,79.9,77.824305911857,2.0756940881430097,2.0756940881430097
Random Forest,58.1,57.93995109765596,0.16004890234404456,0.16004890234404456
Random Forest,63.1,60.730848661560195,2.3691513384398064,2.3691513384398064
Random Forest,58.9,65.08194674184304,-6.181946741843042,6.181946741843042
Random Forest,55.7,54.43486466167569,1.2651353383243134,1.2651353383243134
Random Forest,66.9,70.01357865437656,-3.1135786543765533,3.1135786543765533
Random Forest,41.7,54.91914002934546,-13.21914002934546,13.21914002934546
Random Forest,71.5,67.83584512958319,3.6641548704168088,3.6641548704168088
Random Forest,65.1,73.18124220199726,-8.08124220199727,8.08124220199727
Random Forest,55.3,63.193718102020284,-7.893718102020287,7.893718102020287
Random Forest,91.3,70.51251865559368,20.787481344406316,20.787481344406316
Random Forest,100.0,68.04380594598035,31.956194054019647,31.956194054019647
Random Forest,64.9,56.245882568213084,8.654117431786922,8.654117431786922
Random Forest,40.1,79.20940660317211,-39.10940660317211,39.10940660317211
Random Forest,100.0,81.69091061629125,18.309089383708752,18.309089383708752
Random Forest,47.0,57.751816534280486,-10.751816534280486,10.751816534280486
Random Forest,90.4,72.12631743381874,18.273682566181265,18.273682566181265
Random Forest,58.4,66.88086166743527,-8.48086166743527,8.48086166743527
Random Forest,78.1,69.93668460217683,8.163315397823169,8.163315397823169
Random Forest,73.8,78.90364950257265,-5.103649502572651,5.103649502572651
Random Forest,53.9,56.58797953186039,-2.6879795318603925,2.6879795318603925
Random Forest,67.1,63.109802455057924,3.9901975449420704,3.9901975449420704
Random Forest,62.2,65.88777609514345,-3.687776095143448,3.687776095143448
Random Forest,45.5,53.14369422674257,-7.643694226742568,7.643694226742568
Random Forest,53.3,70.30612458445313,-17.006124584453133,17.006124584453133
Random Forest,85.6,65.455720238758,20.14427976124199,20.14427976124199
Random Forest,59.0,73.47744072114236,-14.477440721142358,14.477440721142358
Random Forest,63.6,70.54757967836835,-6.947579678368349,6.947579678368349
Random Forest,56.9,62.44351627329662,-5.543516273296625,5.543516273296625
Random Forest,60.1,67.361801002129,-7.261801002128998,7.261801002128998
Random Forest,100.0,77.26386031927915,22.736139680720854,22.736139680720854
Random Forest,56.9,55.83815712396607,1.0618428760339285,1.0618428760339285
Random Forest,100.0,87.6542608375383,12.345739162461697,12.345739162461697
Random Forest,82.2,63.04392735989437,19.156072640105634,19.156072640105634
Random Forest,77.6,69.16467941717131,8.43532058282868,8.43532058282868
Random Forest,81.8,55.077581330374905,26.722418669625092,26.722418669625092
Random Forest,80.9,72.58968151390346,8.310318486096548,8.310318486096548
Random Forest,67.5,65.22338312724092,2.276616872759078,2.276616872759078
Random Forest,75.8,55.24578710940737,20.55421289059263,20.55421289059263
Random Forest,74.0,73.06233665174145,0.9376633482585532,0.9376633482585532
Random Forest,47.4,54.99237410111907,-7.59237410111907,7.59237410111907
Random Forest,70.7,76.47094650802099,-5.770946508020984,5.770946508020984
Random Forest,84.1,71.43854162519742,12.661458374802578,12.661458374802578
Random Forest,55.9,56.74995361807537,-0.849953618075368,0.849953618075368
Random Forest,84.5,63.534848338644636,20.965151661355364,20.965151661355364
Random Forest,40.4,56.76497122268948,-16.364971222689483,16.364971222689483
Random Forest,70.3,67.56046677323427,2.7395332267657295,2.7395332267657295
Random Forest,72.6,67.84945183914515,4.750548160854848,4.750548160854848
Random Forest,43.4,55.433767251954706,-12.033767251954707,12.033767251954707
Gradient Boosting,69.0,62.55342313576725,6.446576864232753,6.446576864232753
Gradient Boosting,81.6,66.59104216667032,15.008957833329674,15.008957833329674
Gradient Boosting,63.1,74.94677502424199,-11.846775024241985,11.846775024241985
Gradient Boosting,89.3,74.72649650898116,14.57350349101884,14.57350349101884
Gradient Boosting,49.6,54.73722227052537,-5.1372222705253705,5.1372222705253705
Gradient Boosting,44.5,61.28228119313766,-16.782281193137663,16.782281193137663
Gradient Boosting,63.5,67.9187352941445,-4.418735294144497,4.418735294144497
Gradient Boosting,74.6,75.31585208403739,-0.7158520840373939,0.7158520840373939
Gradient Boosting,54.6,57.95379706175992,-3.35379706175992,3.35379706175992
Gradient Boosting,84.3,62.18076733274351,22.11923266725649,22.11923266725649
Gradient Boosting,98.1,73.0250055144063,25.07499448559369,25.07499448559369
Gradient Boosting,64.8,64.61018993999633,0.18981006000366563,0.18981006000366563
Gradient Boosting,45.4,62.880332943187234,-17.480332943187236,17.480332943187236
Gradient Boosting,48.0,67.10551937624454,-19.105519376244544,19.105519376244544
Gradient Boosting,58.3,57.01048755236088,1.2895124476391189,1.2895124476391189
Gradient Boosting,26.4,61.914123694089284,-35.514123694089285,35.514123694089285
Gradient Boosting,66.9,71.65252412658735,-4.752524126587346,4.752524126587346
Gradient Boosting,52.9,52.52031074061884,0.37968925938115916,0.37968925938115916
Gradient Boosting,64.5,68.92335694310101,-4.4233569431010125,4.4233569431010125
Gradient Boosting,46.6,51.6270852630352,-5.027085263035197,5.027085263035197
Gradient Boosting,66.5,63.85502063263688,2.6449793673631206,2.6449793673631206
Gradient Boosting,41.3,55.169680763627944,-13.869680763627947,13.869680763627947
Gradient Boosting,40.5,69.84106589093146,-29.34106589093146,29.34106589093146
Gradient Boosting,90.8,81.46962212868735,9.330377871312649,9.330377871312649
Gradient Boosting,74.2,75.8260973451679,-1.6260973451678922,1.6260973451678922
Gradient Boosting,99.4,69.01844088101835,30.381559118981656,30.381559118981656
Gradient Boosting,68.1,75.41179202061024,-7.311792020610241,7.311792020610241
Gradient Boosting,40.0,57.44533474738762,-17.44533474738762,17.44533474738762
Gradient Boosting,58.4,70.48227911294605,-12.082279112946047,12.082279112946047
Gradient Boosting,63.6,65.89222206142927,-2.292222061429264,2.292222061429264
Gradient Boosting,75.1,70.8216281904454,4.278371809554599,4.278371809554599
Gradient Boosting,72.8,67.36547836312232,5.434521636877676,5.434521636877676
Gradient Boosting,46.4,67.1136205851897,-20.713620585189695,20.713620585189695
Gradient Boosting,50.9,61.29157074953722,-10.391570749537223,10.391570749537223
Gradient Boosting,66.0,61.18168542036312,4.818314579636883,4.818314579636883
Gradient Boosting,63.0,79.08325477992499,-16.083254779924985,16.083254779924985
Gradient Boosting,80.2,76.84910800862247,3.3508919913775372,3.3508919913775372
Gradient Boosting,75.2,60.938163943034674,14.261836056965329,14.261836056965329
Gradient Boosting,63.5,75.6924674769012,-12.1924674769012,12.1924674769012
Gradient Boosting,37.0,45.015327280700475,-8.015327280700475,8.015327280700475
Gradient Boosting,54.7,62.597695716845536,-7.897695716845533,7.897695716845533
Gradient Boosting,67.9,53.08137048793869,14.818629512061314,14.818629512061314
Gradient Boosting,84.8,76.7906734808718,8.009326519128194,8.009326519128194
Gradient Boosting,73.1,62.50064016673152,10.599359833268473,10.599359833268473
Gradient Boosting,99.1,80.6806272941995,18.419372705800498,18.419372705800498
Gradient Boosting,72.2,65.85641407210876,6.34358592789124,6.34358592789124
Gradient Boosting,93.9,69.43588314877849,24.46411685122152,24.46411685122152
Gradient Boosting,68.8,64.9326497165178,3.867350283482196,3.867350283482196
Gradient Boosting,61.8,64.1492121912687,-2.3492121912687054,2.3492121912687054
Gradient Boosting,39.5,63.59903535737453,-24.099035357374532,24.099035357374532
Gradient Boosting,53.9,59.793689274016664,-5.8936892740166655,5.8936892740166655
Gradient Boosting,55.7,62.650796254921644,-6.9507962549216415,6.9507962549216415
Gradient Boosting,46.8,56.35631859572967,-9.556318595729671,9.556318595729671
Gradient Boosting,94.1,79.19362238444636,14.906377615553637,14.906377615553637
Gradient Boosting,56.2,62.99230344797565,-6.792303447975648,6.792303447975648
Gradient Boosting,75.3,63.530917225802824,11.769082774197173,11.769082774197173
Gradient Boosting,83.9,79.67963354380096,4.220366456199045,4.220366456199045
Gradient Boosting,65.3,60.64441698955461,4.65558301044539,4.65558301044539
Gradient Boosting,71.5,67.32123404362008,4.1787659563799195,4.1787659563799195
Gradient Boosting,73.5,57.457916626117694,16.042083373882306,16.042083373882306
Gradient Boosting,40.5,55.212007325129484,-14.712007325129484,14.712007325129484
Gradient Boosting,28.7,52.32817317926887,-23.628173179268874,23.628173179268874
Gradient Boosting,35.3,62.391058348415314,-27.091058348415316,27.091058348415316
Gradient Boosting,82.2,75.55307168478527,6.646928315214737,6.646928315214737
Gradient Boosting,39.3,62.891246497567415,-23.59124649756742,23.59124649756742
Gradient Boosting,83.8,74.86137885089717,8.93862114910283,8.93862114910283
Gradient Boosting,67.4,62.21391547711294,5.1860845228870645,5.1860845228870645
Gradient Boosting,33.2,64.62969131637433,-31.42969131637433,31.42969131637433
Gradient Boosting,49.5,62.68679840811048,-13.186798408110477,13.186798408110477
Gradient Boosting,47.1,61.886345268336676,-14.786345268336675,14.786345268336675
Gradient Boosting,71.0,59.06069383369269,11.939306166307311,11.939306166307311
Gradient Boosting,75.5,75.98173991733967,-0.4817399173396666,0.4817399173396666
Gradient Boosting,74.1,73.25184921907284,0.8481507809271562,0.8481507809271562
Gradient Boosting,82.5,61.398691122631554,21.101308877368446,21.101308877368446
Gradient Boosting,84.1,70.17935670087857,13.920643299121423,13.920643299121423
Gradient Boosting,38.5,64.88367759298009,-26.383677592980092,26.383677592980092
Gradient Boosting,87.6,77.32996487710984,10.27003512289015,10.27003512289015
Gradient Boosting,48.8,68.68481496876777,-19.88481496876777,19.88481496876777
Gradient Boosting,78.2,64.16602725605902,14.033972743940978,14.033972743940978
Gradient Boosting,74.9,73.81852915563552,1.081470844364489,1.081470844364489
Gradient Boosting,42.9,57.36296307741821,-14.462963077418209,14.462963077418209
Gradient Boosting,66.7,71.83437173393934,-5.134371733939332,5.134371733939332
Gradient Boosting,86.5,75.91764223793194,10.582357762068057,10.582357762068057
Gradient Boosting,74.9,69.51098517435705,5.38901482564296,5.38901482564296
Gradient Boosting,68.6,66.19615674843693,2.4038432515630603,2.4038432515630603
Gradient Boosting,45.8,64.24684999975588,-18.446849999755884,18.446849999755884
Gradient Boosting,59.7,56.65069318041333,3.0493068195866755,3.0493068195866755
Gradient Boosting,63.8,52.16225870635056,11.637741293649434,11.637741293649434
Gradient Boosting,38.3,56.346513176272445,-18.046513176272448,18.046513176272448
Gradient Boosting,54.1,66.27048743444665,-12.170487434446649,12.170487434446649
Gradient Boosting,41.2,63.844021860288684,-22.64402186028868,22.64402186028868
Gradient Boosting,62.4,75.21765215891305,-12.817652158913056,12.817652158913056
Gradient Boosting,44.6,61.1583680844282,-16.558368084428196,16.558368084428196
Gradient Boosting,44.8,63.88215329151707,-19.082153291517074,19.082153291517074
Gradient Boosting,38.4,62.284391416360975,-23.884391416360977,23.884391416360977
Gradient Boosting,76.2,75.61725612093691,0.5827438790630879,0.5827438790630879
Gradient Boosting,61.0,71.41429940426795,-10.41429940426795,10.41429940426795
Gradient Boosting,71.5,71.15837769516908,0.3416223048309206,0.3416223048309206
Gradient Boosting,86.2,66.14045735102972,20.05954264897028,20.05954264897028
Gradient Boosting,65.1,76.64580048326933,-11.545800483269332,11.545800483269332
Gradient Boosting,79.6,68.06163209957627,11.538367900423722,11.538367900423722
Gradient Boosting,83.6,79.74847507619538,3.851524923804618,3.851524923804618
Gradient Boosting,58.2,72.92982618209018,-14.729826182090179,14.729826182090179
Gradient Boosting,83.0,75.78330441709748,7.216695582902517,7.216695582902517
Gradient Boosting,82.6,74.63944185875916,7.960558141240838,7.960558141240838
Gradient Boosting,53.8,55.84548834892024,-2.0454883489202444,2.0454883489202444
Gradient Boosting,31.1,63.228960694559184,-32.12896069455918,32.12896069455918
Gradient Boosting,49.4,59.97496301972519,-10.574963019725189,10.574963019725189
Gradient Boosting,64.4,58.913057284435645,5.486942715564361,5.486942715564361
Gradient Boosting,37.6,55.605097311305144,-18.005097311305143,18.005097311305143
Gradient Boosting,65.3,72.8442367810022,-7.544236781002198,7.544236781002198
Gradient Boosting,70.5,65.38034305721455,5.119656942785454,5.119656942785454
Gradient Boosting,99.6,61.65031622493204,37.94968377506795,37.94968377506795
Gradient Boosting,61.3,63.59756378160747,-2.2975637816074723,2.2975637816074723
Gradient Boosting,71.8,58.5125380447664,13.287461955233596,13.287461955233596
Gradient Boosting,74.3,69.11582791137579,5.184172088624209,5.184172088624209
Gradient Boosting,66.7,68.02141097352968,-1.3214109735296802,1.3214109735296802
Gradient Boosting,72.7,70.42524242469493,2.274757575305074,2.274757575305074
Gradient Boosting,56.1,53.91755527417723,2.1824447258227693,2.1824447258227693
Gradient Boosting,46.6,62.13715801571134,-15.537158015711341,15.537158015711341
Gradient Boosting,53.9,63.85110245207692,-9.951102452076924,9.951102452076924
Gradient Boosting,42.0,56.33002196471318,-14.330021964713183,14.330021964713183
Gradient Boosting,65.2,64.17881862194905,1.0211813780509544,1.0211813780509544
Gradient Boosting,98.9,66.95538804537462,31.944611954625387,31.944611954625387
Gradient Boosting,72.2,66.710575250493,5.489424749507009,5.489424749507009
Gradient Boosting,93.1,87.79200786155408,5.307992138445911,5.307992138445911
Gradient Boosting,51.6,59.37569687896225,-7.7756968789622505,7.7756968789622505
Gradient Boosting,70.3,66.49388762981475,3.8061123701852466,3.8061123701852466
Gradient Boosting,60.8,62.51433162127774,-1.7143316212777435,1.7143316212777435
Gradient Boosting,32.9,56.23288183651207,-23.332881836512072,23.332881836512072
Gradient Boosting,87.3,57.7835434407766,29.5164565592234,29.5164565592234
Gradient Boosting,46.6,65.51797198734958,-18.91797198734958,18.91797198734958
Gradient Boosting,88.0,75.76486259420304,12.235137405796962,12.235137405796962
Gradient Boosting,50.5,61.89688599559795,-11.396885995597948,11.396885995597948
Gradient Boosting,88.5,71.61333702749151,16.88666297250849,16.88666297250849
Gradient Boosting,34.2,58.03602144303817,-23.83602144303817,23.83602144303817
Gradient Boosting,68.2,69.58651699215105,-1.3865169921510443,1.3865169921510443
Gradient Boosting,55.4,64.3835389711675,-8.983538971167498,8.983538971167498
Gradient Boosting,65.5,66.53418670818877,-1.03418670818877,1.03418670818877
Gradient Boosting,55.6,62.24060507360806,-6.640605073608057,6.640605073608057
Gradient Boosting,62.8,75.78172020470275,-12.981720204702754,12.981720204702754
Gradient Boosting,81.4,65.82172373921301,15.578276260786993,15.578276260786993
Gradient Boosting,66.4,63.17487607454928,3.225123925450724,3.225123925450724
Gradient Boosting,51.4,58.03121478526312,-6.6312147852631185,6.6312147852631185
Gradient Boosting,50.7,65.39107714992333,-14.69107714992333,14.69107714992333
Gradient Boosting,59.0,62.279408151668605,-3.279408151668605,3.279408151668605
Gradient Boosting,63.1,68.8911982067011,-5.791198206701104,5.791198206701104
Gradient Boosting,100.0,84.29586009858508,15.70413990141492,15.70413990141492
Gradient Boosting,65.5,62.34341055454438,3.156589445455623,3.156589445455623
Gradient Boosting,79.3,65.92466196941842,13.375338030581574,13.375338030581574
Gradient Boosting,69.9,67.20414137809965,2.6958586219003564,2.6958586219003564
Gradient Boosting,57.6,62.1946031559279,-4.594603155927899,4.594603155927899
Gradient Boosting,61.2,64.9908245961185,-3.7908245961184974,3.7908245961184974
Gradient Boosting,52.3,65.18077334308802,-12.880773343088023,12.880773343088023
Gradient Boosting,53.1,65.45229301260106,-12.35229301260106,12.35229301260106
Gradient Boosting,50.4,56.784186949541905,-6.384186949541906,6.384186949541906
Gradient Boosting,88.4,64.78478000193212,23.615219998067886,23.615219998067886
Gradient Boosting,87.1,72.1188564602884,14.981143539711596,14.981143539711596
Gradient Boosting,44.5,61.10266479823021,-16.602664798230208,16.602664798230208
Gradient Boosting,62.8,62.07070434208995,0.7292956579100505,0.7292956579100505
Gradient Boosting,68.7,61.224373210258534,7.475626789741469,7.475626789741469
Gradient Boosting,82.2,67.67342423104147,14.526575768958537,14.526575768958537
Gradient Boosting,80.1,78.81754828536462,1.2824517146353713,1.2824517146353713
Gradient Boosting,94.1,72.32857873718746,21.771421262812538,21.771421262812538
Gradient Boosting,79.5,68.30102360143523,11.198976398564767,11.198976398564767
Gradient Boosting,62.7,67.18894747542865,-4.488947475428645,4.488947475428645
Gradient Boosting,100.0,67.30954458425437,32.69045541574563,32.69045541574563
Gradient Boosting,58.3,60.215167360405374,-1.915167360405377,1.915167360405377
Gradient Boosting,78.4,71.62181521761671,6.778184782383292,6.778184782383292
Gradient Boosting,77.5,66.62730299288144,10.87269700711856,10.87269700711856
Gradient Boosting,39.5,69.57630300789317,-30.076303007893173,30.076303007893173
Gradient Boosting,71.2,66.41548130793895,4.784518692061056,4.784518692061056
Gradient Boosting,73.4,75.93372203632293,-2.533722036322928,2.533722036322928
Gradient Boosting,97.7,72.57622224580757,25.12377775419243,25.12377775419243
Gradient Boosting,81.8,73.27147432157595,8.528525678424046,8.528525678424046
Gradient Boosting,66.4,68.50179800933265,-2.10179800933264,2.10179800933264
Gradient Boosting,56.0,58.0978134950661,-2.0978134950660987,2.0978134950660987
Gradient Boosting,57.9,65.53615576419125,-7.636155764191251,7.636155764191251
Gradient Boosting,72.6,68.56576810755168,4.034231892448318,4.034231892448318
Gradient Boosting,52.6,59.63530898678859,-7.035308986788586,7.035308986788586
Gradient Boosting,62.6,62.50467304710411,0.09532695289588844,0.09532695289588844
Gradient Boosting,55.6,54.061150483081036,1.5388495169189653,1.5388495169189653
Gradient Boosting,54.6,67.85413507112256,-13.254135071122555,13.254135071122555
Gradient Boosting,64.8,71.55411287383008,-6.754112873830081,6.754112873830081
Gradient Boosting,72.3,66.58550052514174,5.714499474858258,5.714499474858258
Gradient Boosting,85.2,61.86126724420723,23.338732755792776,23.338732755792776
Gradient Boosting,50.2,60.80595215160798,-10.60595215160798,10.60595215160798
Gradient Boosting,60.7,61.53645526293311,-0.8364552629331072,0.8364552629331072
Gradient Boosting,61.3,64.60913941554767,-3.3091394155476763,3.3091394155476763
Gradient Boosting,49.8,62.41270784712541,-12.612707847125414,12.612707847125414
Gradient Boosting,73.9,62.34616350255476,11.553836497445246,11.553836497445246
Gradient Boosting,41.0,58.284088056632676,-17.284088056632676,17.284088056632676
Gradient Boosting,79.2,61.65170302336897,17.548296976631036,17.548296976631036
Gradient Boosting,49.0,54.614010733242786,-5.614010733242786,5.614010733242786
Gradient Boosting,73.2,70.83202352801807,2.367976471981933,2.367976471981933
Gradient Boosting,67.8,54.518751181687456,13.281248818312541,13.281248818312541
Gradient Boosting,56.5,72.49659448036289,-15.996594480362887,15.996594480362887
Gradient Boosting,88.3,63.609151991349464,24.690848008650534,24.690848008650534
Gradient Boosting,53.9,73.42024154162051,-19.520241541620514,19.520241541620514
Gradient Boosting,92.0,65.63219805005534,26.367801949944663,26.367801949944663
Gradient Boosting,100.0,83.49592003510519,16.504079964894814,16.504079964894814
Gradient Boosting,66.3,72.0696468510704,-5.769646851070405,5.769646851070405
Gradient Boosting,79.8,61.65652807648905,18.143471923510944,18.143471923510944
Gradient Boosting,95.9,80.15026656943442,15.749733430565584,15.749733430565584
Gradient Boosting,55.4,61.47373586411812,-6.07373586411812,6.07373586411812
Gradient Boosting,60.5,64.68347868607431,-4.183478686074309,4.183478686074309
Gradient Boosting,50.3,53.73759574749582,-3.43759574749582,3.43759574749582
Gradient Boosting,95.1,76.0780346028317,19.021965397168287,19.021965397168287
Gradient Boosting,57.2,64.27822480709543,-7.078224807095424,7.078224807095424
Gradient Boosting,57.4,71.72475492199568,-14.324754921995684,14.324754921995684
Gradient Boosting,65.5,53.54752937969007,11.952470620309931,11.952470620309931
Gradient Boosting,93.4,66.50890273399598,26.891097266004024,26.891097266004024
Gradient Boosting,39.3,69.55752063160814,-30.257520631608145,30.257520631608145
Gradient Boosting,36.5,53.81867525446154,-17.31867525446154,17.31867525446154
Gradient Boosting,84.2,75.34279546225126,8.857204537748743,8.857204537748743
Gradient Boosting,61.2,59.44746774443227,1.7525322555677363,1.7525322555677363
Gradient Boosting,73.3,59.242652005879926,14.057347994120072,14.057347994120072
Gradient Boosting,44.6,58.34067604243906,-13.740676042439055,13.740676042439055
Gradient Boosting,47.2,57.62591120540526,-10.425911205405257,10.425911205405257
Gradient Boosting,81.5,70.71362580448464,10.786374195515364,10.786374195515364
Gradient Boosting,45.7,62.50829809672079,-16.80829809672079,16.80829809672079
Gradient Boosting,72.9,61.11971457897288,11.780285421027124,11.780285421027124
Gradient Boosting,95.5,72.71226110791781,22.78773889208219,22.78773889208219
Gradient Boosting,85.2,66.24071005723268,18.959289942767327,18.959289942767327
Gradient Boosting,34.5,68.78998605739008,-34.28998605739008,34.28998605739008
Gradient Boosting,40.0,52.85436521584842,-12.854365215848418,12.854365215848418
Gradient Boosting,86.0,68.06422328043388,17.93577671956612,17.93577671956612
Gradient Boosting,56.5,55.40142921785109,1.0985707821489115,1.0985707821489115
Gradient Boosting,90.5,67.90027705919118,22.599722940808817,22.599722940808817
Gradient Boosting,52.9,44.26623376238201,8.63376623761799,8.63376623761799
Gradient Boosting,90.9,73.00707065485284,17.892929345147166,17.892929345147166
Gradient Boosting,70.3,73.68721732453568,-3.3872173245356834,3.3872173245356834
Gradient Boosting,46.5,61.00916071320662,-14.509160713206619,14.509160713206619
Gradient Boosting,80.7,59.493706057425065,21.206293942574938,21.206293942574938
Gradient Boosting,70.7,73.6168874370592,-2.916887437059202,2.916887437059202
Gradient Boosting,74.8,66.50955419636604,8.290445803633958,8.290445803633958
Gradient Boosting,45.7,55.500681760385284,-9.800681760385281,9.800681760385281
Gradient Boosting,100.0,70.44992905309994,29.550070946900064,29.550070946900064
Gradient Boosting,61.0,63.97122347089869,-2.9712234708986927,2.9712234708986927
Gradient Boosting,78.4,71.75657451771595,6.643425482284059,6.643425482284059
Gradient Boosting,73.0,71.82151576678397,1.1784842332160252,1.1784842332160252
Gradient Boosting,49.9,59.52789859798804,-9.627898597988043,9.627898597988043
Gradient Boosting,64.4,66.8967107246048,-2.496710724604796,2.496710724604796
Gradient Boosting,94.3,71.70545357340055,22.59454642659945,22.59454642659945
Gradient Boosting,54.0,63.0973786260953,-9.0973786260953,9.0973786260953
Gradient Boosting,55.3,74.71703466074138,-19.41703466074138,19.41703466074138
Gradient Boosting,81.8,79.47756746650546,2.322432533494535,2.322432533494535
Gradient Boosting,78.1,67.23851678994158,10.86148321005841,10.86148321005841
Gradient Boosting,83.0,80.40148278330122,2.598517216698781,2.598517216698781
Gradient Boosting,59.3,61.97597044669289,-2.6759704466928937,2.6759704466928937
Gradient Boosting,42.8,58.68108751795772,-15.881087517957724,15.881087517957724
Gradient Boosting,72.8,71.6634740699609,1.1365259300390989,1.1365259300390989
Gradient Boosting,69.5,62.01985385874885,7.480146141251147,7.480146141251147
Gradient Boosting,52.2,58.331166697225996,-6.131166697225993,6.131166697225993
Gradient Boosting,67.1,71.3447562331497,-4.244756233149701,4.244756233149701
Gradient Boosting,73.5,53.145896994492226,20.354103005507774,20.354103005507774
Gradient Boosting,63.0,64.06175652981968,-1.0617565298196752,1.0617565298196752
Gradient Boosting,47.8,49.310297613004096,-1.5102976130040986,1.5102976130040986
Gradient Boosting,100.0,95.99588749416534,4.004112505834655,4.004112505834655
Gradient Boosting,64.5,57.78528994601605,6.71471005398395,6.71471005398395
Gradient Boosting,50.5,58.85599266767537,-8.355992667675373,8.355992667675373
Gradient Boosting,74.8,75.38060540144174,-0.5806054014417441,0.5806054014417441
Gradient Boosting,85.0,76.15125112380265,8.848748876197348,8.848748876197348
Gradient Boosting,81.1,76.74146413758639,4.3585358624136035,4.3585358624136035
Gradient Boosting,100.0,68.41691583503713,31.58308416496287,31.58308416496287
Gradient Boosting,44.5,60.56601838599063,-16.06601838599063,16.06601838599063
Gradient Boosting,42.4,51.313489480867645,-8.913489480867646,8.913489480867646
Gradient Boosting,91.0,76.06729569721703,14.932704302782966,14.932704302782966
Gradient Boosting,51.4,54.714142796653086,-3.314142796653087,3.314142796653087
Gradient Boosting,100.0,71.47586046862725,28.524139531372754,28.524139531372754
Gradient Boosting,69.1,81.48193912288573,-12.38193912288574,12.38193912288574
Gradient Boosting,81.3,74.43277063002672,6.867229369973273,6.867229369973273
Gradient Boosting,51.8,63.157437160427804,-11.357437160427807,11.357437160427807
Gradient Boosting,45.6,62.38188802734753,-16.781888027347527,16.781888027347527
Gradient Boosting,54.9,54.479816881295015,0.42018311870498337,0.42018311870498337
Gradient Boosting,79.4,73.22726955233057,6.172730447669437,6.172730447669437
Gradient Boosting,70.5,70.81409167708628,-0.3140916770862816,0.3140916770862816
Gradient Boosting,72.2,64.15554552043244,8.044454479567563,8.044454479567563
Gradient Boosting,97.4,83.6561187122022,13.743881287797805,13.743881287797805
Gradient Boosting,65.8,60.84901421164431,4.950985788355688,4.950985788355688
Gradient Boosting,37.5,57.42757083151918,-19.927570831519184,19.927570831519184
Gradient Boosting,49.0,57.7963346040794,-8.796334604079398,8.796334604079398
Gradient Boosting,66.1,68.27569207750605,-2.1756920775060564,2.1756920775060564
Gradient Boosting,47.5,68.3254953495536,-20.825495349553606,20.825495349553606
Gradient Boosting,86.3,76.54968010351124,9.750319896488762,9.750319896488762
Gradient Boosting,76.8,69.93765015068817,6.862349849311826,6.862349849311826
Gradient Boosting,71.2,70.82278887779273,0.37721112220727093,0.37721112220727093
Gradient Boosting,31.1,66.59671541523942,-35.496715415239414,35.496715415239414
Gradient Boosting,64.3,65.49061066705009,-1.1906106670500947,1.1906106670500947
Gradient Boosting,67.3,56.913921036438545,10.386078963561452,10.386078963561452
Gradient Boosting,95.8,66.64556954758858,29.154430452411418,29.154430452411418
Gradient Boosting,95.4,67.95656941628233,27.44343058371767,27.44343058371767
Gradient Boosting,65.7,56.017122061855424,9.682877938144578,9.682877938144578
Gradient Boosting,22.5,54.94884649315784,-32.44884649315784,32.44884649315784
Gradient Boosting,93.4,73.71905602472458,19.680943975275426,19.680943975275426
Gradient Boosting,63.9,70.18873944738978,-6.28873944738978,6.28873944738978
Gradient Boosting,61.1,70.70978779354041,-9.609787793540413,9.609787793540413
Gradient Boosting,61.5,51.181789106169425,10.318210893830575,10.318210893830575
Gradient Boosting,59.2,63.52645353948879,-4.326453539488789,4.326453539488789
Gradient Boosting,71.8,66.70329119712594,5.096708802874062,5.096708802874062
Gradient Boosting,62.3,60.710334066478865,1.5896659335211325,1.5896659335211325
Gradient Boosting,35.0,52.348322844086645,-17.348322844086645,17.348322844086645
Gradient Boosting,65.2,62.56642469487579,2.633575305124211,2.633575305124211
Gradient Boosting,83.6,67.31282479597874,16.287175204021253,16.287175204021253
Gradient Boosting,100.0,62.120031386347364,37.879968613652636,37.879968613652636
Gradient Boosting,72.3,62.3921589313453,9.907841068654697,9.907841068654697
Gradient Boosting,72.0,71.72736793598808,0.27263206401191553,0.27263206401191553
Gradient Boosting,56.3,61.72235990754238,-5.422359907542386,5.422359907542386
Gradient Boosting,78.4,75.82086338324783,2.57913661675218,2.57913661675218
Gradient Boosting,81.2,77.54078759592007,3.6592124040799376,3.6592124040799376
Gradient Boosting,33.6,51.91584128177482,-18.315841281774816,18.315841281774816
Gradient Boosting,61.4,69.60251361110289,-8.202513611102894,8.202513611102894
Gradient Boosting,88.3,56.595418136021145,31.704581863978852,31.704581863978852
Gradient Boosting,62.8,67.66730242871607,-4.867302428716073,4.867302428716073
Gradient Boosting,61.9,69.04087846692485,-7.140878466924853,7.140878466924853
Gradient Boosting,45.6,50.96288702659889,-5.362887026598891,5.362887026598891
Gradient Boosting,29.2,46.49829684883093,-17.298296848830933,17.298296848830933
Gradient Boosting,78.1,78.61998936272445,-0.5199893627244592,0.5199893627244592
Gradient Boosting,53.0,67.66928133884058,-14.669281338840577,14.669281338840577
Gradient Boosting,51.7,64.64299140829014,-12.94299140829014,12.94299140829014
Gradient Boosting,71.8,72.82509082513876,-1.0250908251387614,1.0250908251387614
Gradient Boosting,49.5,53.14683951164647,-3.646839511646469,3.646839511646469
Gradient Boosting,62.1,71.6648826073245,-9.564882607324499,9.564882607324499
Gradient Boosting,64.1,57.60424902540059,6.495750974599403,6.495750974599403
Gradient Boosting,55.6,58.94324361264875,-3.343243612648749,3.343243612648749
Gradient Boosting,89.5,76.16332980137858,13.33667019862142,13.33667019862142
Gradient Boosting,46.0,53.59408896518499,-7.594088965184987,7.594088965184987
Gradient Boosting,80.7,76.36583507887703,4.3341649211229765,4.3341649211229765
Gradient Boosting,84.7,73.14715751426131,11.552842485738694,11.552842485738694
Gradient Boosting,64.4,58.23926124373829,6.160738756261715,6.160738756261715
Gradient Boosting,55.8,65.63070436871219,-9.83070436871219,9.83070436871219
Gradient Boosting,83.9,70.5537154517617,13.346284548238302,13.346284548238302
Gradient Boosting,49.1,65.02121911427754,-15.921219114277541,15.921219114277541
Gradient Boosting,85.2,65.04883358324659,20.151166416753412,20.151166416753412
Gradient Boosting,58.4,59.703089856993664,-1.3030898569936653,1.3030898569936653
Gradient Boosting,81.8,70.2372432151461,11.562756784853903,11.562756784853903
Gradient Boosting,63.0,69.27416968836772,-6.274169688367721,6.274169688367721
Gradient Boosting,46.2,63.37466556372563,-17.174665563725625,17.174665563725625
Gradient Boosting,42.5,58.58343951565678,-16.083439515656778,16.083439515656778
Gradient Boosting,58.4,70.28111046552824,-11.881110465528245,11.881110465528245
Gradient Boosting,80.7,67.47376033260385,13.226239667396158,13.226239667396158
Gradient Boosting,62.6,64.1217395305285,-1.5217395305284995,1.5217395305284995
Gradient Boosting,72.8,70.76633439992109,2.033665600078905,2.033665600078905
Gradient Boosting,61.0,60.62692815068801,0.3730718493119909,0.3730718493119909
Gradient Boosting,50.9,62.50829809672079,-11.608298096720794,11.608298096720794
Gradient Boosting,99.9,71.96959551464691,27.930404485353094,27.930404485353094
Gradient Boosting,40.7,58.7653996547243,-18.065399654724295,18.065399654724295
Gradient Boosting,49.1,56.0038425355972,-6.9038425355971995,6.9038425355971995
Gradient Boosting,100.0,64.5190655815288,35.48093441847119,35.48093441847119
Gradient Boosting,50.2,60.315271686706076,-10.115271686706073,10.115271686706073
Gradient Boosting,51.7,61.283656292961474,-9.583656292961471,9.583656292961471
Gradient Boosting,69.0,63.165486311556094,5.834513688443906,5.834513688443906
Gradient Boosting,89.9,78.76504888192001,11.134951118079996,11.134951118079996
Gradient Boosting,64.9,70.30707931238,-5.407079312379992,5.407079312379992
Gradient Boosting,37.1,58.96817684443007,-21.868176844430067,21.868176844430067
Gradient Boosting,50.7,49.49383210043749,1.2061678995625158,1.2061678995625158
Gradient Boosting,71.1,76.22832544073377,-5.128325440733775,5.128325440733775
Gradient Boosting,57.4,60.3019804558904,-2.9019804558904028,2.9019804558904028
Gradient Boosting,100.0,84.89868775425902,15.101312245740985,15.101312245740985
Gradient Boosting,44.1,62.584334130950936,-18.484334130950934,18.484334130950934
Gradient Boosting,73.6,68.68971469666256,4.910285303337432,4.910285303337432
Gradient Boosting,45.5,52.692417662962036,-7.192417662962036,7.192417662962036
Gradient Boosting,71.8,62.28088989268622,9.519110107313779,9.519110107313779
Gradient Boosting,54.2,60.431356570306406,-6.231356570306403,6.231356570306403
Gradient Boosting,78.6,64.7118256366114,13.8881743633886,13.8881743633886
Gradient Boosting,67.3,74.27794310001055,-6.977943100010549,6.977943100010549
Gradient Boosting,63.6,67.38653278488782,-3.786532784887818,3.786532784887818
Gradient Boosting,60.0,76.65616121323947,-16.65616121323947,16.65616121323947
Gradient Boosting,55.8,58.411731073499695,-2.6117310734996977,2.6117310734996977
Gradient Boosting,30.4,59.59233154372853,-29.19233154372853,29.19233154372853
Gradient Boosting,64.4,66.09936190678614,-1.6993619067861374,1.6993619067861374
Gradient Boosting,89.7,75.3432919408581,14.356708059141909,14.356708059141909
Gradient Boosting,71.8,65.14950674282686,6.650493257173139,6.650493257173139
Gradient Boosting,80.6,67.18242523468771,13.417574765312281,13.417574765312281
Gradient Boosting,78.4,63.6288528769533,14.771147123046703,14.771147123046703
Gradient Boosting,60.4,66.9861974755887,-6.586197475588698,6.586197475588698
Gradient Boosting,100.0,74.99003151365727,25.00996848634273,25.00996848634273
Gradient Boosting,47.3,56.68689177220677,-9.386891772206774,9.386891772206774
Gradient Boosting,79.7,75.56496847572468,4.13503152427532,4.13503152427532
Gradient Boosting,66.5,62.22057029978385,4.2794297002161485,4.2794297002161485
Gradient Boosting,72.5,48.84050313882932,23.65949686117068,23.65949686117068
Gradient Boosting,46.4,54.742909463985605,-8.342909463985606,8.342909463985606
Gradient Boosting,89.1,82.72496742980756,6.375032570192431,6.375032570192431
Gradient Boosting,83.0,70.97118209362097,12.028817906379032,12.028817906379032
Gradient Boosting,66.3,59.864626250379786,6.4353737496202115,6.4353737496202115
Gradient Boosting,83.7,72.4285864471892,11.271413552810799,11.271413552810799
Gradient Boosting,83.4,69.63756848903947,13.762431510960539,13.762431510960539
Gradient Boosting,64.2,60.64978901481801,3.550210985181991,3.550210985181991
Gradient Boosting,100.0,69.3655494133218,30.6344505866782,30.6344505866782
Gradient Boosting,69.2,60.299429949696005,8.900570050303998,8.900570050303998
Gradient Boosting,76.5,72.83591401301362,3.664085986986379,3.664085986986379
Gradient Boosting,53.9,69.35665653855274,-15.456656538552743,15.456656538552743
Gradient Boosting,65.8,70.70378194872032,-4.903781948720322,4.903781948720322
Gradient Boosting,78.7,67.29000380840046,11.409996191599546,11.409996191599546
Gradient Boosting,66.4,69.91359485326984,-3.5135948532698364,3.5135948532698364
Gradient Boosting,67.2,60.93209868136674,6.267901318633264,6.267901318633264
Gradient Boosting,83.2,78.32133204138172,4.87866795861828,4.87866795861828
Gradient Boosting,83.0,62.98540343815073,20.014596561849267,20.014596561849267
Gradient Boosting,69.4,69.89691048143614,-0.4969104814361316,0.4969104814361316
Gradient Boosting,52.6,68.96767841921404,-16.367678419214037,16.367678419214037
Gradient Boosting,63.0,65.36681334562971,-2.3668133456297085,2.3668133456297085
Gradient Boosting,83.2,67.50833408671883,15.69166591328117,15.69166591328117
Gradient Boosting,74.0,71.01947501082371,2.9805249891762884,2.9805249891762884
Gradient Boosting,94.8,69.22677973429468,25.573220265705316,25.573220265705316
Gradient Boosting,59.2,53.11532260786627,6.0846773921337345,6.0846773921337345
Gradient Boosting,38.4,59.79839783612121,-21.398397836121212,21.398397836121212
Gradient Boosting,62.0,61.091575579678825,0.9084244203211753,0.9084244203211753
Gradient Boosting,34.2,56.44891221131544,-22.248912211315435,22.248912211315435
Gradient Boosting,63.1,70.07092981687823,-6.9709298168782325,6.9709298168782325
Gradient Boosting,89.4,72.39990545597342,17.00009454402658,17.00009454402658
Gradient Boosting,28.3,56.66159965917747,-28.361599659177468,28.361599659177468
Gradient Boosting,39.5,53.5230988448788,-14.023098844878803,14.023098844878803
Gradient Boosting,84.3,64.98268127699112,19.31731872300888,19.31731872300888
Gradient Boosting,66.4,80.43046106139192,-14.030461061391918,14.030461061391918
Gradient Boosting,98.6,73.51515284755361,25.084847152446386,25.084847152446386
Gradient Boosting,94.9,61.455231201153666,33.44476879884634,33.44476879884634
Gradient Boosting,76.8,73.0434152511813,3.756584748818696,3.756584748818696
Gradient Boosting,59.5,71.37871104574663,-11.878711045746627,11.878711045746627
Gradient Boosting,48.3,63.14083395476458,-14.840833954764584,14.840833954764584
Gradient Boosting,72.7,66.35456626735657,6.3454337326434285,6.3454337326434285
Gradient Boosting,73.0,60.86172365784948,12.138276342150519,12.138276342150519
Gradient Boosting,66.5,77.58805539980109,-11.088055399801092,11.088055399801092
Gradient Boosting,47.5,53.08248463790476,-5.582484637904763,5.582484637904763
Gradient Boosting,60.9,70.65282791707024,-9.752827917070242,9.752827917070242
Gradient Boosting,59.7,65.65068501755648,-5.950685017556481,5.950685017556481
Gradient Boosting,54.2,62.14457837939331,-7.944578379393306,7.944578379393306
Gradient Boosting,73.4,65.96522020401176,7.4347797959882485,7.4347797959882485
Gradient Boosting,72.9,64.76139531750995,8.138604682490055,8.138604682490055
Gradient Boosting,28.6,53.42011635390687,-24.82011635390687,24.82011635390687
Gradient Boosting,62.2,60.25297563573739,1.9470243642626102,1.9470243642626102
Gradient Boosting,62.5,67.18872732370735,-4.688727323707354,4.688727323707354
Gradient Boosting,44.3,61.951809264052606,-17.65180926405261,17.65180926405261
Gradient Boosting,33.8,63.131184270167005,-29.331184270167007,29.331184270167007
Gradient Boosting,34.8,52.26973502006442,-17.46973502006442,17.46973502006442
Gradient Boosting,71.9,50.47518854818001,21.42481145182,21.42481145182
Gradient Boosting,60.8,57.96200578460043,2.8379942153995685,2.8379942153995685
Gradient Boosting,77.5,65.77166436432627,11.72833563567373,11.72833563567373
Gradient Boosting,58.2,54.980607237149925,3.2193927628500774,3.2193927628500774
Gradient Boosting,69.6,73.24280169739059,-3.6428016973905955,3.6428016973905955
Gradient Boosting,66.1,64.13745121104527,1.9625487889547202,1.9625487889547202
Gradient Boosting,98.2,82.55569089670664,15.644309103293367,15.644309103293367
Gradient Boosting,80.8,80.55388454737437,0.24611545262563084,0.24611545262563084
Gradient Boosting,51.6,68.48010589063651,-16.880105890636507,16.880105890636507
Gradient Boosting,50.1,57.44340316526766,-7.3434031652676595,7.3434031652676595
Gradient Boosting,63.8,63.47730968783192,0.32269031216807775,0.32269031216807775
Gradient Boosting,58.5,60.311102243402736,-1.8111022434027362,1.8111022434027362
Gradient Boosting,81.0,71.8197949443697,9.180205055630296,9.180205055630296
Gradient Boosting,97.2,77.53821928680604,19.661780713193963,19.661780713193963
Gradient Boosting,55.2,59.499573814224284,-4.299573814224281,4.299573814224281
Gradient Boosting,54.5,58.82357475044478,-4.323574750444777,4.323574750444777
Gradient Boosting,47.4,61.97631618378413,-14.57631618378413,14.57631618378413
Gradient Boosting,100.0,70.16407614801662,29.83592385198338,29.83592385198338
Gradient Boosting,71.4,76.53559163957215,-5.135591639572141,5.135591639572141
Gradient Boosting,51.6,66.59754215764895,-14.997542157648944,14.997542157648944
Gradient Boosting,100.0,76.98108697167237,23.01891302832763,23.01891302832763
Gradient Boosting,42.5,67.18480867030398,-24.68480867030398,24.68480867030398
Gradient Boosting,56.8,62.46043625657405,-5.660436256574052,5.660436256574052
Gradient Boosting,25.6,61.7186429101902,-36.1186429101902,36.1186429101902
Gradient Boosting,74.9,67.21415996152967,7.685840038470332,7.685840038470332
Gradient Boosting,55.0,61.25345789176712,-6.25345789176712,6.25345789176712
Gradient Boosting,65.9,78.13158903943969,-12.231589039439683,12.231589039439683
Gradient Boosting,75.9,61.24130786138632,14.658692138613688,14.658692138613688
Gradient Boosting,41.0,68.0875539457768,-27.087553945776804,27.087553945776804
Gradient Boosting,93.8,79.11210071593193,14.687899284068067,14.687899284068067
Gradient Boosting,48.4,59.913732190550746,-11.513732190550748,11.513732190550748
Gradient Boosting,53.7,54.9645598991888,-1.2645598991887965,1.2645598991887965
Gradient Boosting,51.0,61.28012891277053,-10.280128912770529,10.280128912770529
Gradient Boosting,30.4,46.038295318425604,-15.638295318425605,15.638295318425605
Gradient Boosting,55.8,63.09737620477438,-7.29737620477438,7.29737620477438
Gradient Boosting,88.8,79.90426326562087,8.895736734379128,8.895736734379128
Gradient Boosting,83.7,73.41612445521315,10.283875544786852,10.283875544786852
Gradient Boosting,61.5,59.6506245399461,1.8493754600538992,1.8493754600538992
Gradient Boosting,73.7,63.482717423984006,10.217282576015997,10.217282576015997
Gradient Boosting,48.7,62.16653377277756,-13.46653377277756,13.46653377277756
Gradient Boosting,57.8,67.09192788771352,-9.291927887713527,9.291927887713527
Gradient Boosting,95.0,72.80790644986199,22.19209355013801,22.19209355013801
Gradient Boosting,76.2,60.41936197876642,15.780638021233585,15.780638021233585
Gradient Boosting,80.4,65.96829619693513,14.431703803064877,14.431703803064877
Gradient Boosting,94.6,65.20797955362492,29.39202044637507,29.39202044637507
Gradient Boosting,67.3,69.09861117811217,-1.7986111781121679,1.7986111781121679
Gradient Boosting,42.8,51.693754409655476,-8.893754409655479,8.893754409655479
Gradient Boosting,96.4,77.91478934009956,18.485210659900446,18.485210659900446
Gradient Boosting,46.8,60.92260574501286,-14.122605745012862,14.122605745012862
Gradient Boosting,76.6,74.27414076694897,2.3258592330510197,2.3258592330510197
Gradient Boosting,58.8,59.65141222147528,-0.851412221475286,0.851412221475286
Gradient Boosting,43.9,68.02290080356579,-24.12290080356579,24.12290080356579
Gradient Boosting,59.5,68.50116106823063,-9.00116106823063,9.00116106823063
Gradient Boosting,82.5,73.19146170602609,9.30853829397391,9.30853829397391
Gradient Boosting,58.2,72.73244588575194,-14.53244588575194,14.53244588575194
Gradient Boosting,64.2,59.49327005429539,4.706729945704616,4.706729945704616
Gradient Boosting,82.5,63.82763294938439,18.672367050615613,18.672367050615613
Gradient Boosting,60.5,69.02151877384192,-8.521518773841919,8.521518773841919
Gradient Boosting,46.2,65.68236876093955,-19.48236876093955,19.48236876093955
Gradient Boosting,45.3,65.4941123577386,-20.194112357738604,20.194112357738604
Gradient Boosting,68.7,74.24042381513634,-5.540423815136336,5.540423815136336
Gradient Boosting,53.3,58.27097730772337,-4.970977307723373,4.970977307723373
Gradient Boosting,68.7,62.09274843852771,6.607251561472296,6.607251561472296
Gradient Boosting,56.6,61.52316525570309,-4.92316525570309,4.92316525570309
Gradient Boosting,58.9,61.03284126526541,-2.1328412652654123,2.1328412652654123
Gradient Boosting,88.9,77.89277355277939,11.007226447220617,11.007226447220617
Gradient Boosting,73.0,64.55902517479576,8.440974825204236,8.440974825204236
Gradient Boosting,51.2,58.13921415561337,-6.939214155613364,6.939214155613364
Gradient Boosting,81.8,68.90578115761518,12.894218842384817,12.894218842384817
Gradient Boosting,47.5,54.32856496821074,-6.828564968210742,6.828564968210742
Gradient Boosting,91.3,78.22684119588335,13.073158804116645,13.073158804116645
Gradient Boosting,78.9,67.58311531447565,11.316884685524357,11.316884685524357
Gradient Boosting,45.0,64.14597571797309,-19.145975717973087,19.145975717973087
Gradient Boosting,82.7,65.76237287841131,16.93762712158869,16.93762712158869
Gradient Boosting,70.5,61.44279333421032,9.057206665789678,9.057206665789678
Gradient Boosting,65.8,73.95815971259815,-8.158159712598149,8.158159712598149
Gradient Boosting,65.9,48.44440876772843,17.455591232271573,17.455591232271573
Gradient Boosting,80.9,65.97551482449026,14.924485175509744,14.924485175509744
Gradient Boosting,32.1,50.845390089050255,-18.745390089050254,18.745390089050254
Gradient Boosting,69.8,56.72611235857563,13.07388764142437,13.07388764142437
Gradient Boosting,45.1,50.120988529112296,-5.020988529112294,5.020988529112294
Gradient Boosting,73.4,61.074109347171124,12.325890652828882,12.325890652828882
Gradient Boosting,85.3,54.30083907278023,30.99916092721977,30.99916092721977
Gradient Boosting,52.2,59.71482756967251,-7.514827569672505,7.514827569672505
Gradient Boosting,94.0,78.12704255281511,15.872957447184888,15.872957447184888
Gradient Boosting,77.1,67.19029192928039,9.909708070719603,9.909708070719603
Gradient Boosting,46.7,60.526011628197196,-13.826011628197193,13.826011628197193
Gradient Boosting,62.3,59.89401379856729,2.405986201432704,2.405986201432704
Gradient Boosting,64.5,63.86569107658895,0.6343089234110479,0.6343089234110479
Gradient Boosting,86.9,67.98958934566595,18.910410654334058,18.910410654334058
Gradient Boosting,77.4,69.62251138283474,7.777488617165261,7.777488617165261
Gradient Boosting,34.9,58.39340898247338,-23.493408982473383,23.493408982473383
Gradient Boosting,63.0,78.12546350662586,-15.125463506625863,15.125463506625863
Gradient Boosting,81.7,80.43999671565152,1.2600032843484854,1.2600032843484854
Gradient Boosting,43.9,51.032211512306404,-7.132211512306405,7.132211512306405
Gradient Boosting,67.6,60.86829866736135,6.731701332638643,6.731701332638643
Gradient Boosting,78.0,74.98207389188272,3.0179261081172797,3.0179261081172797
Gradient Boosting,80.2,67.26790869072315,12.932091309276856,12.932091309276856
Gradient Boosting,56.6,54.52498413691082,2.0750158630891846,2.0750158630891846
Gradient Boosting,98.6,67.45152853744803,31.148471462551967,31.148471462551967
Gradient Boosting,67.0,65.2782290851835,1.7217709148165028,1.7217709148165028
Gradient Boosting,66.4,58.76959132863247,7.630408671367533,7.630408671367533
Gradient Boosting,65.5,68.36014454293927,-2.860144542939267,2.860144542939267
Gradient Boosting,61.0,64.19190636582258,-3.1919063658225753,3.1919063658225753
Gradient Boosting,74.6,78.83729529285426,-4.23729529285427,4.23729529285427
Gradient Boosting,70.8,59.41132829894154,11.388671701058456,11.388671701058456
Gradient Boosting,39.4,60.6459876040253,-21.245987604025302,21.245987604025302
Gradient Boosting,43.3,66.9777529100436,-23.67775291004361,23.67775291004361
Gradient Boosting,87.1,86.4858014168581,0.6141985831418992,0.6141985831418992
Gradient Boosting,98.1,73.73205145408409,24.367948545915908,24.367948545915908
Gradient Boosting,72.0,61.459098234322475,10.540901765677525,10.540901765677525
Gradient Boosting,54.9,68.1567347131182,-13.256734713118199,13.256734713118199
Gradient Boosting,61.3,67.04846592016115,-5.748465920161152,5.748465920161152
Gradient Boosting,56.2,58.242231415421564,-2.0422314154215613,2.0422314154215613
Gradient Boosting,68.7,61.6163669102059,7.083633089794105,7.083633089794105
Gradient Boosting,59.9,67.11567313638598,-7.2156731363859805,7.2156731363859805
Gradient Boosting,100.0,76.40456874988249,23.595431250117514,23.595431250117514
Gradient Boosting,75.7,74.69382731710823,1.0061726828917728,1.0061726828917728
Gradient Boosting,50.8,67.2703022000993,-16.470302200099297,16.470302200099297
Gradient Boosting,41.1,61.05969490677417,-19.959694906774168,19.959694906774168
Gradient Boosting,77.3,73.80520487958522,3.4947951204147785,3.4947951204147785
Gradient Boosting,42.9,61.29035620316635,-18.39035620316635,18.39035620316635
Gradient Boosting,72.1,66.19065339653088,5.9093466034691176,5.9093466034691176
Gradient Boosting,51.6,55.33632849068336,-3.7363284906833556,3.7363284906833556
Gradient Boosting,75.7,82.48615824123732,-6.786158241237317,6.786158241237317
Gradient Boosting,86.8,64.72348503653892,22.07651496346108,22.07651496346108
Gradient Boosting,87.7,66.25292290965575,21.44707709034425,21.44707709034425
Gradient Boosting,57.7,59.772155282296524,-2.072155282296521,2.072155282296521
Gradient Boosting,52.9,47.441591727514485,5.458408272485514,5.458408272485514
Gradient Boosting,48.3,59.432719469562564,-11.132719469562566,11.132719469562566
Gradient Boosting,66.7,67.42911458394069,-0.7291145839406852,0.7291145839406852
Gradient Boosting,54.8,65.30155861445756,-10.501558614457565,10.501558614457565
Gradient Boosting,79.3,68.03139159715619,11.26860840284381,11.26860840284381
Gradient Boosting,60.1,71.34562025860549,-11.245620258605491,11.245620258605491
Gradient Boosting,63.1,64.24213214398829,-1.1421321439882846,1.1421321439882846
Gradient Boosting,43.8,51.396648699090704,-7.596648699090707,7.596648699090707
Gradient Boosting,62.2,54.036618862510906,8.163381137489097,8.163381137489097
Gradient Boosting,47.9,58.34815567098895,-10.448155670988953,10.448155670988953
Gradient Boosting,43.7,61.669783100765436,-17.969783100765433,17.969783100765433
Gradient Boosting,45.2,63.27426900372201,-18.07426900372201,18.07426900372201
Gradient Boosting,47.9,72.49672106649999,-24.59672106649999,24.59672106649999
Gradient Boosting,88.3,75.83500417162536,12.46499582837464,12.46499582837464
Gradient Boosting,46.3,52.6455387947825,-6.345538794782506,6.345538794782506
Gradient Boosting,62.2,67.67007645892943,-5.470076458929427,5.470076458929427
Gradient Boosting,64.3,59.40625193237058,4.893748067629417,4.893748067629417
Gradient Boosting,73.4,62.734484250630345,10.66551574936966,10.66551574936966
Gradient Boosting,49.6,62.28627246105295,-12.686272461052951,12.686272461052951
Gradient Boosting,59.6,55.001005171314794,4.598994828685207,4.598994828685207
Gradient Boosting,60.4,78.79563142949642,-18.395631429496426,18.395631429496426
Gradient Boosting,34.2,57.99191311377217,-23.791913113772168,23.791913113772168
Gradient Boosting,52.7,51.72920101984612,0.9707989801538801,0.9707989801538801
Gradient Boosting,46.6,61.76070015373647,-15.160700153736471,15.160700153736471
Gradient Boosting,61.3,59.613235124398905,1.6867648756010922,1.6867648756010922
Gradient Boosting,53.2,59.386947630942224,-6.186947630942221,6.186947630942221
Gradient Boosting,69.2,64.1695020315755,5.030497968424498,5.030497968424498
Gradient Boosting,61.8,61.63220899942798,0.16779100057201646,0.16779100057201646
Gradient Boosting,75.4,72.15290879942751,3.2470912005724983,3.2470912005724983
Gradient Boosting,30.9,49.0619306600238,-18.1619306600238,18.1619306600238
Gradient Boosting,51.8,60.53306729812341,-8.733067298123416,8.733067298123416
Gradient Boosting,46.4,60.37618010275642,-13.976180102756423,13.976180102756423
Gradient Boosting,62.3,62.18793378917619,0.11206621082380508,0.11206621082380508
Gradient Boosting,44.5,64.1603598624293,-19.660359862429303,19.660359862429303
Gradient Boosting,68.9,62.59736408539884,6.302635914601169,6.302635914601169
Gradient Boosting,71.9,59.43325020772071,12.466749792279295,12.466749792279295
Gradient Boosting,52.4,62.100398165686656,-9.700398165686657,9.700398165686657
Gradient Boosting,71.2,76.46436813402804,-5.264368134028032,5.264368134028032
Gradient Boosting,50.7,63.231580543884384,-12.531580543884381,12.531580543884381
Gradient Boosting,93.4,61.64561563827912,31.754384361720888,31.754384361720888
Gradient Boosting,100.0,63.18648187641353,36.81351812358647,36.81351812358647
Gradient Boosting,99.0,78.36836238276257,20.63163761723743,20.63163761723743
Gradient Boosting,74.7,58.25623132278106,16.44376867721894,16.44376867721894
Gradient Boosting,58.3,64.35961110420243,-6.059611104202432,6.059611104202432
Gradient Boosting,23.7,53.94092634594052,-30.24092634594052,30.24092634594052
Gradient Boosting,41.7,66.49649136514243,-24.79649136514243,24.79649136514243
Gradient Boosting,93.5,76.90278743006822,16.597212569931784,16.597212569931784
Gradient Boosting,53.7,43.87035430249164,9.829645697508361,9.829645697508361
Gradient Boosting,40.4,62.84005784501232,-22.44005784501232,22.44005784501232
Gradient Boosting,53.8,60.62239913747436,-6.822399137474363,6.822399137474363
Gradient Boosting,76.2,77.805095991514,-1.6050959915139913,1.6050959915139913
Gradient Boosting,66.2,67.57723755335623,-1.377237553356224,1.377237553356224
Gradient Boosting,55.8,58.58874693959992,-2.7887469395999247,2.7887469395999247
Gradient Boosting,36.9,50.078014464222996,-13.178014464222997,13.178014464222997
Gradient Boosting,38.8,47.41567831283363,-8.61567831283363,8.61567831283363
Gradient Boosting,84.9,66.00921976768356,18.890780232316445,18.890780232316445
Gradient Boosting,37.2,56.83611175612703,-19.63611175612703,19.63611175612703
Gradient Boosting,73.4,56.71787048523818,16.682129514761826,16.682129514761826
Gradient Boosting,49.3,59.31372540582409,-10.01372540582409,10.01372540582409
Gradient Boosting,65.7,69.16621790630902,-3.466217906309012,3.466217906309012
Gradient Boosting,39.9,53.70933807251142,-13.809338072511423,13.809338072511423
Gradient Boosting,45.1,61.842077542071486,-16.742077542071485,16.742077542071485
Gradient Boosting,95.6,74.03866374826401,21.56133625173598,21.56133625173598
Gradient Boosting,50.9,75.70646201781128,-24.806462017811278,24.806462017811278
Gradient Boosting,82.8,72.9328810012707,9.867118998729296,9.867118998729296
Gradient Boosting,37.0,59.1573787109668,-22.157378710966803,22.157378710966803
Gradient Boosting,71.2,58.806094881901785,12.393905118098218,12.393905118098218
Gradient Boosting,36.8,59.160950793351184,-22.360950793351186,22.360950793351186
Gradient Boosting,62.5,63.60270061702734,-1.1027006170273381,1.1027006170273381
Gradient Boosting,58.6,55.62327382720492,2.9767261727950824,2.9767261727950824
Gradient Boosting,48.2,57.52106734958328,-9.321067349583274,9.321067349583274
Gradient Boosting,38.6,42.66333752965914,-4.063337529659137,4.063337529659137
Gradient Boosting,67.0,62.95632824767531,4.043671752324691,4.043671752324691
Gradient Boosting,77.8,68.858362011771,8.94163798822899,8.94163798822899
Gradient Boosting,80.2,75.28087544019485,4.919124559805155,4.919124559805155
Gradient Boosting,91.4,68.60071042625053,22.799289573749476,22.799289573749476
Gradient Boosting,66.6,68.92202325738972,-2.3220232573897306,2.3220232573897306
Gradient Boosting,81.4,64.19688326084827,17.20311673915174,17.20311673915174
Gradient Boosting,84.6,66.43318705928938,18.166812940710614,18.166812940710614
Gradient Boosting,56.8,66.09261648690723,-9.292616486907235,9.292616486907235
Gradient Boosting,56.7,66.56259751647846,-9.86259751647846,9.86259751647846
Gradient Boosting,65.4,72.38906416164669,-6.989064161646681,6.989064161646681
Gradient Boosting,31.5,56.92983768441406,-25.42983768441406,25.42983768441406
Gradient Boosting,45.1,70.08339743349049,-24.983397433490488,24.983397433490488
Gradient Boosting,44.2,64.92514924653214,-20.72514924653214,20.72514924653214
Gradient Boosting,87.8,66.53873923352293,21.261260766477065,21.261260766477065
Gradient Boosting,100.0,84.12663013739129,15.873369862608712,15.873369862608712
Gradient Boosting,48.7,63.44687146166185,-14.746871461661847,14.746871461661847
Gradient Boosting,89.7,72.21447189330136,17.485528106698638,17.485528106698638
Gradient Boosting,79.1,74.06629848049131,5.033701519508682,5.033701519508682
Gradient Boosting,51.1,61.99348763162803,-10.893487631628027,10.893487631628027
Gradient Boosting,69.4,64.18925484651447,5.210745153485533,5.210745153485533
Gradient Boosting,65.8,70.27830513996466,-4.478305139964661,4.478305139964661
Gradient Boosting,73.1,70.62320333207813,2.4767966679218603,2.4767966679218603
Gradient Boosting,81.9,66.30548543537715,15.594514564622855,15.594514564622855
Gradient Boosting,54.7,60.70853605926486,-6.008536059264856,6.008536059264856
Gradient Boosting,55.3,64.46640831130712,-9.166408311307123,9.166408311307123
Gradient Boosting,60.0,48.74982851316247,11.25017148683753,11.25017148683753
Gradient Boosting,53.6,56.286273883161364,-2.6862738831613626,2.6862738831613626
Gradient Boosting,77.4,67.95624358430746,9.443756415692548,9.443756415692548
Gradient Boosting,66.0,63.9805536100854,2.0194463899145987,2.0194463899145987
Gradient Boosting,41.8,66.11327452316463,-24.313274523164637,24.313274523164637
Gradient Boosting,79.0,63.717898234648466,15.282101765351534,15.282101765351534
Gradient Boosting,59.8,71.3328502227122,-11.532850222712199,11.532850222712199
Gradient Boosting,94.1,71.39722004650689,22.702779953493106,22.702779953493106
Gradient Boosting,55.5,63.8008212508176,-8.300821250817599,8.300821250817599
Gradient Boosting,56.0,64.13969812538703,-8.139698125387028,8.139698125387028
Gradient Boosting,100.0,75.38304338861643,24.61695661138357,24.61695661138357
Gradient Boosting,51.9,74.3117833278575,-22.4117833278575,22.4117833278575
Gradient Boosting,39.2,58.728980725025274,-19.52898072502527,19.52898072502527
Gradient Boosting,70.1,63.776873526019514,6.32312647398048,6.32312647398048
Gradient Boosting,62.0,64.15222757238833,-2.152227572388327,2.152227572388327
Gradient Boosting,74.6,70.73730023954819,3.862699760451804,3.862699760451804
Gradient Boosting,89.1,58.24758564821061,30.852414351789385,30.852414351789385
Gradient Boosting,66.1,58.011538761097995,8.088461238902,8.088461238902
Gradient Boosting,73.8,64.9483962721441,8.851603727855903,8.851603727855903
Gradient Boosting,58.3,60.18545397639999,-1.8854539763999938,1.8854539763999938
Gradient Boosting,69.9,65.70438918207233,4.1956108179276725,4.1956108179276725
Gradient Boosting,59.7,65.51441207894726,-5.814412078947257,5.814412078947257
Gradient Boosting,74.0,60.73572422174967,13.26427577825033,13.26427577825033
Gradient Boosting,88.7,83.63472892578339,5.065271074216611,5.065271074216611
Gradient Boosting,33.4,64.12061933596905,-30.720619335969054,30.720619335969054
Gradient Boosting,67.3,66.07421967144462,1.2257803285553734,1.2257803285553734
Gradient Boosting,51.8,70.70526729259251,-18.905267292592512,18.905267292592512
Gradient Boosting,83.0,80.7417675133511,2.258232486648893,2.258232486648893
Gradient Boosting,65.2,68.70479936543514,-3.504799365435133,3.504799365435133
Gradient Boosting,57.0,60.570817872923975,-3.570817872923975,3.570817872923975
Gradient Boosting,100.0,87.91245651612638,12.087543483873617,12.087543483873617
Gradient Boosting,58.9,64.26356519531208,-5.363565195312084,5.363565195312084
Gradient Boosting,92.3,71.23548040908645,21.064519590913548,21.064519590913548
Gradient Boosting,47.8,58.393721818269356,-10.593721818269358,10.593721818269358
Gradient Boosting,76.0,60.203740059781346,15.796259940218654,15.796259940218654
Gradient Boosting,55.3,67.11738208384931,-11.81738208384931,11.81738208384931
Gradient Boosting,48.4,60.99322859424182,-12.593228594241822,12.593228594241822
Gradient Boosting,49.9,65.09410426487202,-15.194104264872017,15.194104264872017
Gradient Boosting,33.4,58.4949542627231,-25.0949542627231,25.0949542627231
Gradient Boosting,75.0,63.67892510970136,11.32107489029864,11.32107489029864
Gradient Boosting,85.1,74.19299063454703,10.907009365452964,10.907009365452964
Gradient Boosting,80.1,63.9222393643086,16.177760635691392,16.177760635691392
Gradient Boosting,61.2,66.2633344696007,-5.06333446960069,5.06333446960069
Gradient Boosting,65.1,68.4687855244044,-3.3687855244044016,3.3687855244044016
Gradient Boosting,71.6,76.8634548470691,-5.263454847069099,5.263454847069099
Gradient Boosting,78.1,70.92678451111495,7.173215488885049,7.173215488885049
Gradient Boosting,99.1,65.09183184900542,34.00816815099458,34.00816815099458
Gradient Boosting,71.6,62.06907848723634,9.530921512763655,9.530921512763655
Gradient Boosting,61.7,70.63603890554818,-8.936038905548173,8.936038905548173
Gradient Boosting,77.1,74.58135684773073,2.518643152269263,2.518643152269263
Gradient Boosting,55.4,76.25868077881915,-20.858680778819156,20.858680778819156
Gradient Boosting,64.5,64.60714367529403,-0.1071436752940258,0.1071436752940258
Gradient Boosting,52.5,56.227513414426234,-3.727513414426234,3.727513414426234
Gradient Boosting,54.7,69.38665766091789,-14.686657660917888,14.686657660917888
Gradient Boosting,94.9,65.14374578252531,29.75625421747469,29.75625421747469
Gradient Boosting,66.8,60.05126827306376,6.748731726936235,6.748731726936235
Gradient Boosting,55.6,54.59831587114049,1.0016841288595089,1.0016841288595089
Gradient Boosting,64.4,68.04785393163972,-3.647853931639716,3.647853931639716
Gradient Boosting,82.0,67.93572711908027,14.06427288091973,14.06427288091973
Gradient Boosting,77.9,62.22703329901642,15.672966700983586,15.672966700983586
Gradient Boosting,68.3,76.20126322667707,-7.901263226677074,7.901263226677074
Gradient Boosting,62.9,60.01239359077016,2.8876064092298392,2.8876064092298392
Gradient Boosting,74.2,57.21791221711794,16.98208778288206,16.98208778288206
Gradient Boosting,79.6,60.086870144879846,19.513129855120148,19.513129855120148
Gradient Boosting,79.9,73.45846594972694,6.441534050273063,6.441534050273063
Gradient Boosting,58.0,61.5180016340716,-3.5180016340716023,3.5180016340716023
Gradient Boosting,53.3,58.968352131345185,-5.668352131345188,5.668352131345188
Gradient Boosting,46.2,57.704258819626666,-11.504258819626664,11.504258819626664
Gradient Boosting,46.7,54.99035541979246,-8.290355419792455,8.290355419792455
Gradient Boosting,74.4,79.09931247111666,-4.699312471116656,4.699312471116656
Gradient Boosting,100.0,85.98986360829781,14.01013639170219,14.01013639170219
Gradient Boosting,55.9,65.89503503088524,-9.99503503088524,9.99503503088524
Gradient Boosting,83.3,65.85600441349644,17.44399558650356,17.44399558650356
Gradient Boosting,65.9,63.98513290366918,1.9148670963308234,1.9148670963308234
Gradient Boosting,77.2,57.3989078122809,19.8010921877191,19.8010921877191
Gradient Boosting,100.0,85.19816721804952,14.80183278195048,14.80183278195048
Gradient Boosting,74.0,79.88001011571635,-5.880010115716345,5.880010115716345
Gradient Boosting,29.5,52.902818669958876,-23.402818669958876,23.402818669958876
Gradient Boosting,93.8,82.50089638415055,11.299103615849447,11.299103615849447
Gradient Boosting,100.0,78.36872974327142,21.631270256728584,21.631270256728584
Gradient Boosting,50.3,58.08649986363692,-7.786499863636919,7.786499863636919
Gradient Boosting,82.4,69.55133780374913,12.84866219625087,12.84866219625087
Gradient Boosting,92.6,81.9026621554644,10.697337844535596,10.697337844535596
Gradient Boosting,55.9,66.41449992905356,-10.514499929053564,10.514499929053564
Gradient Boosting,64.1,58.53523595506378,5.5647640449362115,5.5647640449362115
Gradient Boosting,68.9,65.6386926443152,3.2613073556848065,3.2613073556848065
Gradient Boosting,62.3,50.31932929718063,11.980670702819367,11.980670702819367
Gradient Boosting,62.5,58.76129826060188,3.738701739398117,3.738701739398117
Gradient Boosting,38.9,52.91413564059895,-14.014135640598951,14.014135640598951
Gradient Boosting,100.0,71.4575820648832,28.542417935116802,28.542417935116802
Gradient Boosting,29.6,49.872620282831164,-20.272620282831163,20.272620282831163
Gradient Boosting,72.0,67.27147518981802,4.72852481018198,4.72852481018198
Gradient Boosting,52.8,57.196782111406044,-4.396782111406047,4.396782111406047
Gradient Boosting,61.3,67.60760703512727,-6.307607035127276,6.307607035127276
Gradient Boosting,80.3,75.9803068782259,4.319693121774094,4.319693121774094
Gradient Boosting,40.5,58.473308674973914,-17.973308674973914,17.973308674973914
Gradient Boosting,55.8,59.69200286797132,-3.8920028679713212,3.8920028679713212
Gradient Boosting,65.0,58.37792675947725,6.622073240522752,6.622073240522752
Gradient Boosting,73.0,66.59661667184697,6.403383328153026,6.403383328153026
Gradient Boosting,56.2,57.17285300458183,-0.9728530045818289,0.9728530045818289
Gradient Boosting,60.9,58.40967809688053,2.490321903119465,2.490321903119465
Gradient Boosting,46.6,65.92782579856241,-19.327825798562408,19.327825798562408
Gradient Boosting,62.9,65.42030847419983,-2.5203084741998296,2.5203084741998296
Gradient Boosting,59.0,58.534482278976995,0.46551772102300504,0.46551772102300504
Gradient Boosting,51.1,60.91441007232796,-9.81441007232796,9.81441007232796
Gradient Boosting,36.9,52.44636523661611,-15.546365236616111,15.546365236616111
Gradient Boosting,71.8,68.88959832434587,2.9104016756541284,2.9104016756541284
Gradient Boosting,45.2,49.27563228378171,-4.075632283781708,4.075632283781708
Gradient Boosting,53.1,68.71353306377657,-15.613533063776565,15.613533063776565
Gradient Boosting,98.1,84.58804585123079,13.511954148769206,13.511954148769206
Gradient Boosting,55.7,64.62028840178442,-8.920288401784418,8.920288401784418
Gradient Boosting,69.7,63.39004906307709,6.30995093692291,6.30995093692291
Gradient Boosting,70.3,72.7098365160733,-2.409836516073298,2.409836516073298
Gradient Boosting,31.2,61.55564020985477,-30.355640209854773,30.355640209854773
Gradient Boosting,46.6,62.611786107357275,-16.011786107357274,16.011786107357274
Gradient Boosting,72.5,59.263463125765945,13.236536874234055,13.236536874234055
Gradient Boosting,63.1,63.658218056536654,-0.5582180565366528,0.5582180565366528
Gradient Boosting,72.4,75.11638793694749,-2.716387936947484,2.716387936947484
Gradient Boosting,79.0,67.03054096852695,11.96945903147305,11.96945903147305
Gradient Boosting,62.6,64.83801174139573,-2.238011741395731,2.238011741395731
Gradient Boosting,99.3,72.83017790275393,26.469822097246066,26.469822097246066
Gradient Boosting,50.8,57.32468896805812,-6.524688968058122,6.524688968058122
Gradient Boosting,63.0,60.173872714090976,2.826127285909024,2.826127285909024
Gradient Boosting,80.0,75.94110131500666,4.058898684993338,4.058898684993338
Gradient Boosting,66.9,65.63589938191559,1.264100618084413,1.264100618084413
Gradient Boosting,50.7,58.03444285001961,-7.334442850019606,7.334442850019606
Gradient Boosting,48.6,55.900268022982296,-7.300268022982294,7.300268022982294
Gradient Boosting,75.4,71.52063101127358,3.8793689887264264,3.8793689887264264
Gradient Boosting,100.0,82.21454692344116,17.785453076558838,17.785453076558838
Gradient Boosting,58.0,65.67926241859267,-7.679262418592671,7.679262418592671
Gradient Boosting,70.9,70.17912124110603,0.7208787588939742,0.7208787588939742
Gradient Boosting,74.6,81.27786679535039,-6.677866795350397,6.677866795350397
Gradient Boosting,58.6,66.78363342922843,-8.18363342922843,8.18363342922843
Gradient Boosting,59.3,58.94705652641102,0.3529434735889794,0.3529434735889794
Gradient Boosting,86.1,74.36322504924472,11.736774950755276,11.736774950755276
Gradient Boosting,85.0,65.42207892225197,19.57792107774803,19.57792107774803
Gradient Boosting,84.8,66.51572766053388,18.284272339466114,18.284272339466114
Gradient Boosting,37.8,57.41707557455591,-19.617075574555912,19.617075574555912
Gradient Boosting,38.1,49.870124513039926,-11.770124513039924,11.770124513039924
Gradient Boosting,46.9,53.47641530162776,-6.576415301627762,6.576415301627762
Gradient Boosting,74.6,79.7471817771838,-5.147181777183803,5.147181777183803
Gradient Boosting,59.4,66.87476559593864,-7.474765595938642,7.474765595938642
Gradient Boosting,42.2,57.49276754642598,-15.292767546425978,15.292767546425978
Gradient Boosting,67.9,65.19559156121767,2.7044084387823375,2.7044084387823375
Gradient Boosting,55.9,60.42742816574946,-4.527428165749463,4.527428165749463
Gradient Boosting,71.6,64.17063637532691,7.429363624673087,7.429363624673087
Gradient Boosting,65.8,75.55389745945101,-9.75389745945101,9.75389745945101
Gradient Boosting,73.6,58.32698245799024,15.273017542009754,15.273017542009754
Gradient Boosting,78.6,78.86892896415713,-0.2689289641571406,0.2689289641571406
Gradient Boosting,58.7,67.68136328040269,-8.98136328040269,8.98136328040269
Gradient Boosting,47.3,61.34399283248248,-14.04399283248248,14.04399283248248
Gradient Boosting,75.5,72.80366971851623,2.6963302814837675,2.6963302814837675
Gradient Boosting,49.7,69.24969301184791,-19.549693011847907,19.549693011847907
Gradient Boosting,54.7,51.19432443083958,3.5056755691604238,3.5056755691604238
Gradient Boosting,46.1,51.86525589851056,-5.76525589851056,5.76525589851056
Gradient Boosting,77.4,70.62797514748645,6.772024852513553,6.772024852513553
Gradient Boosting,49.4,61.045604567320744,-11.645604567320746,11.645604567320746
Gradient Boosting,30.9,56.31001066624972,-25.41001066624972,25.41001066624972
Gradient Boosting,49.3,56.596917403556866,-7.2969174035568685,7.2969174035568685
Gradient Boosting,65.6,66.32296280723133,-0.7229628072313403,0.7229628072313403
Gradient Boosting,30.7,51.65612979276187,-20.956129792761867,20.956129792761867
Gradient Boosting,48.3,55.368868158507304,-7.068868158507307,7.068868158507307
Gradient Boosting,94.4,87.68848296687179,6.711517033128217,6.711517033128217
Gradient Boosting,88.5,65.65734084241475,22.842659157585246,22.842659157585246
Gradient Boosting,74.5,66.30176399248798,8.198236007512023,8.198236007512023
Gradient Boosting,27.7,48.48092022454165,-20.78092022454165,20.78092022454165
Gradient Boosting,88.4,72.77992687860458,15.620073121395421,15.620073121395421
Gradient Boosting,48.7,61.546329382811365,-12.846329382811362,12.846329382811362
Gradient Boosting,66.6,66.05124396123385,0.5487560387661432,0.5487560387661432
Gradient Boosting,81.3,73.23752306867694,8.062476931323062,8.062476931323062
Gradient Boosting,89.5,84.98908012446502,4.510919875534981,4.510919875534981
Gradient Boosting,41.9,63.53025597906592,-21.63025597906592,21.63025597906592
Gradient Boosting,55.4,55.731093881268016,-0.33109388126801775,0.33109388126801775
Gradient Boosting,73.6,61.208358705234374,12.39164129476562,12.39164129476562
Gradient Boosting,72.1,77.0133194622579,-4.913319462257903,4.913319462257903
Gradient Boosting,36.1,57.686249534418366,-21.586249534418364,21.586249534418364
Gradient Boosting,96.7,79.22641282806794,17.473587171932067,17.473587171932067
Gradient Boosting,29.2,59.901941340837574,-30.701941340837575,30.701941340837575
Gradient Boosting,99.7,84.32400989377693,15.375990106223071,15.375990106223071
Gradient Boosting,76.0,68.03477680666307,7.965223193336925,7.965223193336925
Gradient Boosting,48.6,74.03409356295072,-25.434093562950714,25.434093562950714
Gradient Boosting,70.4,68.59535443282863,1.8046455671713773,1.8046455671713773
Gradient Boosting,95.7,71.73418611197212,23.96581388802788,23.96581388802788
Gradient Boosting,56.7,57.51033830042525,-0.8103383004252507,0.8103383004252507
Gradient Boosting,54.0,66.89888694527316,-12.898886945273162,12.898886945273162
Gradient Boosting,82.9,75.72167516744237,7.178324832557635,7.178324832557635
Gradient Boosting,53.7,66.86047693155777,-13.160476931557767,13.160476931557767
Gradient Boosting,66.0,61.09902272784732,4.90097727215268,4.90097727215268
Gradient Boosting,71.2,71.05145559894756,0.14854440105244748,0.14854440105244748
Gradient Boosting,70.1,65.54768599634633,4.552314003653663,4.552314003653663
Gradient Boosting,66.7,55.04909176614753,11.650908233852476,11.650908233852476
Gradient Boosting,95.8,74.09397134277704,21.70602865722296,21.70602865722296
Gradient Boosting,38.8,57.479070078398365,-18.679070078398368,18.679070078398368
Gradient Boosting,79.9,68.43922377696973,11.46077622303028,11.46077622303028
Gradient Boosting,81.6,59.508739413846406,22.091260586153588,22.091260586153588
Gradient Boosting,59.1,72.6665055668617,-13.5665055668617,13.5665055668617
Gradient Boosting,57.4,68.07005457876362,-10.670054578763619,10.670054578763619
Gradient Boosting,34.3,60.96929811676921,-26.669298116769212,26.669298116769212
Gradient Boosting,68.5,72.31970103788167,-3.8197010378816714,3.8197010378816714
Gradient Boosting,87.1,72.50521491740771,14.594785082592281,14.594785082592281
Gradient Boosting,34.1,53.44236693199817,-19.34236693199817,19.34236693199817
Gradient Boosting,86.0,84.29457294057636,1.7054270594236414,1.7054270594236414
Gradient Boosting,61.6,53.164796647354706,8.435203352645296,8.435203352645296
Gradient Boosting,64.6,64.70642122898231,-0.10642122898231321,0.10642122898231321
Gradient Boosting,31.7,66.47520510246379,-34.77520510246379,34.77520510246379
Gradient Boosting,63.7,66.86778165560055,-3.1677816556005496,3.1677816556005496
Gradient Boosting,68.1,63.14755811487478,4.952441885125211,4.952441885125211
Gradient Boosting,58.5,58.50540710900861,-0.005407109008608302,0.005407109008608302
Gradient Boosting,81.1,66.96954906732574,14.13045093267425,14.13045093267425
Gradient Boosting,84.6,66.60071957476458,17.999280425235412,17.999280425235412
Gradient Boosting,77.7,70.69760831427958,7.002391685720426,7.002391685720426
Gradient Boosting,72.7,67.59427250902756,5.105727490972441,5.105727490972441
Gradient Boosting,69.2,79.29321703672541,-10.093217036725406,10.093217036725406
Gradient Boosting,68.8,54.808820726961684,13.991179273038313,13.991179273038313
Gradient Boosting,56.6,57.9312662908694,-1.3312662908694008,1.3312662908694008
Gradient Boosting,79.6,78.20070310439398,1.399296895606014,1.399296895606014
Gradient Boosting,87.8,72.34064600303003,15.459353996969966,15.459353996969966
Gradient Boosting,60.6,61.03813143170152,-0.438131431701521,0.438131431701521
Gradient Boosting,54.3,58.948226543564395,-4.648226543564398,4.648226543564398
Gradient Boosting,83.1,79.20647433113328,3.8935256688667153,3.8935256688667153
Gradient Boosting,43.5,59.31363048336697,-15.813630483366971,15.813630483366971
Gradient Boosting,78.3,61.48064833318082,16.81935166681918,16.81935166681918
Gradient Boosting,55.3,56.39047059716822,-1.0904705971682205,1.0904705971682205
Gradient Boosting,71.3,65.45056446009359,5.849435539906409,5.849435539906409
Gradient Boosting,71.5,67.46128867258084,4.038711327419165,4.038711327419165
Gradient Boosting,70.2,77.51279091661519,-7.312790916615185,7.312790916615185
Gradient Boosting,94.0,76.16432244488573,17.835677555114273,17.835677555114273
Gradient Boosting,78.3,77.40546799491396,0.8945320050860346,0.8945320050860346
Gradient Boosting,80.8,67.496809689338,13.303190310662004,13.303190310662004
Gradient Boosting,73.1,56.8072430185964,16.292756981403592,16.292756981403592
Gradient Boosting,58.3,66.65661909097769,-8.356619090977688,8.356619090977688
Gradient Boosting,84.4,70.88823080550237,13.511769194497631,13.511769194497631
Gradient Boosting,80.2,72.98820762592953,7.21179237407047,7.21179237407047
Gradient Boosting,64.3,58.89581422910992,5.404185770890081,5.404185770890081
Gradient Boosting,67.9,61.39182398618628,6.508176013813724,6.508176013813724
Gradient Boosting,75.9,58.22571315860986,17.67428684139015,17.67428684139015
Gradient Boosting,69.5,55.07624382868323,14.423756171316768,14.423756171316768
Gradient Boosting,52.6,64.98020923430394,-12.38020923430394,12.38020923430394
Gradient Boosting,63.3,61.43541702560681,1.864582974393187,1.864582974393187
Gradient Boosting,46.3,52.41737846000219,-6.117378460002193,6.117378460002193
Gradient Boosting,49.1,66.98842615621948,-17.888426156219474,17.888426156219474
Gradient Boosting,59.0,60.49851356451724,-1.4985135645172392,1.4985135645172392
Gradient Boosting,79.9,71.84959068050502,8.050409319494989,8.050409319494989
Gradient Boosting,64.9,63.17416311124167,1.7258368887583373,1.7258368887583373
Gradient Boosting,57.7,64.4438713526469,-6.743871352646892,6.743871352646892
Gradient Boosting,9.4,58.758046379283535,-49.358046379283536,49.358046379283536
Gradient Boosting,74.1,67.26377955282099,6.836220447179002,6.836220447179002
Gradient Boosting,40.8,55.38995072289684,-14.589950722896845,14.589950722896845
Gradient Boosting,87.3,64.78511952298292,22.514880477017073,22.514880477017073
Gradient Boosting,70.9,74.70609895125473,-3.806098951254725,3.806098951254725
Gradient Boosting,88.7,67.96678037927288,20.733219620727127,20.733219620727127
Gradient Boosting,56.9,76.00114537993917,-19.101145379939176,19.101145379939176
Gradient Boosting,69.0,66.69421608370479,2.305783916295212,2.305783916295212
Gradient Boosting,58.9,71.5221283527661,-12.622128352766104,12.622128352766104
Gradient Boosting,38.1,52.24880718427671,-14.148807184276706,14.148807184276706
Gradient Boosting,38.6,50.48493521897268,-11.884935218972679,11.884935218972679
Gradient Boosting,75.0,70.30491034030045,4.695089659699548,4.695089659699548
Gradient Boosting,64.9,62.02794476812435,2.872055231875656,2.872055231875656
Gradient Boosting,73.9,59.78722063189976,14.112779368100249,14.112779368100249
Gradient Boosting,58.8,64.90849577757498,-6.108495777574987,6.108495777574987
Gradient Boosting,58.1,62.0713299729832,-3.971329972983199,3.971329972983199
Gradient Boosting,33.7,67.86180546691465,-34.16180546691464,34.16180546691464
Gradient Boosting,35.3,66.97929257757791,-31.67929257757791,31.67929257757791
Gradient Boosting,55.9,61.03898693634893,-5.138986936348928,5.138986936348928
Gradient Boosting,48.5,52.464351909792995,-3.9643519097929953,3.9643519097929953
Gradient Boosting,40.4,67.60614699260518,-27.206146992605177,27.206146992605177
Gradient Boosting,100.0,74.92252927226403,25.07747072773597,25.07747072773597
Gradient Boosting,97.5,78.44959531181458,19.050404688185424,19.050404688185424
Gradient Boosting,52.3,62.831554232846855,-10.531554232846858,10.531554232846858
Gradient Boosting,84.6,76.33421581954423,8.265784180455768,8.265784180455768
Gradient Boosting,76.6,65.15166921990746,11.448330780092533,11.448330780092533
Gradient Boosting,87.1,68.4130825091512,18.6869174908488,18.6869174908488
Gradient Boosting,71.7,69.17396957685301,2.5260304231469917,2.5260304231469917
Gradient Boosting,89.9,63.273817020453194,26.62618297954681,26.62618297954681
Gradient Boosting,80.9,59.52490175617661,21.375098243823395,21.375098243823395
Gradient Boosting,67.5,60.01613659141646,7.483863408583538,7.483863408583538
Gradient Boosting,45.3,71.53832935822051,-26.23832935822051,26.23832935822051
Gradient Boosting,74.0,65.55775465500196,8.442245344998042,8.442245344998042
Gradient Boosting,48.8,50.67411543309957,-1.8741154330995755,1.8741154330995755
Gradient Boosting,61.0,65.38436783823792,-4.384367838237921,4.384367838237921
Gradient Boosting,51.1,63.482417886586866,-12.382417886586865,12.382417886586865
Gradient Boosting,64.8,66.66447459740917,-1.8644745974091705,1.8644745974091705
Gradient Boosting,72.9,59.391580491197885,13.50841950880212,13.50841950880212
Gradient Boosting,50.7,58.16179738668929,-7.461797386689284,7.461797386689284
Gradient Boosting,81.3,62.16440308174278,19.135596918257214,19.135596918257214
Gradient Boosting,41.5,48.98961290713732,-7.489612907137321,7.489612907137321
Gradient Boosting,47.9,73.30127112156623,-25.401271121566232,25.401271121566232
Gradient Boosting,61.6,58.06892685677299,3.5310731432270117,3.5310731432270117
Gradient Boosting,100.0,79.31702120662682,20.68297879337318,20.68297879337318
Gradient Boosting,60.2,62.42990843203035,-2.2299084320303493,2.2299084320303493
Gradient Boosting,68.0,66.31539378388571,1.6846062161142896,1.6846062161142896
Gradient Boosting,50.5,68.2699650643966,-17.7699650643966,17.7699650643966
Gradient Boosting,79.9,75.80452428707412,4.095475712925889,4.095475712925889
Gradient Boosting,58.1,64.3801989707662,-6.2801989707662,6.2801989707662
Gradient Boosting,63.1,61.95475340893392,1.1452465910660834,1.1452465910660834
Gradient Boosting,58.9,69.43749914421778,-10.537499144217783,10.537499144217783
Gradient Boosting,55.7,56.95007796339871,-1.2500779633987094,1.2500779633987094
Gradient Boosting,66.9,68.71761414482343,-1.8176141448234233,1.8176141448234233
Gradient Boosting,41.7,48.770860377475046,-7.070860377475043,7.070860377475043
Gradient Boosting,71.5,69.07660756676621,2.4233924332337864,2.4233924332337864
Gradient Boosting,65.1,76.26725951306956,-11.167259513069567,11.167259513069567
Gradient Boosting,55.3,61.19027700138891,-5.89027700138891,5.89027700138891
Gradient Boosting,91.3,69.33753731427517,21.96246268572483,21.96246268572483
Gradient Boosting,100.0,62.898076451403895,37.101923548596105,37.101923548596105
Gradient Boosting,64.9,54.287319950611305,10.6126800493887,10.6126800493887
Gradient Boosting,40.1,80.31457793693087,-40.21457793693087,40.21457793693087
Gradient Boosting,100.0,80.50005512931736,19.49994487068264,19.49994487068264
Gradient Boosting,47.0,59.72300506730584,-12.723005067305841,12.723005067305841
Gradient Boosting,90.4,72.36895574270171,18.03104425729829,18.03104425729829
Gradient Boosting,58.4,61.02897509580779,-2.628975095807789,2.628975095807789
Gradient Boosting,78.1,76.78139748291207,1.3186025170879248,1.3186025170879248
Gradient Boosting,73.8,77.83036859346448,-4.0303685934644875,4.0303685934644875
Gradient Boosting,53.9,61.779008415776836,-7.879008415776838,7.879008415776838
Gradient Boosting,67.1,63.53933840094049,3.5606615990595074,3.5606615990595074
Gradient Boosting,62.2,67.42919332686633,-5.229193326866323,5.229193326866323
Gradient Boosting,45.5,55.497562706310866,-9.997562706310866,9.997562706310866
Gradient Boosting,53.3,75.06176670349781,-21.761766703497813,21.761766703497813
Gradient Boosting,85.6,66.98125632113305,18.61874367886695,18.61874367886695
Gradient Boosting,59.0,76.86710496581772,-17.867104965817717,17.867104965817717
Gradient Boosting,63.6,68.69352013671062,-5.093520136710616,5.093520136710616
Gradient Boosting,56.9,59.15366370744119,-2.2536637074411914,2.2536637074411914
Gradient Boosting,60.1,76.23999291320527,-16.13999291320527,16.13999291320527
Gradient Boosting,100.0,74.95393533308582,25.046064666914177,25.046064666914177
Gradient Boosting,56.9,56.12157316608393,0.7784268339160718,0.7784268339160718
Gradient Boosting,100.0,88.86195730834261,11.13804269165739,11.13804269165739
Gradient Boosting,82.2,70.29009498380016,11.909905016199843,11.909905016199843
Gradient Boosting,77.6,68.31944198796917,9.280558012030824,9.280558012030824
Gradient Boosting,81.8,59.302202472289096,22.4977975277109,22.4977975277109
Gradient Boosting,80.9,75.32020380005183,5.579796199948177,5.579796199948177
Gradient Boosting,67.5,62.362879955033705,5.137120044966295,5.137120044966295
Gradient Boosting,75.8,54.95122798961859,20.84877201038141,20.84877201038141
Gradient Boosting,74.0,68.86747782539337,5.132522174606635,5.132522174606635
Gradient Boosting,47.4,56.99794135504431,-9.597941355044313,9.597941355044313
Gradient Boosting,70.7,75.73067298561783,-5.0306729856178265,5.0306729856178265
Gradient Boosting,84.1,73.1354109967227,10.964589003277297,10.964589003277297
Gradient Boosting,55.9,55.43984298891597,0.4601570110840285,0.4601570110840285
Gradient Boosting,84.5,63.325173814578434,21.174826185421566,21.174826185421566
Gradient Boosting,40.4,58.62427092131802,-18.224270921318023,18.224270921318023
Gradient Boosting,70.3,64.25897469825571,6.041025301744284,6.041025301744284
Gradient Boosting,72.6,69.62674538517837,2.9732546148216272,2.9732546148216272
Gradient Boosting,43.4,53.086530083412754,-9.686530083412755,9.686530083412755
XGBoost,69.0,62.03499221801758,6.965007781982422,6.965007781982422
XGBoost,81.6,68.03773498535156,13.562263488769531,13.562263488769531
XGBoost,63.1,77.4530029296875,-14.353004455566406,14.353004455566406
XGBoost,89.3,73.52096557617188,15.779037475585938,15.779037475585938
XGBoost,49.6,53.58405303955078,-3.9840545654296875,3.9840545654296875
XGBoost,44.5,59.53178405761719,-15.031784057617188,15.031784057617188
XGBoost,63.5,68.49748229980469,-4.9974822998046875,4.9974822998046875
XGBoost,74.6,76.10511779785156,-1.5051193237304688,1.5051193237304688
XGBoost,54.6,57.60206604003906,-3.0020675659179688,3.0020675659179688
XGBoost,84.3,60.79011917114258,23.509883880615234,23.509883880615234
XGBoost,98.1,73.73780059814453,24.362197875976562,24.362197875976562
XGBoost,64.8,63.795372009277344,1.0046310424804688,1.0046310424804688
XGBoost,45.4,61.55404281616211,-16.154041290283203,16.154041290283203
XGBoost,48.0,65.408447265625,-17.408447265625,17.408447265625
XGBoost,58.3,56.10894775390625,2.191051483154297,2.191051483154297
XGBoost,26.4,59.54389572143555,-33.143898010253906,33.143898010253906
XGBoost,66.9,70.52281188964844,-3.6228103637695312,3.6228103637695312
XGBoost,52.9,50.2905158996582,2.609485626220703,2.609485626220703
XGBoost,64.5,69.42425537109375,-4.92425537109375,4.92425537109375
XGBoost,46.6,50.25878143310547,-3.658782958984375,3.658782958984375
XGBoost,66.5,62.63826370239258,3.861736297607422,3.861736297607422
XGBoost,41.3,53.6439094543457,-12.343910217285156,12.343910217285156
XGBoost,40.5,65.12525939941406,-24.625259399414062,24.625259399414062
XGBoost,90.8,82.53044128417969,8.269561767578125,8.269561767578125
XGBoost,74.2,78.39836120605469,-4.1983642578125,4.1983642578125
XGBoost,99.4,71.23416137695312,28.16584014892578,28.16584014892578
XGBoost,68.1,77.62705993652344,-9.527061462402344,9.527061462402344
XGBoost,40.0,59.395416259765625,-19.395416259765625,19.395416259765625
XGBoost,58.4,64.27204132080078,-5.872039794921875,5.872039794921875
XGBoost,63.6,66.0163803100586,-2.4163818359375,2.4163818359375
XGBoost,75.1,70.95358276367188,4.146415710449219,4.146415710449219
XGBoost,72.8,68.63800048828125,4.1620025634765625,4.1620025634765625
XGBoost,46.4,67.84414672851562,-21.44414520263672,21.44414520263672
XGBoost,50.9,59.88405990600586,-8.984058380126953,8.984058380126953
XGBoost,66.0,63.62212371826172,2.3778762817382812,2.3778762817382812
XGBoost,63.0,79.58800506591797,-16.58800506591797,16.58800506591797
XGBoost,80.2,77.8740234375,2.3259735107421875,2.3259735107421875
XGBoost,75.2,62.008506774902344,13.191490173339844,13.191490173339844
XGBoost,63.5,73.57882690429688,-10.078826904296875,10.078826904296875
XGBoost,37.0,47.243980407714844,-10.243980407714844,10.243980407714844
XGBoost,54.7,63.12405014038086,-8.424049377441406,8.424049377441406
XGBoost,67.9,54.40238571166992,13.497615814208984,13.497615814208984
XGBoost,84.8,80.51350402832031,4.2864990234375,4.2864990234375
XGBoost,73.1,62.21219253540039,10.887805938720703,10.887805938720703
XGBoost,99.1,81.14273071289062,17.95726776123047,17.95726776123047
XGBoost,72.2,65.52655029296875,6.6734466552734375,6.6734466552734375
XGBoost,93.9,69.40010833740234,24.499893188476562,24.499893188476562
XGBoost,68.8,64.69471740722656,4.10528564453125,4.10528564453125
XGBoost,61.8,66.5486068725586,-4.748607635498047,4.748607635498047
XGBoost,39.5,63.225013732910156,-23.725013732910156,23.725013732910156
XGBoost,53.9,57.225494384765625,-3.3254928588867188,3.3254928588867188
XGBoost,55.7,64.31451416015625,-8.614513397216797,8.614513397216797
XGBoost,46.8,53.94168472290039,-7.141685485839844,7.141685485839844
XGBoost,94.1,78.04850006103516,16.051498413085938,16.051498413085938
XGBoost,56.2,61.19770050048828,-4.997699737548828,4.997699737548828
XGBoost,75.3,64.47418975830078,10.825813293457031,10.825813293457031
XGBoost,83.9,77.92301177978516,5.97698974609375,5.97698974609375
XGBoost,65.3,61.15111541748047,4.148887634277344,4.148887634277344
XGBoost,71.5,65.77025604248047,5.729743957519531,5.729743957519531
XGBoost,73.5,55.3906364440918,18.109363555908203,18.109363555908203
XGBoost,40.5,55.03728485107422,-14.537284851074219,14.537284851074219
XGBoost,28.7,50.117889404296875,-21.417888641357422,21.417888641357422
XGBoost,35.3,62.249141693115234,-26.949142456054688,26.949142456054688
XGBoost,82.2,77.50523376464844,4.69476318359375,4.69476318359375
XGBoost,39.3,62.39285659790039,-23.092857360839844,23.092857360839844
XGBoost,83.8,74.767578125,9.032424926757812,9.032424926757812
XGBoost,67.4,62.10896682739258,5.291034698486328,5.291034698486328
XGBoost,33.2,65.61890411376953,-32.41890335083008,32.41890335083008
XGBoost,49.5,63.68288040161133,-14.182880401611328,14.182880401611328
XGBoost,47.1,61.4468879699707,-14.34688949584961,14.34688949584961
XGBoost,71.0,56.88916778564453,14.110832214355469,14.110832214355469
XGBoost,75.5,75.77791595458984,-0.27791595458984375,0.27791595458984375
XGBoost,74.1,73.74154663085938,0.35845184326171875,0.35845184326171875
XGBoost,82.5,59.822235107421875,22.677764892578125,22.677764892578125
XGBoost,84.1,69.83495330810547,14.265045166015625,14.265045166015625
XGBoost,38.5,68.82659149169922,-30.32659149169922,30.32659149169922
XGBoost,87.6,79.97647094726562,7.623527526855469,7.623527526855469
XGBoost,48.8,70.20429229736328,-21.404293060302734,21.404293060302734
XGBoost,78.2,62.47373962402344,15.72625732421875,15.72625732421875
XGBoost,74.9,74.23483276367188,0.6651687622070312,0.6651687622070312
XGBoost,42.9,57.0777587890625,-14.177757263183594,14.177757263183594
XGBoost,66.7,72.30529022216797,-5.605293273925781,5.605293273925781
XGBoost,86.5,75.57369995117188,10.926300048828125,10.926300048828125
XGBoost,74.9,69.39470672607422,5.5052947998046875,5.5052947998046875
XGBoost,68.6,65.80847930908203,2.7915191650390625,2.7915191650390625
XGBoost,45.8,65.66624450683594,-19.86624526977539,19.86624526977539
XGBoost,59.7,56.471885681152344,3.2281150817871094,3.2281150817871094
XGBoost,63.8,51.60202407836914,12.197975158691406,12.197975158691406
XGBoost,38.3,57.399017333984375,-19.099018096923828,19.099018096923828
XGBoost,54.1,68.26497650146484,-14.16497802734375,14.16497802734375
XGBoost,41.2,57.8343620300293,-16.634361267089844,16.634361267089844
XGBoost,62.4,76.11355590820312,-13.713554382324219,13.713554382324219
XGBoost,44.6,60.30667495727539,-15.706676483154297,15.706676483154297
XGBoost,44.8,61.696044921875,-16.896045684814453,16.896045684814453
XGBoost,38.4,62.34498596191406,-23.944984436035156,23.944984436035156
XGBoost,76.2,76.9363784790039,-0.7363815307617188,0.7363815307617188
XGBoost,61.0,71.99101257324219,-10.991012573242188,10.991012573242188
XGBoost,71.5,74.96186828613281,-3.4618682861328125,3.4618682861328125
XGBoost,86.2,64.7921371459961,21.407859802246094,21.407859802246094
XGBoost,65.1,73.55963134765625,-8.459632873535156,8.459632873535156
XGBoost,79.6,67.89239501953125,11.707603454589844,11.707603454589844
XGBoost,83.6,78.08050537109375,5.519493103027344,5.519493103027344
XGBoost,58.2,73.98778533935547,-15.787784576416016,15.787784576416016
XGBoost,83.0,76.30766296386719,6.6923370361328125,6.6923370361328125
XGBoost,82.6,76.82695770263672,5.773040771484375,5.773040771484375
XGBoost,53.8,57.107666015625,-3.307666778564453,3.307666778564453
XGBoost,31.1,62.642303466796875,-31.54230308532715,31.54230308532715
XGBoost,49.4,58.339942932128906,-8.93994140625,8.93994140625
XGBoost,64.4,57.07893753051758,7.321063995361328,7.321063995361328
XGBoost,37.6,53.38101577758789,-15.781017303466797,15.781017303466797
XGBoost,65.3,72.90179443359375,-7.6017913818359375,7.6017913818359375
XGBoost,70.5,66.14054107666016,4.359458923339844,4.359458923339844
XGBoost,99.6,61.63139724731445,37.96860122680664,37.96860122680664
XGBoost,61.3,64.21162414550781,-2.9116249084472656,2.9116249084472656
XGBoost,71.8,60.130985260009766,11.669017791748047,11.669017791748047
XGBoost,74.3,68.31562042236328,5.984382629394531,5.984382629394531
XGBoost,66.7,71.07581329345703,-4.375816345214844,4.375816345214844
XGBoost,72.7,74.87477111816406,-2.174774169921875,2.174774169921875
XGBoost,56.1,53.5686149597168,2.531383514404297,2.531383514404297
XGBoost,46.6,62.65598678588867,-16.055988311767578,16.055988311767578
XGBoost,53.9,65.48687744140625,-11.586875915527344,11.586875915527344
XGBoost,42.0,53.967430114746094,-11.967430114746094,11.967430114746094
XGBoost,65.2,62.20003890991211,2.999958038330078,2.999958038330078
XGBoost,98.9,65.95742797851562,32.94257354736328,32.94257354736328
XGBoost,72.2,70.18975067138672,2.0102462768554688,2.0102462768554688
XGBoost,93.1,88.45562744140625,4.644371032714844,4.644371032714844
XGBoost,51.6,58.84149169921875,-7.241493225097656,7.241493225097656
XGBoost,70.3,65.23505401611328,5.064949035644531,5.064949035644531
XGBoost,60.8,62.42604446411133,-1.6260452270507812,1.6260452270507812
XGBoost,32.9,57.096858978271484,-24.196857452392578,24.196857452392578
XGBoost,87.3,58.40007781982422,28.899925231933594,28.899925231933594
XGBoost,46.6,64.9588623046875,-18.358863830566406,18.358863830566406
XGBoost,88.0,78.41812896728516,9.581871032714844,9.581871032714844
XGBoost,50.5,61.82987976074219,-11.329879760742188,11.329879760742188
XGBoost,88.5,72.8927993774414,15.607200622558594,15.607200622558594
XGBoost,34.2,54.26787185668945,-20.06787109375,20.06787109375
XGBoost,68.2,68.1017837524414,0.09821319580078125,0.09821319580078125
XGBoost,55.4,62.91444778442383,-7.514446258544922,7.514446258544922
XGBoost,65.5,66.73827362060547,-1.2382736206054688,1.2382736206054688
XGBoost,55.6,60.559715270996094,-4.959716796875,4.959716796875
XGBoost,62.8,79.28895568847656,-16.488956451416016,16.488956451416016
XGBoost,81.4,66.83409118652344,14.565910339355469,14.565910339355469
XGBoost,66.4,60.8315544128418,5.568447113037109,5.568447113037109
XGBoost,51.4,56.085994720458984,-4.685993194580078,4.685993194580078
XGBoost,50.7,63.08300018310547,-12.382999420166016,12.382999420166016
XGBoost,59.0,62.83598327636719,-3.8359832763671875,3.8359832763671875
XGBoost,63.1,69.2900390625,-6.190040588378906,6.190040588378906
XGBoost,100.0,83.80406188964844,16.195938110351562,16.195938110351562
XGBoost,65.5,60.74601364135742,4.753986358642578,4.753986358642578
XGBoost,79.3,69.42988586425781,9.8701171875,9.8701171875
XGBoost,69.9,65.64022064208984,4.2597808837890625,4.2597808837890625
XGBoost,57.6,60.55247497558594,-2.9524765014648438,2.9524765014648438
XGBoost,61.2,64.84523010253906,-3.6452293395996094,3.6452293395996094
XGBoost,52.3,65.50669860839844,-13.20669937133789,13.20669937133789
XGBoost,53.1,63.00580596923828,-9.905807495117188,9.905807495117188
XGBoost,50.4,56.2850341796875,-5.885032653808594,5.885032653808594
XGBoost,88.4,64.43801879882812,23.96198272705078,23.96198272705078
XGBoost,87.1,73.42343139648438,13.676567077636719,13.676567077636719
XGBoost,44.5,62.463287353515625,-17.963287353515625,17.963287353515625
XGBoost,62.8,62.059104919433594,0.7408943176269531,0.7408943176269531
XGBoost,68.7,60.925785064697266,7.774211883544922,7.774211883544922
XGBoost,82.2,66.49908447265625,15.700912475585938,15.700912475585938
XGBoost,80.1,80.11995697021484,-0.01995849609375,0.01995849609375
XGBoost,94.1,72.5674819946289,21.532516479492188,21.532516479492188
XGBoost,79.5,67.30517578125,12.19482421875,12.19482421875
XGBoost,62.7,65.1928939819336,-2.4928932189941406,2.4928932189941406
XGBoost,100.0,68.20378112792969,31.796218872070312,31.796218872070312
XGBoost,58.3,59.4788703918457,-1.1788711547851562,1.1788711547851562
XGBoost,78.4,72.88631439208984,5.5136871337890625,5.5136871337890625
XGBoost,77.5,66.15062713623047,11.349372863769531,11.349372863769531
XGBoost,39.5,71.42288970947266,-31.922889709472656,31.922889709472656
XGBoost,71.2,66.17828369140625,5.0217132568359375,5.0217132568359375
XGBoost,73.4,71.97550201416016,1.42449951171875,1.42449951171875
XGBoost,97.7,71.87458801269531,25.825408935546875,25.825408935546875
XGBoost,81.8,72.3774185180664,9.422584533691406,9.422584533691406
XGBoost,66.4,68.82288360595703,-2.422882080078125,2.422882080078125
XGBoost,56.0,56.39519119262695,-0.3951911926269531,0.3951911926269531
XGBoost,57.9,64.8416976928711,-6.9416961669921875,6.9416961669921875
XGBoost,72.6,66.74382781982422,5.856170654296875,5.856170654296875
XGBoost,52.6,58.3070068359375,-5.707008361816406,5.707008361816406
XGBoost,62.6,59.49306106567383,3.1069374084472656,3.1069374084472656
XGBoost,55.6,52.25475311279297,3.345245361328125,3.345245361328125
XGBoost,54.6,65.48226928710938,-10.882270812988281,10.882270812988281
XGBoost,64.8,71.10733032226562,-6.3073272705078125,6.3073272705078125
XGBoost,72.3,67.35536193847656,4.94464111328125,4.94464111328125
XGBoost,85.2,59.18206024169922,26.01793670654297,26.01793670654297
XGBoost,50.2,61.32128143310547,-11.121280670166016,11.121280670166016
XGBoost,60.7,60.75874328613281,-0.058742523193359375,0.058742523193359375
XGBoost,61.3,66.23836517333984,-4.938365936279297,4.938365936279297
XGBoost,49.8,63.9818000793457,-14.181800842285156,14.181800842285156
XGBoost,73.9,62.45537185668945,11.444629669189453,11.444629669189453
XGBoost,41.0,58.442657470703125,-17.442657470703125,17.442657470703125
XGBoost,79.2,61.993133544921875,17.206863403320312,17.206863403320312
XGBoost,49.0,54.653831481933594,-5.653831481933594,5.653831481933594
XGBoost,73.2,72.59812927246094,0.60186767578125,0.60186767578125
XGBoost,67.8,52.821495056152344,14.978507995605469,14.978507995605469
XGBoost,56.5,72.38702392578125,-15.88702392578125,15.88702392578125
XGBoost,88.3,64.93019104003906,23.36981201171875,23.36981201171875
XGBoost,53.9,72.21741485595703,-18.317413330078125,18.317413330078125
XGBoost,92.0,65.70636749267578,26.29363250732422,26.29363250732422
XGBoost,100.0,82.3590087890625,17.6409912109375,17.6409912109375
XGBoost,66.3,71.41751098632812,-5.1175079345703125,5.1175079345703125
XGBoost,79.8,59.66563034057617,20.13437271118164,20.13437271118164
XGBoost,95.9,80.63899230957031,15.261009216308594,15.261009216308594
XGBoost,55.4,61.24843978881836,-5.848438262939453,5.848438262939453
XGBoost,60.5,65.9637451171875,-5.4637451171875,5.4637451171875
XGBoost,50.3,49.80746078491211,0.4925384521484375,0.4925384521484375
XGBoost,95.1,76.02693939208984,19.07305908203125,19.07305908203125
XGBoost,57.2,63.73804473876953,-6.538043975830078,6.538043975830078
XGBoost,57.4,73.33049011230469,-15.930488586425781,15.930488586425781
XGBoost,65.5,53.56089401245117,11.939105987548828,11.939105987548828
XGBoost,93.4,62.70198440551758,30.698017120361328,30.698017120361328
XGBoost,39.3,67.03358459472656,-27.733585357666016,27.733585357666016
XGBoost,36.5,54.71433639526367,-18.214336395263672,18.214336395263672
XGBoost,84.2,77.4571533203125,6.7428436279296875,6.7428436279296875
XGBoost,61.2,58.9991340637207,2.20086669921875,2.20086669921875
XGBoost,73.3,58.72604751586914,14.573955535888672,14.573955535888672
XGBoost,44.6,55.295509338378906,-10.695510864257812,10.695510864257812
XGBoost,47.2,57.38427734375,-10.184276580810547,10.184276580810547
XGBoost,81.5,74.6736831665039,6.826316833496094,6.826316833496094
XGBoost,45.7,62.728294372558594,-17.02829360961914,17.02829360961914
XGBoost,72.9,61.80830383300781,11.091697692871094,11.091697692871094
XGBoost,95.5,73.21687316894531,22.283126831054688,22.283126831054688
XGBoost,85.2,66.32553100585938,18.874465942382812,18.874465942382812
XGBoost,34.5,68.72177124023438,-34.221771240234375,34.221771240234375
XGBoost,40.0,53.42232894897461,-13.42232894897461,13.42232894897461
XGBoost,86.0,68.70601654052734,17.293983459472656,17.293983459472656
XGBoost,56.5,53.6586799621582,2.841320037841797,2.841320037841797
XGBoost,90.5,66.94229888916016,23.557701110839844,23.557701110839844
XGBoost,52.9,44.990482330322266,7.909519195556641,7.909519195556641
XGBoost,90.9,71.97586059570312,18.92414093017578,18.92414093017578
XGBoost,70.3,69.40310668945312,0.8968963623046875,0.8968963623046875
XGBoost,46.5,61.35908126831055,-14.859081268310547,14.859081268310547
XGBoost,80.7,57.80863952636719,22.891357421875,22.891357421875
XGBoost,70.7,71.69844818115234,-0.9984512329101562,0.9984512329101562
XGBoost,74.8,67.12039184570312,7.6796112060546875,7.6796112060546875
XGBoost,45.7,54.2408332824707,-8.54083251953125,8.54083251953125
XGBoost,100.0,73.83168029785156,26.168319702148438,26.168319702148438
XGBoost,61.0,63.31882095336914,-2.3188209533691406,2.3188209533691406
XGBoost,78.4,72.74887084960938,5.651130676269531,5.651130676269531
XGBoost,73.0,69.55995178222656,3.4400482177734375,3.4400482177734375
XGBoost,49.9,58.475914001464844,-8.575912475585938,8.575912475585938
XGBoost,64.4,64.23729705810547,0.1627044677734375,0.1627044677734375
XGBoost,94.3,74.65972137451172,19.640281677246094,19.640281677246094
XGBoost,54.0,62.021236419677734,-8.021236419677734,8.021236419677734
XGBoost,55.3,75.28719329833984,-19.987194061279297,19.987194061279297
XGBoost,81.8,78.05665588378906,3.74334716796875,3.74334716796875
XGBoost,78.1,69.25281524658203,8.847183227539062,8.847183227539062
XGBoost,83.0,81.66809844970703,1.3319015502929688,1.3319015502929688
XGBoost,59.3,63.170806884765625,-3.870807647705078,3.870807647705078
XGBoost,42.8,58.40347671508789,-15.603477478027344,15.603477478027344
XGBoost,72.8,75.9911880493164,-3.1911849975585938,3.1911849975585938
XGBoost,69.5,62.549922943115234,6.950077056884766,6.950077056884766
XGBoost,52.2,58.385887145996094,-6.185886383056641,6.185886383056641
XGBoost,67.1,71.25945281982422,-4.159454345703125,4.159454345703125
XGBoost,73.5,50.9495849609375,22.5504150390625,22.5504150390625
XGBoost,63.0,63.47878646850586,-0.4787864685058594,0.4787864685058594
XGBoost,47.8,46.94927215576172,0.8507270812988281,0.8507270812988281
XGBoost,100.0,94.94454193115234,5.055458068847656,5.055458068847656
XGBoost,64.5,59.32706069946289,5.172939300537109,5.172939300537109
XGBoost,50.5,58.14303970336914,-7.643039703369141,7.643039703369141
XGBoost,74.8,75.3904800415039,-0.5904769897460938,0.5904769897460938
XGBoost,85.0,75.50668334960938,9.493316650390625,9.493316650390625
XGBoost,81.1,75.96640014648438,5.133598327636719,5.133598327636719
XGBoost,100.0,68.5508804321289,31.449119567871094,31.449119567871094
XGBoost,44.5,59.192806243896484,-14.692806243896484,14.692806243896484
XGBoost,42.4,52.364471435546875,-9.964469909667969,9.964469909667969
XGBoost,91.0,77.93881225585938,13.061187744140625,13.061187744140625
XGBoost,51.4,55.795204162597656,-4.39520263671875,4.39520263671875
XGBoost,100.0,73.12673950195312,26.873260498046875,26.873260498046875
XGBoost,69.1,80.6806411743164,-11.580642700195312,11.580642700195312
XGBoost,81.3,75.31491088867188,5.9850921630859375,5.9850921630859375
XGBoost,51.8,63.18077087402344,-11.38077163696289,11.38077163696289
XGBoost,45.6,62.97489547729492,-17.374897003173828,17.374897003173828
XGBoost,54.9,52.53458023071289,2.3654212951660156,2.3654212951660156
XGBoost,79.4,73.78059387207031,5.619407653808594,5.619407653808594
XGBoost,70.5,68.89857482910156,1.6014251708984375,1.6014251708984375
XGBoost,72.2,63.13643264770508,9.06356430053711,9.06356430053711
XGBoost,97.4,83.27999114990234,14.120010375976562,14.120010375976562
XGBoost,65.8,61.35322952270508,4.446773529052734,4.446773529052734
XGBoost,37.5,56.38322067260742,-18.883220672607422,18.883220672607422
XGBoost,49.0,57.522525787353516,-8.522525787353516,8.522525787353516
XGBoost,66.1,68.1478042602539,-2.0478057861328125,2.0478057861328125
XGBoost,47.5,67.95946502685547,-20.45946502685547,20.45946502685547
XGBoost,86.3,75.7812728881836,10.518730163574219,10.518730163574219
XGBoost,76.8,72.48390197753906,4.31610107421875,4.31610107421875
XGBoost,71.2,73.73535919189453,-2.5353622436523438,2.5353622436523438
XGBoost,31.1,69.05438232421875,-37.954383850097656,37.954383850097656
XGBoost,64.3,64.46112823486328,-0.16112518310546875,0.16112518310546875
XGBoost,67.3,56.2533073425293,11.046695709228516,11.046695709228516
XGBoost,95.8,67.32772064208984,28.47228240966797,28.47228240966797
XGBoost,95.4,66.3105697631836,29.089431762695312,29.089431762695312
XGBoost,65.7,55.57783508300781,10.122161865234375,10.122161865234375
XGBoost,22.5,55.15900421142578,-32.65900421142578,32.65900421142578
XGBoost,93.4,76.66963195800781,16.730369567871094,16.730369567871094
XGBoost,63.9,71.48133087158203,-7.581329345703125,7.581329345703125
XGBoost,61.1,71.92862701416016,-10.828628540039062,10.828628540039062
XGBoost,61.5,51.70500183105469,9.794998168945312,9.794998168945312
XGBoost,59.2,62.4368782043457,-3.23687744140625,3.23687744140625
XGBoost,71.8,66.24048614501953,5.559516906738281,5.559516906738281
XGBoost,62.3,59.56341552734375,2.736583709716797,2.736583709716797
XGBoost,35.0,54.01660919189453,-19.01660919189453,19.01660919189453
XGBoost,65.2,62.702301025390625,2.4976959228515625,2.4976959228515625
XGBoost,83.6,68.97000122070312,14.629997253417969,14.629997253417969
XGBoost,100.0,63.10422897338867,36.89577102661133,36.89577102661133
XGBoost,72.3,63.27415466308594,9.025848388671875,9.025848388671875
XGBoost,72.0,73.7816162109375,-1.7816162109375,1.7816162109375
XGBoost,56.3,63.557960510253906,-7.257961273193359,7.257961273193359
XGBoost,78.4,76.69242858886719,1.7075729370117188,1.7075729370117188
XGBoost,81.2,80.2630386352539,0.9369583129882812,0.9369583129882812
XGBoost,33.6,52.29164123535156,-18.69164276123047,18.69164276123047
XGBoost,61.4,69.90303802490234,-8.503036499023438,8.503036499023438
XGBoost,88.3,58.226646423339844,30.07335662841797,30.07335662841797
XGBoost,62.8,67.98351287841797,-5.183513641357422,5.183513641357422
XGBoost,61.9,68.80964660644531,-6.909645080566406,6.909645080566406
XGBoost,45.6,52.77973175048828,-7.1797332763671875,7.1797332763671875
XGBoost,29.2,43.83890914916992,-14.638908386230469,14.638908386230469
XGBoost,78.1,76.66910552978516,1.4308929443359375,1.4308929443359375
XGBoost,53.0,65.61241912841797,-12.612419128417969,12.612419128417969
XGBoost,51.7,65.84223175048828,-14.142230987548828,14.142230987548828
XGBoost,71.8,75.1904525756836,-3.3904495239257812,3.3904495239257812
XGBoost,49.5,49.31523132324219,0.1847686767578125,0.1847686767578125
XGBoost,62.1,69.68621826171875,-7.586219787597656,7.586219787597656
XGBoost,64.1,57.96529769897461,6.134700775146484,6.134700775146484
XGBoost,55.6,59.334842681884766,-3.734844207763672,3.734844207763672
XGBoost,89.5,78.79480743408203,10.705192565917969,10.705192565917969
XGBoost,46.0,52.539058685302734,-6.539058685302734,6.539058685302734
XGBoost,80.7,75.97420501708984,4.725791931152344,4.725791931152344
XGBoost,84.7,74.57633209228516,10.123664855957031,10.123664855957031
XGBoost,64.4,57.78649139404297,6.6135101318359375,6.6135101318359375
XGBoost,55.8,64.31974792480469,-8.51974868774414,8.51974868774414
XGBoost,83.9,70.53116607666016,13.36883544921875,13.36883544921875
XGBoost,49.1,64.08695220947266,-14.986953735351562,14.986953735351562
XGBoost,85.2,64.05793762207031,21.142059326171875,21.142059326171875
XGBoost,58.4,59.349632263183594,-0.9496307373046875,0.9496307373046875
XGBoost,81.8,72.93476867675781,8.865234375,8.865234375
XGBoost,63.0,69.0703353881836,-6.070335388183594,6.070335388183594
XGBoost,46.2,62.691795349121094,-16.49179458618164,16.49179458618164
XGBoost,42.5,57.58806228637695,-15.088062286376953,15.088062286376953
XGBoost,58.4,71.56607818603516,-13.16607666015625,13.16607666015625
XGBoost,80.7,66.65109252929688,14.048904418945312,14.048904418945312
XGBoost,62.6,63.10487747192383,-0.5048789978027344,0.5048789978027344
XGBoost,72.8,72.49176788330078,0.30823516845703125,0.30823516845703125
XGBoost,61.0,58.338016510009766,2.6619834899902344,2.6619834899902344
XGBoost,50.9,62.3124885559082,-11.412487030029297,11.412487030029297
XGBoost,99.9,71.73418426513672,28.165817260742188,28.165817260742188
XGBoost,40.7,61.25325393676758,-20.553253173828125,20.553253173828125
XGBoost,49.1,55.568389892578125,-6.468391418457031,6.468391418457031
XGBoost,100.0,65.27777862548828,34.72222137451172,34.72222137451172
XGBoost,50.2,61.240455627441406,-11.040454864501953,11.040454864501953
XGBoost,51.7,60.05173873901367,-8.351737976074219,8.351737976074219
XGBoost,69.0,62.683597564697266,6.316402435302734,6.316402435302734
XGBoost,89.9,80.30262756347656,9.597373962402344,9.597373962402344
XGBoost,64.9,71.33179473876953,-6.431793212890625,6.431793212890625
XGBoost,37.1,55.373653411865234,-18.27365493774414,18.27365493774414
XGBoost,50.7,50.4761962890625,0.22380447387695312,0.22380447387695312
XGBoost,71.1,78.67973327636719,-7.579734802246094,7.579734802246094
XGBoost,57.4,60.109825134277344,-2.7098236083984375,2.7098236083984375
XGBoost,100.0,83.84970092773438,16.150299072265625,16.150299072265625
XGBoost,44.1,60.53378677368164,-16.433788299560547,16.433788299560547
XGBoost,73.6,69.44154357910156,4.158454895019531,4.158454895019531
XGBoost,45.5,52.219181060791016,-6.719181060791016,6.719181060791016
XGBoost,71.8,62.95009231567383,8.849910736083984,8.849910736083984
XGBoost,54.2,60.44554901123047,-6.245548248291016,6.245548248291016
XGBoost,78.6,64.14743041992188,14.452568054199219,14.452568054199219
XGBoost,67.3,75.3196029663086,-8.019599914550781,8.019599914550781
XGBoost,63.6,66.02404022216797,-2.424041748046875,2.424041748046875
XGBoost,60.0,73.13046264648438,-13.130462646484375,13.130462646484375
XGBoost,55.8,58.36716079711914,-2.5671615600585938,2.5671615600585938
XGBoost,30.4,56.94270706176758,-26.542707443237305,26.542707443237305
XGBoost,64.4,67.2111587524414,-2.8111572265625,2.8111572265625
XGBoost,89.7,75.26292419433594,14.43707275390625,14.43707275390625
XGBoost,71.8,67.05650329589844,4.743499755859375,4.743499755859375
XGBoost,80.6,71.82669067382812,8.773307800292969,8.773307800292969
XGBoost,78.4,62.961891174316406,15.4381103515625,15.4381103515625
XGBoost,60.4,65.04747772216797,-4.6474761962890625,4.6474761962890625
XGBoost,100.0,78.18794250488281,21.812057495117188,21.812057495117188
XGBoost,47.3,53.84968566894531,-6.549686431884766,6.549686431884766
XGBoost,79.7,74.11994934082031,5.580047607421875,5.580047607421875
XGBoost,66.5,60.61096954345703,5.889030456542969,5.889030456542969
XGBoost,72.5,51.17127227783203,21.32872772216797,21.32872772216797
XGBoost,46.4,55.42230987548828,-9.022308349609375,9.022308349609375
XGBoost,89.1,82.84770202636719,6.252296447753906,6.252296447753906
XGBoost,83.0,70.75397491455078,12.246025085449219,12.246025085449219
XGBoost,66.3,59.17108917236328,7.128913879394531,7.128913879394531
XGBoost,83.7,71.73770141601562,11.962295532226562,11.962295532226562
XGBoost,83.4,69.26253509521484,14.137466430664062,14.137466430664062
XGBoost,64.2,60.774620056152344,3.4253768920898438,3.4253768920898438
XGBoost,100.0,70.12537384033203,29.87462615966797,29.87462615966797
XGBoost,69.2,60.75208282470703,8.447914123535156,8.447914123535156
XGBoost,76.5,70.8317642211914,5.668235778808594,5.668235778808594
XGBoost,53.9,69.93780517578125,-16.037803649902344,16.037803649902344
XGBoost,65.8,70.53502655029297,-4.735023498535156,4.735023498535156
XGBoost,78.7,67.14163970947266,11.558357238769531,11.558357238769531
XGBoost,66.4,67.03303527832031,-0.6330337524414062,0.6330337524414062
XGBoost,67.2,58.453983306884766,8.746013641357422,8.746013641357422
XGBoost,83.2,75.24562072753906,7.954376220703125,7.954376220703125
XGBoost,83.0,62.764747619628906,20.235252380371094,20.235252380371094
XGBoost,69.4,68.37495422363281,1.0250473022460938,1.0250473022460938
XGBoost,52.6,69.91322326660156,-17.31322479248047,17.31322479248047
XGBoost,63.0,66.3370132446289,-3.3370132446289062,3.3370132446289062
XGBoost,83.2,67.92853546142578,15.271461486816406,15.271461486816406
XGBoost,74.0,71.28333282470703,2.7166671752929688,2.7166671752929688
XGBoost,94.8,71.06352996826172,23.736473083496094,23.736473083496094
XGBoost,59.2,52.31328582763672,6.886714935302734,6.886714935302734
XGBoost,38.4,58.37629318237305,-19.97629165649414,19.97629165649414
XGBoost,62.0,61.38645553588867,0.6135444641113281,0.6135444641113281
XGBoost,34.2,53.98906326293945,-19.7890625,19.7890625
XGBoost,63.1,70.51528930664062,-7.415290832519531,7.415290832519531
XGBoost,89.4,73.34370422363281,16.056297302246094,16.056297302246094
XGBoost,28.3,53.726829528808594,-25.426830291748047,25.426830291748047
XGBoost,39.5,53.4626579284668,-13.962657928466797,13.962657928466797
XGBoost,84.3,64.04114532470703,20.25885772705078,20.25885772705078
XGBoost,66.4,82.6796875,-16.279685974121094,16.279685974121094
XGBoost,98.6,74.05892181396484,24.54107666015625,24.54107666015625
XGBoost,94.9,62.89707565307617,32.002925872802734,32.002925872802734
XGBoost,76.8,75.42181396484375,1.3781890869140625,1.3781890869140625
XGBoost,59.5,73.96598815917969,-14.465988159179688,14.465988159179688
XGBoost,48.3,65.25801086425781,-16.958011627197266,16.958011627197266
XGBoost,72.7,65.35626220703125,7.3437347412109375,7.3437347412109375
XGBoost,73.0,64.09637451171875,8.90362548828125,8.90362548828125
XGBoost,66.5,79.78640747070312,-13.286407470703125,13.286407470703125
XGBoost,47.5,53.11440658569336,-5.614406585693359,5.614406585693359
XGBoost,60.9,68.88265991210938,-7.982658386230469,7.982658386230469
XGBoost,59.7,65.822021484375,-6.122020721435547,6.122020721435547
XGBoost,54.2,62.34730529785156,-8.14730453491211,8.14730453491211
XGBoost,73.4,65.41620635986328,7.983795166015625,7.983795166015625
XGBoost,72.9,65.99869537353516,6.90130615234375,6.90130615234375
XGBoost,28.6,49.0799560546875,-20.479955673217773,20.479955673217773
XGBoost,62.2,57.844268798828125,4.355731964111328,4.355731964111328
XGBoost,62.5,70.28321838378906,-7.7832183837890625,7.7832183837890625
XGBoost,44.3,59.377628326416016,-15.077629089355469,15.077629089355469
XGBoost,33.8,64.12203979492188,-30.322040557861328,30.322040557861328
XGBoost,34.8,50.035888671875,-15.235889434814453,15.235889434814453
XGBoost,71.9,52.46280288696289,19.437198638916016,19.437198638916016
XGBoost,60.8,58.48309326171875,2.316905975341797,2.316905975341797
XGBoost,77.5,66.74125671386719,10.758743286132812,10.758743286132812
XGBoost,58.2,56.667179107666016,1.5328216552734375,1.5328216552734375
XGBoost,69.6,75.00637817382812,-5.406379699707031,5.406379699707031
XGBoost,66.1,64.95376586914062,1.1462326049804688,1.1462326049804688
XGBoost,98.2,83.55602264404297,14.643974304199219,14.643974304199219
XGBoost,80.8,80.69287872314453,0.10712432861328125,0.10712432861328125
XGBoost,51.6,67.94435119628906,-16.34435272216797,16.34435272216797
XGBoost,50.1,55.99773406982422,-5.897735595703125,5.897735595703125
XGBoost,63.8,61.880943298339844,1.9190559387207031,1.9190559387207031
XGBoost,58.5,54.753395080566406,3.7466049194335938,3.7466049194335938
XGBoost,81.0,73.07369995117188,7.926300048828125,7.926300048828125
XGBoost,97.2,78.483642578125,18.716354370117188,18.716354370117188
XGBoost,55.2,59.56550979614258,-4.365509033203125,4.365509033203125
XGBoost,54.5,58.68906784057617,-4.189067840576172,4.189067840576172
XGBoost,47.4,63.4901008605957,-16.090099334716797,16.090099334716797
XGBoost,100.0,68.90235137939453,31.09764862060547,31.09764862060547
XGBoost,71.4,74.60865020751953,-3.208648681640625,3.208648681640625
XGBoost,51.6,60.603878021240234,-9.00387954711914,9.00387954711914
XGBoost,100.0,79.11522674560547,20.88477325439453,20.88477325439453
XGBoost,42.5,71.40223693847656,-28.902236938476562,28.902236938476562
XGBoost,56.8,61.69277572631836,-4.8927764892578125,4.8927764892578125
XGBoost,25.6,59.264163970947266,-33.664161682128906,33.664161682128906
XGBoost,74.9,67.39331817626953,7.506683349609375,7.506683349609375
XGBoost,55.0,58.157257080078125,-3.157257080078125,3.157257080078125
XGBoost,65.9,76.19933319091797,-10.299331665039062,10.299331665039062
XGBoost,75.9,62.2646598815918,13.63534164428711,13.63534164428711
XGBoost,41.0,67.41097259521484,-26.410972595214844,26.410972595214844
XGBoost,93.8,81.88375854492188,11.916244506835938,11.916244506835938
XGBoost,48.4,60.92316818237305,-12.52316665649414,12.52316665649414
XGBoost,53.7,55.15583801269531,-1.4558372497558594,1.4558372497558594
XGBoost,51.0,61.75381851196289,-10.75381851196289,10.75381851196289
XGBoost,30.4,44.14513397216797,-13.745134353637695,13.745134353637695
XGBoost,55.8,65.5817642211914,-9.78176498413086,9.78176498413086
XGBoost,88.8,80.22136688232422,8.578636169433594,8.578636169433594
XGBoost,83.7,73.25572204589844,10.44427490234375,10.44427490234375
XGBoost,61.5,60.707550048828125,0.792449951171875,0.792449951171875
XGBoost,73.7,62.13472366333008,11.56527328491211,11.56527328491211
XGBoost,48.7,61.43944549560547,-12.739444732666016,12.739444732666016
XGBoost,57.8,65.24945831298828,-7.449459075927734,7.449459075927734
XGBoost,95.0,72.01185607910156,22.988143920898438,22.988143920898438
XGBoost,76.2,58.42902755737305,17.77096939086914,17.77096939086914
XGBoost,80.4,68.52537536621094,11.874626159667969,11.874626159667969
XGBoost,94.6,66.79041290283203,27.809585571289062,27.809585571289062
XGBoost,67.3,70.72499084472656,-3.42498779296875,3.42498779296875
XGBoost,42.8,51.151878356933594,-8.351879119873047,8.351879119873047
XGBoost,96.4,75.63475036621094,20.76525115966797,20.76525115966797
XGBoost,46.8,59.58699417114258,-12.786994934082031,12.786994934082031
XGBoost,76.6,72.83544921875,3.7645492553710938,3.7645492553710938
XGBoost,58.8,61.39330291748047,-2.593303680419922,2.593303680419922
XGBoost,43.9,66.08758544921875,-22.187583923339844,22.187583923339844
XGBoost,59.5,67.05152130126953,-7.551521301269531,7.551521301269531
XGBoost,82.5,73.45179748535156,9.048202514648438,9.048202514648438
XGBoost,58.2,71.1869888305664,-12.986988067626953,12.986988067626953
XGBoost,64.2,59.64750671386719,4.552490234375,4.552490234375
XGBoost,82.5,63.298526763916016,19.201473236083984,19.201473236083984
XGBoost,60.5,68.57946014404297,-8.079460144042969,8.079460144042969
XGBoost,46.2,65.55274200439453,-19.352741241455078,19.352741241455078
XGBoost,45.3,65.75929260253906,-20.459293365478516,20.459293365478516
XGBoost,68.7,75.59717559814453,-6.897178649902344,6.897178649902344
XGBoost,53.3,58.4906005859375,-5.190601348876953,5.190601348876953
XGBoost,68.7,61.56001281738281,7.139984130859375,7.139984130859375
XGBoost,56.6,61.70403289794922,-5.104034423828125,5.104034423828125
XGBoost,58.9,59.741851806640625,-0.8418502807617188,0.8418502807617188
XGBoost,88.9,77.87464904785156,11.025352478027344,11.025352478027344
XGBoost,73.0,62.83378219604492,10.166217803955078,10.166217803955078
XGBoost,51.2,59.06303405761719,-7.863033294677734,7.863033294677734
XGBoost,81.8,67.11056518554688,14.689437866210938,14.689437866210938
XGBoost,47.5,53.5227165222168,-6.022716522216797,6.022716522216797
XGBoost,91.3,81.02425384521484,10.275749206542969,10.275749206542969
XGBoost,78.9,71.09553527832031,7.804466247558594,7.804466247558594
XGBoost,45.0,63.817928314208984,-18.817928314208984,18.817928314208984
XGBoost,82.7,65.4394760131836,17.260520935058594,17.260520935058594
XGBoost,70.5,62.046356201171875,8.453643798828125,8.453643798828125
XGBoost,65.8,74.48031616210938,-8.680313110351562,8.680313110351562
XGBoost,65.9,48.244407653808594,17.655593872070312,17.655593872070312
XGBoost,80.9,65.9051284790039,14.994873046875,14.994873046875
XGBoost,32.1,51.40062713623047,-19.300628662109375,19.300628662109375
XGBoost,69.8,58.320308685302734,11.479694366455078,11.479694366455078
XGBoost,45.1,49.6408576965332,-4.540859222412109,4.540859222412109
XGBoost,73.4,61.05643844604492,12.343563079833984,12.343563079833984
XGBoost,85.3,54.554508209228516,30.745494842529297,30.745494842529297
XGBoost,52.2,61.779640197753906,-9.579639434814453,9.579639434814453
XGBoost,94.0,79.84931182861328,14.150688171386719,14.150688171386719
XGBoost,77.1,68.39724731445312,8.702751159667969,8.702751159667969
XGBoost,46.7,60.56932067871094,-13.869319915771484,13.869319915771484
XGBoost,62.3,58.38456344604492,3.915435791015625,3.915435791015625
XGBoost,64.5,65.20820617675781,-0.7082061767578125,0.7082061767578125
XGBoost,86.9,67.3846206665039,19.515380859375,19.515380859375
XGBoost,77.4,70.29695892333984,7.1030426025390625,7.1030426025390625
XGBoost,34.9,58.65544509887695,-23.755443572998047,23.755443572998047
XGBoost,63.0,76.83192443847656,-13.831924438476562,13.831924438476562
XGBoost,81.7,84.13555908203125,-2.4355621337890625,2.4355621337890625
XGBoost,43.9,51.86890411376953,-7.968902587890625,7.968902587890625
XGBoost,67.6,59.24436950683594,8.355628967285156,8.355628967285156
XGBoost,78.0,75.76192474365234,2.2380752563476562,2.2380752563476562
XGBoost,80.2,64.58417510986328,15.615821838378906,15.615821838378906
XGBoost,56.6,50.910743713378906,5.6892547607421875,5.6892547607421875
XGBoost,98.6,67.94184112548828,30.658157348632812,30.658157348632812
XGBoost,67.0,65.28874206542969,1.7112579345703125,1.7112579345703125
XGBoost,66.4,56.58219909667969,9.817802429199219,9.817802429199219
XGBoost,65.5,70.99580383300781,-5.4958038330078125,5.4958038330078125
XGBoost,61.0,65.66500854492188,-4.665008544921875,4.665008544921875
XGBoost,74.6,80.0191421508789,-5.4191436767578125,5.4191436767578125
XGBoost,70.8,59.464786529541016,11.335216522216797,11.335216522216797
XGBoost,39.4,59.80952835083008,-20.409526824951172,20.409526824951172
XGBoost,43.3,65.83209991455078,-22.532100677490234,22.532100677490234
XGBoost,87.1,88.70733642578125,-1.6073379516601562,1.6073379516601562
XGBoost,98.1,74.18966674804688,23.91033172607422,23.91033172607422
XGBoost,72.0,63.35641860961914,8.64358139038086,8.64358139038086
XGBoost,54.9,67.43217468261719,-12.532173156738281,12.532173156738281
XGBoost,61.3,68.4939193725586,-7.193920135498047,7.193920135498047
XGBoost,56.2,58.66664123535156,-2.4666404724121094,2.4666404724121094
XGBoost,68.7,60.71275329589844,7.98724365234375,7.98724365234375
XGBoost,59.9,68.52996826171875,-8.629966735839844,8.629966735839844
XGBoost,100.0,79.25900268554688,20.740997314453125,20.740997314453125
XGBoost,75.7,77.67312622070312,-1.9731292724609375,1.9731292724609375
XGBoost,50.8,66.77266693115234,-15.972667694091797,15.972667694091797
XGBoost,41.1,61.77986526489258,-20.679866790771484,20.679866790771484
XGBoost,77.3,71.1318359375,6.1681671142578125,6.1681671142578125
XGBoost,42.9,59.57921600341797,-16.679214477539062,16.679214477539062
XGBoost,72.1,66.33067321777344,5.769325256347656,5.769325256347656
XGBoost,51.6,53.2419548034668,-1.6419563293457031,1.6419563293457031
XGBoost,75.7,84.79659271240234,-9.096595764160156,9.096595764160156
XGBoost,86.8,64.88787841796875,21.912124633789062,21.912124633789062
XGBoost,87.7,66.55968475341797,21.14031219482422,21.14031219482422
XGBoost,57.7,57.39537811279297,0.3046226501464844,0.3046226501464844
XGBoost,52.9,48.078819274902344,4.8211822509765625,4.8211822509765625
XGBoost,48.3,59.945552825927734,-11.645553588867188,11.645553588867188
XGBoost,66.7,67.05976104736328,-0.35976409912109375,0.35976409912109375
XGBoost,54.8,66.19070434570312,-11.390705108642578,11.390705108642578
XGBoost,79.3,69.2821273803711,10.017875671386719,10.017875671386719
XGBoost,60.1,70.49588012695312,-10.395881652832031,10.395881652832031
XGBoost,63.1,62.51853561401367,0.5814628601074219,0.5814628601074219
XGBoost,43.8,51.128822326660156,-7.328823089599609,7.328823089599609
XGBoost,62.2,52.21298599243164,9.987014770507812,9.987014770507812
XGBoost,47.9,58.09652328491211,-10.196521759033203,10.196521759033203
XGBoost,43.7,60.95024490356445,-17.250244140625,17.250244140625
XGBoost,45.2,61.251129150390625,-16.051128387451172,16.051128387451172
XGBoost,47.9,71.57435607910156,-23.674354553222656,23.674354553222656
XGBoost,88.3,76.8613052368164,11.438697814941406,11.438697814941406
XGBoost,46.3,50.81344223022461,-4.5134429931640625,4.5134429931640625
XGBoost,62.2,67.80027770996094,-5.600276947021484,5.600276947021484
XGBoost,64.3,57.4545783996582,6.845424652099609,6.845424652099609
XGBoost,73.4,62.95767593383789,10.442325592041016,10.442325592041016
XGBoost,49.6,62.03496551513672,-12.434967041015625,12.434967041015625
XGBoost,59.6,54.67443084716797,4.925567626953125,4.925567626953125
XGBoost,60.4,78.61250305175781,-18.212501525878906,18.212501525878906
XGBoost,34.2,59.29953384399414,-25.099533081054688,25.099533081054688
XGBoost,52.7,51.90659713745117,0.7934036254882812,0.7934036254882812
XGBoost,46.6,59.564056396484375,-12.964057922363281,12.964057922363281
XGBoost,61.3,62.52490234375,-1.2249031066894531,1.2249031066894531
XGBoost,53.2,58.609291076660156,-5.409290313720703,5.409290313720703
XGBoost,69.2,63.28844451904297,5.911552429199219,5.911552429199219
XGBoost,61.8,61.10715103149414,0.6928482055664062,0.6928482055664062
XGBoost,75.4,71.59745788574219,3.8025436401367188,3.8025436401367188
XGBoost,30.9,49.18270492553711,-18.282705307006836,18.282705307006836
XGBoost,51.8,57.38064956665039,-5.580650329589844,5.580650329589844
XGBoost,46.4,57.66606521606445,-11.266063690185547,11.266063690185547
XGBoost,62.3,61.59976577758789,0.7002334594726562,0.7002334594726562
XGBoost,44.5,62.08412551879883,-17.584125518798828,17.584125518798828
XGBoost,68.9,62.76700210571289,6.132999420166016,6.132999420166016
XGBoost,71.9,59.142024993896484,12.757976531982422,12.757976531982422
XGBoost,52.4,60.925533294677734,-8.525531768798828,8.525531768798828
XGBoost,71.2,75.53959655761719,-4.339599609375,4.339599609375
XGBoost,50.7,63.5239143371582,-12.82391357421875,12.82391357421875
XGBoost,93.4,61.34779357910156,32.052207946777344,32.052207946777344
XGBoost,100.0,63.3526725769043,36.6473274230957,36.6473274230957
XGBoost,99.0,82.81237030029297,16.18762969970703,16.18762969970703
XGBoost,74.7,58.58700180053711,16.112995147705078,16.112995147705078
XGBoost,58.3,65.63304138183594,-7.333042144775391,7.333042144775391
XGBoost,23.7,52.537261962890625,-28.837261199951172,28.837261199951172
XGBoost,41.7,65.80889129638672,-24.108890533447266,24.108890533447266
XGBoost,93.5,78.22076416015625,15.27923583984375,15.27923583984375
XGBoost,53.7,44.35094451904297,9.349056243896484,9.349056243896484
XGBoost,40.4,62.5939826965332,-22.193981170654297,22.193981170654297
XGBoost,53.8,58.95462417602539,-5.154624938964844,5.154624938964844
XGBoost,76.2,77.64241027832031,-1.442413330078125,1.442413330078125
XGBoost,66.2,71.07807159423828,-4.878074645996094,4.878074645996094
XGBoost,55.8,58.33142852783203,-2.5314292907714844,2.5314292907714844
XGBoost,36.9,48.300506591796875,-11.400505065917969,11.400505065917969
XGBoost,38.8,46.38394546508789,-7.583946228027344,7.583946228027344
XGBoost,84.9,65.69593811035156,19.204063415527344,19.204063415527344
XGBoost,37.2,56.04825210571289,-18.848251342773438,18.848251342773438
XGBoost,73.4,55.40839385986328,17.991607666015625,17.991607666015625
XGBoost,49.3,57.1635627746582,-7.863563537597656,7.863563537597656
XGBoost,65.7,67.8907241821289,-2.1907272338867188,2.1907272338867188
XGBoost,39.9,53.39446258544922,-13.494461059570312,13.494461059570312
XGBoost,45.1,61.32926940917969,-16.229270935058594,16.229270935058594
XGBoost,95.6,74.53854370117188,21.06145477294922,21.06145477294922
XGBoost,50.9,76.47119140625,-25.571189880371094,25.571189880371094
XGBoost,82.8,73.65898895263672,9.141014099121094,9.141014099121094
XGBoost,37.0,62.692543029785156,-25.692543029785156,25.692543029785156
XGBoost,71.2,57.393367767333984,13.806629180908203,13.806629180908203
XGBoost,36.8,57.86769485473633,-21.06769561767578,21.06769561767578
XGBoost,62.5,63.58803176879883,-1.0880317687988281,1.0880317687988281
XGBoost,58.6,54.753170013427734,3.8468284606933594,3.8468284606933594
XGBoost,48.2,56.28205108642578,-8.082050323486328,8.082050323486328
XGBoost,38.6,43.28907012939453,-4.6890716552734375,4.6890716552734375
XGBoost,67.0,63.664573669433594,3.3354263305664062,3.3354263305664062
XGBoost,77.8,68.22832489013672,9.571678161621094,9.571678161621094
XGBoost,80.2,77.97941589355469,2.2205810546875,2.2205810546875
XGBoost,91.4,67.42422485351562,23.97577667236328,23.97577667236328
XGBoost,66.6,65.4696044921875,1.1303939819335938,1.1303939819335938
XGBoost,81.4,66.53553771972656,14.864463806152344,14.864463806152344
XGBoost,84.6,67.10698699951172,17.493011474609375,17.493011474609375
XGBoost,56.8,66.00881958007812,-9.208820343017578,9.208820343017578
XGBoost,56.7,70.00247192382812,-13.302471160888672,13.302471160888672
XGBoost,65.4,72.19066619873047,-6.7906646728515625,6.7906646728515625
XGBoost,31.5,55.92902374267578,-24.42902374267578,24.42902374267578
XGBoost,45.1,65.94847869873047,-20.848480224609375,20.848480224609375
XGBoost,44.2,66.86283111572266,-22.662830352783203,22.662830352783203
XGBoost,87.8,68.88544464111328,18.91455841064453,18.91455841064453
XGBoost,100.0,83.68116760253906,16.318832397460938,16.318832397460938
XGBoost,48.7,61.10585021972656,-12.40584945678711,12.40584945678711
XGBoost,89.7,73.8418960571289,15.858100891113281,15.858100891113281
XGBoost,79.1,72.31779479980469,6.782203674316406,6.782203674316406
XGBoost,51.1,60.868934631347656,-9.768936157226562,9.768936157226562
XGBoost,69.4,63.15815353393555,6.241847991943359,6.241847991943359
XGBoost,65.8,71.18184661865234,-5.381843566894531,5.381843566894531
XGBoost,73.1,72.72607421875,0.37392425537109375,0.37392425537109375
XGBoost,81.9,65.81761932373047,16.082382202148438,16.082382202148438
XGBoost,54.7,60.56826400756836,-5.868263244628906,5.868263244628906
XGBoost,55.3,63.73032760620117,-8.430328369140625,8.430328369140625
XGBoost,60.0,48.925533294677734,11.074466705322266,11.074466705322266
XGBoost,53.6,54.553001403808594,-0.9530029296875,0.9530029296875
XGBoost,77.4,69.33826446533203,8.061737060546875,8.061737060546875
XGBoost,66.0,65.70429229736328,0.29570770263671875,0.29570770263671875
XGBoost,41.8,64.82048797607422,-23.020488739013672,23.020488739013672
XGBoost,79.0,65.18534851074219,13.814651489257812,13.814651489257812
XGBoost,59.8,69.88483428955078,-10.084835052490234,10.084835052490234
XGBoost,94.1,73.24266052246094,20.857337951660156,20.857337951660156
XGBoost,55.5,62.4490966796875,-6.9490966796875,6.9490966796875
XGBoost,56.0,62.22111892700195,-6.221118927001953,6.221118927001953
XGBoost,100.0,75.79547882080078,24.20452117919922,24.20452117919922
XGBoost,51.9,74.95164489746094,-23.05164337158203,23.05164337158203
XGBoost,39.2,57.24275588989258,-18.042755126953125,18.042755126953125
XGBoost,70.1,63.83700180053711,6.262996673583984,6.262996673583984
XGBoost,62.0,65.37928771972656,-3.3792877197265625,3.3792877197265625
XGBoost,74.6,71.51280212402344,3.0871963500976562,3.0871963500976562
XGBoost,89.1,56.8891716003418,32.2108268737793,32.2108268737793
XGBoost,66.1,57.551509857177734,8.54848861694336,8.54848861694336
XGBoost,73.8,65.48370361328125,8.316299438476562,8.316299438476562
XGBoost,58.3,59.39670944213867,-1.096710205078125,1.096710205078125
XGBoost,69.9,65.9070816040039,3.992919921875,3.992919921875
XGBoost,59.7,68.7620849609375,-9.062084197998047,9.062084197998047
XGBoost,74.0,59.917205810546875,14.082794189453125,14.082794189453125
XGBoost,88.7,85.24089813232422,3.4590988159179688,3.4590988159179688
XGBoost,33.4,64.79810333251953,-31.398101806640625,31.398101806640625
XGBoost,67.3,64.79224395751953,2.5077590942382812,2.5077590942382812
XGBoost,51.8,72.01091003417969,-20.21091079711914,20.21091079711914
XGBoost,83.0,81.78145599365234,1.2185440063476562,1.2185440063476562
XGBoost,65.2,69.56204986572266,-4.362052917480469,4.362052917480469
XGBoost,57.0,62.5523681640625,-5.5523681640625,5.5523681640625
XGBoost,100.0,88.9618911743164,11.038108825683594,11.038108825683594
XGBoost,58.9,65.9215087890625,-7.021507263183594,7.021507263183594
XGBoost,92.3,72.58706665039062,19.712936401367188,19.712936401367188
XGBoost,47.8,56.535308837890625,-8.735309600830078,8.735309600830078
XGBoost,76.0,59.76747131347656,16.232528686523438,16.232528686523438
XGBoost,55.3,65.83634185791016,-10.53634262084961,10.53634262084961
XGBoost,48.4,61.46156311035156,-13.061561584472656,13.061561584472656
XGBoost,49.9,64.04048156738281,-14.140480041503906,14.140480041503906
XGBoost,33.4,58.352508544921875,-24.95250701904297,24.95250701904297
XGBoost,75.0,64.25404357910156,10.745956420898438,10.745956420898438
XGBoost,85.1,74.61044311523438,10.489555358886719,10.489555358886719
XGBoost,80.1,62.414527893066406,17.685470581054688,17.685470581054688
XGBoost,61.2,68.91471099853516,-7.714710235595703,7.714710235595703
XGBoost,65.1,67.2188949584961,-2.118896484375,2.118896484375
XGBoost,71.6,73.50385284423828,-1.9038543701171875,1.9038543701171875
XGBoost,78.1,74.15345764160156,3.9465408325195312,3.9465408325195312
XGBoost,99.1,68.54560852050781,30.55438995361328,30.55438995361328
XGBoost,71.6,61.53826904296875,10.061729431152344,10.061729431152344
XGBoost,61.7,70.72807312011719,-9.028072357177734,9.028072357177734
XGBoost,77.1,74.95919036865234,2.14080810546875,2.14080810546875
XGBoost,55.4,75.65599822998047,-20.255996704101562,20.255996704101562
XGBoost,64.5,66.97846984863281,-2.4784698486328125,2.4784698486328125
XGBoost,52.5,54.590755462646484,-2.0907554626464844,2.0907554626464844
XGBoost,54.7,68.3967514038086,-13.69675064086914,13.69675064086914
XGBoost,94.9,65.48873901367188,29.41126251220703,29.41126251220703
XGBoost,66.8,60.663265228271484,6.136737823486328,6.136737823486328
XGBoost,55.6,53.83658218383789,1.7634162902832031,1.7634162902832031
XGBoost,64.4,67.10047149658203,-2.700469970703125,2.700469970703125
XGBoost,82.0,68.9800796508789,13.019920349121094,13.019920349121094
XGBoost,77.9,63.00225067138672,14.897750854492188,14.897750854492188
XGBoost,68.3,73.6903305053711,-5.390327453613281,5.390327453613281
XGBoost,62.9,59.834503173828125,3.0654983520507812,3.0654983520507812
XGBoost,74.2,56.23625183105469,17.9637451171875,17.9637451171875
XGBoost,79.6,59.004058837890625,20.59593963623047,20.59593963623047
XGBoost,79.9,74.05182647705078,5.848175048828125,5.848175048828125
XGBoost,58.0,61.88318634033203,-3.8831863403320312,3.8831863403320312
XGBoost,53.3,57.41093063354492,-4.110931396484375,4.110931396484375
XGBoost,46.2,55.64936447143555,-9.449363708496094,9.449363708496094
XGBoost,46.7,54.6552734375,-7.955272674560547,7.955272674560547
XGBoost,74.4,79.53855895996094,-5.138557434082031,5.138557434082031
XGBoost,100.0,89.80963897705078,10.190361022949219,10.190361022949219
XGBoost,55.9,65.8453140258789,-9.9453125,9.9453125
XGBoost,83.3,64.68433380126953,18.61566925048828,18.61566925048828
XGBoost,65.9,63.225704193115234,2.674297332763672,2.674297332763672
XGBoost,77.2,57.77187728881836,19.428119659423828,19.428119659423828
XGBoost,100.0,85.5329818725586,14.467018127441406,14.467018127441406
XGBoost,74.0,77.12200927734375,-3.12200927734375,3.12200927734375
XGBoost,29.5,50.09941101074219,-20.599411010742188,20.599411010742188
XGBoost,93.8,81.98592376708984,11.814079284667969,11.814079284667969
XGBoost,100.0,79.09754943847656,20.902450561523438,20.902450561523438
XGBoost,50.3,55.54063415527344,-5.240634918212891,5.240634918212891
XGBoost,82.4,69.419921875,12.980079650878906,12.980079650878906
XGBoost,92.6,87.06046295166016,5.5395355224609375,5.5395355224609375
XGBoost,55.9,67.50294494628906,-11.602943420410156,11.602943420410156
XGBoost,64.1,57.70408630371094,6.395912170410156,6.395912170410156
XGBoost,68.9,65.69087982177734,3.2091217041015625,3.2091217041015625
XGBoost,62.3,50.363155364990234,11.936843872070312,11.936843872070312
XGBoost,62.5,59.10860061645508,3.391399383544922,3.391399383544922
XGBoost,38.9,50.86857223510742,-11.968570709228516,11.968570709228516
XGBoost,100.0,76.53043365478516,23.469566345214844,23.469566345214844
XGBoost,29.6,50.48729705810547,-20.887296676635742,20.887296676635742
XGBoost,72.0,67.81594848632812,4.184051513671875,4.184051513671875
XGBoost,52.8,56.37520217895508,-3.5752029418945312,3.5752029418945312
XGBoost,61.3,65.30890655517578,-4.008907318115234,4.008907318115234
XGBoost,80.3,76.0287094116211,4.271293640136719,4.271293640136719
XGBoost,40.5,55.675865173339844,-15.175865173339844,15.175865173339844
XGBoost,55.8,58.085845947265625,-2.285846710205078,2.285846710205078
XGBoost,65.0,58.44334411621094,6.5566558837890625,6.5566558837890625
XGBoost,73.0,68.80548858642578,4.194511413574219,4.194511413574219
XGBoost,56.2,56.74791717529297,-0.5479164123535156,0.5479164123535156
XGBoost,60.9,57.97336196899414,2.9266395568847656,2.9266395568847656
XGBoost,46.6,63.79084014892578,-17.190841674804688,17.190841674804688
XGBoost,62.9,65.32917785644531,-2.4291763305664062,2.4291763305664062
XGBoost,59.0,59.655941009521484,-0.6559410095214844,0.6559410095214844
XGBoost,51.1,59.54193115234375,-8.441932678222656,8.441932678222656
XGBoost,36.9,50.44303894042969,-13.543037414550781,13.543037414550781
XGBoost,71.8,71.38102722167969,0.418975830078125,0.418975830078125
XGBoost,45.2,46.3418083190918,-1.1418075561523438,1.1418075561523438
XGBoost,53.1,68.99490356445312,-15.894905090332031,15.894905090332031
XGBoost,98.1,89.59693145751953,8.503067016601562,8.503067016601562
XGBoost,55.7,66.1275863647461,-10.42758560180664,10.42758560180664
XGBoost,69.7,63.89169692993164,5.808300018310547,5.808300018310547
XGBoost,70.3,73.77671813964844,-3.476715087890625,3.476715087890625
XGBoost,31.2,60.95497512817383,-29.754974365234375,29.754974365234375
XGBoost,46.6,59.69001388549805,-13.090015411376953,13.090015411376953
XGBoost,72.5,59.12675857543945,13.373241424560547,13.373241424560547
XGBoost,63.1,59.646053314208984,3.4539451599121094,3.4539451599121094
XGBoost,72.4,74.86290740966797,-2.4629058837890625,2.4629058837890625
XGBoost,79.0,68.70977783203125,10.29022216796875,10.29022216796875
XGBoost,62.6,64.33927154541016,-1.7392730712890625,1.7392730712890625
XGBoost,99.3,73.92723083496094,25.372772216796875,25.372772216796875
XGBoost,50.8,55.70399475097656,-4.903995513916016,4.903995513916016
XGBoost,63.0,59.6101188659668,3.389881134033203,3.389881134033203
XGBoost,80.0,77.10270690917969,2.8972930908203125,2.8972930908203125
XGBoost,66.9,66.84193420410156,0.05806732177734375,0.05806732177734375
XGBoost,50.7,53.19545364379883,-2.495452880859375,2.495452880859375
XGBoost,48.6,53.06755828857422,-4.467559814453125,4.467559814453125
XGBoost,75.4,72.01832580566406,3.3816757202148438,3.3816757202148438
XGBoost,100.0,85.1253433227539,14.874656677246094,14.874656677246094
XGBoost,58.0,65.37869262695312,-7.378692626953125,7.378692626953125
XGBoost,70.9,68.58656311035156,2.3134384155273438,2.3134384155273438
XGBoost,74.6,85.05461883544922,-10.454620361328125,10.454620361328125
XGBoost,58.6,69.51354217529297,-10.913543701171875,10.913543701171875
XGBoost,59.3,58.82111740112305,0.4788818359375,0.4788818359375
XGBoost,86.1,76.24502563476562,9.854972839355469,9.854972839355469
XGBoost,85.0,68.90469360351562,16.095306396484375,16.095306396484375
XGBoost,84.8,69.88898468017578,14.911018371582031,14.911018371582031
XGBoost,37.8,57.291297912597656,-19.49129867553711,19.49129867553711
XGBoost,38.1,53.654666900634766,-15.554668426513672,15.554668426513672
XGBoost,46.9,54.0232048034668,-7.123203277587891,7.123203277587891
XGBoost,74.6,83.24065399169922,-8.640655517578125,8.640655517578125
XGBoost,59.4,69.19068145751953,-9.790679931640625,9.790679931640625
XGBoost,42.2,55.48888397216797,-13.288883209228516,13.288883209228516
XGBoost,67.9,66.87226104736328,1.027740478515625,1.027740478515625
XGBoost,55.9,59.456329345703125,-3.5563278198242188,3.5563278198242188
XGBoost,71.6,63.8419075012207,7.758090972900391,7.758090972900391
XGBoost,65.8,75.63375854492188,-9.833755493164062,9.833755493164062
XGBoost,73.6,57.307735443115234,16.29226303100586,16.29226303100586
XGBoost,78.6,82.15248107910156,-3.5524826049804688,3.5524826049804688
XGBoost,58.7,65.42874145507812,-6.728740692138672,6.728740692138672
XGBoost,47.3,59.8878288269043,-12.58782958984375,12.58782958984375
XGBoost,75.5,75.13714599609375,0.36285400390625,0.36285400390625
XGBoost,49.7,68.28118133544922,-18.581180572509766,18.581180572509766
XGBoost,54.7,49.48451232910156,5.215488433837891,5.215488433837891
XGBoost,46.1,52.305946350097656,-6.2059478759765625,6.2059478759765625
XGBoost,77.4,70.10137939453125,7.298622131347656,7.298622131347656
XGBoost,49.4,58.78850555419922,-9.388504028320312,9.388504028320312
XGBoost,30.9,55.626617431640625,-24.72661781311035,24.72661781311035
XGBoost,49.3,57.368499755859375,-8.068500518798828,8.068500518798828
XGBoost,65.6,69.52935028076172,-3.929351806640625,3.929351806640625
XGBoost,30.7,48.08565902709961,-17.385658264160156,17.385658264160156
XGBoost,48.3,56.03166961669922,-7.731670379638672,7.731670379638672
XGBoost,94.4,89.03794860839844,5.362052917480469,5.362052917480469
XGBoost,88.5,66.62281799316406,21.877182006835938,21.877182006835938
XGBoost,74.5,69.99566650390625,4.50433349609375,4.50433349609375
XGBoost,27.7,47.97975540161133,-20.279754638671875,20.279754638671875
XGBoost,88.4,75.2860107421875,13.113990783691406,13.113990783691406
XGBoost,48.7,60.90233612060547,-12.202335357666016,12.202335357666016
XGBoost,66.6,67.47093963623047,-0.870941162109375,0.870941162109375
XGBoost,81.3,74.10552215576172,7.194480895996094,7.194480895996094
XGBoost,89.5,89.27430725097656,0.2256927490234375,0.2256927490234375
XGBoost,41.9,63.43439865112305,-21.53439712524414,21.53439712524414
XGBoost,55.4,54.69651412963867,0.7034873962402344,0.7034873962402344
XGBoost,73.6,58.62136459350586,14.978633880615234,14.978633880615234
XGBoost,72.1,78.73265838623047,-6.632659912109375,6.632659912109375
XGBoost,36.1,57.88426971435547,-21.784271240234375,21.784271240234375
XGBoost,96.7,82.87023162841797,13.829765319824219,13.829765319824219
XGBoost,29.2,59.60009002685547,-30.400089263916016,30.400089263916016
XGBoost,99.7,85.61811828613281,14.081878662109375,14.081878662109375
XGBoost,76.0,67.61404418945312,8.385955810546875,8.385955810546875
XGBoost,48.6,71.31231689453125,-22.712318420410156,22.712318420410156
XGBoost,70.4,67.24859619140625,3.1514053344726562,3.1514053344726562
XGBoost,95.7,71.7915267944336,23.908470153808594,23.908470153808594
XGBoost,56.7,56.52678680419922,0.17321395874023438,0.17321395874023438
XGBoost,54.0,65.50591278076172,-11.505912780761719,11.505912780761719
XGBoost,82.9,76.21456909179688,6.685432434082031,6.685432434082031
XGBoost,53.7,66.11651611328125,-12.416515350341797,12.416515350341797
XGBoost,66.0,60.19921112060547,5.800788879394531,5.800788879394531
XGBoost,71.2,69.98529052734375,1.2147064208984375,1.2147064208984375
XGBoost,70.1,65.7848129272461,4.315185546875,4.315185546875
XGBoost,66.7,53.16697692871094,13.53302001953125,13.53302001953125
XGBoost,95.8,73.39168548583984,22.40831756591797,22.40831756591797
XGBoost,38.8,55.52785110473633,-16.72785186767578,16.72785186767578
XGBoost,79.9,68.88512420654297,11.014877319335938,11.014877319335938
XGBoost,81.6,59.84833908081055,21.751659393310547,21.751659393310547
XGBoost,59.1,72.43080139160156,-13.330802917480469,13.330802917480469
XGBoost,57.4,67.2060317993164,-9.8060302734375,9.8060302734375
XGBoost,34.3,60.354461669921875,-26.054462432861328,26.054462432861328
XGBoost,68.5,71.67408752441406,-3.1740875244140625,3.1740875244140625
XGBoost,87.1,70.32904815673828,16.770950317382812,16.770950317382812
XGBoost,34.1,51.356346130371094,-17.25634765625,17.25634765625
XGBoost,86.0,82.67215728759766,3.3278427124023438,3.3278427124023438
XGBoost,61.6,53.985321044921875,7.614677429199219,7.614677429199219
XGBoost,64.6,64.65360260009766,-0.0536041259765625,0.0536041259765625
XGBoost,31.7,67.57943725585938,-35.87943649291992,35.87943649291992
XGBoost,63.7,66.8510971069336,-3.1510963439941406,3.1510963439941406
XGBoost,68.1,62.80463409423828,5.2953643798828125,5.2953643798828125
XGBoost,58.5,61.24462127685547,-2.7446212768554688,2.7446212768554688
XGBoost,81.1,67.4797592163086,13.6202392578125,13.6202392578125
XGBoost,84.6,67.9949951171875,16.605003356933594,16.605003356933594
XGBoost,77.7,70.30953979492188,7.3904571533203125,7.3904571533203125
XGBoost,72.7,66.8199234008789,5.880073547363281,5.880073547363281
XGBoost,69.2,77.11695098876953,-7.916954040527344,7.916954040527344
XGBoost,68.8,52.375274658203125,16.424728393554688,16.424728393554688
XGBoost,56.6,55.988128662109375,0.6118698120117188,0.6118698120117188
XGBoost,79.6,79.33679962158203,0.2631988525390625,0.2631988525390625
XGBoost,87.8,71.58290100097656,16.21710205078125,16.21710205078125
XGBoost,60.6,63.06376266479492,-2.463764190673828,2.463764190673828
XGBoost,54.3,57.76713562011719,-3.4671363830566406,3.4671363830566406
XGBoost,83.1,79.98920440673828,3.1107940673828125,3.1107940673828125
XGBoost,43.5,59.22643280029297,-15.726432800292969,15.726432800292969
XGBoost,78.3,61.98825454711914,16.311748504638672,16.311748504638672
XGBoost,55.3,55.78425979614258,-0.48426055908203125,0.48426055908203125
XGBoost,71.3,64.82024383544922,6.479759216308594,6.479759216308594
XGBoost,71.5,67.75177764892578,3.7482223510742188,3.7482223510742188
XGBoost,70.2,77.16667938232422,-6.966682434082031,6.966682434082031
XGBoost,94.0,77.25582122802734,16.744178771972656,16.744178771972656
XGBoost,78.3,77.58739471435547,0.7126083374023438,0.7126083374023438
XGBoost,80.8,70.05250549316406,10.74749755859375,10.74749755859375
XGBoost,73.1,58.93364715576172,14.166351318359375,14.166351318359375
XGBoost,58.3,66.31124114990234,-8.011241912841797,8.011241912841797
XGBoost,84.4,74.85102081298828,9.548980712890625,9.548980712890625
XGBoost,80.2,74.62026977539062,5.5797271728515625,5.5797271728515625
XGBoost,64.3,58.26215362548828,6.037849426269531,6.037849426269531
XGBoost,67.9,59.40188980102539,8.498111724853516,8.498111724853516
XGBoost,75.9,58.684696197509766,17.21530532836914,17.21530532836914
XGBoost,69.5,53.782562255859375,15.717437744140625,15.717437744140625
XGBoost,52.6,64.55960845947266,-11.959609985351562,11.959609985351562
XGBoost,63.3,60.180294036865234,3.1197052001953125,3.1197052001953125
XGBoost,46.3,51.243309020996094,-4.943309783935547,4.943309783935547
XGBoost,49.1,68.17804718017578,-19.078048706054688,19.078048706054688
XGBoost,59.0,61.676239013671875,-2.676239013671875,2.676239013671875
XGBoost,79.9,71.15282440185547,8.747177124023438,8.747177124023438
XGBoost,64.9,62.233497619628906,2.66650390625,2.66650390625
XGBoost,57.7,65.39530181884766,-7.695301055908203,7.695301055908203
XGBoost,9.4,56.525691986083984,-47.125694274902344,47.125694274902344
XGBoost,74.1,68.26691436767578,5.8330841064453125,5.8330841064453125
XGBoost,40.8,55.8477897644043,-15.04779052734375,15.04779052734375
XGBoost,87.3,64.82513427734375,22.474868774414062,22.474868774414062
XGBoost,70.9,75.47701263427734,-4.5770111083984375,4.5770111083984375
XGBoost,88.7,67.52436065673828,21.175636291503906,21.175636291503906
XGBoost,56.9,75.13343811035156,-18.233436584472656,18.233436584472656
XGBoost,69.0,67.3018798828125,1.6981201171875,1.6981201171875
XGBoost,58.9,72.11384582519531,-13.213844299316406,13.213844299316406
XGBoost,38.1,52.21487808227539,-14.114879608154297,14.114879608154297
XGBoost,38.6,49.771427154541016,-11.171428680419922,11.171428680419922
XGBoost,75.0,72.43158721923828,2.5684127807617188,2.5684127807617188
XGBoost,64.9,60.52178192138672,4.3782196044921875,4.3782196044921875
XGBoost,73.9,62.61134338378906,11.288658142089844,11.288658142089844
XGBoost,58.8,65.29824829101562,-6.498249053955078,6.498249053955078
XGBoost,58.1,60.157073974609375,-2.0570755004882812,2.0570755004882812
XGBoost,33.7,67.39620971679688,-33.69620895385742,33.69620895385742
XGBoost,35.3,69.8172607421875,-34.51726150512695,34.51726150512695
XGBoost,55.9,60.449676513671875,-4.549674987792969,4.549674987792969
XGBoost,48.5,52.17705535888672,-3.6770553588867188,3.6770553588867188
XGBoost,40.4,64.38681030273438,-23.98680877685547,23.98680877685547
XGBoost,100.0,79.1607894897461,20.839210510253906,20.839210510253906
XGBoost,97.5,81.7822265625,15.7177734375,15.7177734375
XGBoost,52.3,64.18303680419922,-11.883037567138672,11.883037567138672
XGBoost,84.6,78.42534637451172,6.174652099609375,6.174652099609375
XGBoost,76.6,65.34857177734375,11.251426696777344,11.251426696777344
XGBoost,87.1,70.26948547363281,16.83051300048828,16.83051300048828
XGBoost,71.7,68.23573303222656,3.464263916015625,3.464263916015625
XGBoost,89.9,61.917518615722656,27.98248291015625,27.98248291015625
XGBoost,80.9,59.91019821166992,20.989803314208984,20.989803314208984
XGBoost,67.5,60.58637237548828,6.913627624511719,6.913627624511719
XGBoost,45.3,69.05199432373047,-23.751995086669922,23.751995086669922
XGBoost,74.0,66.0261001586914,7.973899841308594,7.973899841308594
XGBoost,48.8,52.78194808959961,-3.9819488525390625,3.9819488525390625
XGBoost,61.0,65.56763458251953,-4.567634582519531,4.567634582519531
XGBoost,51.1,64.74385070800781,-13.643852233886719,13.643852233886719
XGBoost,64.8,65.96500396728516,-1.1650009155273438,1.1650009155273438
XGBoost,72.9,58.51874923706055,14.38125228881836,14.38125228881836
XGBoost,50.7,60.966835021972656,-10.266834259033203,10.266834259033203
XGBoost,81.3,63.36505126953125,17.934951782226562,17.934951782226562
XGBoost,41.5,47.500267028808594,-6.000267028808594,6.000267028808594
XGBoost,47.9,72.3275146484375,-24.427513122558594,24.427513122558594
XGBoost,61.6,56.367919921875,5.232078552246094,5.232078552246094
XGBoost,100.0,83.10751342773438,16.892486572265625,16.892486572265625
XGBoost,60.2,60.572635650634766,-0.3726348876953125,0.3726348876953125
XGBoost,68.0,69.2024917602539,-1.2024917602539062,1.2024917602539062
XGBoost,50.5,69.98612213134766,-19.486122131347656,19.486122131347656
XGBoost,79.9,79.72706604003906,0.17293548583984375,0.17293548583984375
XGBoost,58.1,64.17727661132812,-6.077278137207031,6.077278137207031
XGBoost,63.1,60.264671325683594,2.8353271484375,2.8353271484375
XGBoost,58.9,67.73184204101562,-8.831840515136719,8.831840515136719
XGBoost,55.7,57.68027877807617,-1.9802780151367188,1.9802780151367188
XGBoost,66.9,69.04686737060547,-2.1468658447265625,2.1468658447265625
XGBoost,41.7,49.198997497558594,-7.498996734619141,7.498996734619141
XGBoost,71.5,66.9188232421875,4.5811767578125,4.5811767578125
XGBoost,65.1,76.53292846679688,-11.432929992675781,11.432929992675781
XGBoost,55.3,61.856773376464844,-6.556774139404297,6.556774139404297
XGBoost,91.3,70.09739685058594,21.202606201171875,21.202606201171875
XGBoost,100.0,62.709224700927734,37.290775299072266,37.290775299072266
XGBoost,64.9,54.02686309814453,10.873138427734375,10.873138427734375
XGBoost,40.1,81.00621032714844,-40.906211853027344,40.906211853027344
XGBoost,100.0,83.34911346435547,16.65088653564453,16.65088653564453
XGBoost,47.0,57.41356658935547,-10.413566589355469,10.413566589355469
XGBoost,90.4,76.5735855102539,13.826416015625,13.826416015625
XGBoost,58.4,62.800655364990234,-4.400653839111328,4.400653839111328
XGBoost,78.1,76.57935333251953,1.5206451416015625,1.5206451416015625
XGBoost,73.8,80.55765533447266,-6.757652282714844,6.757652282714844
XGBoost,53.9,58.19984436035156,-4.299842834472656,4.299842834472656
XGBoost,67.1,62.9275016784668,4.172496795654297,4.172496795654297
XGBoost,62.2,67.30438232421875,-5.104381561279297,5.104381561279297
XGBoost,45.5,57.31480026245117,-11.814800262451172,11.814800262451172
XGBoost,53.3,75.94402313232422,-22.644023895263672,22.644023895263672
XGBoost,85.6,68.89361572265625,16.706382751464844,16.706382751464844
XGBoost,59.0,79.37748718261719,-20.377487182617188,20.377487182617188
XGBoost,63.6,68.04984283447266,-4.4498443603515625,4.4498443603515625
XGBoost,56.9,58.93550491333008,-2.035503387451172,2.035503387451172
XGBoost,60.1,75.45244598388672,-15.352447509765625,15.352447509765625
XGBoost,100.0,75.17765808105469,24.822341918945312,24.822341918945312
XGBoost,56.9,55.72665023803711,1.1733512878417969,1.1733512878417969
XGBoost,100.0,88.8201675415039,11.179832458496094,11.179832458496094
XGBoost,82.2,70.2220687866211,11.977928161621094,11.977928161621094
XGBoost,77.6,65.46797943115234,12.13201904296875,12.13201904296875
XGBoost,81.8,59.91246032714844,21.887542724609375,21.887542724609375
XGBoost,80.9,77.2338638305664,3.6661376953125,3.6661376953125
XGBoost,67.5,63.80705642700195,3.692943572998047,3.692943572998047
XGBoost,75.8,54.12240219116211,21.677600860595703,21.677600860595703
XGBoost,74.0,66.73340606689453,7.266593933105469,7.266593933105469
XGBoost,47.4,55.16541290283203,-7.765411376953125,7.765411376953125
XGBoost,70.7,72.99127197265625,-2.2912750244140625,2.2912750244140625
XGBoost,84.1,74.46034240722656,9.639656066894531,9.639656066894531
XGBoost,55.9,55.3935661315918,0.5064353942871094,0.5064353942871094
XGBoost,84.5,65.32487487792969,19.175125122070312,19.175125122070312
XGBoost,40.4,59.567481994628906,-19.16748046875,19.16748046875
XGBoost,70.3,66.12145233154297,4.178550720214844,4.178550720214844
XGBoost,72.6,69.28787231445312,3.3121261596679688,3.3121261596679688
XGBoost,43.4,49.666656494140625,-6.266654968261719,6.266654968261719
Baseline Mean,69.0,65.15372083333334,3.846279166666662,3.846279166666662
Baseline Mean,81.6,65.15372083333334,16.446279166666656,16.446279166666656
Baseline Mean,63.1,65.15372083333334,-2.0537208333333368,2.0537208333333368
Baseline Mean,89.3,65.15372083333334,24.14627916666666,24.14627916666666
Baseline Mean,49.6,65.15372083333334,-15.553720833333337,15.553720833333337
Baseline Mean,44.5,65.15372083333334,-20.653720833333338,20.653720833333338
Baseline Mean,63.5,65.15372083333334,-1.6537208333333382,1.6537208333333382
Baseline Mean,74.6,65.15372083333334,9.446279166666656,9.446279166666656
Baseline Mean,54.6,65.15372083333334,-10.553720833333337,10.553720833333337
Baseline Mean,84.3,65.15372083333334,19.14627916666666,19.14627916666666
Baseline Mean,98.1,65.15372083333334,32.946279166666656,32.946279166666656
Baseline Mean,64.8,65.15372083333334,-0.35372083333334103,0.35372083333334103
Baseline Mean,45.4,65.15372083333334,-19.75372083333334,19.75372083333334
Baseline Mean,48.0,65.15372083333334,-17.153720833333338,17.153720833333338
Baseline Mean,58.3,65.15372083333334,-6.853720833333341,6.853720833333341
Baseline Mean,26.4,65.15372083333334,-38.75372083333334,38.75372083333334
Baseline Mean,66.9,65.15372083333334,1.7462791666666675,1.7462791666666675
Baseline Mean,52.9,65.15372083333334,-12.25372083333334,12.25372083333334
Baseline Mean,64.5,65.15372083333334,-0.6537208333333382,0.6537208333333382
Baseline Mean,46.6,65.15372083333334,-18.553720833333337,18.553720833333337
Baseline Mean,66.5,65.15372083333334,1.3462791666666618,1.3462791666666618
Baseline Mean,41.3,65.15372083333334,-23.85372083333334,23.85372083333334
Baseline Mean,40.5,65.15372083333334,-24.653720833333338,24.653720833333338
Baseline Mean,90.8,65.15372083333334,25.64627916666666,25.64627916666666
Baseline Mean,74.2,65.15372083333334,9.046279166666665,9.046279166666665
Baseline Mean,99.4,65.15372083333334,34.24627916666667,34.24627916666667
Baseline Mean,68.1,65.15372083333334,2.946279166666656,2.946279166666656
Baseline Mean,40.0,65.15372083333334,-25.153720833333338,25.153720833333338
Baseline Mean,58.4,65.15372083333334,-6.75372083333334,6.75372083333334
Baseline Mean,63.6,65.15372083333334,-1.5537208333333368,1.5537208333333368
Baseline Mean,75.1,65.15372083333334,9.946279166666656,9.946279166666656
Baseline Mean,72.8,65.15372083333334,7.646279166666659,7.646279166666659
Baseline Mean,46.4,65.15372083333334,-18.75372083333334,18.75372083333334
Baseline Mean,50.9,65.15372083333334,-14.25372083333334,14.25372083333334
Baseline Mean,66.0,65.15372083333334,0.8462791666666618,0.8462791666666618
Baseline Mean,63.0,65.15372083333334,-2.153720833333338,2.153720833333338
Baseline Mean,80.2,65.15372083333334,15.046279166666665,15.046279166666665
Baseline Mean,75.2,65.15372083333334,10.046279166666665,10.046279166666665
Baseline Mean,63.5,65.15372083333334,-1.6537208333333382,1.6537208333333382
Baseline Mean,37.0,65.15372083333334,-28.153720833333338,28.153720833333338
Baseline Mean,54.7,65.15372083333334,-10.453720833333335,10.453720833333335
Baseline Mean,67.9,65.15372083333334,2.7462791666666675,2.7462791666666675
Baseline Mean,84.8,65.15372083333334,19.64627916666666,19.64627916666666
Baseline Mean,73.1,65.15372083333334,7.946279166666656,7.946279166666656
Baseline Mean,99.1,65.15372083333334,33.946279166666656,33.946279166666656
Baseline Mean,72.2,65.15372083333334,7.046279166666665,7.046279166666665
Baseline Mean,93.9,65.15372083333334,28.746279166666667,28.746279166666667
Baseline Mean,68.8,65.15372083333334,3.646279166666659,3.646279166666659
Baseline Mean,61.8,65.15372083333334,-3.353720833333341,3.353720833333341
Baseline Mean,39.5,65.15372083333334,-25.653720833333338,25.653720833333338
Baseline Mean,53.9,65.15372083333334,-11.25372083333334,11.25372083333334
Baseline Mean,55.7,65.15372083333334,-9.453720833333335,9.453720833333335
Baseline Mean,46.8,65.15372083333334,-18.35372083333334,18.35372083333334
Baseline Mean,94.1,65.15372083333334,28.946279166666656,28.946279166666656
Baseline Mean,56.2,65.15372083333334,-8.953720833333335,8.953720833333335
Baseline Mean,75.3,65.15372083333334,10.146279166666659,10.146279166666659
Baseline Mean,83.9,65.15372083333334,18.746279166666667,18.746279166666667
Baseline Mean,65.3,65.15372083333334,0.14627916666665897,0.14627916666665897
Baseline Mean,71.5,65.15372083333334,6.346279166666662,6.346279166666662
Baseline Mean,73.5,65.15372083333334,8.346279166666662,8.346279166666662
Baseline Mean,40.5,65.15372083333334,-24.653720833333338,24.653720833333338
Baseline Mean,28.7,65.15372083333334,-36.453720833333335,36.453720833333335
Baseline Mean,35.3,65.15372083333334,-29.85372083333334,29.85372083333334
Baseline Mean,82.2,65.15372083333334,17.046279166666665,17.046279166666665
Baseline Mean,39.3,65.15372083333334,-25.85372083333334,25.85372083333334
Baseline Mean,83.8,65.15372083333334,18.64627916666666,18.64627916666666
Baseline Mean,67.4,65.15372083333334,2.2462791666666675,2.2462791666666675
Baseline Mean,33.2,65.15372083333334,-31.953720833333335,31.953720833333335
Baseline Mean,49.5,65.15372083333334,-15.653720833333338,15.653720833333338
Baseline Mean,47.1,65.15372083333334,-18.053720833333337,18.053720833333337
Baseline Mean,71.0,65.15372083333334,5.846279166666662,5.846279166666662
Baseline Mean,75.5,65.15372083333334,10.346279166666662,10.346279166666662
Baseline Mean,74.1,65.15372083333334,8.946279166666656,8.946279166666656
Baseline Mean,82.5,65.15372083333334,17.346279166666662,17.346279166666662
Baseline Mean,84.1,65.15372083333334,18.946279166666656,18.946279166666656
Baseline Mean,38.5,65.15372083333334,-26.653720833333338,26.653720833333338
Baseline Mean,87.6,65.15372083333334,22.446279166666656,22.446279166666656
Baseline Mean,48.8,65.15372083333334,-16.35372083333334,16.35372083333334
Baseline Mean,78.2,65.15372083333334,13.046279166666665,13.046279166666665
Baseline Mean,74.9,65.15372083333334,9.746279166666667,9.746279166666667
Baseline Mean,42.9,65.15372083333334,-22.25372083333334,22.25372083333334
Baseline Mean,66.7,65.15372083333334,1.5462791666666647,1.5462791666666647
Baseline Mean,86.5,65.15372083333334,21.346279166666662,21.346279166666662
Baseline Mean,74.9,65.15372083333334,9.746279166666667,9.746279166666667
Baseline Mean,68.6,65.15372083333334,3.446279166666656,3.446279166666656
Baseline Mean,45.8,65.15372083333334,-19.35372083333334,19.35372083333334
Baseline Mean,59.7,65.15372083333334,-5.453720833333335,5.453720833333335
Baseline Mean,63.8,65.15372083333334,-1.353720833333341,1.353720833333341
Baseline Mean,38.3,65.15372083333334,-26.85372083333334,26.85372083333334
Baseline Mean,54.1,65.15372083333334,-11.053720833333337,11.053720833333337
Baseline Mean,41.2,65.15372083333334,-23.953720833333335,23.953720833333335
Baseline Mean,62.4,65.15372083333334,-2.7537208333333396,2.7537208333333396
Baseline Mean,44.6,65.15372083333334,-20.553720833333337,20.553720833333337
Baseline Mean,44.8,65.15372083333334,-20.35372083333334,20.35372083333334
Baseline Mean,38.4,65.15372083333334,-26.75372083333334,26.75372083333334
Baseline Mean,76.2,65.15372083333334,11.046279166666665,11.046279166666665
Baseline Mean,61.0,65.15372083333334,-4.153720833333338,4.153720833333338
Baseline Mean,71.5,65.15372083333334,6.346279166666662,6.346279166666662
Baseline Mean,86.2,65.15372083333334,21.046279166666665,21.046279166666665
Baseline Mean,65.1,65.15372083333334,-0.053720833333343876,0.053720833333343876
Baseline Mean,79.6,65.15372083333334,14.446279166666656,14.446279166666656
Baseline Mean,83.6,65.15372083333334,18.446279166666656,18.446279166666656
Baseline Mean,58.2,65.15372083333334,-6.953720833333335,6.953720833333335
Baseline Mean,83.0,65.15372083333334,17.846279166666662,17.846279166666662
Baseline Mean,82.6,65.15372083333334,17.446279166666656,17.446279166666656
Baseline Mean,53.8,65.15372083333334,-11.353720833333341,11.353720833333341
Baseline Mean,31.1,65.15372083333334,-34.05372083333334,34.05372083333334
Baseline Mean,49.4,65.15372083333334,-15.75372083333334,15.75372083333334
Baseline Mean,64.4,65.15372083333334,-0.7537208333333325,0.7537208333333325
Baseline Mean,37.6,65.15372083333334,-27.553720833333337,27.553720833333337
Baseline Mean,65.3,65.15372083333334,0.14627916666665897,0.14627916666665897
Baseline Mean,70.5,65.15372083333334,5.346279166666662,5.346279166666662
Baseline Mean,99.6,65.15372083333334,34.446279166666656,34.446279166666656
Baseline Mean,61.3,65.15372083333334,-3.853720833333341,3.853720833333341
Baseline Mean,71.8,65.15372083333334,6.646279166666659,6.646279166666659
Baseline Mean,74.3,65.15372083333334,9.146279166666659,9.146279166666659
Baseline Mean,66.7,65.15372083333334,1.5462791666666647,1.5462791666666647
Baseline Mean,72.7,65.15372083333334,7.546279166666665,7.546279166666665
Baseline Mean,56.1,65.15372083333334,-9.053720833333337,9.053720833333337
Baseline Mean,46.6,65.15372083333334,-18.553720833333337,18.553720833333337
Baseline Mean,53.9,65.15372083333334,-11.25372083333334,11.25372083333334
Baseline Mean,42.0,65.15372083333334,-23.153720833333338,23.153720833333338
Baseline Mean,65.2,65.15372083333334,0.04627916666666465,0.04627916666666465
Baseline Mean,98.9,65.15372083333334,33.74627916666667,33.74627916666667
Baseline Mean,72.2,65.15372083333334,7.046279166666665,7.046279166666665
Baseline Mean,93.1,65.15372083333334,27.946279166666656,27.946279166666656
Baseline Mean,51.6,65.15372083333334,-13.553720833333337,13.553720833333337
Baseline Mean,70.3,65.15372083333334,5.146279166666659,5.146279166666659
Baseline Mean,60.8,65.15372083333334,-4.353720833333341,4.353720833333341
Baseline Mean,32.9,65.15372083333334,-32.25372083333334,32.25372083333334
Baseline Mean,87.3,65.15372083333334,22.14627916666666,22.14627916666666
Baseline Mean,46.6,65.15372083333334,-18.553720833333337,18.553720833333337
Baseline Mean,88.0,65.15372083333334,22.846279166666662,22.846279166666662
Baseline Mean,50.5,65.15372083333334,-14.653720833333338,14.653720833333338
Baseline Mean,88.5,65.15372083333334,23.346279166666662,23.346279166666662
Baseline Mean,34.2,65.15372083333334,-30.953720833333335,30.953720833333335
Baseline Mean,68.2,65.15372083333334,3.0462791666666647,3.0462791666666647
Baseline Mean,55.4,65.15372083333334,-9.75372083333334,9.75372083333334
Baseline Mean,65.5,65.15372083333334,0.3462791666666618,0.3462791666666618
Baseline Mean,55.6,65.15372083333334,-9.553720833333337,9.553720833333337
Baseline Mean,62.8,65.15372083333334,-2.353720833333341,2.353720833333341
Baseline Mean,81.4,65.15372083333334,16.246279166666667,16.246279166666667
Baseline Mean,66.4,65.15372083333334,1.2462791666666675,1.2462791666666675
Baseline Mean,51.4,65.15372083333334,-13.75372083333334,13.75372083333334
Baseline Mean,50.7,65.15372083333334,-14.453720833333335,14.453720833333335
Baseline Mean,59.0,65.15372083333334,-6.153720833333338,6.153720833333338
Baseline Mean,63.1,65.15372083333334,-2.0537208333333368,2.0537208333333368
Baseline Mean,100.0,65.15372083333334,34.84627916666666,34.84627916666666
Baseline Mean,65.5,65.15372083333334,0.3462791666666618,0.3462791666666618
Baseline Mean,79.3,65.15372083333334,14.146279166666659,14.146279166666659
Baseline Mean,69.9,65.15372083333334,4.7462791666666675,4.7462791666666675
Baseline Mean,57.6,65.15372083333334,-7.553720833333337,7.553720833333337
Baseline Mean,61.2,65.15372083333334,-3.9537208333333353,3.9537208333333353
Baseline Mean,52.3,65.15372083333334,-12.853720833333341,12.853720833333341
Baseline Mean,53.1,65.15372083333334,-12.053720833333337,12.053720833333337
Baseline Mean,50.4,65.15372083333334,-14.75372083333334,14.75372083333334
Baseline Mean,88.4,65.15372083333334,23.246279166666667,23.246279166666667
Baseline Mean,87.1,65.15372083333334,21.946279166666656,21.946279166666656
Baseline Mean,44.5,65.15372083333334,-20.653720833333338,20.653720833333338
Baseline Mean,62.8,65.15372083333334,-2.353720833333341,2.353720833333341
Baseline Mean,68.7,65.15372083333334,3.5462791666666647,3.5462791666666647
Baseline Mean,82.2,65.15372083333334,17.046279166666665,17.046279166666665
Baseline Mean,80.1,65.15372083333334,14.946279166666656,14.946279166666656
Baseline Mean,94.1,65.15372083333334,28.946279166666656,28.946279166666656
Baseline Mean,79.5,65.15372083333334,14.346279166666662,14.346279166666662
Baseline Mean,62.7,65.15372083333334,-2.4537208333333353,2.4537208333333353
Baseline Mean,100.0,65.15372083333334,34.84627916666666,34.84627916666666
Baseline Mean,58.3,65.15372083333334,-6.853720833333341,6.853720833333341
Baseline Mean,78.4,65.15372083333334,13.246279166666667,13.246279166666667
Baseline Mean,77.5,65.15372083333334,12.346279166666662,12.346279166666662
Baseline Mean,39.5,65.15372083333334,-25.653720833333338,25.653720833333338
Baseline Mean,71.2,65.15372083333334,6.046279166666665,6.046279166666665
Baseline Mean,73.4,65.15372083333334,8.246279166666667,8.246279166666667
Baseline Mean,97.7,65.15372083333334,32.546279166666665,32.546279166666665
Baseline Mean,81.8,65.15372083333334,16.64627916666666,16.64627916666666
Baseline Mean,66.4,65.15372083333334,1.2462791666666675,1.2462791666666675
Baseline Mean,56.0,65.15372083333334,-9.153720833333338,9.153720833333338
Baseline Mean,57.9,65.15372083333334,-7.25372083333334,7.25372083333334
Baseline Mean,72.6,65.15372083333334,7.446279166666656,7.446279166666656
Baseline Mean,52.6,65.15372083333334,-12.553720833333337,12.553720833333337
Baseline Mean,62.6,65.15372083333334,-2.5537208333333368,2.5537208333333368
Baseline Mean,55.6,65.15372083333334,-9.553720833333337,9.553720833333337
Baseline Mean,54.6,65.15372083333334,-10.553720833333337,10.553720833333337
Baseline Mean,64.8,65.15372083333334,-0.35372083333334103,0.35372083333334103
Baseline Mean,72.3,65.15372083333334,7.146279166666659,7.146279166666659
Baseline Mean,85.2,65.15372083333334,20.046279166666665,20.046279166666665
Baseline Mean,50.2,65.15372083333334,-14.953720833333335,14.953720833333335
Baseline Mean,60.7,65.15372083333334,-4.453720833333335,4.453720833333335
Baseline Mean,61.3,65.15372083333334,-3.853720833333341,3.853720833333341
Baseline Mean,49.8,65.15372083333334,-15.353720833333341,15.353720833333341
Baseline Mean,73.9,65.15372083333334,8.746279166666667,8.746279166666667
Baseline Mean,41.0,65.15372083333334,-24.153720833333338,24.153720833333338
Baseline Mean,79.2,65.15372083333334,14.046279166666665,14.046279166666665
Baseline Mean,49.0,65.15372083333334,-16.153720833333338,16.153720833333338
Baseline Mean,73.2,65.15372083333334,8.046279166666665,8.046279166666665
Baseline Mean,67.8,65.15372083333334,2.646279166666659,2.646279166666659
Baseline Mean,56.5,65.15372083333334,-8.653720833333338,8.653720833333338
Baseline Mean,88.3,65.15372083333334,23.14627916666666,23.14627916666666
Baseline Mean,53.9,65.15372083333334,-11.25372083333334,11.25372083333334
Baseline Mean,92.0,65.15372083333334,26.846279166666662,26.846279166666662
Baseline Mean,100.0,65.15372083333334,34.84627916666666,34.84627916666666
Baseline Mean,66.3,65.15372083333334,1.146279166666659,1.146279166666659
Baseline Mean,79.8,65.15372083333334,14.646279166666659,14.646279166666659
Baseline Mean,95.9,65.15372083333334,30.746279166666667,30.746279166666667
Baseline Mean,55.4,65.15372083333334,-9.75372083333334,9.75372083333334
Baseline Mean,60.5,65.15372083333334,-4.653720833333338,4.653720833333338
Baseline Mean,50.3,65.15372083333334,-14.853720833333341,14.853720833333341
Baseline Mean,95.1,65.15372083333334,29.946279166666656,29.946279166666656
Baseline Mean,57.2,65.15372083333334,-7.953720833333335,7.953720833333335
Baseline Mean,57.4,65.15372083333334,-7.75372083333334,7.75372083333334
Baseline Mean,65.5,65.15372083333334,0.3462791666666618,0.3462791666666618
Baseline Mean,93.4,65.15372083333334,28.246279166666667,28.246279166666667
Baseline Mean,39.3,65.15372083333334,-25.85372083333334,25.85372083333334
Baseline Mean,36.5,65.15372083333334,-28.653720833333338,28.653720833333338
Baseline Mean,84.2,65.15372083333334,19.046279166666665,19.046279166666665
Baseline Mean,61.2,65.15372083333334,-3.9537208333333353,3.9537208333333353
Baseline Mean,73.3,65.15372083333334,8.146279166666659,8.146279166666659
Baseline Mean,44.6,65.15372083333334,-20.553720833333337,20.553720833333337
Baseline Mean,47.2,65.15372083333334,-17.953720833333335,17.953720833333335
Baseline Mean,81.5,65.15372083333334,16.346279166666662,16.346279166666662
Baseline Mean,45.7,65.15372083333334,-19.453720833333335,19.453720833333335
Baseline Mean,72.9,65.15372083333334,7.7462791666666675,7.7462791666666675
Baseline Mean,95.5,65.15372083333334,30.346279166666662,30.346279166666662
Baseline Mean,85.2,65.15372083333334,20.046279166666665,20.046279166666665
Baseline Mean,34.5,65.15372083333334,-30.653720833333338,30.653720833333338
Baseline Mean,40.0,65.15372083333334,-25.153720833333338,25.153720833333338
Baseline Mean,86.0,65.15372083333334,20.846279166666662,20.846279166666662
Baseline Mean,56.5,65.15372083333334,-8.653720833333338,8.653720833333338
Baseline Mean,90.5,65.15372083333334,25.346279166666662,25.346279166666662
Baseline Mean,52.9,65.15372083333334,-12.25372083333334,12.25372083333334
Baseline Mean,90.9,65.15372083333334,25.746279166666667,25.746279166666667
Baseline Mean,70.3,65.15372083333334,5.146279166666659,5.146279166666659
Baseline Mean,46.5,65.15372083333334,-18.653720833333338,18.653720833333338
Baseline Mean,80.7,65.15372083333334,15.546279166666665,15.546279166666665
Baseline Mean,70.7,65.15372083333334,5.546279166666665,5.546279166666665
Baseline Mean,74.8,65.15372083333334,9.646279166666659,9.646279166666659
Baseline Mean,45.7,65.15372083333334,-19.453720833333335,19.453720833333335
Baseline Mean,100.0,65.15372083333334,34.84627916666666,34.84627916666666
Baseline Mean,61.0,65.15372083333334,-4.153720833333338,4.153720833333338
Baseline Mean,78.4,65.15372083333334,13.246279166666667,13.246279166666667
Baseline Mean,73.0,65.15372083333334,7.846279166666662,7.846279166666662
Baseline Mean,49.9,65.15372083333334,-15.25372083333334,15.25372083333334
Baseline Mean,64.4,65.15372083333334,-0.7537208333333325,0.7537208333333325
Baseline Mean,94.3,65.15372083333334,29.14627916666666,29.14627916666666
Baseline Mean,54.0,65.15372083333334,-11.153720833333338,11.153720833333338
Baseline Mean,55.3,65.15372083333334,-9.853720833333341,9.853720833333341
Baseline Mean,81.8,65.15372083333334,16.64627916666666,16.64627916666666
Baseline Mean,78.1,65.15372083333334,12.946279166666656,12.946279166666656
Baseline Mean,83.0,65.15372083333334,17.846279166666662,17.846279166666662
Baseline Mean,59.3,65.15372083333334,-5.853720833333341,5.853720833333341
Baseline Mean,42.8,65.15372083333334,-22.35372083333334,22.35372083333334
Baseline Mean,72.8,65.15372083333334,7.646279166666659,7.646279166666659
Baseline Mean,69.5,65.15372083333334,4.346279166666662,4.346279166666662
Baseline Mean,52.2,65.15372083333334,-12.953720833333335,12.953720833333335
Baseline Mean,67.1,65.15372083333334,1.9462791666666561,1.9462791666666561
Baseline Mean,73.5,65.15372083333334,8.346279166666662,8.346279166666662
Baseline Mean,63.0,65.15372083333334,-2.153720833333338,2.153720833333338
Baseline Mean,47.8,65.15372083333334,-17.35372083333334,17.35372083333334
Baseline Mean,100.0,65.15372083333334,34.84627916666666,34.84627916666666
Baseline Mean,64.5,65.15372083333334,-0.6537208333333382,0.6537208333333382
Baseline Mean,50.5,65.15372083333334,-14.653720833333338,14.653720833333338
Baseline Mean,74.8,65.15372083333334,9.646279166666659,9.646279166666659
Baseline Mean,85.0,65.15372083333334,19.846279166666662,19.846279166666662
Baseline Mean,81.1,65.15372083333334,15.946279166666656,15.946279166666656
Baseline Mean,100.0,65.15372083333334,34.84627916666666,34.84627916666666
Baseline Mean,44.5,65.15372083333334,-20.653720833333338,20.653720833333338
Baseline Mean,42.4,65.15372083333334,-22.75372083333334,22.75372083333334
Baseline Mean,91.0,65.15372083333334,25.846279166666662,25.846279166666662
Baseline Mean,51.4,65.15372083333334,-13.75372083333334,13.75372083333334
Baseline Mean,100.0,65.15372083333334,34.84627916666666,34.84627916666666
Baseline Mean,69.1,65.15372083333334,3.946279166666656,3.946279166666656
Baseline Mean,81.3,65.15372083333334,16.14627916666666,16.14627916666666
Baseline Mean,51.8,65.15372083333334,-13.353720833333341,13.353720833333341
Baseline Mean,45.6,65.15372083333334,-19.553720833333337,19.553720833333337
Baseline Mean,54.9,65.15372083333334,-10.25372083333334,10.25372083333334
Baseline Mean,79.4,65.15372083333334,14.246279166666667,14.246279166666667
Baseline Mean,70.5,65.15372083333334,5.346279166666662,5.346279166666662
Baseline Mean,72.2,65.15372083333334,7.046279166666665,7.046279166666665
Baseline Mean,97.4,65.15372083333334,32.24627916666667,32.24627916666667
Baseline Mean,65.8,65.15372083333334,0.646279166666659,0.646279166666659
Baseline Mean,37.5,65.15372083333334,-27.653720833333338,27.653720833333338
Baseline Mean,49.0,65.15372083333334,-16.153720833333338,16.153720833333338
Baseline Mean,66.1,65.15372083333334,0.9462791666666561,0.9462791666666561
Baseline Mean,47.5,65.15372083333334,-17.653720833333338,17.653720833333338
Baseline Mean,86.3,65.15372083333334,21.14627916666666,21.14627916666666
Baseline Mean,76.8,65.15372083333334,11.646279166666659,11.646279166666659
Baseline Mean,71.2,65.15372083333334,6.046279166666665,6.046279166666665
Baseline Mean,31.1,65.15372083333334,-34.05372083333334,34.05372083333334
Baseline Mean,64.3,65.15372083333334,-0.853720833333341,0.853720833333341
Baseline Mean,67.3,65.15372083333334,2.146279166666659,2.146279166666659
Baseline Mean,95.8,65.15372083333334,30.64627916666666,30.64627916666666
Baseline Mean,95.4,65.15372083333334,30.246279166666667,30.246279166666667
Baseline Mean,65.7,65.15372083333334,0.5462791666666647,0.5462791666666647
Baseline Mean,22.5,65.15372083333334,-42.65372083333334,42.65372083333334
Baseline Mean,93.4,65.15372083333334,28.246279166666667,28.246279166666667
Baseline Mean,63.9,65.15372083333334,-1.2537208333333396,1.2537208333333396
Baseline Mean,61.1,65.15372083333334,-4.053720833333337,4.053720833333337
Baseline Mean,61.5,65.15372083333334,-3.653720833333338,3.653720833333338
Baseline Mean,59.2,65.15372083333334,-5.953720833333335,5.953720833333335
Baseline Mean,71.8,65.15372083333334,6.646279166666659,6.646279166666659
Baseline Mean,62.3,65.15372083333334,-2.853720833333341,2.853720833333341
Baseline Mean,35.0,65.15372083333334,-30.153720833333338,30.153720833333338
Baseline Mean,65.2,65.15372083333334,0.04627916666666465,0.04627916666666465
Baseline Mean,83.6,65.15372083333334,18.446279166666656,18.446279166666656
Baseline Mean,100.0,65.15372083333334,34.84627916666666,34.84627916666666
Baseline Mean,72.3,65.15372083333334,7.146279166666659,7.146279166666659
Baseline Mean,72.0,65.15372083333334,6.846279166666662,6.846279166666662
Baseline Mean,56.3,65.15372083333334,-8.853720833333341,8.853720833333341
Baseline Mean,78.4,65.15372083333334,13.246279166666667,13.246279166666667
Baseline Mean,81.2,65.15372083333334,16.046279166666665,16.046279166666665
Baseline Mean,33.6,65.15372083333334,-31.553720833333337,31.553720833333337
Baseline Mean,61.4,65.15372083333334,-3.7537208333333396,3.7537208333333396
Baseline Mean,88.3,65.15372083333334,23.14627916666666,23.14627916666666
Baseline Mean,62.8,65.15372083333334,-2.353720833333341,2.353720833333341
Baseline Mean,61.9,65.15372083333334,-3.2537208333333396,3.2537208333333396
Baseline Mean,45.6,65.15372083333334,-19.553720833333337,19.553720833333337
Baseline Mean,29.2,65.15372083333334,-35.953720833333335,35.953720833333335
Baseline Mean,78.1,65.15372083333334,12.946279166666656,12.946279166666656
Baseline Mean,53.0,65.15372083333334,-12.153720833333338,12.153720833333338
Baseline Mean,51.7,65.15372083333334,-13.453720833333335,13.453720833333335
Baseline Mean,71.8,65.15372083333334,6.646279166666659,6.646279166666659
Baseline Mean,49.5,65.15372083333334,-15.653720833333338,15.653720833333338
Baseline Mean,62.1,65.15372083333334,-3.0537208333333368,3.0537208333333368
Baseline Mean,64.1,65.15372083333334,-1.0537208333333439,1.0537208333333439
Baseline Mean,55.6,65.15372083333334,-9.553720833333337,9.553720833333337
Baseline Mean,89.5,65.15372083333334,24.346279166666662,24.346279166666662
Baseline Mean,46.0,65.15372083333334,-19.153720833333338,19.153720833333338
Baseline Mean,80.7,65.15372083333334,15.546279166666665,15.546279166666665
Baseline Mean,84.7,65.15372083333334,19.546279166666665,19.546279166666665
Baseline Mean,64.4,65.15372083333334,-0.7537208333333325,0.7537208333333325
Baseline Mean,55.8,65.15372083333334,-9.353720833333341,9.353720833333341
Baseline Mean,83.9,65.15372083333334,18.746279166666667,18.746279166666667
Baseline Mean,49.1,65.15372083333334,-16.053720833333337,16.053720833333337
Baseline Mean,85.2,65.15372083333334,20.046279166666665,20.046279166666665
Baseline Mean,58.4,65.15372083333334,-6.75372083333334,6.75372083333334
Baseline Mean,81.8,65.15372083333334,16.64627916666666,16.64627916666666
Baseline Mean,63.0,65.15372083333334,-2.153720833333338,2.153720833333338
Baseline Mean,46.2,65.15372083333334,-18.953720833333335,18.953720833333335
Baseline Mean,42.5,65.15372083333334,-22.653720833333338,22.653720833333338
Baseline Mean,58.4,65.15372083333334,-6.75372083333334,6.75372083333334
Baseline Mean,80.7,65.15372083333334,15.546279166666665,15.546279166666665
Baseline Mean,62.6,65.15372083333334,-2.5537208333333368,2.5537208333333368
Baseline Mean,72.8,65.15372083333334,7.646279166666659,7.646279166666659
Baseline Mean,61.0,65.15372083333334,-4.153720833333338,4.153720833333338
Baseline Mean,50.9,65.15372083333334,-14.25372083333334,14.25372083333334
Baseline Mean,99.9,65.15372083333334,34.74627916666667,34.74627916666667
Baseline Mean,40.7,65.15372083333334,-24.453720833333335,24.453720833333335
Baseline Mean,49.1,65.15372083333334,-16.053720833333337,16.053720833333337
Baseline Mean,100.0,65.15372083333334,34.84627916666666,34.84627916666666
Baseline Mean,50.2,65.15372083333334,-14.953720833333335,14.953720833333335
Baseline Mean,51.7,65.15372083333334,-13.453720833333335,13.453720833333335
Baseline Mean,69.0,65.15372083333334,3.846279166666662,3.846279166666662
Baseline Mean,89.9,65.15372083333334,24.746279166666667,24.746279166666667
Baseline Mean,64.9,65.15372083333334,-0.2537208333333325,0.2537208333333325
Baseline Mean,37.1,65.15372083333334,-28.053720833333337,28.053720833333337
Baseline Mean,50.7,65.15372083333334,-14.453720833333335,14.453720833333335
Baseline Mean,71.1,65.15372083333334,5.946279166666656,5.946279166666656
Baseline Mean,57.4,65.15372083333334,-7.75372083333334,7.75372083333334
Baseline Mean,100.0,65.15372083333334,34.84627916666666,34.84627916666666
Baseline Mean,44.1,65.15372083333334,-21.053720833333337,21.053720833333337
Baseline Mean,73.6,65.15372083333334,8.446279166666656,8.446279166666656
Baseline Mean,45.5,65.15372083333334,-19.653720833333338,19.653720833333338
Baseline Mean,71.8,65.15372083333334,6.646279166666659,6.646279166666659
Baseline Mean,54.2,65.15372083333334,-10.953720833333335,10.953720833333335
Baseline Mean,78.6,65.15372083333334,13.446279166666656,13.446279166666656
Baseline Mean,67.3,65.15372083333334,2.146279166666659,2.146279166666659
Baseline Mean,63.6,65.15372083333334,-1.5537208333333368,1.5537208333333368
Baseline Mean,60.0,65.15372083333334,-5.153720833333338,5.153720833333338
Baseline Mean,55.8,65.15372083333334,-9.353720833333341,9.353720833333341
Baseline Mean,30.4,65.15372083333334,-34.75372083333334,34.75372083333334
Baseline Mean,64.4,65.15372083333334,-0.7537208333333325,0.7537208333333325
Baseline Mean,89.7,65.15372083333334,24.546279166666665,24.546279166666665
Baseline Mean,71.8,65.15372083333334,6.646279166666659,6.646279166666659
Baseline Mean,80.6,65.15372083333334,15.446279166666656,15.446279166666656
Baseline Mean,78.4,65.15372083333334,13.246279166666667,13.246279166666667
Baseline Mean,60.4,65.15372083333334,-4.75372083333334,4.75372083333334
Baseline Mean,100.0,65.15372083333334,34.84627916666666,34.84627916666666
Baseline Mean,47.3,65.15372083333334,-17.85372083333334,17.85372083333334
Baseline Mean,79.7,65.15372083333334,14.546279166666665,14.546279166666665
Baseline Mean,66.5,65.15372083333334,1.3462791666666618,1.3462791666666618
Baseline Mean,72.5,65.15372083333334,7.346279166666662,7.346279166666662
Baseline Mean,46.4,65.15372083333334,-18.75372083333334,18.75372083333334
Baseline Mean,89.1,65.15372083333334,23.946279166666656,23.946279166666656
Baseline Mean,83.0,65.15372083333334,17.846279166666662,17.846279166666662
Baseline Mean,66.3,65.15372083333334,1.146279166666659,1.146279166666659
Baseline Mean,83.7,65.15372083333334,18.546279166666665,18.546279166666665
Baseline Mean,83.4,65.15372083333334,18.246279166666667,18.246279166666667
Baseline Mean,64.2,65.15372083333334,-0.9537208333333353,0.9537208333333353
Baseline Mean,100.0,65.15372083333334,34.84627916666666,34.84627916666666
Baseline Mean,69.2,65.15372083333334,4.046279166666665,4.046279166666665
Baseline Mean,76.5,65.15372083333334,11.346279166666662,11.346279166666662
Baseline Mean,53.9,65.15372083333334,-11.25372083333334,11.25372083333334
Baseline Mean,65.8,65.15372083333334,0.646279166666659,0.646279166666659
Baseline Mean,78.7,65.15372083333334,13.546279166666665,13.546279166666665
Baseline Mean,66.4,65.15372083333334,1.2462791666666675,1.2462791666666675
Baseline Mean,67.2,65.15372083333334,2.0462791666666647,2.0462791666666647
Baseline Mean,83.2,65.15372083333334,18.046279166666665,18.046279166666665
Baseline Mean,83.0,65.15372083333334,17.846279166666662,17.846279166666662
Baseline Mean,69.4,65.15372083333334,4.2462791666666675,4.2462791666666675
Baseline Mean,52.6,65.15372083333334,-12.553720833333337,12.553720833333337
Baseline Mean,63.0,65.15372083333334,-2.153720833333338,2.153720833333338
Baseline Mean,83.2,65.15372083333334,18.046279166666665,18.046279166666665
Baseline Mean,74.0,65.15372083333334,8.846279166666662,8.846279166666662
Baseline Mean,94.8,65.15372083333334,29.64627916666666,29.64627916666666
Baseline Mean,59.2,65.15372083333334,-5.953720833333335,5.953720833333335
Baseline Mean,38.4,65.15372083333334,-26.75372083333334,26.75372083333334
Baseline Mean,62.0,65.15372083333334,-3.153720833333338,3.153720833333338
Baseline Mean,34.2,65.15372083333334,-30.953720833333335,30.953720833333335
Baseline Mean,63.1,65.15372083333334,-2.0537208333333368,2.0537208333333368
Baseline Mean,89.4,65.15372083333334,24.246279166666667,24.246279166666667
Baseline Mean,28.3,65.15372083333334,-36.85372083333334,36.85372083333334
Baseline Mean,39.5,65.15372083333334,-25.653720833333338,25.653720833333338
Baseline Mean,84.3,65.15372083333334,19.14627916666666,19.14627916666666
Baseline Mean,66.4,65.15372083333334,1.2462791666666675,1.2462791666666675
Baseline Mean,98.6,65.15372083333334,33.446279166666656,33.446279166666656
Baseline Mean,94.9,65.15372083333334,29.746279166666667,29.746279166666667
Baseline Mean,76.8,65.15372083333334,11.646279166666659,11.646279166666659
Baseline Mean,59.5,65.15372083333334,-5.653720833333338,5.653720833333338
Baseline Mean,48.3,65.15372083333334,-16.85372083333334,16.85372083333334
Baseline Mean,72.7,65.15372083333334,7.546279166666665,7.546279166666665
Baseline Mean,73.0,65.15372083333334,7.846279166666662,7.846279166666662
Baseline Mean,66.5,65.15372083333334,1.3462791666666618,1.3462791666666618
Baseline Mean,47.5,65.15372083333334,-17.653720833333338,17.653720833333338
Baseline Mean,60.9,65.15372083333334,-4.25372083333334,4.25372083333334
Baseline Mean,59.7,65.15372083333334,-5.453720833333335,5.453720833333335
Baseline Mean,54.2,65.15372083333334,-10.953720833333335,10.953720833333335
Baseline Mean,73.4,65.15372083333334,8.246279166666667,8.246279166666667
Baseline Mean,72.9,65.15372083333334,7.7462791666666675,7.7462791666666675
Baseline Mean,28.6,65.15372083333334,-36.55372083333334,36.55372083333334
Baseline Mean,62.2,65.15372083333334,-2.9537208333333353,2.9537208333333353
Baseline Mean,62.5,65.15372083333334,-2.653720833333338,2.653720833333338
Baseline Mean,44.3,65.15372083333334,-20.85372083333334,20.85372083333334
Baseline Mean,33.8,65.15372083333334,-31.35372083333334,31.35372083333334
Baseline Mean,34.8,65.15372083333334,-30.35372083333334,30.35372083333334
Baseline Mean,71.9,65.15372083333334,6.7462791666666675,6.7462791666666675
Baseline Mean,60.8,65.15372083333334,-4.353720833333341,4.353720833333341
Baseline Mean,77.5,65.15372083333334,12.346279166666662,12.346279166666662
Baseline Mean,58.2,65.15372083333334,-6.953720833333335,6.953720833333335
Baseline Mean,69.6,65.15372083333334,4.446279166666656,4.446279166666656
Baseline Mean,66.1,65.15372083333334,0.9462791666666561,0.9462791666666561
Baseline Mean,98.2,65.15372083333334,33.046279166666665,33.046279166666665
Baseline Mean,80.8,65.15372083333334,15.646279166666659,15.646279166666659
Baseline Mean,51.6,65.15372083333334,-13.553720833333337,13.553720833333337
Baseline Mean,50.1,65.15372083333334,-15.053720833333337,15.053720833333337
Baseline Mean,63.8,65.15372083333334,-1.353720833333341,1.353720833333341
Baseline Mean,58.5,65.15372083333334,-6.653720833333338,6.653720833333338
Baseline Mean,81.0,65.15372083333334,15.846279166666662,15.846279166666662
Baseline Mean,97.2,65.15372083333334,32.046279166666665,32.046279166666665
Baseline Mean,55.2,65.15372083333334,-9.953720833333335,9.953720833333335
Baseline Mean,54.5,65.15372083333334,-10.653720833333338,10.653720833333338
Baseline Mean,47.4,65.15372083333334,-17.75372083333334,17.75372083333334
Baseline Mean,100.0,65.15372083333334,34.84627916666666,34.84627916666666
Baseline Mean,71.4,65.15372083333334,6.2462791666666675,6.2462791666666675
Baseline Mean,51.6,65.15372083333334,-13.553720833333337,13.553720833333337
Baseline Mean,100.0,65.15372083333334,34.84627916666666,34.84627916666666
Baseline Mean,42.5,65.15372083333334,-22.653720833333338,22.653720833333338
Baseline Mean,56.8,65.15372083333334,-8.353720833333341,8.353720833333341
Baseline Mean,25.6,65.15372083333334,-39.55372083333334,39.55372083333334
Baseline Mean,74.9,65.15372083333334,9.746279166666667,9.746279166666667
Baseline Mean,55.0,65.15372083333334,-10.153720833333338,10.153720833333338
Baseline Mean,65.9,65.15372083333334,0.7462791666666675,0.7462791666666675
Baseline Mean,75.9,65.15372083333334,10.746279166666667,10.746279166666667
Baseline Mean,41.0,65.15372083333334,-24.153720833333338,24.153720833333338
Baseline Mean,93.8,65.15372083333334,28.64627916666666,28.64627916666666
Baseline Mean,48.4,65.15372083333334,-16.75372083333334,16.75372083333334
Baseline Mean,53.7,65.15372083333334,-11.453720833333335,11.453720833333335
Baseline Mean,51.0,65.15372083333334,-14.153720833333338,14.153720833333338
Baseline Mean,30.4,65.15372083333334,-34.75372083333334,34.75372083333334
Baseline Mean,55.8,65.15372083333334,-9.353720833333341,9.353720833333341
Baseline Mean,88.8,65.15372083333334,23.64627916666666,23.64627916666666
Baseline Mean,83.7,65.15372083333334,18.546279166666665,18.546279166666665
Baseline Mean,61.5,65.15372083333334,-3.653720833333338,3.653720833333338
Baseline Mean,73.7,65.15372083333334,8.546279166666665,8.546279166666665
Baseline Mean,48.7,65.15372083333334,-16.453720833333335,16.453720833333335
Baseline Mean,57.8,65.15372083333334,-7.353720833333341,7.353720833333341
Baseline Mean,95.0,65.15372083333334,29.846279166666662,29.846279166666662
Baseline Mean,76.2,65.15372083333334,11.046279166666665,11.046279166666665
Baseline Mean,80.4,65.15372083333334,15.246279166666667,15.246279166666667
Baseline Mean,94.6,65.15372083333334,29.446279166666656,29.446279166666656
Baseline Mean,67.3,65.15372083333334,2.146279166666659,2.146279166666659
Baseline Mean,42.8,65.15372083333334,-22.35372083333334,22.35372083333334
Baseline Mean,96.4,65.15372083333334,31.246279166666667,31.246279166666667
Baseline Mean,46.8,65.15372083333334,-18.35372083333334,18.35372083333334
Baseline Mean,76.6,65.15372083333334,11.446279166666656,11.446279166666656
Baseline Mean,58.8,65.15372083333334,-6.353720833333341,6.353720833333341
Baseline Mean,43.9,65.15372083333334,-21.25372083333334,21.25372083333334
Baseline Mean,59.5,65.15372083333334,-5.653720833333338,5.653720833333338
Baseline Mean,82.5,65.15372083333334,17.346279166666662,17.346279166666662
Baseline Mean,58.2,65.15372083333334,-6.953720833333335,6.953720833333335
Baseline Mean,64.2,65.15372083333334,-0.9537208333333353,0.9537208333333353
Baseline Mean,82.5,65.15372083333334,17.346279166666662,17.346279166666662
Baseline Mean,60.5,65.15372083333334,-4.653720833333338,4.653720833333338
Baseline Mean,46.2,65.15372083333334,-18.953720833333335,18.953720833333335
Baseline Mean,45.3,65.15372083333334,-19.85372083333334,19.85372083333334
Baseline Mean,68.7,65.15372083333334,3.5462791666666647,3.5462791666666647
Baseline Mean,53.3,65.15372083333334,-11.853720833333341,11.853720833333341
Baseline Mean,68.7,65.15372083333334,3.5462791666666647,3.5462791666666647
Baseline Mean,56.6,65.15372083333334,-8.553720833333337,8.553720833333337
Baseline Mean,58.9,65.15372083333334,-6.25372083333334,6.25372083333334
Baseline Mean,88.9,65.15372083333334,23.746279166666667,23.746279166666667
Baseline Mean,73.0,65.15372083333334,7.846279166666662,7.846279166666662
Baseline Mean,51.2,65.15372083333334,-13.953720833333335,13.953720833333335
Baseline Mean,81.8,65.15372083333334,16.64627916666666,16.64627916666666
Baseline Mean,47.5,65.15372083333334,-17.653720833333338,17.653720833333338
Baseline Mean,91.3,65.15372083333334,26.14627916666666,26.14627916666666
Baseline Mean,78.9,65.15372083333334,13.746279166666667,13.746279166666667
Baseline Mean,45.0,65.15372083333334,-20.153720833333338,20.153720833333338
Baseline Mean,82.7,65.15372083333334,17.546279166666665,17.546279166666665
Baseline Mean,70.5,65.15372083333334,5.346279166666662,5.346279166666662
Baseline Mean,65.8,65.15372083333334,0.646279166666659,0.646279166666659
Baseline Mean,65.9,65.15372083333334,0.7462791666666675,0.7462791666666675
Baseline Mean,80.9,65.15372083333334,15.746279166666667,15.746279166666667
Baseline Mean,32.1,65.15372083333334,-33.05372083333334,33.05372083333334
Baseline Mean,69.8,65.15372083333334,4.646279166666659,4.646279166666659
Baseline Mean,45.1,65.15372083333334,-20.053720833333337,20.053720833333337
Baseline Mean,73.4,65.15372083333334,8.246279166666667,8.246279166666667
Baseline Mean,85.3,65.15372083333334,20.14627916666666,20.14627916666666
Baseline Mean,52.2,65.15372083333334,-12.953720833333335,12.953720833333335
Baseline Mean,94.0,65.15372083333334,28.846279166666662,28.846279166666662
Baseline Mean,77.1,65.15372083333334,11.946279166666656,11.946279166666656
Baseline Mean,46.7,65.15372083333334,-18.453720833333335,18.453720833333335
Baseline Mean,62.3,65.15372083333334,-2.853720833333341,2.853720833333341
Baseline Mean,64.5,65.15372083333334,-0.6537208333333382,0.6537208333333382
Baseline Mean,86.9,65.15372083333334,21.746279166666667,21.746279166666667
Baseline Mean,77.4,65.15372083333334,12.246279166666667,12.246279166666667
Baseline Mean,34.9,65.15372083333334,-30.25372083333334,30.25372083333334
Baseline Mean,63.0,65.15372083333334,-2.153720833333338,2.153720833333338
Baseline Mean,81.7,65.15372083333334,16.546279166666665,16.546279166666665
Baseline Mean,43.9,65.15372083333334,-21.25372083333334,21.25372083333334
Baseline Mean,67.6,65.15372083333334,2.446279166666656,2.446279166666656
Baseline Mean,78.0,65.15372083333334,12.846279166666662,12.846279166666662
Baseline Mean,80.2,65.15372083333334,15.046279166666665,15.046279166666665
Baseline Mean,56.6,65.15372083333334,-8.553720833333337,8.553720833333337
Baseline Mean,98.6,65.15372083333334,33.446279166666656,33.446279166666656
Baseline Mean,67.0,65.15372083333334,1.8462791666666618,1.8462791666666618
Baseline Mean,66.4,65.15372083333334,1.2462791666666675,1.2462791666666675
Baseline Mean,65.5,65.15372083333334,0.3462791666666618,0.3462791666666618
Baseline Mean,61.0,65.15372083333334,-4.153720833333338,4.153720833333338
Baseline Mean,74.6,65.15372083333334,9.446279166666656,9.446279166666656
Baseline Mean,70.8,65.15372083333334,5.646279166666659,5.646279166666659
Baseline Mean,39.4,65.15372083333334,-25.75372083333334,25.75372083333334
Baseline Mean,43.3,65.15372083333334,-21.85372083333334,21.85372083333334
Baseline Mean,87.1,65.15372083333334,21.946279166666656,21.946279166666656
Baseline Mean,98.1,65.15372083333334,32.946279166666656,32.946279166666656
Baseline Mean,72.0,65.15372083333334,6.846279166666662,6.846279166666662
Baseline Mean,54.9,65.15372083333334,-10.25372083333334,10.25372083333334
Baseline Mean,61.3,65.15372083333334,-3.853720833333341,3.853720833333341
Baseline Mean,56.2,65.15372083333334,-8.953720833333335,8.953720833333335
Baseline Mean,68.7,65.15372083333334,3.5462791666666647,3.5462791666666647
Baseline Mean,59.9,65.15372083333334,-5.25372083333334,5.25372083333334
Baseline Mean,100.0,65.15372083333334,34.84627916666666,34.84627916666666
Baseline Mean,75.7,65.15372083333334,10.546279166666665,10.546279166666665
Baseline Mean,50.8,65.15372083333334,-14.353720833333341,14.353720833333341
Baseline Mean,41.1,65.15372083333334,-24.053720833333337,24.053720833333337
Baseline Mean,77.3,65.15372083333334,12.146279166666659,12.146279166666659
Baseline Mean,42.9,65.15372083333334,-22.25372083333334,22.25372083333334
Baseline Mean,72.1,65.15372083333334,6.946279166666656,6.946279166666656
Baseline Mean,51.6,65.15372083333334,-13.553720833333337,13.553720833333337
Baseline Mean,75.7,65.15372083333334,10.546279166666665,10.546279166666665
Baseline Mean,86.8,65.15372083333334,21.64627916666666,21.64627916666666
Baseline Mean,87.7,65.15372083333334,22.546279166666665,22.546279166666665
Baseline Mean,57.7,65.15372083333334,-7.453720833333335,7.453720833333335
Baseline Mean,52.9,65.15372083333334,-12.25372083333334,12.25372083333334
Baseline Mean,48.3,65.15372083333334,-16.85372083333334,16.85372083333334
Baseline Mean,66.7,65.15372083333334,1.5462791666666647,1.5462791666666647
Baseline Mean,54.8,65.15372083333334,-10.353720833333341,10.353720833333341
Baseline Mean,79.3,65.15372083333334,14.146279166666659,14.146279166666659
Baseline Mean,60.1,65.15372083333334,-5.053720833333337,5.053720833333337
Baseline Mean,63.1,65.15372083333334,-2.0537208333333368,2.0537208333333368
Baseline Mean,43.8,65.15372083333334,-21.35372083333334,21.35372083333334
Baseline Mean,62.2,65.15372083333334,-2.9537208333333353,2.9537208333333353
Baseline Mean,47.9,65.15372083333334,-17.25372083333334,17.25372083333334
Baseline Mean,43.7,65.15372083333334,-21.453720833333335,21.453720833333335
Baseline Mean,45.2,65.15372083333334,-19.953720833333335,19.953720833333335
Baseline Mean,47.9,65.15372083333334,-17.25372083333334,17.25372083333334
Baseline Mean,88.3,65.15372083333334,23.14627916666666,23.14627916666666
Baseline Mean,46.3,65.15372083333334,-18.85372083333334,18.85372083333334
Baseline Mean,62.2,65.15372083333334,-2.9537208333333353,2.9537208333333353
Baseline Mean,64.3,65.15372083333334,-0.853720833333341,0.853720833333341
Baseline Mean,73.4,65.15372083333334,8.246279166666667,8.246279166666667
Baseline Mean,49.6,65.15372083333334,-15.553720833333337,15.553720833333337
Baseline Mean,59.6,65.15372083333334,-5.553720833333337,5.553720833333337
Baseline Mean,60.4,65.15372083333334,-4.75372083333334,4.75372083333334
Baseline Mean,34.2,65.15372083333334,-30.953720833333335,30.953720833333335
Baseline Mean,52.7,65.15372083333334,-12.453720833333335,12.453720833333335
Baseline Mean,46.6,65.15372083333334,-18.553720833333337,18.553720833333337
Baseline Mean,61.3,65.15372083333334,-3.853720833333341,3.853720833333341
Baseline Mean,53.2,65.15372083333334,-11.953720833333335,11.953720833333335
Baseline Mean,69.2,65.15372083333334,4.046279166666665,4.046279166666665
Baseline Mean,61.8,65.15372083333334,-3.353720833333341,3.353720833333341
Baseline Mean,75.4,65.15372083333334,10.246279166666667,10.246279166666667
Baseline Mean,30.9,65.15372083333334,-34.25372083333334,34.25372083333334
Baseline Mean,51.8,65.15372083333334,-13.353720833333341,13.353720833333341
Baseline Mean,46.4,65.15372083333334,-18.75372083333334,18.75372083333334
Baseline Mean,62.3,65.15372083333334,-2.853720833333341,2.853720833333341
Baseline Mean,44.5,65.15372083333334,-20.653720833333338,20.653720833333338
Baseline Mean,68.9,65.15372083333334,3.7462791666666675,3.7462791666666675
Baseline Mean,71.9,65.15372083333334,6.7462791666666675,6.7462791666666675
Baseline Mean,52.4,65.15372083333334,-12.75372083333334,12.75372083333334
Baseline Mean,71.2,65.15372083333334,6.046279166666665,6.046279166666665
Baseline Mean,50.7,65.15372083333334,-14.453720833333335,14.453720833333335
Baseline Mean,93.4,65.15372083333334,28.246279166666667,28.246279166666667
Baseline Mean,100.0,65.15372083333334,34.84627916666666,34.84627916666666
Baseline Mean,99.0,65.15372083333334,33.84627916666666,33.84627916666666
Baseline Mean,74.7,65.15372083333334,9.546279166666665,9.546279166666665
Baseline Mean,58.3,65.15372083333334,-6.853720833333341,6.853720833333341
Baseline Mean,23.7,65.15372083333334,-41.453720833333335,41.453720833333335
Baseline Mean,41.7,65.15372083333334,-23.453720833333335,23.453720833333335
Baseline Mean,93.5,65.15372083333334,28.346279166666662,28.346279166666662
Baseline Mean,53.7,65.15372083333334,-11.453720833333335,11.453720833333335
Baseline Mean,40.4,65.15372083333334,-24.75372083333334,24.75372083333334
Baseline Mean,53.8,65.15372083333334,-11.353720833333341,11.353720833333341
Baseline Mean,76.2,65.15372083333334,11.046279166666665,11.046279166666665
Baseline Mean,66.2,65.15372083333334,1.0462791666666647,1.0462791666666647
Baseline Mean,55.8,65.15372083333334,-9.353720833333341,9.353720833333341
Baseline Mean,36.9,65.15372083333334,-28.25372083333334,28.25372083333334
Baseline Mean,38.8,65.15372083333334,-26.35372083333334,26.35372083333334
Baseline Mean,84.9,65.15372083333334,19.746279166666667,19.746279166666667
Baseline Mean,37.2,65.15372083333334,-27.953720833333335,27.953720833333335
Baseline Mean,73.4,65.15372083333334,8.246279166666667,8.246279166666667
Baseline Mean,49.3,65.15372083333334,-15.853720833333341,15.853720833333341
Baseline Mean,65.7,65.15372083333334,0.5462791666666647,0.5462791666666647
Baseline Mean,39.9,65.15372083333334,-25.25372083333334,25.25372083333334
Baseline Mean,45.1,65.15372083333334,-20.053720833333337,20.053720833333337
Baseline Mean,95.6,65.15372083333334,30.446279166666656,30.446279166666656
Baseline Mean,50.9,65.15372083333334,-14.25372083333334,14.25372083333334
Baseline Mean,82.8,65.15372083333334,17.64627916666666,17.64627916666666
Baseline Mean,37.0,65.15372083333334,-28.153720833333338,28.153720833333338
Baseline Mean,71.2,65.15372083333334,6.046279166666665,6.046279166666665
Baseline Mean,36.8,65.15372083333334,-28.35372083333334,28.35372083333334
Baseline Mean,62.5,65.15372083333334,-2.653720833333338,2.653720833333338
Baseline Mean,58.6,65.15372083333334,-6.553720833333337,6.553720833333337
Baseline Mean,48.2,65.15372083333334,-16.953720833333335,16.953720833333335
Baseline Mean,38.6,65.15372083333334,-26.553720833333337,26.553720833333337
Baseline Mean,67.0,65.15372083333334,1.8462791666666618,1.8462791666666618
Baseline Mean,77.8,65.15372083333334,12.646279166666659,12.646279166666659
Baseline Mean,80.2,65.15372083333334,15.046279166666665,15.046279166666665
Baseline Mean,91.4,65.15372083333334,26.246279166666667,26.246279166666667
Baseline Mean,66.6,65.15372083333334,1.4462791666666561,1.4462791666666561
Baseline Mean,81.4,65.15372083333334,16.246279166666667,16.246279166666667
Baseline Mean,84.6,65.15372083333334,19.446279166666656,19.446279166666656
Baseline Mean,56.8,65.15372083333334,-8.353720833333341,8.353720833333341
Baseline Mean,56.7,65.15372083333334,-8.453720833333335,8.453720833333335
Baseline Mean,65.4,65.15372083333334,0.2462791666666675,0.2462791666666675
Baseline Mean,31.5,65.15372083333334,-33.65372083333334,33.65372083333334
Baseline Mean,45.1,65.15372083333334,-20.053720833333337,20.053720833333337
Baseline Mean,44.2,65.15372083333334,-20.953720833333335,20.953720833333335
Baseline Mean,87.8,65.15372083333334,22.64627916666666,22.64627916666666
Baseline Mean,100.0,65.15372083333334,34.84627916666666,34.84627916666666
Baseline Mean,48.7,65.15372083333334,-16.453720833333335,16.453720833333335
Baseline Mean,89.7,65.15372083333334,24.546279166666665,24.546279166666665
Baseline Mean,79.1,65.15372083333334,13.946279166666656,13.946279166666656
Baseline Mean,51.1,65.15372083333334,-14.053720833333337,14.053720833333337
Baseline Mean,69.4,65.15372083333334,4.2462791666666675,4.2462791666666675
Baseline Mean,65.8,65.15372083333334,0.646279166666659,0.646279166666659
Baseline Mean,73.1,65.15372083333334,7.946279166666656,7.946279166666656
Baseline Mean,81.9,65.15372083333334,16.746279166666667,16.746279166666667
Baseline Mean,54.7,65.15372083333334,-10.453720833333335,10.453720833333335
Baseline Mean,55.3,65.15372083333334,-9.853720833333341,9.853720833333341
Baseline Mean,60.0,65.15372083333334,-5.153720833333338,5.153720833333338
Baseline Mean,53.6,65.15372083333334,-11.553720833333337,11.553720833333337
Baseline Mean,77.4,65.15372083333334,12.246279166666667,12.246279166666667
Baseline Mean,66.0,65.15372083333334,0.8462791666666618,0.8462791666666618
Baseline Mean,41.8,65.15372083333334,-23.35372083333334,23.35372083333334
Baseline Mean,79.0,65.15372083333334,13.846279166666662,13.846279166666662
Baseline Mean,59.8,65.15372083333334,-5.353720833333341,5.353720833333341
Baseline Mean,94.1,65.15372083333334,28.946279166666656,28.946279166666656
Baseline Mean,55.5,65.15372083333334,-9.653720833333338,9.653720833333338
Baseline Mean,56.0,65.15372083333334,-9.153720833333338,9.153720833333338
Baseline Mean,100.0,65.15372083333334,34.84627916666666,34.84627916666666
Baseline Mean,51.9,65.15372083333334,-13.25372083333334,13.25372083333334
Baseline Mean,39.2,65.15372083333334,-25.953720833333335,25.953720833333335
Baseline Mean,70.1,65.15372083333334,4.946279166666656,4.946279166666656
Baseline Mean,62.0,65.15372083333334,-3.153720833333338,3.153720833333338
Baseline Mean,74.6,65.15372083333334,9.446279166666656,9.446279166666656
Baseline Mean,89.1,65.15372083333334,23.946279166666656,23.946279166666656
Baseline Mean,66.1,65.15372083333334,0.9462791666666561,0.9462791666666561
Baseline Mean,73.8,65.15372083333334,8.646279166666659,8.646279166666659
Baseline Mean,58.3,65.15372083333334,-6.853720833333341,6.853720833333341
Baseline Mean,69.9,65.15372083333334,4.7462791666666675,4.7462791666666675
Baseline Mean,59.7,65.15372083333334,-5.453720833333335,5.453720833333335
Baseline Mean,74.0,65.15372083333334,8.846279166666662,8.846279166666662
Baseline Mean,88.7,65.15372083333334,23.546279166666665,23.546279166666665
Baseline Mean,33.4,65.15372083333334,-31.75372083333334,31.75372083333334
Baseline Mean,67.3,65.15372083333334,2.146279166666659,2.146279166666659
Baseline Mean,51.8,65.15372083333334,-13.353720833333341,13.353720833333341
Baseline Mean,83.0,65.15372083333334,17.846279166666662,17.846279166666662
Baseline Mean,65.2,65.15372083333334,0.04627916666666465,0.04627916666666465
Baseline Mean,57.0,65.15372083333334,-8.153720833333338,8.153720833333338
Baseline Mean,100.0,65.15372083333334,34.84627916666666,34.84627916666666
Baseline Mean,58.9,65.15372083333334,-6.25372083333334,6.25372083333334
Baseline Mean,92.3,65.15372083333334,27.14627916666666,27.14627916666666
Baseline Mean,47.8,65.15372083333334,-17.35372083333334,17.35372083333334
Baseline Mean,76.0,65.15372083333334,10.846279166666662,10.846279166666662
Baseline Mean,55.3,65.15372083333334,-9.853720833333341,9.853720833333341
Baseline Mean,48.4,65.15372083333334,-16.75372083333334,16.75372083333334
Baseline Mean,49.9,65.15372083333334,-15.25372083333334,15.25372083333334
Baseline Mean,33.4,65.15372083333334,-31.75372083333334,31.75372083333334
Baseline Mean,75.0,65.15372083333334,9.846279166666662,9.846279166666662
Baseline Mean,85.1,65.15372083333334,19.946279166666656,19.946279166666656
Baseline Mean,80.1,65.15372083333334,14.946279166666656,14.946279166666656
Baseline Mean,61.2,65.15372083333334,-3.9537208333333353,3.9537208333333353
Baseline Mean,65.1,65.15372083333334,-0.053720833333343876,0.053720833333343876
Baseline Mean,71.6,65.15372083333334,6.446279166666656,6.446279166666656
Baseline Mean,78.1,65.15372083333334,12.946279166666656,12.946279166666656
Baseline Mean,99.1,65.15372083333334,33.946279166666656,33.946279166666656
Baseline Mean,71.6,65.15372083333334,6.446279166666656,6.446279166666656
Baseline Mean,61.7,65.15372083333334,-3.4537208333333353,3.4537208333333353
Baseline Mean,77.1,65.15372083333334,11.946279166666656,11.946279166666656
Baseline Mean,55.4,65.15372083333334,-9.75372083333334,9.75372083333334
Baseline Mean,64.5,65.15372083333334,-0.6537208333333382,0.6537208333333382
Baseline Mean,52.5,65.15372083333334,-12.653720833333338,12.653720833333338
Baseline Mean,54.7,65.15372083333334,-10.453720833333335,10.453720833333335
Baseline Mean,94.9,65.15372083333334,29.746279166666667,29.746279166666667
Baseline Mean,66.8,65.15372083333334,1.646279166666659,1.646279166666659
Baseline Mean,55.6,65.15372083333334,-9.553720833333337,9.553720833333337
Baseline Mean,64.4,65.15372083333334,-0.7537208333333325,0.7537208333333325
Baseline Mean,82.0,65.15372083333334,16.846279166666662,16.846279166666662
Baseline Mean,77.9,65.15372083333334,12.746279166666667,12.746279166666667
Baseline Mean,68.3,65.15372083333334,3.146279166666659,3.146279166666659
Baseline Mean,62.9,65.15372083333334,-2.2537208333333396,2.2537208333333396
Baseline Mean,74.2,65.15372083333334,9.046279166666665,9.046279166666665
Baseline Mean,79.6,65.15372083333334,14.446279166666656,14.446279166666656
Baseline Mean,79.9,65.15372083333334,14.746279166666667,14.746279166666667
Baseline Mean,58.0,65.15372083333334,-7.153720833333338,7.153720833333338
Baseline Mean,53.3,65.15372083333334,-11.853720833333341,11.853720833333341
Baseline Mean,46.2,65.15372083333334,-18.953720833333335,18.953720833333335
Baseline Mean,46.7,65.15372083333334,-18.453720833333335,18.453720833333335
Baseline Mean,74.4,65.15372083333334,9.246279166666667,9.246279166666667
Baseline Mean,100.0,65.15372083333334,34.84627916666666,34.84627916666666
Baseline Mean,55.9,65.15372083333334,-9.25372083333334,9.25372083333334
Baseline Mean,83.3,65.15372083333334,18.14627916666666,18.14627916666666
Baseline Mean,65.9,65.15372083333334,0.7462791666666675,0.7462791666666675
Baseline Mean,77.2,65.15372083333334,12.046279166666665,12.046279166666665
Baseline Mean,100.0,65.15372083333334,34.84627916666666,34.84627916666666
Baseline Mean,74.0,65.15372083333334,8.846279166666662,8.846279166666662
Baseline Mean,29.5,65.15372083333334,-35.65372083333334,35.65372083333334
Baseline Mean,93.8,65.15372083333334,28.64627916666666,28.64627916666666
Baseline Mean,100.0,65.15372083333334,34.84627916666666,34.84627916666666
Baseline Mean,50.3,65.15372083333334,-14.853720833333341,14.853720833333341
Baseline Mean,82.4,65.15372083333334,17.246279166666667,17.246279166666667
Baseline Mean,92.6,65.15372083333334,27.446279166666656,27.446279166666656
Baseline Mean,55.9,65.15372083333334,-9.25372083333334,9.25372083333334
Baseline Mean,64.1,65.15372083333334,-1.0537208333333439,1.0537208333333439
Baseline Mean,68.9,65.15372083333334,3.7462791666666675,3.7462791666666675
Baseline Mean,62.3,65.15372083333334,-2.853720833333341,2.853720833333341
Baseline Mean,62.5,65.15372083333334,-2.653720833333338,2.653720833333338
Baseline Mean,38.9,65.15372083333334,-26.25372083333334,26.25372083333334
Baseline Mean,100.0,65.15372083333334,34.84627916666666,34.84627916666666
Baseline Mean,29.6,65.15372083333334,-35.55372083333334,35.55372083333334
Baseline Mean,72.0,65.15372083333334,6.846279166666662,6.846279166666662
Baseline Mean,52.8,65.15372083333334,-12.353720833333341,12.353720833333341
Baseline Mean,61.3,65.15372083333334,-3.853720833333341,3.853720833333341
Baseline Mean,80.3,65.15372083333334,15.146279166666659,15.146279166666659
Baseline Mean,40.5,65.15372083333334,-24.653720833333338,24.653720833333338
Baseline Mean,55.8,65.15372083333334,-9.353720833333341,9.353720833333341
Baseline Mean,65.0,65.15372083333334,-0.1537208333333382,0.1537208333333382
Baseline Mean,73.0,65.15372083333334,7.846279166666662,7.846279166666662
Baseline Mean,56.2,65.15372083333334,-8.953720833333335,8.953720833333335
Baseline Mean,60.9,65.15372083333334,-4.25372083333334,4.25372083333334
Baseline Mean,46.6,65.15372083333334,-18.553720833333337,18.553720833333337
Baseline Mean,62.9,65.15372083333334,-2.2537208333333396,2.2537208333333396
Baseline Mean,59.0,65.15372083333334,-6.153720833333338,6.153720833333338
Baseline Mean,51.1,65.15372083333334,-14.053720833333337,14.053720833333337
Baseline Mean,36.9,65.15372083333334,-28.25372083333334,28.25372083333334
Baseline Mean,71.8,65.15372083333334,6.646279166666659,6.646279166666659
Baseline Mean,45.2,65.15372083333334,-19.953720833333335,19.953720833333335
Baseline Mean,53.1,65.15372083333334,-12.053720833333337,12.053720833333337
Baseline Mean,98.1,65.15372083333334,32.946279166666656,32.946279166666656
Baseline Mean,55.7,65.15372083333334,-9.453720833333335,9.453720833333335
Baseline Mean,69.7,65.15372083333334,4.546279166666665,4.546279166666665
Baseline Mean,70.3,65.15372083333334,5.146279166666659,5.146279166666659
Baseline Mean,31.2,65.15372083333334,-33.953720833333335,33.953720833333335
Baseline Mean,46.6,65.15372083333334,-18.553720833333337,18.553720833333337
Baseline Mean,72.5,65.15372083333334,7.346279166666662,7.346279166666662
Baseline Mean,63.1,65.15372083333334,-2.0537208333333368,2.0537208333333368
Baseline Mean,72.4,65.15372083333334,7.2462791666666675,7.2462791666666675
Baseline Mean,79.0,65.15372083333334,13.846279166666662,13.846279166666662
Baseline Mean,62.6,65.15372083333334,-2.5537208333333368,2.5537208333333368
Baseline Mean,99.3,65.15372083333334,34.14627916666666,34.14627916666666
Baseline Mean,50.8,65.15372083333334,-14.353720833333341,14.353720833333341
Baseline Mean,63.0,65.15372083333334,-2.153720833333338,2.153720833333338
Baseline Mean,80.0,65.15372083333334,14.846279166666662,14.846279166666662
Baseline Mean,66.9,65.15372083333334,1.7462791666666675,1.7462791666666675
Baseline Mean,50.7,65.15372083333334,-14.453720833333335,14.453720833333335
Baseline Mean,48.6,65.15372083333334,-16.553720833333337,16.553720833333337
Baseline Mean,75.4,65.15372083333334,10.246279166666667,10.246279166666667
Baseline Mean,100.0,65.15372083333334,34.84627916666666,34.84627916666666
Baseline Mean,58.0,65.15372083333334,-7.153720833333338,7.153720833333338
Baseline Mean,70.9,65.15372083333334,5.7462791666666675,5.7462791666666675
Baseline Mean,74.6,65.15372083333334,9.446279166666656,9.446279166666656
Baseline Mean,58.6,65.15372083333334,-6.553720833333337,6.553720833333337
Baseline Mean,59.3,65.15372083333334,-5.853720833333341,5.853720833333341
Baseline Mean,86.1,65.15372083333334,20.946279166666656,20.946279166666656
Baseline Mean,85.0,65.15372083333334,19.846279166666662,19.846279166666662
Baseline Mean,84.8,65.15372083333334,19.64627916666666,19.64627916666666
Baseline Mean,37.8,65.15372083333334,-27.35372083333334,27.35372083333334
Baseline Mean,38.1,65.15372083333334,-27.053720833333337,27.053720833333337
Baseline Mean,46.9,65.15372083333334,-18.25372083333334,18.25372083333334
Baseline Mean,74.6,65.15372083333334,9.446279166666656,9.446279166666656
Baseline Mean,59.4,65.15372083333334,-5.75372083333334,5.75372083333334
Baseline Mean,42.2,65.15372083333334,-22.953720833333335,22.953720833333335
Baseline Mean,67.9,65.15372083333334,2.7462791666666675,2.7462791666666675
Baseline Mean,55.9,65.15372083333334,-9.25372083333334,9.25372083333334
Baseline Mean,71.6,65.15372083333334,6.446279166666656,6.446279166666656
Baseline Mean,65.8,65.15372083333334,0.646279166666659,0.646279166666659
Baseline Mean,73.6,65.15372083333334,8.446279166666656,8.446279166666656
Baseline Mean,78.6,65.15372083333334,13.446279166666656,13.446279166666656
Baseline Mean,58.7,65.15372083333334,-6.453720833333335,6.453720833333335
Baseline Mean,47.3,65.15372083333334,-17.85372083333334,17.85372083333334
Baseline Mean,75.5,65.15372083333334,10.346279166666662,10.346279166666662
Baseline Mean,49.7,65.15372083333334,-15.453720833333335,15.453720833333335
Baseline Mean,54.7,65.15372083333334,-10.453720833333335,10.453720833333335
Baseline Mean,46.1,65.15372083333334,-19.053720833333337,19.053720833333337
Baseline Mean,77.4,65.15372083333334,12.246279166666667,12.246279166666667
Baseline Mean,49.4,65.15372083333334,-15.75372083333334,15.75372083333334
Baseline Mean,30.9,65.15372083333334,-34.25372083333334,34.25372083333334
Baseline Mean,49.3,65.15372083333334,-15.853720833333341,15.853720833333341
Baseline Mean,65.6,65.15372083333334,0.4462791666666561,0.4462791666666561
Baseline Mean,30.7,65.15372083333334,-34.453720833333335,34.453720833333335
Baseline Mean,48.3,65.15372083333334,-16.85372083333334,16.85372083333334
Baseline Mean,94.4,65.15372083333334,29.246279166666667,29.246279166666667
Baseline Mean,88.5,65.15372083333334,23.346279166666662,23.346279166666662
Baseline Mean,74.5,65.15372083333334,9.346279166666662,9.346279166666662
Baseline Mean,27.7,65.15372083333334,-37.453720833333335,37.453720833333335
Baseline Mean,88.4,65.15372083333334,23.246279166666667,23.246279166666667
Baseline Mean,48.7,65.15372083333334,-16.453720833333335,16.453720833333335
Baseline Mean,66.6,65.15372083333334,1.4462791666666561,1.4462791666666561
Baseline Mean,81.3,65.15372083333334,16.14627916666666,16.14627916666666
Baseline Mean,89.5,65.15372083333334,24.346279166666662,24.346279166666662
Baseline Mean,41.9,65.15372083333334,-23.25372083333334,23.25372083333334
Baseline Mean,55.4,65.15372083333334,-9.75372083333334,9.75372083333334
Baseline Mean,73.6,65.15372083333334,8.446279166666656,8.446279166666656
Baseline Mean,72.1,65.15372083333334,6.946279166666656,6.946279166666656
Baseline Mean,36.1,65.15372083333334,-29.053720833333337,29.053720833333337
Baseline Mean,96.7,65.15372083333334,31.546279166666665,31.546279166666665
Baseline Mean,29.2,65.15372083333334,-35.953720833333335,35.953720833333335
Baseline Mean,99.7,65.15372083333334,34.546279166666665,34.546279166666665
Baseline Mean,76.0,65.15372083333334,10.846279166666662,10.846279166666662
Baseline Mean,48.6,65.15372083333334,-16.553720833333337,16.553720833333337
Baseline Mean,70.4,65.15372083333334,5.2462791666666675,5.2462791666666675
Baseline Mean,95.7,65.15372083333334,30.546279166666665,30.546279166666665
Baseline Mean,56.7,65.15372083333334,-8.453720833333335,8.453720833333335
Baseline Mean,54.0,65.15372083333334,-11.153720833333338,11.153720833333338
Baseline Mean,82.9,65.15372083333334,17.746279166666667,17.746279166666667
Baseline Mean,53.7,65.15372083333334,-11.453720833333335,11.453720833333335
Baseline Mean,66.0,65.15372083333334,0.8462791666666618,0.8462791666666618
Baseline Mean,71.2,65.15372083333334,6.046279166666665,6.046279166666665
Baseline Mean,70.1,65.15372083333334,4.946279166666656,4.946279166666656
Baseline Mean,66.7,65.15372083333334,1.5462791666666647,1.5462791666666647
Baseline Mean,95.8,65.15372083333334,30.64627916666666,30.64627916666666
Baseline Mean,38.8,65.15372083333334,-26.35372083333334,26.35372083333334
Baseline Mean,79.9,65.15372083333334,14.746279166666667,14.746279166666667
Baseline Mean,81.6,65.15372083333334,16.446279166666656,16.446279166666656
Baseline Mean,59.1,65.15372083333334,-6.053720833333337,6.053720833333337
Baseline Mean,57.4,65.15372083333334,-7.75372083333334,7.75372083333334
Baseline Mean,34.3,65.15372083333334,-30.85372083333334,30.85372083333334
Baseline Mean,68.5,65.15372083333334,3.346279166666662,3.346279166666662
Baseline Mean,87.1,65.15372083333334,21.946279166666656,21.946279166666656
Baseline Mean,34.1,65.15372083333334,-31.053720833333337,31.053720833333337
Baseline Mean,86.0,65.15372083333334,20.846279166666662,20.846279166666662
Baseline Mean,61.6,65.15372083333334,-3.5537208333333368,3.5537208333333368
Baseline Mean,64.6,65.15372083333334,-0.5537208333333439,0.5537208333333439
Baseline Mean,31.7,65.15372083333334,-33.453720833333335,33.453720833333335
Baseline Mean,63.7,65.15372083333334,-1.4537208333333353,1.4537208333333353
Baseline Mean,68.1,65.15372083333334,2.946279166666656,2.946279166666656
Baseline Mean,58.5,65.15372083333334,-6.653720833333338,6.653720833333338
Baseline Mean,81.1,65.15372083333334,15.946279166666656,15.946279166666656
Baseline Mean,84.6,65.15372083333334,19.446279166666656,19.446279166666656
Baseline Mean,77.7,65.15372083333334,12.546279166666665,12.546279166666665
Baseline Mean,72.7,65.15372083333334,7.546279166666665,7.546279166666665
Baseline Mean,69.2,65.15372083333334,4.046279166666665,4.046279166666665
Baseline Mean,68.8,65.15372083333334,3.646279166666659,3.646279166666659
Baseline Mean,56.6,65.15372083333334,-8.553720833333337,8.553720833333337
Baseline Mean,79.6,65.15372083333334,14.446279166666656,14.446279166666656
Baseline Mean,87.8,65.15372083333334,22.64627916666666,22.64627916666666
Baseline Mean,60.6,65.15372083333334,-4.553720833333337,4.553720833333337
Baseline Mean,54.3,65.15372083333334,-10.853720833333341,10.853720833333341
Baseline Mean,83.1,65.15372083333334,17.946279166666656,17.946279166666656
Baseline Mean,43.5,65.15372083333334,-21.653720833333338,21.653720833333338
Baseline Mean,78.3,65.15372083333334,13.146279166666659,13.146279166666659
Baseline Mean,55.3,65.15372083333334,-9.853720833333341,9.853720833333341
Baseline Mean,71.3,65.15372083333334,6.146279166666659,6.146279166666659
Baseline Mean,71.5,65.15372083333334,6.346279166666662,6.346279166666662
Baseline Mean,70.2,65.15372083333334,5.046279166666665,5.046279166666665
Baseline Mean,94.0,65.15372083333334,28.846279166666662,28.846279166666662
Baseline Mean,78.3,65.15372083333334,13.146279166666659,13.146279166666659
Baseline Mean,80.8,65.15372083333334,15.646279166666659,15.646279166666659
Baseline Mean,73.1,65.15372083333334,7.946279166666656,7.946279166666656
Baseline Mean,58.3,65.15372083333334,-6.853720833333341,6.853720833333341
Baseline Mean,84.4,65.15372083333334,19.246279166666667,19.246279166666667
Baseline Mean,80.2,65.15372083333334,15.046279166666665,15.046279166666665
Baseline Mean,64.3,65.15372083333334,-0.853720833333341,0.853720833333341
Baseline Mean,67.9,65.15372083333334,2.7462791666666675,2.7462791666666675
Baseline Mean,75.9,65.15372083333334,10.746279166666667,10.746279166666667
Baseline Mean,69.5,65.15372083333334,4.346279166666662,4.346279166666662
Baseline Mean,52.6,65.15372083333334,-12.553720833333337,12.553720833333337
Baseline Mean,63.3,65.15372083333334,-1.853720833333341,1.853720833333341
Baseline Mean,46.3,65.15372083333334,-18.85372083333334,18.85372083333334
Baseline Mean,49.1,65.15372083333334,-16.053720833333337,16.053720833333337
Baseline Mean,59.0,65.15372083333334,-6.153720833333338,6.153720833333338
Baseline Mean,79.9,65.15372083333334,14.746279166666667,14.746279166666667
Baseline Mean,64.9,65.15372083333334,-0.2537208333333325,0.2537208333333325
Baseline Mean,57.7,65.15372083333334,-7.453720833333335,7.453720833333335
Baseline Mean,9.4,65.15372083333334,-55.75372083333334,55.75372083333334
Baseline Mean,74.1,65.15372083333334,8.946279166666656,8.946279166666656
Baseline Mean,40.8,65.15372083333334,-24.35372083333334,24.35372083333334
Baseline Mean,87.3,65.15372083333334,22.14627916666666,22.14627916666666
Baseline Mean,70.9,65.15372083333334,5.7462791666666675,5.7462791666666675
Baseline Mean,88.7,65.15372083333334,23.546279166666665,23.546279166666665
Baseline Mean,56.9,65.15372083333334,-8.25372083333334,8.25372083333334
Baseline Mean,69.0,65.15372083333334,3.846279166666662,3.846279166666662
Baseline Mean,58.9,65.15372083333334,-6.25372083333334,6.25372083333334
Baseline Mean,38.1,65.15372083333334,-27.053720833333337,27.053720833333337
Baseline Mean,38.6,65.15372083333334,-26.553720833333337,26.553720833333337
Baseline Mean,75.0,65.15372083333334,9.846279166666662,9.846279166666662
Baseline Mean,64.9,65.15372083333334,-0.2537208333333325,0.2537208333333325
Baseline Mean,73.9,65.15372083333334,8.746279166666667,8.746279166666667
Baseline Mean,58.8,65.15372083333334,-6.353720833333341,6.353720833333341
Baseline Mean,58.1,65.15372083333334,-7.053720833333337,7.053720833333337
Baseline Mean,33.7,65.15372083333334,-31.453720833333335,31.453720833333335
Baseline Mean,35.3,65.15372083333334,-29.85372083333334,29.85372083333334
Baseline Mean,55.9,65.15372083333334,-9.25372083333334,9.25372083333334
Baseline Mean,48.5,65.15372083333334,-16.653720833333338,16.653720833333338
Baseline Mean,40.4,65.15372083333334,-24.75372083333334,24.75372083333334
Baseline Mean,100.0,65.15372083333334,34.84627916666666,34.84627916666666
Baseline Mean,97.5,65.15372083333334,32.34627916666666,32.34627916666666
Baseline Mean,52.3,65.15372083333334,-12.853720833333341,12.853720833333341
Baseline Mean,84.6,65.15372083333334,19.446279166666656,19.446279166666656
Baseline Mean,76.6,65.15372083333334,11.446279166666656,11.446279166666656
Baseline Mean,87.1,65.15372083333334,21.946279166666656,21.946279166666656
Baseline Mean,71.7,65.15372083333334,6.546279166666665,6.546279166666665
Baseline Mean,89.9,65.15372083333334,24.746279166666667,24.746279166666667
Baseline Mean,80.9,65.15372083333334,15.746279166666667,15.746279166666667
Baseline Mean,67.5,65.15372083333334,2.346279166666662,2.346279166666662
Baseline Mean,45.3,65.15372083333334,-19.85372083333334,19.85372083333334
Baseline Mean,74.0,65.15372083333334,8.846279166666662,8.846279166666662
Baseline Mean,48.8,65.15372083333334,-16.35372083333334,16.35372083333334
Baseline Mean,61.0,65.15372083333334,-4.153720833333338,4.153720833333338
Baseline Mean,51.1,65.15372083333334,-14.053720833333337,14.053720833333337
Baseline Mean,64.8,65.15372083333334,-0.35372083333334103,0.35372083333334103
Baseline Mean,72.9,65.15372083333334,7.7462791666666675,7.7462791666666675
Baseline Mean,50.7,65.15372083333334,-14.453720833333335,14.453720833333335
Baseline Mean,81.3,65.15372083333334,16.14627916666666,16.14627916666666
Baseline Mean,41.5,65.15372083333334,-23.653720833333338,23.653720833333338
Baseline Mean,47.9,65.15372083333334,-17.25372083333334,17.25372083333334
Baseline Mean,61.6,65.15372083333334,-3.5537208333333368,3.5537208333333368
Baseline Mean,100.0,65.15372083333334,34.84627916666666,34.84627916666666
Baseline Mean,60.2,65.15372083333334,-4.953720833333335,4.953720833333335
Baseline Mean,68.0,65.15372083333334,2.846279166666662,2.846279166666662
Baseline Mean,50.5,65.15372083333334,-14.653720833333338,14.653720833333338
Baseline Mean,79.9,65.15372083333334,14.746279166666667,14.746279166666667
Baseline Mean,58.1,65.15372083333334,-7.053720833333337,7.053720833333337
Baseline Mean,63.1,65.15372083333334,-2.0537208333333368,2.0537208333333368
Baseline Mean,58.9,65.15372083333334,-6.25372083333334,6.25372083333334
Baseline Mean,55.7,65.15372083333334,-9.453720833333335,9.453720833333335
Baseline Mean,66.9,65.15372083333334,1.7462791666666675,1.7462791666666675
Baseline Mean,41.7,65.15372083333334,-23.453720833333335,23.453720833333335
Baseline Mean,71.5,65.15372083333334,6.346279166666662,6.346279166666662
Baseline Mean,65.1,65.15372083333334,-0.053720833333343876,0.053720833333343876
Baseline Mean,55.3,65.15372083333334,-9.853720833333341,9.853720833333341
Baseline Mean,91.3,65.15372083333334,26.14627916666666,26.14627916666666
Baseline Mean,100.0,65.15372083333334,34.84627916666666,34.84627916666666
Baseline Mean,64.9,65.15372083333334,-0.2537208333333325,0.2537208333333325
Baseline Mean,40.1,65.15372083333334,-25.053720833333337,25.053720833333337
Baseline Mean,100.0,65.15372083333334,34.84627916666666,34.84627916666666
Baseline Mean,47.0,65.15372083333334,-18.153720833333338,18.153720833333338
Baseline Mean,90.4,65.15372083333334,25.246279166666667,25.246279166666667
Baseline Mean,58.4,65.15372083333334,-6.75372083333334,6.75372083333334
Baseline Mean,78.1,65.15372083333334,12.946279166666656,12.946279166666656
Baseline Mean,73.8,65.15372083333334,8.646279166666659,8.646279166666659
Baseline Mean,53.9,65.15372083333334,-11.25372083333334,11.25372083333334
Baseline Mean,67.1,65.15372083333334,1.9462791666666561,1.9462791666666561
Baseline Mean,62.2,65.15372083333334,-2.9537208333333353,2.9537208333333353
Baseline Mean,45.5,65.15372083333334,-19.653720833333338,19.653720833333338
Baseline Mean,53.3,65.15372083333334,-11.853720833333341,11.853720833333341
Baseline Mean,85.6,65.15372083333334,20.446279166666656,20.446279166666656
Baseline Mean,59.0,65.15372083333334,-6.153720833333338,6.153720833333338
Baseline Mean,63.6,65.15372083333334,-1.5537208333333368,1.5537208333333368
Baseline Mean,56.9,65.15372083333334,-8.25372083333334,8.25372083333334
Baseline Mean,60.1,65.15372083333334,-5.053720833333337,5.053720833333337
Baseline Mean,100.0,65.15372083333334,34.84627916666666,34.84627916666666
Baseline Mean,56.9,65.15372083333334,-8.25372083333334,8.25372083333334
Baseline Mean,100.0,65.15372083333334,34.84627916666666,34.84627916666666
Baseline Mean,82.2,65.15372083333334,17.046279166666665,17.046279166666665
Baseline Mean,77.6,65.15372083333334,12.446279166666656,12.446279166666656
Baseline Mean,81.8,65.15372083333334,16.64627916666666,16.64627916666666
Baseline Mean,80.9,65.15372083333334,15.746279166666667,15.746279166666667
Baseline Mean,67.5,65.15372083333334,2.346279166666662,2.346279166666662
Baseline Mean,75.8,65.15372083333334,10.646279166666659,10.646279166666659
Baseline Mean,74.0,65.15372083333334,8.846279166666662,8.846279166666662
Baseline Mean,47.4,65.15372083333334,-17.75372083333334,17.75372083333334
Baseline Mean,70.7,65.15372083333334,5.546279166666665,5.546279166666665
Baseline Mean,84.1,65.15372083333334,18.946279166666656,18.946279166666656
Baseline Mean,55.9,65.15372083333334,-9.25372083333334,9.25372083333334
Baseline Mean,84.5,65.15372083333334,19.346279166666662,19.346279166666662
Baseline Mean,40.4,65.15372083333334,-24.75372083333334,24.75372083333334
Baseline Mean,70.3,65.15372083333334,5.146279166666659,5.146279166666659
Baseline Mean,72.6,65.15372083333334,7.446279166666656,7.446279166666656
Baseline Mean,43.4,65.15372083333334,-21.75372083333334,21.75372083333334
