day_of_week,age,gender,weight_kg,height_cm,fitness_level,primary_sport,day_strain,sleep_hours,sleep_efficiency,sleep_performance,light_sleep_hours,rem_sleep_hours,deep_sleep_hours,wake_ups,time_to_fall_asleep_min,hrv,resting_heart_rate,hrv_baseline,rhr_baseline,respiratory_rate,skin_temp_deviation,calories_burned,workout_completed,activity_type,activity_duration_min,activity_strain,avg_heart_rate,max_heart_rate,activity_calories,hr_zone_1_min,hr_zone_2_min,hr_zone_3_min,hr_zone_4_min,hr_zone_5_min,workout_time_of_day,date_month,date_dayofyear,Actual_Recovery_Score,Predicted_Recovery_Score,Residual,Absolute_Error
Saturday,53,Female,67.4,166.0,Advanced,Swimming,3.49,7.22,50.0,100.0,4.41,1.57,1.24,2,8.5,80.4,44.9,63,51,14.2,0.36,2357.0,0,Rest Day,0,0.0,0.0,0.0,0.0,0.0,0.0,0.0,0.0,0.0,,3,77,69.0,61.00913076549682,7.9908692345031795,7.9908692345031795
Monday,60,Male,75.0,195.8,Intermediate,Walking,3.76,7.18,74.0,100.0,4.5,1.53,1.16,0,5.0,88.4,62.1,78,67,13.9,-0.59,2773.0,1,Walking,45,3.92,111.5,127.5,141.0,17.4,16.5,8.5,2.6,0.0,Morning,11,324,81.6,70.97755950789124,10.622440492108751,10.622440492108751
Monday,50,Male,102.4,173.8,Intermediate,Running,14.07,5.92,84.1,100.0,3.59,1.25,1.08,0,5.0,76.2,59.5,76,61,20.4,0.29,3927.0,1,Running,46,14.78,140.4,157.4,544.0,5.5,9.9,13.3,11.8,5.6,Afternoon,7,212,63.1,76.17472273487542,-13.074722734875415,13.074722734875415
Wednesday,19,Male,74.0,179.2,Intermediate,Walking,16.9,7.85,62.3,100.0,4.88,1.58,1.39,0,10.0,80.6,61.4,73,62,17.5,0.58,4373.0,1,CrossFit,60,14.11,164.4,184.5,677.0,4.2,14.1,16.6,20.1,5.0,Evening,2,32,89.3,69.61963549949087,19.68036450050913,19.68036450050913
Monday,47,Female,66.0,157.5,Intermediate,Swimming,9.14,7.13,92.4,100.0,4.1,1.69,1.34,0,5.0,30.3,76.3,34,74,13.8,-0.64,3279.0,1,Running,35,11.35,135.8,153.1,319.0,3.8,7.2,9.3,10.1,4.7,Evening,4,114,49.6,53.19830051246961,-3.5983005124696064,3.5983005124696064
Wednesday,42,Male,82.9,166.3,Intermediate,Cycling,21.0,7.16,84.8,100.0,4.49,1.58,1.08,0,5.0,64.6,65.5,93,61,17.5,-0.34,4920.0,1,Cycling,64,11.23,139.5,157.3,582.0,6.1,12.4,19.3,21.0,6.0,Evening,1,4,44.5,58.00058529350088,-13.500585293500883,13.500585293500883
Sunday,50,Male,102.4,173.8,Intermediate,Running,13.03,6.45,72.0,100.0,4.06,1.37,1.01,0,5.2,66.7,62.6,76,61,15.1,-0.67,3867.0,1,Running,66,15.02,140.9,157.9,793.0,5.3,11.7,16.2,22.3,10.5,Evening,5,134,63.5,70.67048216038415,-7.170482160384154,7.170482160384154
Saturday,50,Male,81.4,178.9,Advanced,HIIT,11.19,7.55,92.3,100.0,4.44,1.73,1.39,0,5.0,83.5,58.3,72,63,15.6,0.42,3320.0,1,HIIT,41,14.67,140.2,157.2,481.0,3.1,8.5,12.8,12.3,4.3,Afternoon,8,217,74.6,76.03232855443987,-1.4323285544398772,1.4323285544398772
Wednesday,45,Male,52.5,189.6,Advanced,Weight Training,15.38,7.7,93.3,100.0,4.76,1.65,1.29,0,5.0,55.3,55.3,83,55,18.7,-0.23,3787.0,1,Yoga,36,3.75,121.6,139.1,108.0,14.6,14.4,5.3,1.7,0.0,Afternoon,5,137,54.6,58.17512105804952,-3.5751210580495183,3.5751210580495183
Friday,58,Male,78.3,173.3,Elite,Running,8.69,8.05,100.0,100.0,4.65,1.92,1.48,0,5.0,65.7,48.4,64,48,15.4,0.45,3075.0,1,Running,33,14.5,133.3,149.5,383.0,4.1,6.0,10.4,10.5,2.0,Evening,10,279,84.3,65.06450066623994,19.23549933376006,19.23549933376006
Sunday,37,Male,78.7,176.1,Intermediate,Yoga,10.61,5.54,84.5,100.0,3.27,1.21,1.06,0,5.0,61.0,60.5,47,62,17.0,0.13,3636.0,0,Rest Day,0,0.0,0.0,0.0,0.0,0.0,0.0,0.0,0.0,0.0,,4,99,98.1,64.2623643237407,33.837635676259296,33.837635676259296
Saturday,38,Male,93.5,180.2,Elite,Running,4.36,5.6,87.8,100.0,3.36,1.22,1.01,0,5.0,90.0,63.6,84,69,14.5,-0.39,2276.0,1,Cycling,45,12.17,144.7,162.9,438.0,2.7,10.1,11.4,14.2,6.5,Afternoon,5,126,64.8,64.80202967793208,-0.0020296779320858604,0.0020296779320858604
Wednesday,48,Female,73.0,169.2,Intermediate,CrossFit,7.37,6.13,91.6,100.0,3.6,1.32,1.22,0,5.0,61.5,58.0,56,57,15.3,-0.39,3137.0,0,Rest Day,0,0.0,0.0,0.0,0.0,0.0,0.0,0.0,0.0,0.0,,5,130,45.4,63.102690091543906,-17.702690091543907,17.702690091543907
Wednesday,48,Female,68.6,156.2,Elite,CrossFit,9.41,8.71,87.6,100.0,5.51,1.78,1.42,1,5.0,107.1,40.0,104,45,15.6,-1.12,3332.0,0,Rest Day,0,0.0,0.0,0.0,0.0,0.0,0.0,0.0,0.0,0.0,,5,144,48.0,69.69472523763038,-21.69472523763038,21.69472523763038
Sunday,47,Female,66.0,157.5,Intermediate,Swimming,4.18,7.27,93.2,100.0,4.48,1.64,1.15,0,5.0,39.5,69.1,34,74,16.1,0.07,2558.0,0,Rest Day,0,0.0,0.0,0.0,0.0,0.0,0.0,0.0,0.0,0.0,,1,22,58.3,57.69475843970676,0.6052415602932371,0.6052415602932371
Sunday,30,Male,67.5,181.0,Advanced,Swimming,5.09,6.23,79.1,100.0,3.75,1.41,1.06,0,5.6,76.5,63.8,58,66,15.1,-0.22,2295.0,0,Rest Day,0,0.0,0.0,0.0,0.0,0.0,0.0,0.0,0.0,0.0,,12,344,26.4,47.82304044305872,-21.423040443058724,21.423040443058724
Sunday,43,Male,82.2,187.5,Advanced,Swimming,8.64,7.22,64.5,100.0,4.3,1.6,1.32,2,5.0,65.0,48.3,65,55,16.9,1.02,3033.0,1,Swimming,34,14.43,145.5,163.2,393.0,5.0,7.6,8.8,9.7,2.9,Evening,3,71,66.9,71.47871730992618,-4.578717309926176,4.578717309926176
Saturday,27,Male,76.8,186.5,Intermediate,Yoga,5.97,7.04,67.1,100.0,4.32,1.62,1.1,1,5.0,21.7,63.4,30,66,14.7,-0.62,2799.0,1,Yoga,34,3.31,133.1,152.4,90.0,13.6,15.6,4.8,0.0,0.0,Afternoon,6,168,52.9,54.90266328165726,-2.002663281657263,2.002663281657263
Sunday,23,Male,77.7,174.1,Beginner,Walking,11.37,7.29,81.9,100.0,4.53,1.65,1.1,0,5.0,69.9,48.8,78,55,15.8,-0.28,3818.0,1,Walking,22,4.26,138.0,157.7,75.0,9.2,8.8,2.5,1.0,0.6,Afternoon,7,197,64.5,74.11477743345301,-9.614777433453014,9.614777433453014
Tuesday,38,Female,55.5,170.3,Elite,Yoga,11.64,7.05,77.3,100.0,4.26,1.51,1.28,0,7.3,36.2,67.3,51,63,13.4,-0.37,3674.0,1,Yoga,43,2.9,124.6,142.8,100.0,18.7,16.8,5.6,2.1,0.0,Morning,9,255,46.6,47.74995372412537,-1.1499537241253677,1.1499537241253677
Saturday,26,Male,97.2,174.8,Intermediate,Swimming,8.06,8.7,80.7,100.0,5.47,1.8,1.44,0,5.0,72.1,64.1,75,67,15.1,1.13,2916.0,0,Rest Day,0,0.0,0.0,0.0,0.0,0.0,0.0,0.0,0.0,0.0,,9,259,66.5,64.75899703935765,1.7410029606423478,1.7410029606423478
Monday,38,Female,53.6,163.7,Advanced,Cycling,7.32,7.05,72.0,100.0,4.07,1.71,1.26,1,10.6,28.1,47.6,37,50,15.5,0.23,2906.0,1,CrossFit,41,13.42,147.4,165.6,445.0,3.2,8.9,11.7,13.5,4.1,Evening,10,303,41.3,57.10858437500448,-15.808584375004486,15.808584375004486
Sunday,27,Male,57.4,178.7,Intermediate,Yoga,10.84,7.71,91.5,100.0,4.31,1.89,1.5,0,5.0,93.3,41.5,82,45,16.5,-0.79,3710.0,0,Rest Day,0,0.0,0.0,0.0,0.0,0.0,0.0,0.0,0.0,0.0,,9,260,40.5,65.88871950713012,-25.38871950713012,25.38871950713012
Thursday,56,Female,53.9,167.2,Beginner,Weight Training,7.85,5.83,72.8,100.0,3.41,1.34,1.08,1,7.5,129.5,54.0,101,59,15.5,-0.16,2653.0,1,CrossFit,50,12.84,131.7,148.1,514.0,6.1,11.7,14.3,13.4,4.5,Evening,6,152,90.8,80.65036766441314,10.149632335586858,10.149632335586858
Tuesday,21,Male,101.0,174.1,Elite,CrossFit,12.41,8.98,91.1,100.0,5.16,2.11,1.71,0,5.0,54.9,44.0,57,49,17.6,0.14,3472.0,1,CrossFit,55,17.46,170.7,190.6,768.0,1.8,7.7,16.2,18.9,10.4,Evening,2,52,74.2,76.14178848077259,-1.941788480772587,1.941788480772587
Monday,28,Female,65.6,164.9,Elite,HIIT,16.25,7.91,80.6,100.0,4.59,1.98,1.34,0,5.0,38.5,48.8,45,51,15.6,0.32,4290.0,1,Weight Training,70,9.34,146.1,165.3,523.0,13.5,16.8,21.2,12.1,6.4,Evening,12,345,99.4,71.4314777235055,27.96852227649451,27.96852227649451
Saturday,35,Male,93.9,169.2,Advanced,Weight Training,3.95,5.25,67.6,100.0,3.28,1.14,0.84,0,5.0,122.3,42.3,105,52,16.3,0.55,2526.0,1,Weight Training,58,11.51,145.6,164.1,534.0,4.8,11.8,18.3,15.5,7.5,Afternoon,9,266,68.1,76.34501359941888,-8.245013599418883,8.245013599418883
Thursday,19,Female,77.0,173.0,Intermediate,CrossFit,15.55,8.47,89.1,100.0,4.91,2.12,1.45,0,5.0,102.6,82.2,119,73,15.2,0.47,4372.0,0,Rest Day,0,0.0,0.0,0.0,0.0,0.0,0.0,0.0,0.0,0.0,,6,180,40.0,60.09483642791724,-20.094836427917237,20.094836427917237
Friday,31,Male,112.0,185.1,Advanced,Walking,17.88,5.71,83.4,100.0,3.29,1.32,1.1,1,5.0,67.2,60.6,93,57,13.5,0.18,4887.0,1,CrossFit,54,16.18,159.2,178.1,699.0,3.0,7.3,14.6,18.2,11.0,Morning,10,279,58.4,67.4172365262688,-9.017236526268796,9.017236526268796
Saturday,61,Male,75.6,176.3,Advanced,Cycling,6.82,6.04,73.5,100.0,3.62,1.37,1.05,0,15.6,72.8,49.3,69,52,16.6,0.33,3199.0,1,Cycling,76,14.91,131.6,147.5,906.0,7.4,13.8,25.0,21.7,8.1,Evening,1,28,63.6,69.81023194101883,-6.210231941018826,6.210231941018826
Monday,27,Male,83.9,166.5,Elite,CrossFit,13.91,8.63,88.3,100.0,5.06,2.03,1.54,0,5.0,99.0,70.1,89,64,11.4,-0.75,3786.0,1,CrossFit,55,16.22,162.7,182.0,714.0,3.4,9.3,14.3,18.7,9.3,Evening,10,282,75.1,71.63847403349813,3.461525966501867,3.461525966501867
Monday,26,Female,58.4,160.4,Beginner,Running,8.05,8.53,93.5,100.0,5.32,1.9,1.3,0,5.0,93.4,61.3,83,64,16.0,0.04,2957.0,1,Running,49,10.27,149.8,169.2,403.0,5.8,9.7,14.1,13.1,6.4,Afternoon,1,30,72.8,68.72761088485365,4.0723891151463505,4.0723891151463505
Wednesday,48,Female,73.0,169.2,Intermediate,CrossFit,5.09,8.34,79.4,100.0,4.71,2.07,1.56,0,5.0,68.2,54.1,56,57,16.7,-0.21,2281.0,0,Rest Day,0,0.0,0.0,0.0,0.0,0.0,0.0,0.0,0.0,0.0,,1,4,46.4,69.27441730229535,-22.87441730229535,22.87441730229535
Monday,19,Female,60.8,162.0,Beginner,Yoga,18.83,7.13,100.0,100.0,4.21,1.5,1.42,0,5.0,61.1,51.8,86,48,16.5,0.07,4763.0,0,Rest Day,0,0.0,0.0,0.0,0.0,0.0,0.0,0.0,0.0,0.0,,7,184,50.9,60.41773681693162,-9.517736816931624,9.517736816931624
Saturday,46,Male,98.1,190.0,Intermediate,Cycling,7.87,7.84,91.4,100.0,4.42,1.95,1.48,0,5.0,21.3,49.6,46,56,14.8,-0.2,3255.0,1,Cycling,93,8.92,131.6,149.0,663.0,14.6,28.6,32.3,15.7,1.9,Evening,1,21,66.0,66.63092950372099,-0.6309295037209921,0.6309295037209921
Friday,42,Female,67.8,166.8,Beginner,HIIT,1.29,7.93,86.7,100.0,4.78,1.73,1.42,1,5.0,62.3,57.5,33,66,14.9,0.61,1942.0,1,HIIT,38,16.11,149.8,167.6,490.0,3.2,5.3,9.7,12.3,7.6,Evening,7,188,63.0,77.1686716080691,-14.168671608069104,14.168671608069104
Monday,45,Male,58.1,169.8,Intermediate,Swimming,7.84,7.66,100.0,100.0,4.84,1.57,1.26,0,5.0,56.9,56.5,34,63,17.6,-0.14,2916.0,0,Rest Day,0,0.0,0.0,0.0,0.0,0.0,0.0,0.0,0.0,0.0,,5,142,80.2,74.83614508067683,5.363854919323174,5.363854919323174
Wednesday,38,Male,115.0,187.4,Advanced,HIIT,7.38,6.77,94.1,100.0,3.93,1.62,1.22,0,5.0,64.6,61.7,64,62,16.2,0.12,2732.0,1,HIIT,20,13.88,148.4,166.6,222.0,2.0,4.4,5.8,5.2,2.6,Morning,9,249,75.2,56.82264350685084,18.377356493149165,18.377356493149165
Tuesday,60,Male,88.3,180.4,Intermediate,HIIT,10.6,6.52,81.8,100.0,3.94,1.37,1.21,0,5.0,115.3,52.0,91,52,15.3,0.28,3426.0,0,Rest Day,0,0.0,0.0,0.0,0.0,0.0,0.0,0.0,0.0,0.0,,1,3,63.5,73.64259041740158,-10.142590417401578,10.142590417401578
Saturday,25,Male,61.4,183.9,Intermediate,Weight Training,6.66,7.89,73.2,100.0,4.89,1.6,1.4,2,5.0,29.7,65.1,31,61,14.9,-0.01,2610.0,1,Swimming,29,10.7,151.6,171.1,254.0,2.7,6.6,7.3,9.0,4.0,Morning,9,252,37.0,47.50183526917747,-10.50183526917747,10.50183526917747
Thursday,44,Female,62.0,165.3,Intermediate,CrossFit,8.16,5.0,69.0,100.0,2.91,1.24,0.85,0,9.4,58.6,52.2,56,52,21.3,-0.08,3171.0,0,Rest Day,0,0.0,0.0,0.0,0.0,0.0,0.0,0.0,0.0,0.0,,9,271,54.7,60.48033620334331,-5.78033620334331,5.78033620334331
Sunday,50,Female,70.3,176.6,Advanced,Weight Training,10.36,7.12,90.2,100.0,4.41,1.59,1.12,0,5.0,57.5,72.9,75,74,13.0,-0.94,3011.0,1,Weight Training,48,8.53,127.8,144.8,327.0,7.6,13.5,15.1,8.7,3.1,Afternoon,2,36,67.9,57.63656570364762,10.263434296352386,10.263434296352386
Wednesday,63,Female,72.4,169.0,Advanced,Running,10.14,6.26,74.9,100.0,3.64,1.39,1.23,0,5.0,107.1,51.2,99,54,16.5,-0.25,3264.0,1,Walking,31,4.05,109.6,125.3,101.0,11.5,12.7,4.1,2.7,0.0,Evening,11,312,84.8,84.66325393025645,0.13674606974355186,0.13674606974355186
Saturday,54,Male,101.7,180.3,Intermediate,Cycling,6.95,7.56,92.1,100.0,4.33,1.8,1.42,0,5.0,98.8,68.1,97,68,15.2,0.84,2772.0,1,CrossFit,46,6.75,121.2,137.8,248.0,10.6,11.9,13.2,6.7,3.7,Morning,9,273,73.1,63.270923852994265,9.829076147005729,9.829076147005729
Sunday,46,Male,73.5,182.3,Intermediate,HIIT,9.23,6.39,89.1,100.0,3.69,1.54,1.17,2,5.0,96.0,51.8,46,55,15.8,0.21,2733.0,0,Rest Day,0,0.0,0.0,0.0,0.0,0.0,0.0,0.0,0.0,0.0,,9,267,99.1,77.98825088282994,21.11174911717005,21.11174911717005
Tuesday,24,Male,69.8,177.0,Advanced,Yoga,10.65,6.71,74.4,100.0,4.19,1.37,1.15,2,5.6,82.2,50.0,70,47,19.7,0.1,3360.0,1,Swimming,39,11.3,153.8,173.4,353.0,4.7,8.6,11.5,10.4,3.8,Evening,4,108,72.2,60.32164776666322,11.878352233336784,11.878352233336784
Friday,55,Male,74.3,169.8,Intermediate,Walking,15.39,9.15,92.4,100.0,5.57,2.05,1.53,0,5.0,48.4,54.9,42,53,14.6,-0.28,3669.0,0,Rest Day,0,0.0,0.0,0.0,0.0,0.0,0.0,0.0,0.0,0.0,,11,307,93.9,64.44602130333782,29.45397869666219,29.45397869666219
Tuesday,54,Male,82.9,171.5,Advanced,Walking,16.55,8.33,80.9,100.0,4.67,2.02,1.64,1,5.0,20.0,50.7,38,46,15.1,-0.78,3977.0,1,CrossFit,71,15.39,138.3,154.9,874.0,0.5,13.4,18.2,25.8,13.2,Morning,9,248,68.8,65.8282419137114,2.9717580862886024,2.9717580862886024
Tuesday,42,Female,67.8,166.8,Beginner,HIIT,15.27,7.05,83.4,100.0,4.22,1.54,1.29,0,5.0,20.0,67.8,33,66,17.0,1.02,4295.0,1,HIIT,28,18.04,153.9,171.7,404.0,1.0,5.1,6.5,10.2,5.3,Morning,5,122,61.8,67.24410490853252,-5.444104908532523,5.444104908532523
Sunday,29,Male,75.4,178.8,Elite,Running,9.91,8.03,92.0,100.0,4.84,1.93,1.26,0,5.0,74.7,56.9,73,58,15.5,-0.13,3534.0,0,Rest Day,0,0.0,0.0,0.0,0.0,0.0,0.0,0.0,0.0,0.0,,10,274,39.5,60.27320588491548,-20.773205884915477,20.773205884915477
Tuesday,21,Male,59.7,191.2,Advanced,Yoga,8.51,7.65,86.4,100.0,4.54,1.66,1.46,0,5.0,72.7,51.8,67,47,19.3,1.03,3119.0,1,Yoga,46,6.02,143.6,163.5,222.0,11.3,13.6,12.2,8.8,0.2,Morning,1,10,53.9,54.60274479874976,-0.7027447987497624,0.7027447987497624
Sunday,51,Male,90.5,176.7,Intermediate,Running,7.56,7.28,74.4,100.0,4.23,1.7,1.34,0,20.1,23.9,52.4,30,57,12.7,0.95,2822.0,0,Rest Day,0,0.0,0.0,0.0,0.0,0.0,0.0,0.0,0.0,0.0,,4,92,55.7,62.52122376075914,-6.821223760759139,6.821223760759139
Monday,40,Male,76.0,170.1,Advanced,Cycling,8.83,8.87,100.0,100.0,5.09,2.13,1.64,0,5.0,69.1,58.1,87,60,17.0,0.03,2955.0,1,Walking,48,2.39,122.1,140.1,93.0,19.5,18.2,5.7,2.9,2.2,Evening,12,352,46.8,52.744382193344634,-5.944382193344637,5.944382193344637
Friday,35,Female,65.6,172.4,Advanced,CrossFit,11.48,8.0,95.1,100.0,4.91,1.75,1.34,0,5.0,106.4,67.1,91,71,16.8,0.27,3415.0,1,Yoga,37,3.84,128.7,147.2,114.0,15.9,16.3,4.8,0.1,0.0,Evening,10,279,94.1,78.46230816321969,15.637691836780306,15.637691836780306
Saturday,24,Female,77.6,162.5,Elite,Walking,6.23,6.51,97.8,100.0,3.92,1.33,1.25,0,5.0,48.3,53.0,31,55,16.6,0.62,2618.0,0,Rest Day,0,0.0,0.0,0.0,0.0,0.0,0.0,0.0,0.0,0.0,,8,224,56.2,54.682365146221656,1.5176348537783468,1.5176348537783468
Wednesday,45,Male,58.1,169.8,Intermediate,Swimming,16.44,7.51,86.4,100.0,4.72,1.6,1.19,1,7.3,23.7,65.3,34,63,15.8,0.02,3895.0,0,Rest Day,0,0.0,0.0,0.0,0.0,0.0,0.0,0.0,0.0,0.0,,7,193,75.3,59.75442055505047,15.545579444949524,15.545579444949524
Friday,32,Female,53.7,167.4,Advanced,CrossFit,5.67,7.68,86.7,100.0,4.79,1.69,1.21,0,5.0,66.8,46.2,47,56,10.1,0.68,2824.0,1,CrossFit,51,12.64,150.5,169.3,516.0,4.5,8.5,16.8,13.9,7.2,Morning,4,111,83.9,74.1447309691875,9.7552690308125,9.7552690308125
Monday,21,Male,83.6,174.2,Intermediate,Weight Training,12.09,7.89,90.5,100.0,4.96,1.6,1.34,0,5.0,81.4,69.0,95,69,13.5,-0.14,3767.0,0,Rest Day,0,0.0,0.0,0.0,0.0,0.0,0.0,0.0,0.0,0.0,,7,198,65.3,63.51753284539866,1.7824671546013349,1.7824671546013349
Sunday,24,Male,69.8,177.0,Advanced,Yoga,4.76,6.79,73.9,100.0,3.93,1.62,1.24,0,6.9,89.7,44.2,70,47,16.1,-0.17,2230.0,1,Yoga,35,4.1,137.0,156.6,115.0,13.3,15.5,3.9,2.3,0.0,Evening,1,29,71.5,67.18258657052048,4.317413429479515,4.317413429479515
Monday,21,Male,83.6,174.2,Intermediate,Weight Training,10.81,7.86,86.3,100.0,4.56,1.75,1.55,0,8.1,75.6,70.6,95,69,12.5,0.03,3164.0,1,Weight Training,56,12.7,159.4,179.3,569.0,7.7,8.5,14.7,17.6,7.5,Morning,8,219,73.5,59.48724194631415,14.01275805368585,14.01275805368585
Monday,25,Female,49.8,157.3,Beginner,Running,7.4,7.62,85.5,100.0,4.41,1.74,1.46,0,5.0,69.9,64.0,86,68,12.3,0.42,3181.0,0,Rest Day,0,0.0,0.0,0.0,0.0,0.0,0.0,0.0,0.0,0.0,,12,359,40.5,56.88454663650247,-16.38454663650247,16.38454663650247
Monday,40,Male,96.2,167.4,Beginner,Weight Training,3.52,7.52,89.6,100.0,4.74,1.57,1.21,0,5.0,90.5,70.1,93,72,17.8,-0.71,2199.0,0,Rest Day,0,0.0,0.0,0.0,0.0,0.0,0.0,0.0,0.0,0.0,,10,275,28.7,53.57477078992481,-24.874770789924813,24.874770789924813
Sunday,35,Male,93.9,169.2,Advanced,Weight Training,9.52,4.9,69.1,100.0,2.91,1.13,0.86,0,5.0,109.3,55.1,105,52,18.0,-0.35,2982.0,1,Cycling,101,7.15,136.0,154.5,582.0,17.5,35.0,29.8,17.5,1.9,Evening,10,281,35.3,62.725530706127365,-27.42553070612737,27.42553070612737
Monday,32,Male,103.8,183.1,Advanced,Running,16.14,6.11,71.9,100.0,3.52,1.43,1.16,2,5.0,66.0,72.0,46,72,15.4,0.15,4333.0,1,Cycling,79,10.42,145.5,164.3,658.0,7.2,17.8,21.5,21.5,11.1,Evening,1,23,82.2,73.23860079309027,8.961399206909732,8.961399206909732
Sunday,51,Male,87.8,175.3,Advanced,Weight Training,7.8,7.23,77.1,100.0,4.46,1.63,1.13,0,5.0,112.9,65.4,113,67,21.0,-1.58,2827.0,1,Weight Training,49,10.93,131.8,148.7,433.0,5.9,11.0,14.5,12.8,5.3,Morning,5,148,39.3,58.178385355618076,-18.87838535561808,18.87838535561808
Wednesday,46,Male,98.1,190.0,Intermediate,Cycling,16.82,7.68,85.6,100.0,4.87,1.61,1.2,0,7.1,43.1,52.0,46,56,14.0,0.43,4378.0,0,Rest Day,0,0.0,0.0,0.0,0.0,0.0,0.0,0.0,0.0,0.0,,3,81,83.8,73.30322031711154,10.496779682888459,10.496779682888459
Wednesday,57,Male,72.4,173.8,Intermediate,Walking,14.47,6.67,83.1,100.0,4.06,1.52,1.1,1,5.0,85.8,69.5,105,70,17.2,0.27,4011.0,0,Rest Day,0,0.0,0.0,0.0,0.0,0.0,0.0,0.0,0.0,0.0,,3,88,67.4,62.06359486865474,5.336405131345266,5.336405131345266
Thursday,27,Male,83.9,166.5,Elite,CrossFit,18.43,8.23,83.7,100.0,4.8,1.83,1.6,0,5.0,66.6,73.0,89,64,12.9,-0.8,4655.0,1,HIIT,20,14.88,159.6,178.9,246.0,2.1,4.9,6.3,5.7,1.6,Morning,5,131,33.2,64.07122662916703,-30.871226629167026,30.871226629167026
Friday,53,Female,67.4,166.0,Advanced,Swimming,7.37,6.42,67.5,100.0,3.81,1.4,1.22,0,5.0,64.1,46.5,63,51,16.8,-0.02,2543.0,1,Swimming,52,11.4,131.2,147.9,476.0,6.9,9.0,14.8,14.9,6.6,Afternoon,7,195,49.5,60.39186497431511,-10.891864974315112,10.891864974315112
Thursday,27,Female,58.5,165.4,Beginner,Running,12.98,8.32,92.8,100.0,5.03,2.02,1.27,1,5.0,96.2,49.3,104,49,14.4,-0.63,3598.0,1,Running,29,7.45,142.6,161.9,177.0,6.9,8.9,7.8,3.5,2.6,Morning,1,26,47.1,61.571011981361444,-14.471011981361443,14.471011981361443
Monday,56,Female,83.0,169.4,Beginner,Running,8.93,8.75,81.2,100.0,5.36,1.99,1.4,0,5.0,20.1,46.7,44,49,13.4,-0.29,3173.0,1,Weight Training,69,10.51,127.1,143.5,580.0,10.4,11.4,19.4,22.3,5.5,Morning,11,317,71.0,60.98128036468488,10.018719635315122,10.018719635315122
Saturday,54,Male,101.7,180.3,Intermediate,Cycling,2.51,7.79,89.5,100.0,4.62,1.74,1.43,0,5.0,117.0,61.2,97,68,13.7,0.3,2028.0,1,Cycling,109,10.34,128.3,144.9,902.0,12.3,20.1,32.1,31.8,12.7,Morning,9,245,75.5,80.17507858246637,-4.675078582466369,4.675078582466369
Tuesday,46,Female,64.1,155.2,Intermediate,CrossFit,4.68,8.23,85.1,100.0,4.85,1.77,1.61,0,5.0,99.9,40.0,76,45,16.4,0.14,2303.0,1,CrossFit,47,15.26,144.7,162.1,574.0,3.2,5.3,10.5,17.8,10.2,Evening,2,38,74.1,73.52399904700948,0.5760009529905119,0.5760009529905119
Thursday,57,Male,64.2,179.1,Beginner,HIIT,11.99,7.68,85.8,100.0,4.52,1.87,1.29,1,5.0,88.4,50.5,100,49,20.0,0.29,3635.0,0,Rest Day,0,0.0,0.0,0.0,0.0,0.0,0.0,0.0,0.0,0.0,,1,26,82.5,58.63573535259974,23.86426464740026,23.86426464740026
Tuesday,57,Male,72.4,173.8,Intermediate,Walking,18.04,7.23,84.9,100.0,4.18,1.8,1.25,1,6.1,91.0,69.3,105,70,15.3,0.07,4519.0,0,Rest Day,0,0.0,0.0,0.0,0.0,0.0,0.0,0.0,0.0,0.0,,7,192,84.1,65.09339056876398,19.006609431236015,19.006609431236015
Saturday,37,Female,68.0,168.7,Beginner,Running,5.53,7.68,81.6,100.0,4.6,1.59,1.49,2,5.0,112.0,50.7,89,53,14.7,0.45,2680.0,0,Rest Day,0,0.0,0.0,0.0,0.0,0.0,0.0,0.0,0.0,0.0,,10,280,38.5,71.33690941810845,-32.83690941810845,32.83690941810845
Wednesday,30,Female,54.8,168.6,Intermediate,CrossFit,6.65,7.18,84.5,100.0,4.28,1.56,1.33,1,5.0,70.7,52.5,45,60,16.2,0.35,2775.0,1,CrossFit,62,12.88,152.6,171.6,639.0,4.2,12.8,19.2,17.0,8.8,Evening,4,102,87.6,75.36948934776298,12.230510652237015,12.230510652237015
Sunday,39,Female,57.6,168.5,Advanced,Yoga,10.7,6.85,68.8,100.0,4.33,1.41,1.11,0,5.8,88.0,70.4,75,71,14.2,0.66,3218.0,1,Yoga,45,4.36,127.0,145.1,157.0,19.2,17.9,4.7,3.2,0.0,Morning,2,57,48.8,67.22159062930137,-18.421590629301377,18.421590629301377
Thursday,38,Female,76.2,167.2,Intermediate,Yoga,11.95,7.62,72.6,100.0,4.75,1.58,1.29,3,8.8,63.7,75.2,56,74,14.4,-0.2,3479.0,1,Swimming,46,13.19,146.9,165.1,485.0,3.4,9.2,12.5,15.3,5.6,Evening,7,201,78.2,58.180037631380685,20.019962368619318,20.019962368619318
Thursday,44,Female,44.9,171.7,Intermediate,Running,12.95,7.48,89.7,100.0,4.69,1.53,1.26,0,5.0,36.3,53.0,42,58,21.4,-0.27,3295.0,1,Running,40,8.49,132.2,149.8,272.0,8.9,11.5,13.4,4.8,1.4,Afternoon,3,82,74.9,70.92782120328451,3.9721787967154967,3.9721787967154967
Friday,32,Female,53.7,167.4,Advanced,CrossFit,5.94,7.74,88.8,100.0,4.7,1.74,1.3,0,5.0,56.4,60.7,47,56,17.2,0.24,2645.0,0,Rest Day,0,0.0,0.0,0.0,0.0,0.0,0.0,0.0,0.0,0.0,,3,76,42.9,51.662815824416526,-8.762815824416528,8.762815824416528
Tuesday,47,Female,38.1,179.1,Elite,HIIT,16.54,9.31,81.0,100.0,5.97,1.88,1.47,0,5.0,93.8,73.3,97,73,16.8,-0.11,4313.0,1,Weight Training,55,11.64,136.4,153.7,512.0,7.7,10.3,16.6,14.7,5.7,Afternoon,2,52,66.7,71.8271455248472,-5.127145524847194,5.127145524847194
Wednesday,42,Male,89.4,185.8,Intermediate,Yoga,9.8,6.96,68.7,100.0,4.08,1.71,1.17,1,7.3,54.3,49.3,51,57,15.8,-0.07,3298.0,1,Yoga,48,7.22,131.0,148.8,277.0,12.0,14.2,13.0,8.7,0.0,Morning,7,200,86.5,77.08200039478658,9.417999605213424,9.417999605213424
Wednesday,41,Female,72.0,149.4,Intermediate,HIIT,13.51,6.29,70.5,100.0,3.87,1.26,1.16,0,5.0,92.1,53.6,99,53,14.5,0.17,4154.0,1,HIIT,20,15.56,149.5,167.4,249.0,1.9,2.8,5.4,6.8,3.1,Morning,8,221,74.9,67.35294766768502,7.5470523323149905,7.5470523323149905
Sunday,56,Male,71.9,187.5,Advanced,Cycling,11.37,8.18,88.4,100.0,5.16,1.74,1.27,0,5.0,87.3,52.8,82,53,20.0,-0.07,3119.0,1,Cycling,84,10.79,127.7,144.1,725.0,8.8,14.2,27.7,21.5,11.9,Afternoon,10,295,68.6,66.55091857406595,2.049081425934048,2.049081425934048
Wednesday,56,Male,90.9,171.6,Intermediate,Swimming,13.29,8.39,95.7,100.0,5.01,1.76,1.63,0,5.0,94.2,62.5,103,62,18.5,-0.01,3994.0,1,Cycling,93,8.79,123.8,140.2,659.0,21.9,29.7,23.8,12.1,6.1,Evening,11,333,45.8,64.39083923107779,-18.590839231077794,18.590839231077794
Monday,23,Female,56.4,171.0,Advanced,Cycling,7.81,8.59,84.0,100.0,5.09,1.81,1.7,0,5.0,68.8,64.9,64,65,16.8,0.53,3090.0,1,Cycling,115,11.6,155.3,175.0,1068.0,10.9,24.6,37.7,31.2,10.6,Afternoon,2,58,59.7,54.876426528455276,4.8235734715447265,4.8235734715447265
Wednesday,60,Female,61.5,174.5,Intermediate,HIIT,8.75,6.48,51.5,100.0,4.13,1.33,1.01,0,5.0,27.8,54.6,36,51,15.2,0.52,3173.0,1,Running,56,12.59,128.0,144.0,564.0,5.2,10.4,16.9,15.9,7.6,Evening,3,74,63.8,46.186074103130615,17.613925896869382,17.613925896869382
Friday,25,Female,49.8,157.3,Beginner,Running,8.29,8.29,87.0,100.0,5.05,1.67,1.58,0,6.0,88.4,70.4,86,68,12.1,-0.54,3090.0,0,Rest Day,0,0.0,0.0,0.0,0.0,0.0,0.0,0.0,0.0,0.0,,5,125,38.3,55.750130512716225,-17.45013051271623,17.45013051271623
Saturday,20,Female,68.6,163.8,Intermediate,Running,7.78,8.74,85.4,100.0,4.97,2.13,1.64,1,5.0,81.2,52.3,74,56,17.9,0.12,3184.0,1,Yoga,59,4.25,140.1,160.1,201.0,24.6,23.3,7.3,1.7,2.0,Afternoon,1,28,54.1,66.625233111964,-12.525233111963992,12.525233111963992
Tuesday,52,Male,75.7,173.3,Advanced,HIIT,21.0,7.87,76.3,100.0,4.79,1.59,1.49,1,5.2,20.0,73.4,38,68,16.7,0.16,5352.0,0,Rest Day,0,0.0,0.0,0.0,0.0,0.0,0.0,0.0,0.0,0.0,,6,178,41.2,56.90452487952071,-15.704524879520704,15.704524879520704
Sunday,24,Female,61.0,167.7,Beginner,HIIT,8.98,7.13,81.1,100.0,4.3,1.54,1.29,2,5.0,46.3,52.4,37,57,15.9,-0.79,3327.0,1,HIIT,35,17.15,167.4,187.0,480.0,0.5,4.9,9.6,12.1,7.8,Morning,10,281,62.4,73.74350139893414,-11.343501398934144,11.343501398934144
Friday,60,Female,72.7,169.5,Intermediate,Cycling,3.47,5.45,75.0,100.0,3.16,1.33,0.96,1,5.0,52.7,62.2,45,66,19.5,-0.56,2612.0,0,Rest Day,0,0.0,0.0,0.0,0.0,0.0,0.0,0.0,0.0,0.0,,6,153,44.6,61.40674924254176,-16.806749242541756,16.806749242541756
Saturday,62,Female,64.5,167.9,Intermediate,Walking,10.56,6.57,85.6,100.0,4.03,1.33,1.21,0,5.0,99.5,48.9,114,50,16.4,-0.17,3301.0,1,Running,49,16.02,132.8,148.6,634.0,4.1,5.7,11.0,18.8,9.9,Morning,11,322,44.8,58.27275908683067,-13.47275908683067,13.47275908683067
Sunday,32,Female,53.7,167.4,Advanced,CrossFit,6.42,8.31,91.9,100.0,4.9,1.9,1.51,0,5.0,62.0,58.8,47,56,14.5,0.35,2965.0,0,Rest Day,0,0.0,0.0,0.0,0.0,0.0,0.0,0.0,0.0,0.0,,11,323,38.4,53.71284087690265,-15.312840876902655,15.312840876902655
Thursday,60,Female,56.4,155.1,Elite,HIIT,3.99,8.13,86.4,100.0,4.83,2.0,1.3,0,5.0,76.4,40.0,57,45,16.7,0.34,2111.0,1,Yoga,39,4.24,112.1,128.1,132.0,14.2,15.9,4.6,3.6,0.7,Morning,9,264,76.2,82.44319116227369,-6.243191162273689,6.243191162273689
Wednesday,38,Female,82.0,164.7,Elite,Yoga,17.31,5.63,50.0,100.0,3.23,1.37,1.03,1,5.0,45.6,45.8,62,50,16.8,-0.14,4382.0,1,Swimming,36,10.84,141.8,160.0,312.0,2.1,8.2,11.1,10.6,4.0,Morning,8,221,61.0,72.73233974793196,-11.73233974793196,11.73233974793196
Friday,54,Male,95.9,173.5,Intermediate,HIIT,12.76,7.17,94.3,100.0,4.53,1.45,1.19,1,5.0,89.9,61.0,95,69,15.6,0.51,3976.0,0,Rest Day,0,0.0,0.0,0.0,0.0,0.0,0.0,0.0,0.0,0.0,,6,174,71.5,74.82348831705178,-3.3234883170517833,3.3234883170517833
Monday,31,Male,112.0,185.1,Advanced,Walking,12.42,6.25,81.9,100.0,3.87,1.38,0.99,0,5.0,95.1,58.1,93,57,16.6,0.41,3548.0,1,Walking,21,4.58,133.2,152.1,77.0,9.0,7.6,2.4,1.5,0.5,Morning,3,65,86.2,63.295450262562824,22.90454973743718,22.90454973743718
Friday,24,Male,75.0,169.8,Advanced,Swimming,12.71,5.18,56.1,100.0,3.23,1.13,0.82,2,5.0,116.2,65.4,97,63,17.8,-0.09,3844.0,1,HIIT,26,15.91,164.5,184.1,331.0,1.0,4.4,5.9,10.1,4.6,Morning,6,160,65.1,80.1412380966788,-15.04123809667881,15.04123809667881
Saturday,20,Female,68.6,167.5,Intermediate,Swimming,11.59,8.04,87.4,100.0,4.92,1.73,1.4,0,5.0,102.5,59.4,92,57,15.6,-0.16,3355.0,0,Rest Day,0,0.0,0.0,0.0,0.0,0.0,0.0,0.0,0.0,0.0,,2,42,79.6,67.5381080714563,12.061891928543687,12.061891928543687
Saturday,45,Female,46.2,161.2,Advanced,HIIT,1.33,6.6,69.1,100.0,3.81,1.55,1.25,1,5.4,72.1,55.1,54,68,13.9,-0.1,1646.0,0,Rest Day,0,0.0,0.0,0.0,0.0,0.0,0.0,0.0,0.0,0.0,,11,322,83.6,77.37341202600905,6.226587973990945,6.226587973990945
Friday,51,Male,90.5,176.7,Intermediate,Running,6.59,6.64,83.4,100.0,4.18,1.39,1.06,0,5.0,40.1,50.7,30,57,16.7,-0.66,2861.0,1,Running,76,16.75,143.5,160.4,1018.0,3.0,10.3,20.5,28.9,13.3,Afternoon,1,13,58.2,73.0639395583626,-14.863939558362603,14.863939558362603
Sunday,52,Male,75.7,173.3,Advanced,HIIT,7.24,7.15,84.5,100.0,4.32,1.53,1.3,0,5.0,58.2,59.9,38,68,13.0,-0.08,2912.0,0,Rest Day,0,0.0,0.0,0.0,0.0,0.0,0.0,0.0,0.0,0.0,,11,309,83.0,75.14093536736256,7.859064632637441,7.859064632637441
Tuesday,60,Female,56.4,155.1,Elite,HIIT,10.99,8.32,90.6,100.0,4.74,1.99,1.59,0,5.0,55.7,40.3,57,45,15.5,-0.46,3315.0,1,HIIT,25,16.17,134.8,150.8,323.0,1.5,3.7,6.7,7.5,5.6,Morning,3,80,82.6,76.57601328314176,6.023986716858232,6.023986716858232
Monday,29,Male,87.4,166.8,Beginner,HIIT,10.59,7.57,93.9,100.0,4.45,1.69,1.44,0,5.0,50.2,52.2,57,52,17.6,0.02,3278.0,0,Rest Day,0,0.0,0.0,0.0,0.0,0.0,0.0,0.0,0.0,0.0,,6,156,53.8,56.061067824786825,-2.261067824786828,2.261067824786828
Tuesday,47,Male,83.6,163.7,Beginner,Walking,11.78,8.9,88.2,100.0,5.47,2.06,1.37,0,5.0,63.7,55.4,56,53,14.7,0.35,3685.0,0,Rest Day,0,0.0,0.0,0.0,0.0,0.0,0.0,0.0,0.0,0.0,,5,129,31.1,61.601338222291304,-30.501338222291302,30.501338222291302
Tuesday,25,Female,49.8,157.3,Beginner,Running,0.0,7.84,88.2,100.0,4.71,1.58,1.56,0,5.0,84.6,60.4,86,68,12.4,-0.2,1658.0,0,Rest Day,0,0.0,0.0,0.0,0.0,0.0,0.0,0.0,0.0,0.0,,10,304,49.4,57.93466881984029,-8.534668819840292,8.534668819840292
Tuesday,57,Female,71.1,164.9,Advanced,Weight Training,21.0,6.53,80.8,100.0,3.87,1.59,1.08,0,5.0,20.0,77.0,44,72,15.2,0.57,5292.0,1,Weight Training,49,8.91,123.2,139.5,349.0,10.9,15.9,13.5,5.6,3.1,Morning,4,108,64.4,59.055783505491064,5.344216494508942,5.344216494508942
Friday,27,Male,76.8,186.5,Intermediate,Yoga,8.81,6.31,88.8,100.0,3.81,1.44,1.07,0,5.0,20.0,63.6,30,66,19.8,0.46,2729.0,0,Rest Day,0,0.0,0.0,0.0,0.0,0.0,0.0,0.0,0.0,0.0,,11,321,37.6,51.85347400495584,-14.25347400495584,14.25347400495584
Sunday,24,Male,99.4,168.8,Intermediate,Weight Training,1.97,7.35,83.1,100.0,4.38,1.51,1.45,0,10.9,48.8,41.0,40,53,15.3,-0.04,2109.0,1,Weight Training,47,9.01,148.4,168.0,339.0,9.2,14.7,14.6,8.4,0.1,Afternoon,4,113,65.3,74.75597459210276,-9.455974592102763,9.455974592102763
Sunday,40,Female,53.5,161.2,Beginner,Cycling,9.21,8.63,89.4,100.0,5.48,1.76,1.39,0,5.0,81.3,46.0,82,50,18.8,0.13,2982.0,0,Rest Day,0,0.0,0.0,0.0,0.0,0.0,0.0,0.0,0.0,0.0,,10,281,70.5,66.41514779840037,4.084852201599631,4.084852201599631
Thursday,26,Male,79.3,171.9,Intermediate,CrossFit,11.97,6.74,77.8,100.0,4.16,1.42,1.16,0,7.5,106.0,69.0,114,66,19.4,0.67,3836.0,0,Rest Day,0,0.0,0.0,0.0,0.0,0.0,0.0,0.0,0.0,0.0,,11,320,99.6,66.03844594480692,33.56155405519307,33.56155405519307
Wednesday,60,Female,56.4,155.1,Elite,HIIT,14.64,8.43,95.8,100.0,5.01,1.81,1.6,0,5.0,48.7,50.5,57,45,15.3,-0.68,3983.0,1,HIIT,36,16.26,135.0,151.0,468.0,0.1,4.0,10.9,12.6,8.4,Morning,3,60,61.3,63.69946337969818,-2.399463379698183,2.399463379698183
Monday,21,Male,83.6,174.2,Intermediate,Weight Training,8.78,7.42,89.9,100.0,4.33,1.64,1.45,0,5.0,83.9,70.2,95,69,15.3,0.14,3400.0,0,Rest Day,0,0.0,0.0,0.0,0.0,0.0,0.0,0.0,0.0,0.0,,11,331,71.8,60.2079417439726,11.5920582560274,11.5920582560274
Saturday,37,Male,67.3,179.3,Advanced,CrossFit,4.59,7.59,81.5,100.0,4.7,1.58,1.31,0,5.0,72.9,49.4,77,58,17.6,0.16,2374.0,1,CrossFit,57,19.57,161.6,179.9,893.0,3.6,8.6,13.4,19.7,11.7,Morning,1,14,74.3,69.31813253198398,4.98186746801602,4.98186746801602
Thursday,58,Male,78.3,173.3,Elite,Running,6.98,9.13,85.6,100.0,5.3,2.19,1.65,0,5.0,84.1,47.4,64,48,18.2,-0.35,2946.0,1,Running,48,17.58,139.2,155.4,675.0,4.4,6.0,11.2,17.6,8.7,Evening,2,47,66.7,69.44021159952051,-2.7402115995205065,2.7402115995205065
Saturday,38,Male,115.0,187.4,Advanced,HIIT,5.93,8.23,93.5,100.0,4.78,2.01,1.44,1,5.0,64.4,56.9,64,62,15.8,0.01,2932.0,1,HIIT,24,16.78,154.7,172.9,322.0,1.7,4.1,5.9,7.5,4.9,Evening,9,266,72.7,75.81304716010139,-3.113047160101388,3.113047160101388
Friday,57,Female,58.7,159.1,Intermediate,Swimming,10.48,7.99,97.9,100.0,4.97,1.74,1.28,0,5.0,92.6,52.3,105,51,16.2,-0.2,3322.0,0,Rest Day,0,0.0,0.0,0.0,0.0,0.0,0.0,0.0,0.0,0.0,,10,286,56.1,49.8158195683558,6.284180431644202,6.284180431644202
Thursday,42,Female,67.8,166.8,Beginner,HIIT,17.3,5.54,72.6,100.0,3.37,1.19,0.98,0,5.0,20.0,68.7,33,66,14.3,0.33,4159.0,1,HIIT,39,10.84,138.7,156.5,344.0,4.1,6.6,12.2,12.5,4.1,Morning,11,313,46.6,63.13281926464374,-16.53281926464374,16.53281926464374
Wednesday,27,Male,83.9,166.5,Elite,CrossFit,6.06,8.09,89.0,100.0,5.03,1.77,1.29,1,5.0,83.7,60.8,89,64,13.7,-1.04,2515.0,1,CrossFit,73,17.44,165.5,184.8,1019.0,6.3,8.6,17.9,23.1,17.1,Morning,11,319,53.9,65.14187201195531,-11.241872011955316,11.241872011955316
Thursday,57,Male,64.2,179.1,Beginner,HIIT,12.71,6.78,89.3,100.0,4.13,1.6,1.05,1,5.0,79.6,52.0,100,49,15.6,-0.54,3671.0,0,Rest Day,0,0.0,0.0,0.0,0.0,0.0,0.0,0.0,0.0,0.0,,11,320,42.0,50.2599485341204,-8.259948534120397,8.259948534120397
Sunday,28,Female,65.6,164.9,Elite,HIIT,3.5,6.32,82.0,100.0,3.85,1.31,1.17,0,5.0,52.1,46.0,45,51,15.7,0.33,2250.0,0,Rest Day,0,0.0,0.0,0.0,0.0,0.0,0.0,0.0,0.0,0.0,,5,134,65.2,59.933134673220756,5.2668653267792465,5.2668653267792465
Monday,25,Male,81.9,177.6,Intermediate,Walking,17.97,6.95,82.3,100.0,3.97,1.6,1.38,2,5.0,91.9,51.7,107,49,15.6,0.02,4526.0,0,Rest Day,0,0.0,0.0,0.0,0.0,0.0,0.0,0.0,0.0,0.0,,7,212,98.9,64.29883010930595,34.60116989069405,34.60116989069405
Sunday,59,Female,50.7,161.9,Elite,Swimming,6.89,6.6,80.2,100.0,4.11,1.37,1.12,1,14.3,117.2,42.3,107,45,15.4,0.15,3224.0,1,Swimming,53,12.62,128.8,144.9,535.0,4.7,12.6,14.0,17.8,4.0,Evening,2,50,72.2,72.93195998916534,-0.7319599891653326,0.7319599891653326
Wednesday,53,Male,89.0,181.2,Advanced,CrossFit,11.58,8.11,86.0,100.0,4.82,1.99,1.29,0,5.0,138.4,56.2,115,63,17.1,-0.29,3596.0,1,Cycling,101,10.08,128.6,145.3,815.0,9.8,22.3,27.9,29.1,12.0,Afternoon,8,221,93.1,84.4717952704927,8.628204729507289,8.628204729507289
Thursday,30,Male,67.5,181.0,Advanced,Swimming,12.21,7.12,87.9,100.0,4.02,1.75,1.35,0,5.0,46.9,65.4,58,66,14.7,0.49,3855.0,1,Swimming,51,13.86,154.8,173.8,565.0,3.3,10.7,12.9,17.9,6.2,Morning,5,138,51.6,58.145445963981864,-6.545445963981862,6.545445963981862
Saturday,57,Male,80.7,166.4,Elite,Yoga,7.45,8.43,90.4,100.0,5.02,2.02,1.39,0,5.0,59.2,70.6,54,74,11.0,-0.43,3005.0,1,Cycling,55,11.29,127.9,144.2,497.0,2.9,12.7,16.5,16.7,6.2,Morning,4,119,70.3,64.93686058863892,5.363139411361075,5.363139411361075
Thursday,19,Male,74.0,179.2,Intermediate,Walking,14.04,6.97,81.9,100.0,4.09,1.63,1.24,0,5.0,54.0,59.0,73,62,16.0,-0.44,3891.0,0,Rest Day,0,0.0,0.0,0.0,0.0,0.0,0.0,0.0,0.0,0.0,,8,222,60.8,64.14587205465986,-3.345872054659864,3.345872054659864
Sunday,38,Male,93.5,180.2,Elite,Running,6.55,6.01,79.7,100.0,3.68,1.41,0.92,0,5.0,87.4,69.9,84,69,14.2,0.35,2798.0,0,Rest Day,0,0.0,0.0,0.0,0.0,0.0,0.0,0.0,0.0,0.0,,4,113,32.9,56.598762800258,-23.698762800258002,23.698762800258002
Thursday,43,Male,82.2,187.5,Advanced,Swimming,9.01,6.49,71.1,100.0,3.84,1.61,1.04,0,5.0,58.0,54.2,65,55,14.9,-0.77,3039.0,1,Swimming,32,13.12,142.7,160.4,336.0,2.1,7.2,10.7,9.7,2.4,Evening,2,33,87.3,58.32015754800052,28.979842451999474,28.979842451999474
Wednesday,64,Male,78.0,179.0,Elite,Cycling,8.81,5.15,62.6,100.0,3.21,1.14,0.8,2,8.5,88.4,62.3,79,63,18.8,-0.55,3004.0,1,Cycling,97,8.1,116.4,132.0,629.0,15.3,29.1,30.8,14.5,7.4,Morning,7,186,46.6,62.76652040417687,-16.16652040417687,16.16652040417687
Tuesday,29,Female,50.3,159.3,Elite,CrossFit,15.29,7.23,77.7,100.0,4.47,1.64,1.12,0,5.0,70.5,51.1,62,52,18.9,0.01,4548.0,1,CrossFit,68,16.65,162.0,181.1,906.0,5.0,8.3,16.0,24.8,13.9,Evening,5,136,88.0,74.02835939817558,13.971640601824419,13.971640601824419
Monday,38,Female,70.6,163.3,Intermediate,Cycling,7.76,5.63,66.4,100.0,3.35,1.29,0.99,1,6.1,79.3,56.8,75,58,15.1,-0.59,3085.0,0,Rest Day,0,0.0,0.0,0.0,0.0,0.0,0.0,0.0,0.0,0.0,,1,2,50.5,63.813365095541755,-13.313365095541755,13.313365095541755
Tuesday,42,Male,89.4,185.8,Intermediate,Yoga,12.12,6.05,91.8,100.0,3.6,1.49,0.97,0,5.0,45.4,50.6,51,57,20.9,0.5,3160.0,1,Yoga,58,3.29,122.7,140.5,153.0,19.3,22.8,10.2,3.3,2.4,Morning,4,108,88.5,75.34460160003167,13.155398399968334,13.155398399968334
Thursday,18,Female,66.4,169.5,Advanced,Weight Training,11.5,7.4,88.6,100.0,4.49,1.63,1.28,0,5.3,20.0,71.9,39,72,13.9,-0.34,3234.0,1,Swimming,51,10.39,156.3,176.5,426.0,4.1,10.5,13.4,16.9,6.4,Afternoon,10,292,34.2,58.96063309775472,-24.76063309775472,24.76063309775472
Wednesday,18,Female,66.4,169.5,Advanced,Weight Training,11.37,6.56,89.1,100.0,4.17,1.32,1.08,0,5.0,35.1,70.3,39,72,16.2,-0.21,3491.0,1,Walking,26,2.42,137.1,157.3,50.0,9.5,9.3,4.5,2.3,0.4,Afternoon,3,67,68.2,66.9522914695648,1.2477085304352045,1.2477085304352045
Thursday,60,Male,88.3,180.4,Intermediate,HIIT,17.06,6.55,56.8,100.0,3.95,1.31,1.28,1,13.4,75.2,55.0,91,52,15.2,-0.95,4354.0,1,Yoga,47,5.28,114.1,130.1,199.0,9.2,12.2,15.0,8.9,1.6,Morning,4,103,55.4,63.525530777366654,-8.125530777366656,8.125530777366656
Tuesday,48,Female,58.5,173.4,Intermediate,Swimming,14.7,7.6,81.6,100.0,4.48,1.77,1.35,0,5.0,63.4,67.5,72,71,14.3,-0.17,4214.0,0,Rest Day,0,0.0,0.0,0.0,0.0,0.0,0.0,0.0,0.0,0.0,,6,164,65.5,66.99916970165614,-1.4991697016561432,1.4991697016561432
Monday,34,Male,101.8,180.9,Beginner,Running,8.02,8.93,81.9,100.0,5.38,2.02,1.53,1,5.0,118.1,64.1,116,64,12.9,-0.1,3016.0,1,Walking,46,3.46,128.6,147.2,127.0,19.5,18.2,4.8,3.6,0.0,Morning,12,338,55.6,63.15523486310653,-7.555234863106527,7.555234863106527
Tuesday,51,Male,78.8,181.0,Intermediate,Walking,15.77,8.98,87.4,100.0,5.5,2.12,1.36,1,5.0,124.2,67.0,117,67,13.1,-0.68,4076.0,1,Walking,59,3.59,117.1,134.0,169.0,24.1,23.1,7.4,4.4,0.0,Afternoon,3,66,62.8,71.45465503336688,-8.654655033366879,8.654655033366879
Tuesday,39,Male,86.3,181.7,Advanced,Yoga,3.48,7.43,88.7,100.0,4.56,1.64,1.23,0,5.0,117.0,53.8,106,60,12.7,0.11,2339.0,1,Swimming,50,17.59,155.5,173.6,704.0,3.5,7.2,10.3,17.3,11.8,Evening,8,220,81.4,60.9556056434869,20.444394356513108,20.444394356513108
Wednesday,19,Male,76.3,173.4,Intermediate,HIIT,11.51,5.27,84.5,100.0,3.04,1.29,0.94,1,5.6,81.6,49.5,86,47,14.9,0.23,3586.0,0,Rest Day,0,0.0,0.0,0.0,0.0,0.0,0.0,0.0,0.0,0.0,,12,347,66.4,57.08575461829692,9.314245381703088,9.314245381703088
Tuesday,45,Male,52.5,189.6,Advanced,Weight Training,10.88,8.11,93.2,100.0,4.53,2.01,1.56,0,5.0,66.1,54.9,83,55,13.8,0.68,3302.0,0,Rest Day,0,0.0,0.0,0.0,0.0,0.0,0.0,0.0,0.0,0.0,,1,10,51.4,60.420491809931264,-9.020491809931265,9.020491809931265
Thursday,53,Female,70.2,179.8,Advanced,CrossFit,10.34,8.06,90.1,100.0,4.86,1.84,1.37,0,5.0,20.0,67.7,32,72,10.8,-0.08,3122.0,1,CrossFit,54,8.41,125.3,142.0,363.0,11.0,18.3,16.9,7.8,0.0,Afternoon,10,299,50.7,69.62454967507124,-18.924549675071233,18.924549675071233
Tuesday,31,Male,96.4,168.9,Advanced,HIIT,8.26,7.95,88.8,100.0,4.87,1.84,1.24,0,5.0,102.5,54.3,110,55,17.9,-0.22,3009.0,1,HIIT,34,16.28,159.5,178.4,443.0,1.8,5.3,7.7,11.8,7.3,Morning,8,234,59.0,61.68040136573972,-2.680401365739719,2.680401365739719
Friday,49,Male,59.1,191.1,Beginner,Swimming,13.37,7.42,73.9,100.0,4.45,1.71,1.26,2,8.8,109.6,72.2,115,74,19.2,0.44,3669.0,0,Rest Day,0,0.0,0.0,0.0,0.0,0.0,0.0,0.0,0.0,0.0,,1,27,63.1,64.33583903912202,-1.2358390391220198,1.2358390391220198
Sunday,37,Female,55.8,167.2,Elite,Running,9.91,6.88,76.2,100.0,4.02,1.7,1.15,1,5.0,128.3,46.0,113,53,19.7,0.46,2693.0,1,HIIT,26,14.26,150.0,168.3,297.0,3.5,5.4,7.6,7.2,2.4,Morning,10,295,100.0,85.00455729939806,14.995442700601942,14.995442700601942
Monday,41,Male,55.3,172.6,Intermediate,Weight Training,12.03,6.74,82.2,100.0,4.07,1.44,1.23,1,5.0,73.8,54.9,86,54,15.0,-0.64,3463.0,0,Rest Day,0,0.0,0.0,0.0,0.0,0.0,0.0,0.0,0.0,0.0,,12,338,65.5,66.4829316022745,-0.9829316022745047,0.9829316022745047
Tuesday,28,Male,88.8,181.3,Beginner,Cycling,12.16,6.38,81.7,100.0,4.07,1.35,0.97,0,5.0,110.4,59.7,119,64,20.1,-0.35,3833.0,0,Rest Day,0,0.0,0.0,0.0,0.0,0.0,0.0,0.0,0.0,0.0,,2,59,79.3,66.7349218424789,12.5650781575211,12.5650781575211
Monday,36,Female,51.4,174.0,Advanced,Weight Training,18.91,6.24,82.2,100.0,3.54,1.53,1.17,0,5.0,104.6,50.6,119,45,14.8,0.39,4945.0,1,Weight Training,53,10.45,142.5,160.9,443.0,6.7,12.0,13.8,16.0,4.5,Afternoon,6,177,69.9,67.56684217961046,2.3331578203895447,2.3331578203895447
Tuesday,58,Male,73.6,180.0,Intermediate,Swimming,9.78,8.37,90.3,100.0,4.87,1.92,1.58,0,5.0,96.5,45.8,103,46,17.1,0.21,3378.0,1,Yoga,38,3.25,111.6,127.8,99.0,15.1,15.6,5.8,1.5,0.0,Evening,6,164,57.6,61.964906061942,-4.364906061942001,4.364906061942001
Friday,55,Male,79.4,168.1,Advanced,Weight Training,11.85,7.63,84.2,100.0,4.42,1.88,1.33,1,11.4,85.4,71.4,88,73,17.8,0.0,3457.0,1,Weight Training,49,10.25,127.4,143.9,402.0,3.8,11.5,16.1,13.5,4.1,Morning,4,118,61.2,66.79891383866294,-5.598913838662938,5.598913838662938
Sunday,26,Female,58.4,160.4,Beginner,Running,2.96,8.96,92.4,100.0,5.06,2.12,1.78,1,5.0,90.5,58.5,83,64,16.5,0.37,2225.0,0,Rest Day,0,0.0,0.0,0.0,0.0,0.0,0.0,0.0,0.0,0.0,,7,211,52.3,63.30099407818346,-11.00099407818346,11.00099407818346
Sunday,50,Male,87.8,180.1,Intermediate,Cycling,8.55,7.7,73.7,100.0,4.5,1.74,1.46,0,5.0,106.7,54.4,116,57,17.8,0.29,2866.0,1,HIIT,41,15.13,141.1,158.1,496.0,2.5,6.3,8.2,14.4,9.6,Morning,5,141,53.1,59.04729240443808,-5.94729240443808,5.94729240443808
Sunday,41,Female,62.7,164.5,Intermediate,Running,6.79,8.76,85.8,100.0,5.37,1.81,1.58,1,5.0,68.2,50.3,73,52,14.1,-0.91,2564.0,0,Rest Day,0,0.0,0.0,0.0,0.0,0.0,0.0,0.0,0.0,0.0,,12,351,50.4,52.298527861569504,-1.8985278615695051,1.8985278615695051
Thursday,27,Female,58.5,165.4,Beginner,Running,12.89,8.23,90.7,100.0,5.12,1.76,1.35,0,5.0,104.3,49.0,104,49,13.2,0.02,3702.0,0,Rest Day,0,0.0,0.0,0.0,0.0,0.0,0.0,0.0,0.0,0.0,,5,138,88.4,64.69667847349871,23.7033215265013,23.7033215265013
Thursday,37,Female,72.1,164.5,Elite,Cycling,12.44,6.83,70.5,100.0,4.09,1.41,1.33,1,5.0,95.0,45.9,92,49,15.2,0.4,4034.0,1,Cycling,101,15.57,152.9,171.2,1258.0,9.2,10.3,27.2,37.4,16.9,Morning,2,40,87.1,70.96602858583995,16.133971414160044,16.133971414160044
Monday,45,Male,58.1,169.8,Intermediate,Swimming,14.26,8.61,94.9,100.0,5.06,2.12,1.43,0,5.0,23.0,66.0,34,63,17.4,-0.07,3703.0,0,Rest Day,0,0.0,0.0,0.0,0.0,0.0,0.0,0.0,0.0,0.0,,8,226,44.5,58.64272227537815,-14.142722275378148,14.142722275378148
Thursday,29,Male,89.8,173.0,Elite,Swimming,8.64,8.15,88.9,100.0,4.97,1.94,1.25,0,5.0,64.0,69.9,73,72,18.4,-0.86,3022.0,1,Swimming,50,13.27,154.3,173.4,531.0,3.3,13.5,14.8,14.8,3.6,Evening,6,173,62.8,60.193576224946554,2.606423775053443,2.606423775053443
Sunday,27,Female,64.5,151.0,Advanced,CrossFit,7.78,9.11,82.6,100.0,5.47,2.2,1.43,0,5.0,93.9,49.7,89,49,16.0,-0.31,3009.0,0,Rest Day,0,0.0,0.0,0.0,0.0,0.0,0.0,0.0,0.0,0.0,,10,274,68.7,56.954519434018174,11.745480565981829,11.745480565981829
Sunday,40,Male,70.6,179.0,Beginner,Yoga,8.21,6.69,73.6,100.0,3.87,1.52,1.3,1,5.0,68.3,57.2,53,58,15.8,-0.45,3252.0,0,Rest Day,0,0.0,0.0,0.0,0.0,0.0,0.0,0.0,0.0,0.0,,5,148,82.2,65.49028717266116,16.709712827338848,16.709712827338848
Monday,26,Male,83.9,169.0,Advanced,CrossFit,6.13,8.74,87.4,100.0,5.47,1.82,1.44,1,5.0,55.1,40.8,44,49,18.0,0.48,2485.0,1,CrossFit,55,15.89,162.8,182.2,699.0,5.0,7.5,13.1,18.4,11.0,Morning,7,184,80.1,78.3618276777533,1.7381723222466974,1.7381723222466974
Thursday,51,Male,70.0,168.4,Intermediate,Swimming,17.28,7.93,93.6,100.0,4.85,1.83,1.25,0,5.0,33.1,62.9,34,63,13.6,0.42,4466.0,0,Rest Day,0,0.0,0.0,0.0,0.0,0.0,0.0,0.0,0.0,0.0,,2,54,94.1,69.49468530483782,24.60531469516218,24.60531469516218
Tuesday,31,Female,69.7,175.0,Advanced,Swimming,9.24,8.14,88.3,100.0,5.07,1.67,1.4,1,5.0,30.5,51.9,30,55,14.2,0.75,3167.0,1,CrossFit,69,18.09,163.6,182.5,999.0,1.1,7.4,20.9,25.2,14.3,Morning,4,101,79.5,64.56136297056388,14.938637029436123,14.938637029436123
Tuesday,27,Male,57.4,178.7,Intermediate,Yoga,5.43,8.45,85.0,100.0,5.31,1.73,1.4,1,5.0,95.3,40.0,82,45,16.5,-1.0,2306.0,1,Yoga,40,3.52,133.5,152.8,113.0,18.1,15.3,5.1,1.5,0.0,Evening,2,45,62.7,60.94076005954405,1.7592399404559558,1.7592399404559558
Sunday,54,Female,54.4,171.7,Advanced,Walking,7.79,6.76,84.3,100.0,3.85,1.62,1.3,0,5.3,43.6,60.5,34,65,14.5,-0.17,2720.0,0,Rest Day,0,0.0,0.0,0.0,0.0,0.0,0.0,0.0,0.0,0.0,,12,344,100.0,65.6688757141844,34.331124285815605,34.331124285815605
Saturday,35,Male,73.1,181.5,Intermediate,Walking,9.74,6.01,66.1,100.0,3.53,1.42,1.06,0,5.0,101.9,67.2,110,71,15.9,0.21,3101.0,1,Walking,33,3.97,129.0,147.5,105.0,15.2,13.1,4.0,0.6,0.0,Evening,11,329,58.3,55.467718408185966,2.8322815918140307,2.8322815918140307
Thursday,25,Female,59.3,157.5,Advanced,Weight Training,13.67,7.04,71.3,100.0,4.01,1.66,1.37,0,21.9,44.7,59.4,41,61,15.7,0.06,3726.0,1,Weight Training,64,10.11,150.2,169.7,517.0,5.6,11.3,21.6,19.6,5.9,Morning,2,54,78.4,73.65426817391283,4.74573182608718,4.74573182608718
Saturday,60,Male,104.5,177.6,Advanced,Weight Training,7.28,7.95,91.0,100.0,4.71,1.7,1.54,0,5.0,111.2,58.2,107,60,12.5,-0.24,2714.0,1,Weight Training,63,11.16,125.3,141.3,562.0,10.1,11.8,19.3,17.2,4.7,Morning,10,287,77.5,66.04056817717492,11.459431822825081,11.459431822825081
Tuesday,60,Female,74.3,164.2,Elite,HIIT,11.2,7.54,88.5,100.0,4.64,1.59,1.3,0,5.0,45.1,51.9,39,53,13.5,0.76,3137.0,0,Rest Day,0,0.0,0.0,0.0,0.0,0.0,0.0,0.0,0.0,0.0,,7,185,39.5,70.73410625218901,-31.234106252189008,31.234106252189008
Wednesday,25,Male,65.4,171.1,Advanced,Weight Training,4.46,6.09,51.6,100.0,3.63,1.47,0.99,0,5.0,121.0,44.5,108,48,16.6,0.18,2140.0,1,Weight Training,64,6.29,141.4,160.9,322.0,13.3,21.7,18.1,10.3,0.6,Morning,8,228,71.2,69.24501309504248,1.9549869049575221,1.9549869049575221
Friday,30,Female,62.9,175.5,Advanced,Cycling,8.35,7.4,84.8,100.0,4.21,1.75,1.45,0,5.0,136.3,65.5,111,67,14.6,1.76,3215.0,1,CrossFit,65,13.6,154.3,173.3,707.0,9.5,12.8,17.4,17.7,7.5,Afternoon,9,244,73.4,77.35090313588982,-3.950903135889817,3.950903135889817
Tuesday,20,Female,68.6,163.8,Intermediate,Running,10.43,8.33,88.9,100.0,4.9,1.86,1.58,1,5.0,86.3,53.3,74,56,12.1,-0.01,3217.0,1,Running,46,15.05,165.8,185.8,554.0,0.1,8.5,13.6,16.3,7.6,Evening,8,227,97.7,66.86110239510775,30.838897604892253,30.838897604892253
Monday,19,Male,76.3,173.4,Intermediate,HIIT,10.91,5.8,66.2,100.0,3.64,1.27,0.89,1,5.0,79.6,40.8,86,47,12.1,0.12,3502.0,1,Walking,53,2.83,137.4,157.5,120.0,23.6,21.7,7.1,0.6,0.0,Evening,10,289,81.8,68.83528084801013,12.964719151989868,12.964719151989868
Wednesday,30,Female,62.9,175.5,Advanced,Cycling,6.02,6.14,90.3,100.0,3.72,1.34,1.09,0,5.0,120.2,61.1,111,67,15.7,0.15,3024.0,1,Cycling,97,12.92,152.7,171.7,1002.0,13.0,22.8,26.5,28.8,5.9,Afternoon,3,88,66.4,64.16488769291114,2.235112307088869,2.235112307088869
Friday,50,Female,70.3,176.6,Advanced,Weight Training,8.29,7.9,91.4,100.0,4.63,1.88,1.39,0,5.0,79.6,74.8,75,74,17.7,-0.34,2939.0,1,HIIT,39,14.05,138.9,155.9,438.0,4.3,8.0,12.0,10.3,4.4,Evening,5,125,56.0,57.599568167409,-1.5995681674089965,1.5995681674089965
Saturday,31,Male,67.6,186.3,Intermediate,Weight Training,11.65,7.33,74.9,100.0,4.44,1.69,1.2,2,5.0,48.6,58.1,38,56,15.2,0.13,3394.0,0,Rest Day,0,0.0,0.0,0.0,0.0,0.0,0.0,0.0,0.0,0.0,,5,133,57.9,60.104911985846044,-2.2049119858460458,2.2049119858460458
Saturday,23,Female,63.5,158.6,Intermediate,HIIT,6.8,8.62,93.3,100.0,5.36,1.91,1.35,0,5.0,41.2,50.8,38,61,19.3,0.24,2918.0,0,Rest Day,0,0.0,0.0,0.0,0.0,0.0,0.0,0.0,0.0,0.0,,9,273,72.6,71.0926806992821,1.5073193007178958,1.5073193007178958
Monday,58,Male,94.4,171.5,Advanced,Cycling,10.82,7.92,84.8,100.0,4.6,1.78,1.53,0,5.0,60.8,74.8,71,72,15.0,-0.58,3756.0,1,Cycling,117,12.98,130.3,146.5,1215.0,12.2,23.7,34.9,38.4,7.8,Evening,5,142,52.6,63.98747144488853,-11.387471444888526,11.387471444888526
Friday,34,Male,78.8,168.2,Intermediate,Walking,2.33,8.54,91.4,100.0,5.07,1.89,1.59,0,5.0,114.2,56.5,104,61,12.8,-0.51,2051.0,1,Walking,29,3.88,129.5,148.1,90.0,11.2,10.5,4.9,2.4,0.0,Morning,8,223,62.6,54.12679949547526,8.47320050452474,8.47320050452474
Wednesday,48,Female,58.5,173.4,Intermediate,Swimming,8.46,6.18,68.1,100.0,3.93,1.28,0.98,1,5.0,59.3,70.9,72,71,14.4,0.81,2927.0,1,Swimming,49,12.14,136.7,153.9,476.0,3.9,9.9,14.0,18.0,3.2,Evening,6,172,55.6,56.061163647494475,-0.46116364749447314,0.46116364749447314
Sunday,51,Male,94.6,187.9,Elite,Running,11.95,7.36,82.4,100.0,4.67,1.57,1.12,1,5.0,60.0,54.2,66,56,17.8,-0.4,3732.0,1,HIIT,28,21.0,152.1,169.0,470.0,0.2,4.5,7.2,9.7,6.4,Morning,1,8,54.6,65.2810774837249,-10.681077483724899,10.681077483724899
Tuesday,20,Male,58.2,183.9,Beginner,CrossFit,12.0,8.42,89.8,100.0,5.39,1.75,1.27,0,7.4,54.2,52.0,45,55,16.3,-1.12,3861.0,1,CrossFit,50,11.77,158.0,178.0,471.0,5.2,9.0,16.6,16.0,3.2,Morning,2,45,64.8,69.91082577682627,-5.110825776826275,5.110825776826275
Monday,27,Female,67.2,171.1,Intermediate,HIIT,11.16,8.2,89.2,100.0,5.02,1.84,1.34,0,5.0,66.7,55.5,63,60,11.6,0.11,3579.0,0,Rest Day,0,0.0,0.0,0.0,0.0,0.0,0.0,0.0,0.0,0.0,,1,16,72.3,70.90170769830944,1.3982923016905602,1.3982923016905602
Saturday,63,Male,71.4,152.8,Beginner,CrossFit,8.47,8.38,92.4,100.0,4.69,2.09,1.6,0,5.0,30.2,59.2,33,59,17.9,0.12,3120.0,1,CrossFit,65,14.77,129.7,145.4,768.0,3.6,15.0,19.0,19.2,8.2,Morning,1,21,85.2,60.3889038446387,24.811096155361305,24.811096155361305
Friday,38,Male,93.5,180.2,Elite,Running,13.61,5.88,70.3,100.0,3.43,1.3,1.15,0,5.0,79.7,71.3,84,69,17.2,-0.17,3574.0,1,Cycling,118,9.12,138.1,156.3,861.0,25.5,34.8,36.3,20.7,0.7,Morning,11,307,50.2,62.169300344293696,-11.969300344293693,11.969300344293693
Monday,56,Female,62.7,164.5,Intermediate,Walking,7.35,8.31,92.6,100.0,4.74,1.92,1.66,0,5.0,66.5,59.5,66,63,16.3,0.13,3046.0,0,Rest Day,0,0.0,0.0,0.0,0.0,0.0,0.0,0.0,0.0,0.0,,4,93,60.7,61.492392183860055,-0.7923921838600521,0.7923921838600521
Tuesday,27,Female,64.5,151.0,Advanced,CrossFit,14.78,7.9,82.0,100.0,4.81,1.68,1.4,0,5.0,71.0,49.4,89,49,11.0,0.64,4062.0,1,Swimming,54,12.66,154.5,173.8,547.0,3.3,11.2,15.5,18.1,5.9,Morning,3,73,61.3,68.67083670955114,-7.370836709551142,7.370836709551142
Tuesday,56,Male,90.9,171.6,Intermediate,Swimming,12.66,7.9,91.4,100.0,4.86,1.6,1.44,0,5.0,91.4,61.1,103,62,14.1,0.25,3764.0,1,Swimming,52,12.53,131.1,147.5,523.0,6.5,9.0,18.3,14.6,3.8,Afternoon,5,143,49.8,63.50030757123554,-13.700307571235541,13.700307571235541
Monday,54,Male,95.9,173.5,Intermediate,HIIT,7.29,6.86,85.4,100.0,4.38,1.43,1.05,1,5.0,102.5,70.4,95,69,14.3,-0.47,2838.0,1,HIIT,35,13.58,134.7,151.3,380.0,2.3,8.0,12.3,10.3,2.2,Morning,3,72,73.9,62.6393350409487,11.260664959051304,11.260664959051304
Thursday,63,Female,49.6,165.6,Advanced,Yoga,12.24,6.62,88.5,100.0,3.73,1.57,1.31,0,5.0,28.1,66.2,39,60,15.6,-0.85,3599.0,0,Rest Day,0,0.0,0.0,0.0,0.0,0.0,0.0,0.0,0.0,0.0,,11,320,41.0,58.14810375119239,-17.148103751192387,17.148103751192387
Sunday,28,Female,58.9,172.0,Beginner,Running,3.79,6.25,80.3,100.0,3.6,1.47,1.18,0,5.0,103.3,57.0,96,59,16.5,-0.32,2216.0,0,Rest Day,0,0.0,0.0,0.0,0.0,0.0,0.0,0.0,0.0,0.0,,7,190,79.2,58.462228086288036,20.737771913711967,20.737771913711967
Sunday,53,Female,67.4,166.0,Advanced,Swimming,7.08,5.42,72.6,100.0,3.25,1.14,1.03,1,8.4,53.0,47.5,63,51,14.1,0.16,2820.0,1,Yoga,33,3.75,116.0,132.7,100.0,13.0,14.7,3.7,1.6,0.3,Evening,9,260,49.0,53.394954778012405,-4.394954778012405,4.394954778012405
Thursday,51,Male,78.8,181.0,Intermediate,Walking,11.55,8.39,83.9,100.0,4.99,1.79,1.6,0,6.1,118.2,61.1,117,67,18.9,-1.01,3569.0,1,Walking,33,2.65,115.2,132.1,70.0,12.6,13.4,5.7,1.3,0.0,Afternoon,3,89,73.2,68.99014094812752,4.209859051872485,4.209859051872485
Friday,50,Male,83.1,181.7,Intermediate,Swimming,9.86,5.28,58.0,100.0,3.34,1.12,0.82,1,5.0,77.8,54.3,83,49,16.0,-0.1,3166.0,1,Swimming,37,13.86,138.5,155.5,410.0,4.2,7.2,11.4,11.1,3.1,Evening,5,125,67.8,49.739963847324105,18.06003615267589,18.06003615267589
Saturday,54,Female,54.4,171.7,Advanced,Walking,10.7,6.46,84.3,100.0,3.65,1.58,1.23,0,5.0,51.8,63.2,34,65,14.9,0.37,3104.0,1,Walking,40,2.09,112.0,128.6,67.0,14.1,17.4,5.4,3.1,0.0,Afternoon,3,70,56.5,73.1617828289948,-16.661782828994802,16.661782828994802
Wednesday,56,Female,63.2,152.8,Advanced,Cycling,9.24,8.35,93.5,100.0,4.83,1.9,1.62,0,5.0,96.5,45.0,104,46,17.1,-0.62,2927.0,1,HIIT,38,17.09,140.0,156.4,520.0,3.4,5.1,8.4,14.8,6.4,Evening,1,17,88.3,65.65509672759879,22.64490327240121,22.64490327240121
Sunday,32,Male,81.8,168.2,Beginner,Walking,7.34,8.16,96.1,100.0,4.9,1.8,1.46,0,5.0,105.1,43.6,93,46,17.4,-0.68,2758.0,1,Running,65,11.41,147.7,166.5,593.0,7.8,13.1,18.9,16.8,8.4,Morning,10,274,53.9,70.64582947698946,-16.745829476989464,16.745829476989464
Monday,42,Female,67.8,166.8,Beginner,HIIT,4.12,6.88,89.8,100.0,4.04,1.5,1.34,0,5.0,59.1,64.6,33,66,14.7,0.59,2409.0,1,Cycling,75,10.5,137.9,155.7,630.0,6.4,13.8,22.4,23.6,8.7,Morning,5,128,92.0,60.652807676733126,31.347192323266874,31.347192323266874
Thursday,21,Male,59.7,191.2,Advanced,Yoga,15.87,7.48,82.9,100.0,4.37,1.8,1.31,0,5.0,85.0,43.7,67,47,17.7,0.45,4095.0,1,Walking,54,3.69,138.1,158.0,160.0,24.3,19.4,7.7,2.5,0.0,Afternoon,8,236,100.0,80.20761121086768,19.792388789132318,19.792388789132318
Wednesday,62,Male,80.2,182.8,Advanced,Weight Training,14.34,7.7,92.6,100.0,4.77,1.61,1.32,0,5.0,57.8,52.6,61,53,13.4,-0.0,4051.0,1,Running,89,17.44,135.5,151.3,1242.0,5.4,13.0,22.3,30.8,17.5,Afternoon,5,144,66.3,68.25387493951462,-1.9538749395146198,1.9538749395146198
Wednesday,41,Female,71.9,159.2,Beginner,Yoga,8.11,6.01,82.0,100.0,3.54,1.38,1.09,0,5.0,75.7,49.3,66,49,17.2,0.13,3010.0,0,Rest Day,0,0.0,0.0,0.0,0.0,0.0,0.0,0.0,0.0,0.0,,3,74,79.8,58.29736268209694,21.50263731790306,21.50263731790306
Monday,37,Male,78.7,176.1,Intermediate,Yoga,1.49,6.41,63.9,100.0,3.97,1.35,1.1,1,5.0,77.5,51.2,47,62,13.3,-0.01,1825.0,1,Weight Training,72,13.65,148.7,167.0,786.0,6.7,16.5,23.7,18.6,6.5,Evening,3,72,95.9,74.64130519676077,21.258694803239237,21.258694803239237
Sunday,25,Male,65.4,171.1,Advanced,Weight Training,12.19,4.56,68.5,100.0,2.84,1.03,0.69,2,5.0,92.0,47.3,108,48,18.6,-0.26,3696.0,0,Rest Day,0,0.0,0.0,0.0,0.0,0.0,0.0,0.0,0.0,0.0,,8,232,55.4,61.41795119099327,-6.017951190993273,6.017951190993273
Sunday,64,Male,78.0,179.0,Elite,Cycling,6.59,4.74,61.3,100.0,2.88,1.05,0.8,1,5.0,74.2,56.3,79,63,14.4,-0.16,2880.0,1,Yoga,58,2.4,105.9,121.5,111.0,21.4,22.4,9.6,1.7,2.9,Afternoon,7,211,60.5,63.022626415873766,-2.5226264158737663,2.5226264158737663
Wednesday,60,Female,61.5,174.5,Intermediate,HIIT,4.77,6.38,79.5,100.0,3.77,1.39,1.22,1,5.0,50.8,55.7,36,51,13.8,0.79,2191.0,0,Rest Day,0,0.0,0.0,0.0,0.0,0.0,0.0,0.0,0.0,0.0,,8,214,50.3,44.59967043796326,5.700329562036735,5.700329562036735
Wednesday,53,Male,61.6,167.9,Beginner,Walking,14.16,8.0,86.2,100.0,4.72,1.81,1.46,2,5.0,51.2,50.3,40,53,13.9,-0.03,4108.0,0,Rest Day,0,0.0,0.0,0.0,0.0,0.0,0.0,0.0,0.0,0.0,,6,158,95.1,76.82320411383324,18.276795886166752,18.276795886166752
Sunday,61,Male,69.0,180.3,Intermediate,Cycling,7.77,8.05,84.4,100.0,5.1,1.73,1.22,1,5.0,107.0,52.5,118,55,15.0,-0.91,2869.0,1,Running,41,11.95,126.0,141.9,392.0,4.7,7.4,11.8,11.4,5.9,Evening,6,169,57.2,59.38047357002486,-2.1804735700248585,2.1804735700248585
Tuesday,47,Male,73.1,178.7,Intermediate,HIIT,13.82,7.98,93.6,100.0,4.74,1.97,1.27,1,5.0,31.5,61.3,30,62,11.1,-0.2,3943.0,1,Swimming,32,16.52,146.5,163.8,423.0,0.0,5.7,8.7,12.2,5.4,Morning,2,38,57.4,68.77287195629452,-11.372871956294524,11.372871956294524
Wednesday,35,Female,71.5,162.4,Beginner,Yoga,12.64,6.64,85.2,100.0,4.02,1.35,1.27,0,5.0,70.8,76.0,75,74,16.4,0.23,3909.0,0,Rest Day,0,0.0,0.0,0.0,0.0,0.0,0.0,0.0,0.0,0.0,,3,67,65.5,55.95674901194869,9.543250988051312,9.543250988051312
Monday,50,Male,62.0,172.2,Intermediate,HIIT,14.54,8.11,94.5,100.0,5.02,1.87,1.22,0,5.0,73.2,61.0,92,60,12.6,0.23,3840.0,1,HIIT,31,18.44,147.8,164.8,457.0,2.7,4.1,9.1,9.4,5.7,Afternoon,9,247,93.4,62.88899386110329,30.511006138896718,30.511006138896718
Thursday,51,Male,87.8,175.3,Advanced,Weight Training,14.76,6.68,84.5,100.0,4.1,1.57,1.0,0,5.0,119.2,67.9,113,67,18.9,-0.44,3859.0,1,Weight Training,47,8.27,126.5,143.4,316.0,8.3,13.9,14.1,7.5,3.9,Afternoon,1,26,39.3,66.50835794390846,-27.208357943908467,27.208357943908467
Wednesday,20,Male,87.2,194.1,Elite,Running,17.97,8.46,93.7,100.0,4.82,1.98,1.67,0,5.0,20.0,61.3,39,56,13.5,0.37,4307.0,0,Rest Day,0,0.0,0.0,0.0,0.0,0.0,0.0,0.0,0.0,0.0,,1,17,36.5,56.11364046257384,-19.61364046257384,19.61364046257384
Monday,47,Female,38.1,179.1,Elite,HIIT,10.5,7.83,60.5,100.0,4.76,1.72,1.36,0,23.3,104.5,68.1,97,73,15.3,0.28,3455.0,1,Yoga,49,4.85,122.4,139.7,190.0,20.6,18.3,9.2,0.9,0.0,Morning,9,254,84.2,76.53659531442801,7.66340468557199,7.66340468557199
Friday,50,Male,83.1,181.7,Intermediate,Swimming,6.62,5.73,68.3,100.0,3.37,1.31,1.06,2,5.0,76.5,46.1,83,49,16.4,-0.0,2937.0,0,Rest Day,0,0.0,0.0,0.0,0.0,0.0,0.0,0.0,0.0,0.0,,5,132,61.2,53.60415752231561,7.595842477684393,7.595842477684393
Wednesday,23,Male,89.9,184.6,Intermediate,Walking,8.12,7.55,92.6,100.0,4.63,1.75,1.17,0,5.0,64.9,45.1,76,46,14.7,-0.47,2674.0,1,Walking,51,1.43,131.4,151.1,58.0,22.2,21.3,7.1,0.4,0.0,Morning,3,67,73.3,58.730983171005356,14.569016828994641,14.569016828994641
Sunday,27,Male,57.4,178.7,Intermediate,Yoga,7.86,6.57,95.4,100.0,4.13,1.43,1.01,0,5.0,88.0,45.4,82,45,16.8,0.11,3008.0,0,Rest Day,0,0.0,0.0,0.0,0.0,0.0,0.0,0.0,0.0,0.0,,10,274,44.6,54.45704448395084,-9.857044483950837,9.857044483950837
Sunday,52,Male,100.0,166.4,Advanced,Walking,9.36,7.12,81.4,100.0,4.39,1.47,1.26,0,5.0,49.4,44.1,63,45,14.5,0.03,3325.0,1,Walking,27,3.4,116.0,132.8,73.0,11.6,10.7,3.8,0.4,0.4,Afternoon,4,106,47.2,61.67846118679839,-14.478461186798384,14.478461186798384
Sunday,45,Female,46.2,161.2,Advanced,HIIT,6.53,6.07,79.1,100.0,3.69,1.38,1.0,0,5.5,55.7,59.3,54,68,12.9,0.17,2583.0,1,HIIT,28,15.05,145.1,162.6,337.0,0.5,4.9,7.8,10.4,4.5,Afternoon,5,148,81.5,76.11232331244611,5.387676687553892,5.387676687553892
Tuesday,38,Female,53.6,163.7,Advanced,Cycling,11.99,7.34,72.1,100.0,4.51,1.53,1.3,1,5.0,24.9,49.6,37,50,15.7,-0.49,3526.0,1,Cycling,90,10.46,141.0,159.2,753.0,7.1,20.5,27.2,28.0,7.1,Afternoon,2,52,45.7,63.50199712952004,-17.80199712952004,17.80199712952004
Wednesday,24,Male,99.4,168.8,Intermediate,Weight Training,8.91,6.53,93.5,100.0,3.88,1.41,1.24,0,5.0,38.6,54.1,40,53,13.1,0.2,2813.0,1,Weight Training,63,9.32,149.1,168.7,470.0,11.7,19.4,23.9,7.5,0.6,Morning,8,214,72.9,54.80893224032525,18.091067759674758,18.091067759674758
Friday,51,Male,83.5,181.8,Intermediate,Swimming,14.17,7.97,88.6,100.0,4.8,1.95,1.22,0,5.0,84.0,71.2,70,72,14.8,0.0,3850.0,0,Rest Day,0,0.0,0.0,0.0,0.0,0.0,0.0,0.0,0.0,0.0,,6,181,95.5,76.93058668963553,18.569413310364467,18.569413310364467
Tuesday,31,Male,96.4,168.9,Advanced,HIIT,14.28,7.83,88.1,100.0,4.32,1.94,1.56,1,5.0,98.8,57.7,110,55,16.1,-0.35,4174.0,1,HIIT,43,15.41,157.5,176.4,530.0,2.7,7.4,10.2,15.6,7.3,Evening,8,213,85.2,66.07199754813584,19.128002451864162,19.128002451864162
Friday,23,Male,89.9,184.6,Intermediate,Walking,7.38,8.11,100.0,100.0,5.0,1.85,1.25,0,5.0,74.1,43.0,76,46,16.8,0.9,2915.0,0,Rest Day,0,0.0,0.0,0.0,0.0,0.0,0.0,0.0,0.0,0.0,,3,62,34.5,70.61273750773084,-36.11273750773084,36.11273750773084
Saturday,51,Male,94.6,187.9,Elite,Running,9.08,6.67,83.0,100.0,3.82,1.59,1.25,0,5.0,47.0,55.2,66,56,14.9,-0.96,2788.0,1,Running,30,8.15,126.2,143.1,199.0,6.0,9.7,9.8,4.3,0.8,Evening,1,28,40.0,52.066194037169204,-12.066194037169204,12.066194037169204
Thursday,59,Female,79.4,170.7,Advanced,Weight Training,9.94,7.33,92.0,100.0,4.39,1.83,1.11,1,5.0,55.8,46.9,65,54,15.1,0.58,2997.0,1,HIIT,40,12.17,128.0,144.1,389.0,3.4,10.1,10.5,13.1,2.8,Afternoon,10,285,86.0,69.72453240817678,16.275467591823215,16.275467591823215
Sunday,18,Female,71.3,168.2,Advanced,HIIT,3.6,6.3,90.9,100.0,3.69,1.49,1.12,0,5.0,110.5,54.7,105,55,16.6,0.51,2552.0,0,Rest Day,0,0.0,0.0,0.0,0.0,0.0,0.0,0.0,0.0,0.0,,2,36,56.5,49.5049586949658,6.995041305034199,6.995041305034199
Saturday,55,Male,57.5,189.8,Intermediate,Swimming,4.88,6.1,96.3,100.0,3.82,1.3,0.98,1,5.0,49.2,67.7,31,74,14.5,0.56,2586.0,1,Swimming,51,9.06,125.0,141.5,370.0,8.9,15.2,16.4,5.4,5.2,Morning,2,49,90.5,65.36183708928334,25.13816291071666,25.13816291071666
Sunday,55,Male,73.4,182.4,Beginner,Swimming,2.64,7.23,82.2,100.0,4.2,1.68,1.36,0,5.0,85.5,71.3,84,71,18.7,-0.35,2157.0,0,Rest Day,0,0.0,0.0,0.0,0.0,0.0,0.0,0.0,0.0,0.0,,9,267,52.9,48.063909806472154,4.836090193527845,4.836090193527845
Sunday,61,Male,92.2,174.7,Intermediate,Yoga,7.94,7.68,74.8,100.0,4.83,1.58,1.26,1,7.5,114.9,68.0,102,74,16.7,0.4,3094.0,0,Rest Day,0,0.0,0.0,0.0,0.0,0.0,0.0,0.0,0.0,0.0,,2,36,90.9,73.54220154972066,17.357798450279347,17.357798450279347
Thursday,52,Male,75.7,173.3,Advanced,HIIT,14.97,6.01,85.9,100.0,3.52,1.45,1.04,0,5.0,20.0,63.9,38,68,17.5,0.08,4078.0,1,HIIT,37,17.5,144.2,161.0,518.0,1.7,7.0,9.4,12.3,6.6,Morning,11,320,70.3,72.88555892494843,-2.5855589249484296,2.5855589249484296
Sunday,33,Male,57.4,191.7,Elite,Walking,7.22,7.98,94.5,100.0,4.84,1.68,1.46,0,5.0,97.1,61.4,79,59,15.2,0.28,2647.0,1,Walking,23,2.03,126.1,144.8,38.0,9.1,10.5,3.4,0.5,0.0,Evening,4,106,46.5,61.15537084264988,-14.65537084264988,14.65537084264988
Thursday,56,Female,63.2,152.8,Advanced,Cycling,13.37,7.35,90.9,100.0,4.13,1.84,1.39,0,5.0,81.7,50.6,104,46,17.6,0.12,4239.0,1,Cycling,69,10.74,127.6,144.0,593.0,9.2,13.9,22.3,19.5,4.1,Evening,9,250,80.7,56.555648354414444,24.14435164558556,24.14435164558556
Thursday,45,Female,67.2,172.3,Intermediate,Yoga,15.16,6.35,79.1,100.0,3.92,1.43,1.0,1,5.0,40.6,44.6,64,49,17.8,-0.53,3962.0,1,HIIT,21,15.4,145.8,163.3,259.0,1.2,3.5,5.7,6.4,4.2,Morning,1,25,70.7,74.32346765416051,-3.623467654160507,3.623467654160507
Thursday,48,Female,51.6,156.5,Advanced,Swimming,8.47,6.55,56.0,100.0,3.9,1.48,1.18,1,5.0,96.9,47.8,88,49,11.9,-0.16,3143.0,1,Swimming,43,11.01,134.3,151.5,379.0,5.3,9.9,12.0,11.0,4.8,Afternoon,9,250,74.8,65.19998320591573,9.600016794084269,9.600016794084269
Saturday,32,Female,53.7,167.4,Advanced,CrossFit,12.99,7.84,92.7,100.0,4.92,1.61,1.31,0,5.1,29.2,57.2,47,56,16.2,0.19,3733.0,0,Rest Day,0,0.0,0.0,0.0,0.0,0.0,0.0,0.0,0.0,0.0,,10,287,45.7,53.87691955770805,-8.176919557708047,8.176919557708047
Monday,60,Female,56.4,155.1,Elite,HIIT,18.43,6.83,83.2,100.0,4.02,1.51,1.3,0,5.0,56.5,50.6,57,45,16.8,0.21,4861.0,1,HIIT,37,18.41,139.1,155.1,545.0,3.1,5.0,10.1,13.0,5.8,Evening,3,79,100.0,68.01273402438397,31.987265975616026,31.987265975616026
Friday,58,Female,59.9,158.0,Beginner,HIIT,9.41,7.47,94.0,100.0,4.54,1.75,1.18,0,5.0,45.0,41.7,64,49,14.4,0.03,3022.0,0,Rest Day,0,0.0,0.0,0.0,0.0,0.0,0.0,0.0,0.0,0.0,,1,20,61.0,63.28405598096904,-2.2840559809690433,2.2840559809690433
Wednesday,19,Female,77.0,173.0,Intermediate,CrossFit,12.56,8.1,88.9,100.0,4.79,1.85,1.46,1,5.0,131.6,74.9,119,73,15.8,0.28,4018.0,1,Running,78,12.98,161.7,181.8,810.0,9.5,12.5,22.4,24.0,9.6,Morning,1,25,78.4,76.5216267063698,1.8783732936302044,1.8783732936302044
Friday,31,Male,96.4,168.9,Advanced,HIIT,7.68,8.3,91.3,100.0,4.63,2.06,1.61,0,5.0,107.5,47.0,110,55,14.6,-0.51,2996.0,0,Rest Day,0,0.0,0.0,0.0,0.0,0.0,0.0,0.0,0.0,0.0,,7,188,73.0,72.24700879565275,0.7529912043472535,0.7529912043472535
Wednesday,37,Male,78.7,176.1,Intermediate,Yoga,10.24,4.8,56.2,100.0,2.72,1.16,0.93,0,5.0,33.0,61.8,47,62,15.2,-0.07,3378.0,0,Rest Day,0,0.0,0.0,0.0,0.0,0.0,0.0,0.0,0.0,0.0,,2,46,49.9,59.22793398241843,-9.327933982418429,9.327933982418429
Saturday,56,Female,83.0,169.4,Beginner,Running,10.17,8.14,95.1,100.0,4.6,2.02,1.52,0,5.0,51.5,48.7,44,49,15.0,-0.84,3260.0,0,Rest Day,0,0.0,0.0,0.0,0.0,0.0,0.0,0.0,0.0,0.0,,10,294,64.4,62.40132765286344,1.9986723471365622,1.9986723471365622
Tuesday,40,Male,64.3,173.9,Advanced,Weight Training,15.64,6.97,81.8,100.0,4.36,1.46,1.14,0,5.0,87.4,59.4,94,62,16.2,-0.15,3896.0,1,Walking,33,3.21,123.9,141.9,85.0,14.1,13.8,4.2,0.2,0.7,Evening,7,206,94.3,74.41758540677108,19.882414593228916,19.882414593228916
Thursday,21,Female,62.9,158.0,Intermediate,Cycling,6.4,7.44,97.7,100.0,4.43,1.75,1.26,0,5.0,41.9,50.7,42,52,18.1,0.65,3328.0,1,Cycling,53,15.17,165.3,185.2,643.0,0.8,6.5,15.2,19.2,11.3,Afternoon,1,5,54.0,64.19802648836112,-10.198026488361123,10.198026488361123
Tuesday,61,Female,58.3,160.5,Advanced,Yoga,5.69,4.73,76.1,100.0,2.85,1.11,0.77,3,5.0,107.3,52.6,92,59,14.1,0.07,2530.0,1,HIIT,35,20.12,141.4,157.3,563.0,2.1,6.1,7.6,12.0,7.2,Morning,8,234,55.3,77.80450758052535,-22.504507580525356,22.504507580525356
Friday,31,Male,96.4,168.9,Advanced,HIIT,4.36,7.76,92.4,100.0,4.81,1.74,1.21,0,5.0,126.6,45.6,110,55,15.1,-0.08,2290.0,1,CrossFit,64,12.58,151.2,170.1,644.0,4.3,13.2,19.9,20.7,5.8,Morning,5,132,81.8,78.63968567177021,3.160314328229788,3.160314328229788
Saturday,46,Male,79.7,179.0,Elite,Weight Training,9.62,6.51,94.4,100.0,4.07,1.38,1.06,0,5.0,111.8,63.4,110,68,19.8,0.29,3484.0,0,Rest Day,0,0.0,0.0,0.0,0.0,0.0,0.0,0.0,0.0,0.0,,8,238,78.1,67.0668848899478,11.033115110052194,11.033115110052194
Wednesday,55,Female,70.8,175.0,Advanced,Weight Training,11.76,8.34,87.9,100.0,5.0,1.75,1.59,1,5.9,63.0,68.4,37,72,15.1,-0.43,3699.0,0,Rest Day,0,0.0,0.0,0.0,0.0,0.0,0.0,0.0,0.0,0.0,,4,95,83.0,74.71452663608922,8.285473363910782,8.285473363910782
Saturday,29,Male,89.8,173.0,Elite,Swimming,6.02,7.66,88.2,100.0,4.46,1.77,1.43,0,5.0,85.6,70.4,73,72,15.4,-0.29,2435.0,0,Rest Day,0,0.0,0.0,0.0,0.0,0.0,0.0,0.0,0.0,0.0,,4,105,59.3,61.26749848891167,-1.967498488911673,1.967498488911673
Friday,25,Male,61.4,183.9,Intermediate,Weight Training,7.96,6.31,70.9,100.0,3.52,1.53,1.25,2,5.0,31.5,58.2,31,61,16.5,-1.11,3333.0,1,Weight Training,48,6.72,142.3,161.8,261.0,11.3,15.0,12.5,6.1,3.7,Evening,6,153,42.8,64.00624602572819,-21.20624602572819,21.20624602572819
Tuesday,63,Female,72.4,169.0,Advanced,Running,10.44,6.65,79.6,100.0,3.73,1.63,1.29,1,5.0,108.2,56.5,99,54,18.9,-0.82,3497.0,1,Running,61,14.06,128.3,144.0,686.0,5.0,11.4,18.2,19.5,6.8,Afternoon,9,262,72.8,78.53883891104039,-5.738838911040389,5.738838911040389
Saturday,23,Female,56.4,171.0,Advanced,Cycling,8.61,8.71,93.0,100.0,4.8,2.18,1.73,1,5.0,75.4,64.6,64,65,17.5,0.69,3178.0,1,Yoga,39,4.0,137.4,157.1,125.0,16.6,14.1,6.4,1.9,0.0,Morning,2,35,69.5,57.84023608515612,11.659763914843879,11.659763914843879
Friday,28,Female,78.9,166.0,Beginner,Yoga,15.16,7.99,83.6,100.0,4.92,1.62,1.45,0,6.0,61.8,64.6,86,63,19.3,-0.89,4292.0,0,Rest Day,0,0.0,0.0,0.0,0.0,0.0,0.0,0.0,0.0,0.0,,3,62,52.2,63.98888170707929,-11.788881707079284,11.788881707079284
Monday,64,Female,47.6,163.8,Advanced,HIIT,11.25,7.53,86.8,100.0,4.57,1.75,1.2,0,5.0,35.2,42.7,46,47,19.4,-0.15,3447.0,1,HIIT,28,14.6,128.5,144.1,327.0,1.8,5.5,9.3,9.2,2.2,Evening,5,142,67.1,72.89677811336058,-5.796778113360588,5.796778113360588
Sunday,21,Female,62.2,161.8,Intermediate,Weight Training,6.88,6.81,77.3,100.0,4.02,1.53,1.26,0,11.0,86.4,74.2,85,74,15.3,-0.59,2892.0,0,Rest Day,0,0.0,0.0,0.0,0.0,0.0,0.0,0.0,0.0,0.0,,5,141,73.5,51.2888978439583,22.211102156041697,22.211102156041697
Wednesday,53,Male,95.1,180.5,Beginner,CrossFit,10.26,6.73,88.1,100.0,3.98,1.56,1.19,0,5.6,86.1,53.4,93,53,17.4,-0.35,3545.0,1,CrossFit,66,16.96,142.3,159.0,895.0,3.9,8.3,16.4,21.5,15.9,Afternoon,1,18,63.0,68.96047706733916,-5.960477067339156,5.960477067339156
Sunday,35,Male,73.1,181.5,Intermediate,Walking,4.48,5.89,68.1,100.0,3.33,1.41,1.15,1,5.0,100.6,69.6,110,71,16.6,-0.21,2156.0,0,Rest Day,0,0.0,0.0,0.0,0.0,0.0,0.0,0.0,0.0,0.0,,7,190,47.8,48.00995949763907,-0.20995949763907618,0.20995949763907618
Friday,59,Female,56.5,170.6,Intermediate,HIIT,15.07,7.98,89.4,100.0,4.74,1.82,1.42,0,5.0,127.0,47.9,117,55,15.6,0.14,3758.0,1,CrossFit,58,14.14,131.8,147.9,656.0,7.0,9.4,18.2,18.1,5.2,Afternoon,10,279,100.0,88.13112508675177,11.868874913248234,11.868874913248234
Thursday,24,Male,69.8,177.0,Advanced,Yoga,3.98,6.63,93.6,100.0,3.8,1.59,1.24,0,5.0,74.5,46.2,70,47,16.9,0.12,2137.0,1,Running,74,11.17,153.5,173.1,661.0,6.5,17.7,22.5,18.1,9.3,Afternoon,7,194,64.5,59.25479349293286,5.245206507067138,5.245206507067138
Saturday,20,Male,85.0,178.7,Intermediate,Yoga,1.75,8.48,83.5,100.0,5.15,1.7,1.63,0,5.0,46.9,47.6,36,50,14.5,0.22,2144.0,1,Yoga,44,3.66,138.7,158.7,129.0,18.9,17.7,5.5,1.6,0.3,Evening,7,182,50.5,57.912767047289826,-7.412767047289826,7.412767047289826
Monday,64,Female,64.3,158.0,Intermediate,Swimming,7.1,7.75,72.8,100.0,4.72,1.64,1.39,1,5.6,101.4,45.5,81,52,18.6,0.03,2639.0,0,Rest Day,0,0.0,0.0,0.0,0.0,0.0,0.0,0.0,0.0,0.0,,5,128,74.8,72.9383446643299,1.8616553356700933,1.8616553356700933
Friday,60,Female,56.4,155.1,Elite,HIIT,15.15,8.28,87.5,100.0,4.93,1.82,1.53,0,5.0,34.8,41.5,57,45,16.6,-0.44,4084.0,1,HIIT,29,15.41,133.3,149.3,357.0,0.0,4.9,7.8,10.3,6.0,Evening,3,69,85.0,75.79175183245438,9.20824816754562,9.20824816754562
Tuesday,53,Male,61.6,167.9,Beginner,Walking,13.88,7.38,88.2,100.0,4.71,1.51,1.16,0,5.0,54.5,50.6,40,53,16.0,0.34,3923.0,1,Walking,32,3.75,116.0,132.7,96.0,11.1,13.2,5.0,2.7,0.0,Morning,5,143,81.1,76.22950355870948,4.870496441290513,4.870496441290513
Sunday,32,Male,65.8,180.0,Advanced,Running,12.24,7.0,80.4,100.0,4.27,1.56,1.17,1,5.0,108.8,57.1,112,57,18.0,0.31,3492.0,1,Running,89,16.16,158.4,177.2,1150.0,0.6,13.9,25.7,31.5,17.4,Afternoon,10,302,100.0,68.68406575751807,31.31593424248193,31.31593424248193
Saturday,18,Female,66.4,169.5,Advanced,Weight Training,9.02,6.41,87.2,100.0,4.0,1.36,1.05,0,5.0,28.3,70.1,39,72,18.2,0.34,3135.0,0,Rest Day,0,0.0,0.0,0.0,0.0,0.0,0.0,0.0,0.0,0.0,,5,133,44.5,62.95496706898173,-18.45496706898173,18.45496706898173
Wednesday,44,Female,62.0,165.3,Intermediate,CrossFit,9.89,5.54,62.3,100.0,3.36,1.18,1.0,0,5.4,38.7,54.8,56,52,20.2,0.35,3030.0,0,Rest Day,0,0.0,0.0,0.0,0.0,0.0,0.0,0.0,0.0,0.0,,4,109,42.4,53.63598025054314,-11.235980250543143,11.235980250543143
Wednesday,30,Female,54.8,168.6,Intermediate,CrossFit,5.89,6.88,78.7,100.0,4.25,1.53,1.1,3,5.0,67.5,54.2,45,60,17.8,-0.37,2590.0,1,CrossFit,73,14.58,156.5,175.5,852.0,9.2,15.1,20.8,20.0,7.9,Afternoon,6,165,91.0,74.1360245971417,16.8639754028583,16.8639754028583
Friday,43,Male,75.0,176.3,Intermediate,Swimming,11.85,7.91,89.4,100.0,4.71,1.65,1.56,2,5.0,53.4,72.3,73,72,16.7,0.26,3681.0,0,Rest Day,0,0.0,0.0,0.0,0.0,0.0,0.0,0.0,0.0,0.0,,6,181,51.4,56.407783667219235,-5.007783667219236,5.007783667219236
Wednesday,54,Male,101.7,180.3,Intermediate,Cycling,14.49,6.62,70.9,100.0,3.96,1.56,1.09,1,9.9,86.0,66.3,97,68,18.3,0.5,3802.0,1,Cycling,102,15.63,138.8,155.4,1275.0,4.3,19.2,19.6,37.6,21.3,Afternoon,8,221,100.0,72.86002619683441,27.13997380316559,27.13997380316559
Monday,32,Male,81.8,168.2,Beginner,Walking,18.04,8.09,92.7,100.0,5.06,1.73,1.3,0,5.0,97.5,46.4,93,46,16.1,0.27,4234.0,0,Rest Day,0,0.0,0.0,0.0,0.0,0.0,0.0,0.0,0.0,0.0,,10,296,69.1,73.30274630566308,-4.202746305663084,4.202746305663084
Wednesday,59,Female,56.5,170.6,Intermediate,HIIT,18.64,7.54,90.3,100.0,4.44,1.84,1.26,0,5.0,98.6,55.0,117,55,14.9,-1.01,4412.0,1,HIIT,40,19.69,142.4,158.5,630.0,3.9,4.6,10.2,13.9,7.3,Afternoon,3,67,81.3,74.02876705213626,7.271232947863737,7.271232947863737
Friday,62,Female,64.5,167.9,Intermediate,Walking,14.4,6.23,89.7,100.0,3.88,1.33,1.02,0,5.0,102.5,50.8,114,50,14.3,-0.36,3730.0,1,Walking,43,2.26,107.0,122.8,78.0,17.3,16.5,5.9,1.7,1.6,Afternoon,9,265,51.8,59.13590732923969,-7.335907329239696,7.335907329239696
Thursday,37,Female,72.1,164.5,Elite,Cycling,7.2,5.24,76.7,100.0,3.2,1.24,0.8,0,6.1,100.5,47.9,92,49,17.4,-0.57,3105.0,1,Cycling,45,11.33,143.6,161.9,416.0,5.2,9.0,12.3,12.4,6.9,Evening,10,278,45.6,56.97113257896416,-11.371132578964158,11.371132578964158
Tuesday,44,Male,88.6,176.6,Beginner,Weight Training,10.23,5.33,57.9,100.0,3.2,1.15,0.98,0,5.0,64.5,51.6,71,49,12.3,-0.99,3673.0,1,Weight Training,74,8.89,133.0,150.6,526.0,16.0,22.9,24.1,8.3,2.8,Evening,4,108,54.9,53.631475091125715,1.2685249088742836,1.2685249088742836
Thursday,61,Female,66.4,159.7,Intermediate,Yoga,3.84,6.9,87.0,100.0,4.09,1.67,1.14,1,7.6,73.7,68.5,38,72,16.8,-0.26,2266.0,1,Walking,49,3.42,109.8,125.7,134.0,19.0,18.5,8.5,1.1,2.0,Afternoon,2,54,79.4,68.1796876359842,11.220312364015811,11.220312364015811
Wednesday,30,Female,62.9,175.5,Advanced,Cycling,18.19,7.2,81.4,100.0,4.36,1.45,1.39,1,10.6,112.4,70.7,111,67,16.0,-0.49,4114.0,0,Rest Day,0,0.0,0.0,0.0,0.0,0.0,0.0,0.0,0.0,0.0,,5,144,70.5,69.27073634579737,1.2292636542026258,1.2292636542026258
Wednesday,46,Male,73.5,182.3,Intermediate,HIIT,21.0,8.44,84.1,100.0,4.7,2.06,1.68,0,5.0,20.0,57.1,46,55,15.3,0.11,5006.0,1,HIIT,20,17.15,148.6,166.0,274.0,0.3,3.0,5.3,6.5,5.0,Morning,4,116,72.2,65.28209749291698,6.917902507083028,6.917902507083028
Saturday,58,Male,71.5,182.2,Elite,Yoga,8.37,6.12,72.0,100.0,3.73,1.38,1.01,0,9.7,66.8,40.0,53,45,17.9,-0.37,3241.0,1,CrossFit,69,15.05,134.3,150.5,831.0,4.5,12.4,19.3,22.4,10.4,Evening,5,133,97.4,80.09181414549818,17.30818585450183,17.30818585450183
Tuesday,38,Female,70.6,163.3,Intermediate,Cycling,5.72,5.59,70.0,100.0,3.39,1.27,0.93,0,5.0,84.1,58.9,75,58,15.0,-0.33,2687.0,0,Rest Day,0,0.0,0.0,0.0,0.0,0.0,0.0,0.0,0.0,0.0,,3,66,65.8,62.50045237502701,3.2995476249729876,3.2995476249729876
Monday,31,Male,67.6,186.3,Intermediate,Weight Training,5.59,8.09,95.4,100.0,5.0,1.75,1.34,0,5.0,47.2,57.7,38,56,14.8,-0.63,2264.0,0,Rest Day,0,0.0,0.0,0.0,0.0,0.0,0.0,0.0,0.0,0.0,,1,1,37.5,52.384477548986226,-14.884477548986226,14.884477548986226
Monday,51,Male,87.8,175.3,Advanced,Weight Training,9.16,6.49,75.5,100.0,4.09,1.31,1.1,0,10.2,105.9,67.3,113,67,18.6,0.14,3272.0,1,Swimming,30,11.1,132.2,149.1,272.0,2.7,6.5,9.2,9.1,3.1,Afternoon,3,65,49.0,55.553104891283965,-6.553104891283965,6.553104891283965
Saturday,63,Female,72.4,169.0,Advanced,Running,6.59,7.89,94.5,100.0,4.71,1.66,1.52,0,5.0,101.7,52.9,99,54,16.5,0.73,3069.0,1,Cycling,79,16.46,132.8,148.5,1040.0,0.3,14.3,20.5,29.2,14.7,Morning,3,70,66.1,68.54235736797341,-2.4423573679734147,2.4423573679734147
Monday,50,Female,70.3,176.6,Advanced,Weight Training,6.11,7.76,92.6,100.0,4.55,1.7,1.51,1,5.0,90.6,68.9,75,74,16.7,0.42,2921.0,1,Cycling,90,8.73,128.2,145.2,629.0,21.0,28.1,23.9,11.2,5.9,Morning,12,345,47.5,65.26879909279688,-17.768799092796883,17.768799092796883
Tuesday,32,Male,103.8,183.1,Advanced,Running,5.18,7.64,86.3,100.0,4.7,1.56,1.38,0,5.0,53.2,59.7,46,72,15.7,-1.04,2608.0,1,Swimming,34,11.24,147.4,166.2,306.0,3.9,6.4,11.0,9.3,3.4,Morning,5,129,86.3,77.54783364085934,8.75216635914066,8.75216635914066
Sunday,54,Male,71.6,177.2,Advanced,Cycling,11.99,5.41,84.4,100.0,3.18,1.27,0.96,0,5.3,78.8,50.0,76,52,13.6,0.21,3795.0,1,Cycling,110,11.14,129.9,146.5,980.0,12.7,16.3,34.2,32.6,14.2,Afternoon,3,71,76.8,72.40953131072965,4.3904686892703495,4.3904686892703495
Sunday,35,Female,71.5,162.4,Beginner,Yoga,8.8,6.9,81.1,100.0,4.07,1.55,1.28,0,6.8,79.2,65.4,75,74,13.6,-0.39,3196.0,0,Rest Day,0,0.0,0.0,0.0,0.0,0.0,0.0,0.0,0.0,0.0,,4,120,71.2,74.35427197114913,-3.1542719711491287,3.1542719711491287
Tuesday,55,Male,74.3,169.8,Intermediate,Walking,3.76,8.7,86.5,100.0,5.33,1.93,1.44,1,5.0,50.4,48.2,42,53,13.0,0.52,2148.0,0,Rest Day,0,0.0,0.0,0.0,0.0,0.0,0.0,0.0,0.0,0.0,,5,150,31.1,78.18675275741909,-47.086752757419085,47.086752757419085
Tuesday,60,Male,88.3,180.4,Intermediate,HIIT,9.18,4.29,71.1,100.0,2.55,0.98,0.76,0,5.0,92.6,52.8,91,52,17.0,-0.05,3218.0,1,HIIT,23,11.98,126.8,142.8,220.0,1.8,5.4,6.8,7.0,2.0,Evening,8,234,64.3,63.74298031499554,0.5570196850044553,0.5570196850044553
Sunday,37,Female,64.4,162.7,Intermediate,Walking,7.03,6.8,80.3,100.0,4.07,1.39,1.34,0,5.0,57.2,60.0,65,64,22.0,0.43,3044.0,0,Rest Day,0,0.0,0.0,0.0,0.0,0.0,0.0,0.0,0.0,0.0,,4,106,67.3,58.61386932540453,8.686130674595468,8.686130674595468
Saturday,54,Male,71.6,177.2,Advanced,Cycling,7.29,4.56,100.0,100.0,2.69,1.02,0.85,0,5.0,89.2,50.6,76,52,16.2,-0.82,3072.0,0,Rest Day,0,0.0,0.0,0.0,0.0,0.0,0.0,0.0,0.0,0.0,,7,182,95.8,71.06514483597388,24.734855164026115,24.734855164026115
Wednesday,38,Female,59.7,168.0,Beginner,Swimming,11.86,6.48,77.8,100.0,3.93,1.37,1.18,1,12.0,30.2,50.6,32,52,17.5,-0.1,3427.0,0,Rest Day,0,0.0,0.0,0.0,0.0,0.0,0.0,0.0,0.0,0.0,,6,158,95.4,71.78286936957166,23.61713063042835,23.61713063042835
Thursday,31,Female,69.7,175.0,Advanced,Swimming,13.19,7.4,91.8,100.0,4.38,1.82,1.19,0,5.0,20.0,57.2,30,55,14.6,0.55,4067.0,0,Rest Day,0,0.0,0.0,0.0,0.0,0.0,0.0,0.0,0.0,0.0,,5,124,65.7,55.06235713953445,10.637642860465554,10.637642860465554
Friday,56,Male,90.9,171.6,Intermediate,Swimming,6.3,7.56,94.6,100.0,4.5,1.88,1.18,0,5.0,82.9,60.8,103,62,13.0,0.8,2742.0,0,Rest Day,0,0.0,0.0,0.0,0.0,0.0,0.0,0.0,0.0,0.0,,1,26,22.5,56.574641105371,-34.074641105371,34.074641105371
Wednesday,63,Female,74.4,162.0,Intermediate,CrossFit,16.46,7.71,91.2,100.0,4.63,1.8,1.28,1,5.0,92.7,64.8,90,65,14.5,-0.15,4301.0,0,Rest Day,0,0.0,0.0,0.0,0.0,0.0,0.0,0.0,0.0,0.0,,5,137,93.4,75.4724149533018,17.927585046698212,17.927585046698212
Sunday,20,Male,58.2,183.9,Beginner,CrossFit,6.78,8.11,95.7,100.0,4.6,1.95,1.56,0,5.0,60.2,50.6,45,55,17.6,0.41,2680.0,0,Rest Day,0,0.0,0.0,0.0,0.0,0.0,0.0,0.0,0.0,0.0,,2,50,63.9,64.6572854302694,-0.7572854302693983,0.7572854302693983
Sunday,44,Female,62.0,165.3,Intermediate,CrossFit,7.16,6.03,71.6,100.0,3.82,1.29,0.91,2,7.4,78.6,50.1,56,52,15.3,0.46,2772.0,0,Rest Day,0,0.0,0.0,0.0,0.0,0.0,0.0,0.0,0.0,0.0,,12,351,61.1,72.44285217972123,-11.342852179721227,11.342852179721227
Thursday,64,Female,64.3,158.0,Intermediate,Swimming,7.2,7.31,71.7,100.0,4.29,1.69,1.33,1,5.0,60.9,52.4,81,52,14.6,0.99,3164.0,0,Rest Day,0,0.0,0.0,0.0,0.0,0.0,0.0,0.0,0.0,0.0,,5,124,61.5,56.83954062744491,4.6604593725550885,4.6604593725550885
Monday,51,Male,78.8,181.0,Intermediate,Walking,8.3,7.63,92.5,100.0,4.43,1.72,1.48,0,5.0,119.4,69.9,117,67,9.2,-0.26,3178.0,0,Rest Day,0,0.0,0.0,0.0,0.0,0.0,0.0,0.0,0.0,0.0,,9,254,59.2,66.29835839057641,-7.098358390576408,7.098358390576408
Friday,45,Male,97.0,175.4,Intermediate,HIIT,11.02,7.28,91.5,100.0,4.37,1.51,1.4,0,6.6,48.9,51.1,50,52,16.5,-0.07,3362.0,1,HIIT,34,16.0,147.1,164.6,435.0,2.2,5.2,9.5,11.6,5.5,Morning,1,20,71.8,65.7480153906101,6.051984609389891,6.051984609389891
Tuesday,62,Male,80.2,182.8,Advanced,Weight Training,12.48,8.28,90.5,100.0,5.25,1.69,1.34,0,5.0,61.5,58.0,61,53,18.0,0.2,3870.0,0,Rest Day,0,0.0,0.0,0.0,0.0,0.0,0.0,0.0,0.0,0.0,,4,115,62.3,60.77237338441874,1.527626615581255,1.527626615581255
Sunday,29,Male,89.8,173.0,Elite,Swimming,5.31,7.42,87.8,100.0,4.5,1.61,1.3,0,5.0,77.1,71.4,73,72,16.8,-0.71,2513.0,1,Cycling,73,12.45,152.5,171.6,735.0,7.4,16.6,24.8,19.6,5.4,Morning,10,281,35.0,51.99412004539301,-16.99412004539301,16.99412004539301
Wednesday,26,Female,43.6,159.3,Beginner,Swimming,14.68,6.51,75.0,100.0,3.82,1.39,1.3,1,7.5,83.8,71.3,90,70,16.5,-0.6,3795.0,0,Rest Day,0,0.0,0.0,0.0,0.0,0.0,0.0,0.0,0.0,0.0,,10,277,65.2,61.95239266017242,3.2476073398275815,3.2476073398275815
Friday,53,Male,61.6,167.9,Beginner,Walking,7.66,8.36,88.7,100.0,5.09,2.01,1.26,0,5.0,38.3,48.3,40,53,14.6,0.01,2800.0,0,Rest Day,0,0.0,0.0,0.0,0.0,0.0,0.0,0.0,0.0,0.0,,1,13,83.6,71.10306187377235,12.496938126227647,12.496938126227647
Thursday,38,Female,70.6,163.3,Intermediate,Cycling,19.62,6.75,68.2,100.0,3.94,1.48,1.34,0,13.5,51.8,57.1,75,58,16.9,-0.57,4627.0,0,Rest Day,0,0.0,0.0,0.0,0.0,0.0,0.0,0.0,0.0,0.0,,6,180,100.0,68.72518555084035,31.27481444915965,31.27481444915965
Thursday,27,Female,64.5,151.0,Advanced,CrossFit,13.72,7.84,88.7,100.0,4.42,1.85,1.57,0,5.0,66.1,49.8,89,49,15.2,-0.03,3866.0,1,Yoga,54,3.9,134.4,153.7,168.0,21.4,20.4,8.8,3.3,0.0,Morning,3,89,72.3,61.44512118579436,10.854878814205634,10.854878814205634
Thursday,42,Male,82.9,166.3,Intermediate,Cycling,9.43,6.31,84.4,100.0,3.75,1.41,1.15,0,5.0,104.0,55.7,93,61,22.6,-0.7,3307.0,0,Rest Day,0,0.0,0.0,0.0,0.0,0.0,0.0,0.0,0.0,0.0,,2,47,72.0,67.22072805285579,4.77927194714421,4.77927194714421
Wednesday,47,Male,73.1,178.7,Intermediate,HIIT,10.63,7.8,81.5,100.0,4.44,1.91,1.45,0,5.0,22.1,60.3,30,62,12.0,-0.96,3726.0,1,Walking,51,4.01,120.7,138.0,164.0,21.2,17.5,7.6,4.7,0.0,Morning,3,88,56.3,63.99126534918853,-7.691265349188534,7.691265349188534
Friday,51,Male,70.0,168.4,Intermediate,Swimming,7.83,8.56,88.5,100.0,5.31,1.75,1.5,0,5.0,54.3,59.6,34,63,13.9,-0.63,3425.0,1,Running,48,14.77,139.6,156.5,567.0,4.7,9.5,14.0,15.4,4.5,Evening,10,279,78.4,72.80518712855306,5.594812871446948,5.594812871446948
Tuesday,40,Female,81.1,158.8,Intermediate,Running,10.24,6.45,77.6,100.0,3.94,1.51,1.0,0,9.1,69.4,59.1,49,65,11.7,-0.84,3203.0,0,Rest Day,0,0.0,0.0,0.0,0.0,0.0,0.0,0.0,0.0,0.0,,8,227,81.2,77.98795511021747,3.2120448897825327,3.2120448897825327
Monday,59,Male,68.1,173.7,Advanced,Running,9.57,6.97,99.4,100.0,4.14,1.57,1.26,0,5.0,54.6,77.4,52,71,16.5,-0.17,3142.0,0,Rest Day,0,0.0,0.0,0.0,0.0,0.0,0.0,0.0,0.0,0.0,,10,296,33.6,50.5675827424433,-16.967582742443298,16.967582742443298
Tuesday,55,Male,74.3,169.8,Intermediate,Walking,13.67,8.38,97.1,100.0,5.09,2.01,1.28,0,5.0,38.1,51.2,42,53,17.4,0.64,3974.0,0,Rest Day,0,0.0,0.0,0.0,0.0,0.0,0.0,0.0,0.0,0.0,,4,115,61.4,71.2517230342417,-9.851723034241708,9.851723034241708
Sunday,63,Male,71.4,152.8,Beginner,CrossFit,5.05,7.21,84.0,100.0,4.15,1.64,1.42,0,5.0,29.5,55.4,33,59,13.7,0.71,2357.0,1,Walking,52,3.05,107.8,123.5,127.0,19.8,19.4,9.4,3.4,0.0,Morning,4,106,88.3,57.671955431631595,30.628044568368402,30.628044568368402
Friday,46,Female,64.1,155.2,Intermediate,CrossFit,9.8,9.05,89.1,100.0,5.39,2.23,1.43,0,5.0,72.7,40.0,76,45,17.7,-0.11,3203.0,0,Rest Day,0,0.0,0.0,0.0,0.0,0.0,0.0,0.0,0.0,0.0,,7,202,62.8,70.66326473450239,-7.863264734502394,7.863264734502394
Wednesday,45,Male,58.1,169.8,Intermediate,Swimming,10.99,9.13,85.2,100.0,5.7,1.97,1.47,0,5.0,42.4,61.6,34,63,17.7,0.77,3644.0,0,Rest Day,0,0.0,0.0,0.0,0.0,0.0,0.0,0.0,0.0,0.0,,2,46,61.9,64.58561837271046,-2.685618372710458,2.685618372710458
Wednesday,45,Female,79.8,163.9,Intermediate,Cycling,17.09,6.21,87.4,100.0,3.58,1.55,1.09,0,5.0,51.9,76.4,81,73,13.7,0.09,4235.0,1,Weight Training,44,7.71,129.8,147.3,272.0,8.4,13.0,13.5,7.5,1.7,Afternoon,10,298,45.6,52.336104525689194,-6.736104525689193,6.736104525689193
Sunday,24,Male,68.4,178.3,Intermediate,Walking,5.41,6.72,86.3,100.0,4.11,1.45,1.16,1,5.0,53.9,71.8,54,69,14.9,-0.48,2816.0,0,Rest Day,0,0.0,0.0,0.0,0.0,0.0,0.0,0.0,0.0,0.0,,8,218,29.2,46.9398536745568,-17.7398536745568,17.7398536745568
Monday,61,Male,69.0,180.3,Intermediate,Cycling,3.43,8.06,90.1,100.0,4.94,1.71,1.41,0,5.0,150.0,46.6,118,55,19.2,0.34,2322.0,0,Rest Day,0,0.0,0.0,0.0,0.0,0.0,0.0,0.0,0.0,0.0,,2,58,78.1,75.54920942233537,2.5507905776646282,2.5507905776646282
Tuesday,60,Female,74.3,164.2,Elite,HIIT,17.41,8.21,95.6,100.0,4.76,1.93,1.52,0,5.0,34.3,61.6,39,53,15.1,-1.0,4440.0,1,HIIT,32,15.54,133.6,149.6,398.0,1.1,5.7,7.3,12.6,5.3,Morning,5,136,53.0,63.166017951832984,-10.166017951832984,10.166017951832984
Tuesday,41,Male,55.3,172.6,Intermediate,Weight Training,7.32,7.26,77.2,100.0,4.1,1.73,1.43,0,5.0,85.5,51.2,86,54,13.8,0.17,2940.0,1,Weight Training,69,12.86,143.8,161.7,710.0,6.2,14.3,20.3,22.4,5.9,Afternoon,6,157,51.7,64.72313995836429,-13.023139958364283,13.023139958364283
Friday,50,Male,102.4,173.8,Intermediate,Running,17.42,5.63,97.3,100.0,3.5,1.18,0.95,0,5.0,61.4,60.1,76,61,15.1,-0.58,4317.0,1,Running,73,13.82,138.5,155.5,807.0,9.3,17.7,19.8,18.8,7.5,Evening,9,265,71.8,70.586421907054,1.213578092945994,1.213578092945994
Thursday,62,Female,45.2,166.6,Intermediate,Running,14.46,7.97,88.8,100.0,4.51,1.97,1.49,0,5.0,86.9,56.6,106,49,16.9,0.38,3817.0,1,Running,54,10.71,122.8,138.6,470.0,3.5,12.8,15.4,15.7,7.6,Evening,9,271,49.5,49.244929863638134,0.2550701363618657,0.2550701363618657
Sunday,54,Female,68.5,166.7,Beginner,Weight Training,5.73,8.84,90.1,100.0,5.31,2.16,1.37,0,5.0,69.4,53.2,52,58,15.1,-0.15,2877.0,1,Weight Training,48,9.66,127.0,143.6,371.0,8.9,14.1,17.0,7.5,0.5,Morning,8,232,62.1,72.00630031758938,-9.906300317589377,9.906300317589377
Sunday,45,Female,79.8,163.9,Intermediate,Cycling,10.69,8.55,80.1,100.0,5.02,1.87,1.66,0,5.0,67.6,72.8,81,73,14.3,0.92,3286.0,0,Rest Day,0,0.0,0.0,0.0,0.0,0.0,0.0,0.0,0.0,0.0,,1,15,64.1,56.77021448864508,7.329785511354913,7.329785511354913
Friday,26,Female,58.4,160.4,Beginner,Running,10.74,7.25,87.3,100.0,4.4,1.57,1.27,0,5.0,76.7,65.9,83,64,20.7,-0.83,3366.0,0,Rest Day,0,0.0,0.0,0.0,0.0,0.0,0.0,0.0,0.0,0.0,,10,279,55.6,59.56512309869943,-3.9651230986994292,3.9651230986994292
Monday,29,Female,70.8,162.1,Intermediate,Cycling,6.81,5.17,81.8,100.0,3.09,1.22,0.86,0,5.5,83.1,65.4,59,72,16.9,-0.42,2900.0,1,Cycling,104,8.21,142.8,161.9,683.0,17.9,37.6,28.7,11.3,8.5,Afternoon,7,184,89.5,76.85909275337542,12.640907246624579,12.640907246624579
Friday,31,Male,86.2,180.2,Intermediate,Swimming,15.03,6.52,87.6,100.0,3.93,1.51,1.08,0,5.0,46.7,67.9,64,62,14.4,0.77,4187.0,0,Rest Day,0,0.0,0.0,0.0,0.0,0.0,0.0,0.0,0.0,0.0,,10,300,46.0,51.38198756260776,-5.381987562607762,5.381987562607762
Saturday,23,Male,77.7,174.1,Beginner,Walking,4.54,6.21,86.8,100.0,3.8,1.27,1.14,0,5.0,105.4,47.6,78,55,17.9,0.38,2598.0,0,Rest Day,0,0.0,0.0,0.0,0.0,0.0,0.0,0.0,0.0,0.0,,4,98,80.7,73.6939909174369,7.0060090825630965,7.0060090825630965
Friday,29,Female,70.8,162.1,Intermediate,Cycling,8.93,5.66,57.0,100.0,3.31,1.28,1.06,0,5.0,62.6,65.3,59,72,17.1,-0.56,3211.0,0,Rest Day,0,0.0,0.0,0.0,0.0,0.0,0.0,0.0,0.0,0.0,,7,195,84.7,78.1787507554106,6.521249244589399,6.521249244589399
Friday,31,Male,77.2,181.7,Advanced,Weight Training,16.47,8.16,86.8,100.0,5.26,1.67,1.23,0,5.0,44.5,54.6,64,53,15.5,-0.63,4261.0,0,Rest Day,0,0.0,0.0,0.0,0.0,0.0,0.0,0.0,0.0,0.0,,8,223,64.4,60.61445670178705,3.785543298212957,3.785543298212957
Wednesday,55,Male,73.4,182.4,Beginner,Swimming,9.98,6.24,87.3,100.0,3.77,1.53,0.94,0,5.0,101.7,72.1,84,71,18.4,0.33,3173.0,1,Swimming,45,14.98,136.7,153.2,539.0,6.7,8.5,13.7,13.4,2.7,Evening,11,319,55.8,66.83742838752482,-11.037428387524827,11.037428387524827
Friday,25,Male,65.4,171.1,Advanced,Weight Training,12.89,5.51,85.3,100.0,3.38,1.27,0.86,0,5.0,107.3,46.0,108,48,15.1,-0.35,3835.0,1,Weight Training,55,8.26,145.9,165.4,363.0,10.9,17.8,16.8,7.3,2.2,Afternoon,5,132,83.9,70.29346851471676,13.606531485283242,13.606531485283242
Tuesday,41,Female,62.7,164.5,Intermediate,Running,9.53,7.14,89.9,100.0,4.15,1.65,1.34,0,5.0,68.7,48.9,73,52,12.4,-0.14,3030.0,0,Rest Day,0,0.0,0.0,0.0,0.0,0.0,0.0,0.0,0.0,0.0,,1,2,49.1,64.61604582422119,-15.516045824221187,15.516045824221187
Tuesday,51,Male,83.5,185.3,Elite,CrossFit,11.4,7.9,81.0,100.0,4.86,1.8,1.24,0,5.0,46.5,61.4,45,61,15.3,-0.32,3533.0,1,Yoga,37,5.28,120.5,137.4,156.0,7.0,12.5,12.1,5.1,0.4,Morning,9,255,85.2,63.928698419841794,21.27130158015821,21.27130158015821
Sunday,31,Male,77.2,181.7,Advanced,Weight Training,10.44,7.86,88.2,100.0,4.7,1.61,1.56,1,5.0,53.7,51.9,64,53,13.0,-0.68,3446.0,1,Cycling,111,10.34,146.1,165.0,918.0,15.2,21.1,32.2,31.9,10.7,Morning,4,113,58.4,60.121917605519414,-1.7219176055194154,1.7219176055194154
Friday,38,Female,59.7,168.0,Beginner,Swimming,9.49,6.61,70.6,100.0,3.84,1.61,1.16,0,8.0,34.9,48.6,32,52,13.5,0.14,3503.0,0,Rest Day,0,0.0,0.0,0.0,0.0,0.0,0.0,0.0,0.0,0.0,,12,335,81.8,78.77468853833562,3.025311461664373,3.025311461664373
Sunday,26,Female,43.6,159.3,Beginner,Swimming,4.8,4.78,63.1,100.0,2.69,1.14,0.96,0,5.0,102.6,62.2,90,70,14.3,0.24,2604.0,0,Rest Day,0,0.0,0.0,0.0,0.0,0.0,0.0,0.0,0.0,0.0,,4,106,63.0,68.26925600928897,-5.269256009288966,5.269256009288966
Friday,48,Female,68.6,156.2,Elite,CrossFit,11.16,7.68,90.5,100.0,4.45,1.8,1.44,0,5.0,91.6,40.0,104,45,20.5,-0.07,3472.0,1,Walking,18,2.1,116.1,133.3,32.0,7.3,7.3,3.0,0.9,0.4,Morning,4,104,46.2,65.81812262276554,-19.61812262276554,19.61812262276554
Monday,37,Female,68.0,168.7,Beginner,Running,12.7,7.45,81.6,100.0,4.13,1.83,1.49,0,5.0,74.9,54.9,89,53,17.2,-0.37,3957.0,0,Rest Day,0,0.0,0.0,0.0,0.0,0.0,0.0,0.0,0.0,0.0,,4,100,42.5,57.58466793563435,-15.08466793563435,15.08466793563435
Sunday,56,Female,62.7,164.5,Intermediate,Walking,0.0,7.83,81.7,100.0,4.85,1.59,1.38,0,5.0,81.5,56.0,66,63,15.6,-0.12,1726.0,1,Yoga,58,3.72,113.9,130.3,172.0,21.8,23.9,9.7,2.6,0.0,Morning,12,337,58.4,69.43838110019885,-11.038381100198855,11.038381100198855
Monday,42,Male,72.4,185.0,Intermediate,HIIT,11.79,6.12,73.4,100.0,3.56,1.45,1.11,0,5.5,26.9,64.6,30,67,18.3,0.73,3519.0,0,Rest Day,0,0.0,0.0,0.0,0.0,0.0,0.0,0.0,0.0,0.0,,5,121,80.7,73.12001580960018,7.579984190399827,7.579984190399827
Friday,19,Male,74.0,179.2,Intermediate,Walking,8.63,7.19,79.0,100.0,4.24,1.78,1.17,0,5.0,80.0,61.1,73,62,17.8,-0.38,3256.0,0,Rest Day,0,0.0,0.0,0.0,0.0,0.0,0.0,0.0,0.0,0.0,,5,146,62.6,61.76124392199691,0.8387560780030938,0.8387560780030938
Thursday,53,Male,95.1,180.5,Beginner,CrossFit,10.99,6.39,71.5,100.0,4.06,1.36,0.97,0,5.0,101.8,51.5,93,53,20.7,-0.23,3295.0,1,CrossFit,55,18.11,144.6,161.3,797.0,1.7,6.3,13.6,23.9,9.4,Afternoon,9,264,72.8,69.31949297749776,3.4805070225022376,3.4805070225022376
Tuesday,46,Male,98.1,190.0,Intermediate,Cycling,20.44,8.48,83.9,100.0,5.07,1.88,1.53,2,5.0,20.5,62.1,46,56,14.6,0.41,4910.0,0,Rest Day,0,0.0,0.0,0.0,0.0,0.0,0.0,0.0,0.0,0.0,,2,45,61.0,59.89674106781366,1.1032589321863426,1.1032589321863426
Wednesday,38,Female,53.6,163.7,Advanced,Cycling,12.28,7.37,77.8,100.0,4.14,1.84,1.39,0,5.0,27.3,49.5,37,50,15.7,-0.78,3911.0,1,Cycling,83,10.79,141.7,159.9,716.0,8.5,18.7,23.4,22.5,9.9,Evening,8,235,50.9,64.09523103313504,-13.195231033135038,13.195231033135038
Thursday,51,Male,83.5,181.8,Intermediate,Swimming,11.63,7.99,89.8,100.0,4.58,1.94,1.47,0,5.0,75.5,69.6,70,72,15.4,-0.22,3524.0,0,Rest Day,0,0.0,0.0,0.0,0.0,0.0,0.0,0.0,0.0,0.0,,8,215,99.9,76.9977586442591,22.902241355740912,22.902241355740912
Monday,60,Female,74.3,164.2,Elite,HIIT,5.97,8.09,92.6,100.0,5.08,1.69,1.32,0,5.0,39.9,52.5,39,53,17.0,-1.04,2838.0,1,HIIT,39,13.83,130.3,146.3,438.0,2.4,8.5,13.1,13.3,2.3,Morning,1,23,40.7,63.67934092762891,-22.979340927628904,22.979340927628904
Saturday,27,Female,58.5,165.4,Beginner,Running,7.06,7.55,91.1,100.0,4.7,1.69,1.16,0,5.0,88.9,46.4,104,49,14.3,-0.15,2775.0,0,Rest Day,0,0.0,0.0,0.0,0.0,0.0,0.0,0.0,0.0,0.0,,4,112,49.1,59.1993706452915,-10.0993706452915,10.0993706452915
Friday,41,Male,55.3,172.6,Intermediate,Weight Training,7.07,6.51,77.8,100.0,3.93,1.46,1.12,1,11.7,88.1,52.1,86,54,17.1,0.2,2768.0,0,Rest Day,0,0.0,0.0,0.0,0.0,0.0,0.0,0.0,0.0,0.0,,7,188,100.0,66.1591041094048,33.840895890595206,33.840895890595206
Thursday,44,Female,51.1,170.1,Intermediate,Running,13.31,8.69,97.0,100.0,5.32,1.99,1.37,0,5.0,67.0,58.8,68,56,18.0,0.52,3783.0,1,Weight Training,63,13.28,142.2,159.8,669.0,7.9,11.5,17.3,19.5,6.7,Afternoon,4,110,50.2,62.442567003932574,-12.242567003932571,12.242567003932571
Wednesday,55,Female,70.8,175.0,Advanced,Weight Training,12.97,8.24,91.0,100.0,5.15,1.82,1.28,0,5.0,20.0,73.1,37,72,15.0,0.45,3979.0,1,Weight Training,53,13.5,133.8,150.3,573.0,6.8,9.2,16.8,17.2,2.9,Morning,5,151,51.7,61.37587216371631,-9.675872163716306,9.675872163716306
Friday,60,Female,61.5,174.5,Intermediate,HIIT,11.47,5.88,65.7,100.0,3.33,1.44,1.11,1,5.0,29.7,49.3,36,51,16.8,-0.11,3520.0,1,Walking,44,2.66,109.1,125.1,94.0,17.1,17.6,7.6,0.9,0.8,Afternoon,4,97,69.0,60.873381815324535,8.126618184675465,8.126618184675465
Saturday,58,Male,71.5,182.2,Elite,Yoga,4.86,6.03,77.4,100.0,3.44,1.46,1.13,0,9.6,59.9,40.0,53,45,14.4,-0.12,2719.0,1,Weight Training,72,9.75,124.1,140.3,562.0,14.6,22.2,21.2,12.2,1.7,Afternoon,10,294,89.9,82.1353318056548,7.764668194345205,7.764668194345205
Sunday,38,Male,73.7,167.0,Intermediate,CrossFit,5.66,7.27,82.5,100.0,4.46,1.57,1.24,0,5.0,111.3,54.1,99,57,17.1,0.07,2709.0,0,Rest Day,0,0.0,0.0,0.0,0.0,0.0,0.0,0.0,0.0,0.0,,5,127,64.9,73.50299934465984,-8.602999344659835,8.602999344659835
Wednesday,51,Male,90.5,176.7,Intermediate,Running,15.41,6.64,90.5,100.0,3.95,1.51,1.19,1,6.6,20.0,64.2,30,57,11.9,0.46,4178.0,0,Rest Day,0,0.0,0.0,0.0,0.0,0.0,0.0,0.0,0.0,0.0,,4,116,37.1,57.65461739582009,-20.554617395820088,20.554617395820088
Saturday,51,Female,57.2,167.0,Intermediate,CrossFit,7.74,8.3,89.7,100.0,4.94,1.95,1.41,0,5.0,42.9,51.4,54,49,13.8,0.49,2884.0,0,Rest Day,0,0.0,0.0,0.0,0.0,0.0,0.0,0.0,0.0,0.0,,3,70,50.7,55.69424953466793,-4.994249534667929,4.994249534667929
Tuesday,58,Male,71.5,182.2,Elite,Yoga,5.74,6.06,69.2,100.0,3.72,1.29,1.05,2,5.0,74.5,41.7,53,45,16.1,0.91,2558.0,1,Yoga,34,3.28,111.6,127.8,89.0,14.6,12.0,4.5,2.1,0.8,Evening,10,283,71.1,82.18555410303986,-11.085554103039868,11.085554103039868
Tuesday,64,Female,64.3,158.0,Intermediate,Swimming,11.25,6.16,85.3,100.0,3.67,1.28,1.22,0,5.0,66.0,51.0,81,52,13.4,0.56,3354.0,1,Yoga,30,3.56,108.0,123.6,86.0,11.7,11.7,4.0,2.6,0.0,Evening,2,45,57.4,61.891161897018975,-4.491161897018976,4.491161897018976
Sunday,50,Female,63.5,175.0,Intermediate,Running,2.17,8.72,87.1,100.0,5.53,1.86,1.34,1,5.0,132.8,57.9,95,70,17.9,-0.29,2169.0,0,Rest Day,0,0.0,0.0,0.0,0.0,0.0,0.0,0.0,0.0,0.0,,10,295,100.0,84.88387459396492,15.116125406035081,15.116125406035081
Friday,60,Male,88.3,180.4,Intermediate,HIIT,12.63,6.85,70.1,100.0,3.99,1.67,1.19,0,5.0,72.4,52.5,91,52,18.4,0.64,3949.0,0,Rest Day,0,0.0,0.0,0.0,0.0,0.0,0.0,0.0,0.0,0.0,,8,223,44.1,63.63939914582025,-19.539399145820248,19.539399145820248
Sunday,31,Male,112.0,185.1,Advanced,Walking,5.82,6.45,69.2,100.0,3.85,1.39,1.22,0,12.3,101.9,52.8,93,57,14.5,0.73,2860.0,1,Walking,44,5.13,134.4,153.3,181.0,8.2,13.6,11.2,7.4,3.7,Evening,5,148,73.6,69.18427625800048,4.415723741999514,4.415723741999514
Tuesday,55,Male,73.4,182.4,Beginner,Swimming,19.01,7.01,80.7,100.0,4.46,1.47,1.08,1,5.0,55.7,79.1,84,71,15.6,0.79,4508.0,0,Rest Day,0,0.0,0.0,0.0,0.0,0.0,0.0,0.0,0.0,0.0,,2,59,45.5,54.92926373267381,-9.42926373267381,9.42926373267381
Monday,25,Male,65.4,171.1,Advanced,Weight Training,8.15,5.02,63.5,100.0,2.97,1.15,0.9,1,5.0,105.4,48.1,108,48,17.2,-0.36,3018.0,1,HIIT,34,16.51,165.1,184.6,449.0,0.3,6.7,9.2,12.2,5.7,Afternoon,2,51,71.8,64.55985330127852,7.240146698721475,7.240146698721475
Wednesday,40,Female,53.5,161.2,Beginner,Cycling,7.97,7.65,100.0,100.0,4.36,1.86,1.43,0,5.0,75.6,46.8,82,50,17.5,0.03,2876.0,0,Rest Day,0,0.0,0.0,0.0,0.0,0.0,0.0,0.0,0.0,0.0,,10,277,54.2,60.022858213517246,-5.822858213517243,5.822858213517243
Thursday,54,Male,101.7,180.3,Intermediate,Cycling,21.0,7.62,86.6,100.0,4.72,1.63,1.26,0,8.3,59.3,70.3,97,68,13.0,-0.27,5165.0,1,Cycling,87,11.79,131.2,147.8,821.0,9.1,16.4,26.1,27.3,8.2,Afternoon,5,131,78.6,63.64627827016859,14.953721729831408,14.953721729831408
Monday,60,Male,104.5,177.6,Advanced,Weight Training,15.23,7.69,91.2,100.0,4.45,1.76,1.48,0,5.0,107.7,59.7,107,60,15.1,0.03,3968.0,1,Walking,54,3.62,110.9,126.9,157.0,19.9,22.6,6.0,3.8,1.7,Afternoon,8,240,67.3,73.11091435523585,-5.810914355235852,5.810914355235852
Saturday,38,Male,93.5,180.2,Elite,Running,5.05,6.13,83.1,100.0,3.52,1.48,1.13,2,5.0,98.7,67.1,84,69,14.3,0.38,2797.0,1,Running,39,16.65,154.4,172.6,519.0,0.3,7.5,9.3,12.7,9.2,Evening,9,252,63.6,66.35024385879905,-2.7502438587990454,2.7502438587990454
Friday,25,Female,49.9,182.1,Intermediate,Walking,12.22,6.48,81.7,100.0,3.88,1.36,1.24,0,5.0,117.4,73.6,100,72,13.9,0.05,3415.0,1,HIIT,41,17.05,166.3,185.8,559.0,1.1,4.4,11.5,14.4,9.6,Evening,4,97,60.0,78.68442928130361,-18.684429281303608,18.684429281303608
Saturday,29,Male,83.7,183.6,Intermediate,Yoga,7.04,8.05,84.8,100.0,4.6,1.91,1.54,0,5.0,49.0,69.3,56,72,14.7,0.87,3192.0,0,Rest Day,0,0.0,0.0,0.0,0.0,0.0,0.0,0.0,0.0,0.0,,8,224,55.8,61.34767231926726,-5.547672319267264,5.547672319267264
Sunday,22,Female,57.3,152.4,Beginner,HIIT,7.28,8.14,94.4,100.0,5.01,1.72,1.41,1,5.0,77.7,50.7,65,51,18.6,-0.06,2883.0,0,Rest Day,0,0.0,0.0,0.0,0.0,0.0,0.0,0.0,0.0,0.0,,8,239,30.4,54.3395395863218,-23.9395395863218,23.9395395863218
Monday,51,Female,75.5,162.3,Advanced,Swimming,8.99,6.89,66.3,100.0,4.34,1.43,1.12,1,5.0,102.1,54.5,94,55,16.6,-0.01,3123.0,1,Swimming,59,5.21,120.3,137.2,246.0,13.7,17.0,16.1,7.3,4.9,Afternoon,1,23,64.4,67.85536835437544,-3.4553683543754374,3.4553683543754374
Wednesday,49,Male,74.0,163.1,Intermediate,Running,3.34,7.61,86.5,100.0,4.64,1.7,1.27,0,5.6,96.2,51.4,65,62,15.5,-0.19,2421.0,0,Rest Day,0,0.0,0.0,0.0,0.0,0.0,0.0,0.0,0.0,0.0,,6,172,89.7,77.73312097249767,11.96687902750233,11.96687902750233
Tuesday,55,Male,77.7,186.5,Advanced,Yoga,16.69,7.01,86.4,100.0,4.03,1.65,1.34,0,5.0,63.9,52.0,70,53,15.3,0.17,4131.0,1,Yoga,43,2.53,112.2,128.7,87.0,17.4,18.6,5.9,1.1,0.0,Afternoon,2,38,71.8,67.75072937450322,4.049270625496774,4.049270625496774
Saturday,56,Female,53.9,167.2,Beginner,Weight Training,11.89,5.81,56.4,100.0,3.35,1.4,1.06,0,19.7,91.9,56.2,101,59,14.1,-0.32,3717.0,1,Weight Training,71,9.23,124.6,141.0,525.0,12.0,20.7,24.7,8.2,5.5,Morning,8,238,80.6,71.48682724548505,9.113172754514949,9.113172754514949
Monday,23,Male,89.1,177.2,Elite,Swimming,8.65,6.29,62.7,100.0,4.06,1.28,0.96,2,5.0,63.2,65.4,63,68,16.5,0.02,3049.0,1,Cycling,55,8.05,146.9,166.6,354.0,12.3,12.6,17.0,8.7,4.3,Evening,9,254,78.4,64.31206427606966,14.087935723930343,14.087935723930343
Monday,49,Male,59.1,191.1,Beginner,Swimming,8.48,6.07,72.7,100.0,3.8,1.29,0.98,0,5.0,107.9,68.7,115,74,17.3,0.17,3160.0,1,Running,33,15.85,143.4,160.5,419.0,1.2,5.0,10.5,10.9,5.4,Evening,6,177,60.4,57.64813998654026,2.7518600134597406,2.7518600134597406
Tuesday,50,Male,86.9,172.1,Intermediate,Swimming,8.9,7.79,87.9,100.0,4.69,1.69,1.42,1,5.0,125.0,60.8,110,65,14.1,0.09,2919.0,0,Rest Day,0,0.0,0.0,0.0,0.0,0.0,0.0,0.0,0.0,0.0,,9,269,100.0,74.96589232406448,25.034107675935516,25.034107675935516
Tuesday,27,Male,57.4,178.7,Intermediate,Yoga,7.71,9.07,86.1,100.0,5.41,2.25,1.42,0,9.7,89.7,48.5,82,45,18.4,0.15,3125.0,0,Rest Day,0,0.0,0.0,0.0,0.0,0.0,0.0,0.0,0.0,0.0,,11,311,47.3,54.37210791906188,-7.072107919061885,7.072107919061885
Sunday,58,Male,73.6,180.0,Intermediate,Swimming,3.55,8.4,90.5,100.0,5.07,1.92,1.41,0,5.0,127.8,40.0,103,46,15.7,0.54,1972.0,1,Yoga,43,4.38,113.7,129.9,151.0,18.2,15.8,7.5,1.4,0.0,Evening,2,36,79.7,72.6255669965507,7.0744330034493,7.0744330034493
Monday,55,Male,73.4,182.4,Beginner,Swimming,11.5,7.21,85.2,100.0,4.32,1.61,1.28,2,9.1,80.6,70.2,84,71,12.8,-0.62,3786.0,1,Weight Training,48,9.46,125.8,142.3,363.0,7.6,14.5,13.1,9.3,3.4,Morning,8,219,66.5,61.339226867596,5.160773132404003,5.160773132404003
Sunday,26,Female,43.6,159.3,Beginner,Swimming,4.93,6.41,75.9,100.0,3.89,1.29,1.23,0,5.0,101.6,74.1,90,70,14.1,0.44,2490.0,1,Swimming,36,10.32,149.9,169.3,297.0,5.4,6.4,10.5,10.0,3.7,Morning,3,71,72.5,52.65070564792379,19.849294352076207,19.849294352076207
Tuesday,40,Female,53.5,161.2,Beginner,Cycling,14.43,7.44,89.7,100.0,4.61,1.64,1.19,0,5.0,65.5,53.7,82,50,18.9,-0.15,3969.0,0,Rest Day,0,0.0,0.0,0.0,0.0,0.0,0.0,0.0,0.0,0.0,,8,220,46.4,55.24601691555052,-8.846016915550521,8.846016915550521
Friday,53,Male,89.0,181.2,Advanced,CrossFit,9.77,8.13,95.6,100.0,4.85,1.8,1.48,0,5.0,125.5,56.5,115,63,15.9,-0.89,3349.0,1,Cycling,84,12.14,132.7,149.4,816.0,7.3,13.9,27.4,29.7,5.8,Evening,9,251,89.1,82.49250276664002,6.607497233359979,6.607497233359979
Monday,41,Male,55.3,172.6,Intermediate,Weight Training,9.17,6.74,80.8,100.0,4.19,1.37,1.18,1,5.0,83.6,48.5,86,54,18.5,-0.26,2887.0,0,Rest Day,0,0.0,0.0,0.0,0.0,0.0,0.0,0.0,0.0,0.0,,5,128,83.0,74.63317220530331,8.36682779469669,8.36682779469669
Wednesday,50,Female,69.2,171.7,Intermediate,Weight Training,12.19,7.12,86.1,100.0,4.14,1.58,1.39,0,5.0,66.2,54.9,80,55,14.3,-0.15,3401.0,1,Weight Training,52,8.01,126.7,143.7,333.0,9.5,17.1,17.7,6.7,1.0,Afternoon,7,186,66.3,65.10617509842182,1.193824901578182,1.193824901578182
Monday,28,Female,86.8,151.2,Intermediate,Running,6.6,8.09,89.2,100.0,5.21,1.65,1.22,0,5.0,84.2,60.0,61,63,14.9,-0.49,2943.0,0,Rest Day,0,0.0,0.0,0.0,0.0,0.0,0.0,0.0,0.0,0.0,,3,79,83.7,63.6771879653116,20.0228120346884,20.0228120346884
Thursday,61,Female,66.4,159.7,Intermediate,Yoga,21.0,8.26,89.6,100.0,4.89,1.73,1.63,0,5.0,40.3,74.2,38,72,15.6,0.35,4938.0,1,Swimming,36,9.59,121.5,137.4,276.0,8.1,10.7,11.0,4.8,1.3,Afternoon,8,229,83.4,62.90352489324978,20.496475106750225,20.496475106750225
Wednesday,18,Female,66.4,169.5,Advanced,Weight Training,10.67,6.42,67.3,100.0,3.83,1.55,1.04,2,6.2,49.3,75.9,39,72,14.1,-0.51,3487.0,0,Rest Day,0,0.0,0.0,0.0,0.0,0.0,0.0,0.0,0.0,0.0,,8,242,64.2,54.141892150127696,10.058107849872307,10.058107849872307
Thursday,31,Male,61.3,180.4,Intermediate,CrossFit,20.11,6.7,66.1,100.0,4.18,1.49,1.03,0,5.0,76.5,65.4,89,62,14.8,-0.07,4839.0,1,Running,50,17.49,162.2,181.1,699.0,1.6,6.1,13.9,20.0,8.4,Evening,10,292,100.0,72.49258534570937,27.507414654290628,27.507414654290628
Tuesday,25,Female,49.8,157.3,Beginner,Running,9.87,8.42,83.0,100.0,5.1,1.9,1.42,0,5.0,80.1,65.5,86,68,14.2,0.19,2797.0,0,Rest Day,0,0.0,0.0,0.0,0.0,0.0,0.0,0.0,0.0,0.0,,2,59,69.2,60.51375798613988,8.686242013860124,8.686242013860124
Saturday,23,Male,77.7,174.1,Beginner,Walking,9.45,7.51,80.0,100.0,4.52,1.74,1.24,0,9.5,97.2,54.7,78,55,18.3,0.55,3353.0,0,Rest Day,0,0.0,0.0,0.0,0.0,0.0,0.0,0.0,0.0,0.0,,3,70,76.5,70.9504811841847,5.549518815815304,5.549518815815304
Friday,57,Female,58.7,159.1,Intermediate,Swimming,8.86,8.22,98.4,100.0,5.1,1.82,1.3,0,5.0,111.1,46.6,105,51,16.0,-0.35,2956.0,1,Swimming,34,15.28,135.6,151.9,416.0,1.8,5.4,8.1,11.9,6.8,Afternoon,9,258,53.9,71.30610806993528,-17.40610806993528,17.40610806993528
Saturday,46,Female,64.1,155.2,Intermediate,CrossFit,4.9,8.02,87.1,100.0,4.89,1.62,1.51,0,5.0,95.8,40.1,76,45,17.6,0.46,2712.0,1,CrossFit,50,12.11,138.2,155.6,484.0,3.9,11.9,14.4,16.6,3.2,Afternoon,9,245,65.8,73.73634084050369,-7.936340840503689,7.936340840503689
Saturday,29,Female,50.3,159.3,Elite,CrossFit,10.03,7.0,76.0,100.0,4.27,1.48,1.25,0,5.0,62.2,51.6,62,52,15.0,0.07,3372.0,1,CrossFit,70,14.56,157.2,176.3,815.0,9.1,11.7,21.2,21.9,6.1,Morning,7,196,78.7,66.74979713379776,11.950202866202247,11.950202866202247
Friday,52,Male,75.7,173.3,Advanced,HIIT,3.19,7.47,84.4,100.0,4.44,1.84,1.19,0,5.0,51.9,61.9,38,68,15.9,-0.74,2157.0,0,Rest Day,0,0.0,0.0,0.0,0.0,0.0,0.0,0.0,0.0,0.0,,11,307,66.4,68.36037655993715,-1.9603765599371457,1.9603765599371457
Friday,26,Male,97.2,174.8,Intermediate,Swimming,10.95,7.18,96.4,100.0,4.45,1.63,1.11,0,5.0,59.3,66.6,75,67,16.8,-0.66,3504.0,1,Swimming,39,9.95,149.1,168.5,311.0,7.4,11.4,11.4,5.3,3.5,Evening,9,258,67.2,62.079234767464534,5.120765232535469,5.120765232535469
Saturday,53,Male,89.0,181.2,Advanced,CrossFit,3.43,8.5,85.9,100.0,5.01,2.04,1.44,0,5.0,125.7,56.5,115,63,16.7,0.03,2308.0,1,CrossFit,60,17.59,143.5,160.2,844.0,5.5,6.5,14.2,23.7,10.2,Morning,1,7,83.2,71.84467110151608,11.355328898483918,11.355328898483918
Monday,55,Male,74.3,169.8,Intermediate,Walking,15.7,7.56,95.8,100.0,4.37,1.84,1.35,0,5.0,21.3,51.7,42,53,14.3,-0.22,4102.0,0,Rest Day,0,0.0,0.0,0.0,0.0,0.0,0.0,0.0,0.0,0.0,,1,30,83.0,68.08499985811248,14.915000141887518,14.915000141887518
Monday,60,Male,75.0,195.8,Intermediate,Walking,11.46,6.86,74.7,100.0,4.11,1.53,1.22,0,5.0,74.4,66.7,78,67,17.1,-0.06,3903.0,1,HIIT,21,14.24,131.1,147.1,239.0,1.1,4.4,7.2,6.9,1.3,Morning,5,135,69.4,70.0976584996226,-0.697658499622591,0.697658499622591
Sunday,63,Female,72.3,173.5,Elite,Swimming,6.61,8.08,88.7,100.0,4.68,1.99,1.41,0,5.0,98.8,43.3,103,51,17.2,-0.36,2446.0,1,Swimming,49,11.96,124.4,140.1,469.0,5.2,10.0,15.1,13.4,5.3,Afternoon,2,50,52.6,67.08137043833375,-14.481370438333748,14.481370438333748
Monday,34,Male,78.8,168.2,Intermediate,Walking,14.06,8.23,89.4,100.0,4.9,2.03,1.31,0,5.0,94.0,58.0,104,61,20.2,0.49,4086.0,0,Rest Day,0,0.0,0.0,0.0,0.0,0.0,0.0,0.0,0.0,0.0,,1,16,63.0,66.91191094854345,-3.9119109485434507,3.9119109485434507
Tuesday,42,Male,89.4,185.8,Intermediate,Yoga,12.41,6.82,74.5,100.0,3.92,1.7,1.21,0,5.0,37.7,53.7,51,57,14.9,0.64,4027.0,0,Rest Day,0,0.0,0.0,0.0,0.0,0.0,0.0,0.0,0.0,0.0,,4,94,83.2,71.99424109357727,11.20575890642273,11.20575890642273
Sunday,31,Male,61.3,180.4,Intermediate,CrossFit,7.88,6.77,100.0,100.0,3.87,1.68,1.22,0,5.0,98.9,58.4,89,62,16.9,0.4,2890.0,0,Rest Day,0,0.0,0.0,0.0,0.0,0.0,0.0,0.0,0.0,0.0,,2,57,74.0,69.3136926685036,4.686307331496394,4.686307331496394
Friday,63,Female,52.0,159.2,Intermediate,Weight Training,20.75,8.2,94.9,100.0,5.14,1.71,1.35,0,5.0,40.8,50.9,66,56,15.4,-0.28,4908.0,0,Rest Day,0,0.0,0.0,0.0,0.0,0.0,0.0,0.0,0.0,0.0,,10,279,94.8,70.77239452548189,24.02760547451811,24.02760547451811
Wednesday,20,Female,64.5,165.9,Beginner,Running,17.18,8.34,91.5,100.0,5.04,1.86,1.44,0,5.0,46.3,70.8,89,67,16.1,0.27,3963.0,1,Running,38,12.89,160.7,180.7,392.0,4.1,7.5,11.3,11.5,3.7,Morning,10,298,59.2,54.004090648501375,5.195909351498628,5.195909351498628
Tuesday,37,Female,64.4,162.7,Intermediate,Walking,12.2,6.27,83.6,100.0,3.64,1.56,1.07,0,5.0,55.5,63.1,65,64,19.4,-0.55,3631.0,0,Rest Day,0,0.0,0.0,0.0,0.0,0.0,0.0,0.0,0.0,0.0,,5,150,38.4,60.65052103706625,-22.25052103706625,22.25052103706625
Thursday,53,Female,67.4,166.0,Advanced,Swimming,11.82,4.9,71.9,100.0,2.9,1.16,0.84,0,5.0,70.5,53.0,63,51,15.8,-0.35,3796.0,1,Yoga,53,4.87,118.2,134.9,207.0,24.0,20.8,6.8,1.5,0.0,Evening,7,187,62.0,57.20389474877571,4.79610525122429,4.79610525122429
Wednesday,35,Male,73.1,181.5,Intermediate,Walking,14.97,6.39,90.7,100.0,3.72,1.58,1.09,0,5.0,80.5,74.0,110,71,18.0,-0.04,3959.0,1,Weight Training,46,8.17,138.2,156.7,306.0,7.9,17.0,12.7,7.2,2.1,Morning,9,263,34.2,54.496159490125265,-20.296159490125262,20.296159490125262
Tuesday,56,Male,90.9,171.6,Intermediate,Swimming,13.55,7.2,84.0,100.0,4.13,1.73,1.34,0,5.0,100.5,60.2,103,62,12.6,1.18,3791.0,1,Swimming,33,13.82,133.6,150.0,365.0,3.1,7.4,8.8,10.4,3.3,Morning,6,157,63.1,67.55550083788489,-4.455500837884891,4.455500837884891
Wednesday,43,Male,76.7,177.8,Intermediate,Running,10.9,6.61,88.2,100.0,3.93,1.56,1.12,0,5.0,77.9,43.6,73,48,16.4,0.62,3540.0,0,Rest Day,0,0.0,0.0,0.0,0.0,0.0,0.0,0.0,0.0,0.0,,9,263,89.4,67.68940510010242,21.710594899897586,21.710594899897586
Monday,30,Female,62.9,175.5,Advanced,Cycling,10.81,6.69,77.7,100.0,4.12,1.38,1.18,1,18.6,103.1,70.1,111,67,15.9,-0.21,3392.0,0,Rest Day,0,0.0,0.0,0.0,0.0,0.0,0.0,0.0,0.0,0.0,,7,205,28.3,52.457106263222904,-24.157106263222904,24.157106263222904
Friday,23,Male,91.1,185.9,Beginner,Yoga,20.68,8.16,89.2,100.0,4.66,2.01,1.49,0,5.0,20.0,66.1,69,63,15.2,-0.68,5298.0,0,Rest Day,0,0.0,0.0,0.0,0.0,0.0,0.0,0.0,0.0,0.0,,10,286,39.5,52.530051780023044,-13.030051780023044,13.030051780023044
Sunday,30,Male,67.5,181.0,Advanced,Swimming,8.88,7.56,76.3,100.0,4.53,1.81,1.22,0,7.5,60.1,65.5,58,66,17.2,0.26,3006.0,1,Swimming,36,15.66,158.9,177.9,451.0,2.9,5.4,9.8,10.9,7.0,Morning,3,64,84.3,64.35197389374217,19.948026106257828,19.948026106257828
Thursday,37,Female,55.8,167.2,Elite,Running,9.31,8.47,80.7,100.0,4.79,2.03,1.66,1,5.0,127.6,47.0,113,53,15.3,-0.31,3367.0,1,CrossFit,52,12.47,146.1,164.4,519.0,6.6,9.7,13.3,16.2,6.2,Evening,1,26,66.4,79.40982257713625,-13.009822577136248,13.009822577136248
Monday,56,Female,83.0,169.4,Beginner,Running,14.38,7.68,91.9,100.0,4.57,1.82,1.3,0,5.0,45.8,45.6,44,49,16.5,0.44,4334.0,0,Rest Day,0,0.0,0.0,0.0,0.0,0.0,0.0,0.0,0.0,0.0,,1,30,98.6,73.28993078446142,25.310069215538576,25.310069215538576
Sunday,43,Male,63.0,166.5,Intermediate,Cycling,6.46,5.24,69.4,100.0,3.39,1.05,0.8,1,5.0,62.9,51.8,61,56,17.5,0.31,2719.0,0,Rest Day,0,0.0,0.0,0.0,0.0,0.0,0.0,0.0,0.0,0.0,,7,197,94.9,62.94685818796324,31.95314181203677,31.95314181203677
Thursday,48,Female,68.6,156.2,Elite,CrossFit,11.47,8.54,78.4,100.0,5.09,2.06,1.38,0,5.0,122.8,40.0,104,45,15.9,0.27,3420.0,1,CrossFit,59,11.77,135.9,153.1,555.0,7.0,11.8,18.4,17.6,4.3,Morning,1,12,76.8,75.95951433983123,0.8404856601687669,0.8404856601687669
Wednesday,63,Female,72.4,169.0,Advanced,Running,15.03,7.19,69.7,100.0,4.39,1.71,1.08,1,5.0,95.5,57.9,99,54,21.9,0.63,4033.0,1,Running,40,17.47,134.7,150.4,559.0,0.0,7.5,10.2,15.3,7.0,Afternoon,9,256,59.5,71.05378557565744,-11.553785575657443,11.553785575657443
Tuesday,23,Male,91.1,185.9,Beginner,Yoga,7.55,8.98,96.6,100.0,5.43,1.96,1.59,0,5.0,65.3,54.1,69,63,16.6,0.1,2749.0,0,Rest Day,0,0.0,0.0,0.0,0.0,0.0,0.0,0.0,0.0,0.0,,11,318,48.3,69.66416363385947,-21.364163633859476,21.364163633859476
Saturday,58,Female,59.9,158.0,Beginner,HIIT,9.09,7.74,88.0,100.0,4.68,1.72,1.33,0,5.0,69.7,46.1,64,49,18.6,1.12,3279.0,1,Yoga,38,4.44,113.9,130.1,135.0,14.3,13.8,5.8,2.5,1.7,Morning,3,63,72.7,63.91884638712278,8.781153612877226,8.781153612877226
Tuesday,20,Male,87.2,194.1,Elite,Running,21.0,7.68,90.9,100.0,4.65,1.56,1.48,0,5.0,25.9,57.4,39,56,17.0,-0.2,5127.0,0,Rest Day,0,0.0,0.0,0.0,0.0,0.0,0.0,0.0,0.0,0.0,,6,178,73.0,65.39632830046274,7.603671699537259,7.603671699537259
Thursday,21,Male,101.0,174.1,Elite,CrossFit,10.31,7.42,83.6,100.0,4.33,1.82,1.28,0,5.0,73.6,47.3,57,49,13.0,0.87,3376.0,1,CrossFit,51,16.6,168.7,188.6,677.0,0.5,7.6,14.1,20.1,8.7,Afternoon,10,299,66.5,79.92442408210732,-13.424424082107322,13.424424082107322
Saturday,35,Male,61.0,176.7,Advanced,Running,9.69,8.26,79.4,100.0,4.98,1.7,1.58,0,5.0,48.1,65.1,61,66,16.5,0.05,3775.0,0,Rest Day,0,0.0,0.0,0.0,0.0,0.0,0.0,0.0,0.0,0.0,,8,238,47.5,50.50435509863697,-3.004355098636971,3.004355098636971
Monday,60,Male,88.3,180.4,Intermediate,HIIT,18.83,6.41,50.0,100.0,3.88,1.36,1.17,1,9.1,73.9,51.1,91,52,17.0,-0.26,4810.0,0,Rest Day,0,0.0,0.0,0.0,0.0,0.0,0.0,0.0,0.0,0.0,,7,191,60.9,71.10435346087016,-10.20435346087016,10.20435346087016
Friday,60,Male,75.0,195.8,Intermediate,Walking,7.18,7.11,69.5,100.0,4.29,1.49,1.33,0,5.0,83.3,66.8,78,67,17.0,-0.2,2911.0,1,Walking,22,2.72,109.2,125.2,48.0,8.0,9.8,2.7,1.0,0.5,Morning,12,356,59.7,60.49518465681189,-0.7951846568118839,0.7951846568118839
Sunday,34,Male,78.8,168.2,Intermediate,Walking,8.64,7.65,84.9,100.0,4.75,1.73,1.16,0,5.0,89.8,55.2,104,61,14.9,0.18,3230.0,0,Rest Day,0,0.0,0.0,0.0,0.0,0.0,0.0,0.0,0.0,0.0,,5,127,54.2,65.30790990452175,-11.107909904521748,11.107909904521748
Tuesday,22,Female,71.7,163.8,Beginner,Yoga,12.85,6.26,81.8,100.0,3.52,1.5,1.24,0,5.0,35.5,57.1,33,60,18.3,-0.41,4033.0,0,Rest Day,0,0.0,0.0,0.0,0.0,0.0,0.0,0.0,0.0,0.0,,5,143,73.4,64.79105833856009,8.608941661439914,8.608941661439914
Sunday,19,Female,77.0,173.0,Intermediate,CrossFit,6.22,8.08,86.4,100.0,5.07,1.79,1.22,0,5.0,132.3,73.5,119,73,16.7,0.93,2901.0,0,Rest Day,0,0.0,0.0,0.0,0.0,0.0,0.0,0.0,0.0,0.0,,3,71,72.9,71.8761093474166,1.023890652583404,1.023890652583404
Sunday,19,Female,60.8,162.0,Beginner,Yoga,2.28,7.56,80.9,100.0,4.46,1.69,1.41,1,5.0,87.5,48.8,86,48,16.6,0.26,1957.0,0,Rest Day,0,0.0,0.0,0.0,0.0,0.0,0.0,0.0,0.0,0.0,,10,274,28.6,49.71164015386898,-21.111640153868976,21.111640153868976
Saturday,27,Male,76.8,186.5,Intermediate,Yoga,7.58,6.7,74.6,100.0,3.89,1.54,1.27,1,5.0,36.0,62.5,30,66,15.8,0.21,2301.0,0,Rest Day,0,0.0,0.0,0.0,0.0,0.0,0.0,0.0,0.0,0.0,,1,7,62.2,57.73064706861366,4.469352931386339,4.469352931386339
Thursday,38,Female,70.6,163.3,Intermediate,Cycling,17.17,5.5,65.7,100.0,3.4,1.14,0.96,2,27.6,64.9,57.4,75,58,12.4,0.64,4357.0,1,Cycling,110,10.68,141.4,159.6,940.0,9.6,21.2,30.5,36.1,12.7,Morning,4,117,62.5,72.09353842574599,-9.59353842574599,9.59353842574599
Sunday,38,Female,55.5,170.3,Elite,Yoga,7.44,6.78,68.2,100.0,4.06,1.57,1.15,2,13.9,51.1,60.1,51,63,18.1,0.88,2619.0,0,Rest Day,0,0.0,0.0,0.0,0.0,0.0,0.0,0.0,0.0,0.0,,5,148,44.3,59.56909203323594,-15.269092033235943,15.269092033235943
Tuesday,58,Male,73.6,180.0,Intermediate,Swimming,13.26,8.15,98.0,100.0,4.9,1.7,1.54,0,5.0,92.3,47.7,103,46,15.4,1.11,3558.0,1,Yoga,52,4.03,113.1,129.3,168.0,20.0,23.9,5.7,1.3,1.3,Morning,1,2,33.8,63.67954813043285,-29.879548130432852,29.879548130432852
Wednesday,37,Female,72.1,164.5,Elite,Cycling,11.33,8.74,71.1,100.0,5.08,1.98,1.68,0,5.0,82.9,57.1,92,49,17.6,-0.31,3172.0,1,Cycling,88,10.09,140.9,159.2,712.0,10.6,15.9,28.2,29.0,4.6,Evening,11,312,34.8,46.07023064124159,-11.27023064124159,11.27023064124159
Friday,21,Male,101.0,174.1,Elite,CrossFit,6.74,8.57,80.8,100.0,5.11,2.0,1.46,1,5.0,47.4,50.5,57,49,17.5,0.07,2722.0,0,Rest Day,0,0.0,0.0,0.0,0.0,0.0,0.0,0.0,0.0,0.0,,5,132,71.9,56.9314011199616,14.968598880038407,14.968598880038407
Thursday,20,Male,77.7,158.7,Advanced,Running,11.22,6.72,78.1,100.0,3.89,1.63,1.2,0,5.0,27.0,58.4,57,63,18.8,-0.08,3710.0,1,Running,35,11.87,158.3,178.3,332.0,4.5,6.7,11.6,10.2,2.0,Morning,8,215,60.8,65.36556986744809,-4.56556986744809,4.56556986744809
Sunday,27,Male,76.8,186.5,Intermediate,Yoga,6.16,8.82,77.4,100.0,5.54,1.78,1.5,2,5.0,38.9,60.2,30,66,19.1,-0.47,2194.0,1,Running,89,20.74,173.1,192.4,1477.0,7.8,9.4,24.6,27.7,19.5,Morning,2,43,77.5,66.28091647417999,11.219083525820011,11.219083525820011
Thursday,21,Female,62.2,161.8,Intermediate,Weight Training,10.58,6.34,81.3,100.0,3.58,1.52,1.24,0,5.0,83.0,74.4,85,74,15.0,0.06,3163.0,0,Rest Day,0,0.0,0.0,0.0,0.0,0.0,0.0,0.0,0.0,0.0,,2,40,58.2,58.22778999317234,-0.027789993172333993,0.027789993172333993
Tuesday,50,Female,64.0,161.6,Advanced,Yoga,6.51,6.56,69.2,100.0,4.01,1.47,1.09,2,5.0,88.8,48.3,65,53,17.2,0.08,2836.0,1,Yoga,54,4.81,120.2,137.2,208.0,21.4,24.0,6.4,0.5,1.7,Morning,5,150,69.6,73.15072571204232,-3.550725712042322,3.550725712042322
Tuesday,62,Male,80.2,182.8,Advanced,Weight Training,12.71,7.92,82.9,100.0,4.63,1.86,1.43,0,5.0,46.5,50.4,61,53,15.0,0.12,3884.0,1,Weight Training,59,7.92,117.6,133.4,374.0,11.4,20.3,16.1,10.3,0.8,Afternoon,10,304,66.1,63.51009127368476,2.5899087263152367,2.5899087263152367
Sunday,52,Male,75.7,173.3,Advanced,HIIT,6.12,7.84,72.7,100.0,4.7,1.88,1.26,0,5.0,63.3,56.8,38,68,19.5,0.05,2496.0,0,Rest Day,0,0.0,0.0,0.0,0.0,0.0,0.0,0.0,0.0,0.0,,9,260,98.2,82.91406475144642,15.285935248553585,15.285935248553585
Wednesday,64,Female,47.6,163.8,Advanced,HIIT,15.94,7.53,89.3,100.0,4.7,1.53,1.3,0,5.0,51.8,44.1,46,47,18.6,-1.14,4349.0,1,HIIT,26,17.81,134.5,150.1,370.0,1.7,2.9,5.9,9.7,5.8,Morning,7,207,80.8,76.85232848607922,3.947671513920781,3.947671513920781
Wednesday,28,Male,93.7,167.0,Intermediate,Running,18.09,7.89,87.8,100.0,4.63,1.96,1.3,0,6.9,32.2,55.1,38,50,17.0,0.43,4670.0,1,Running,37,14.36,157.6,176.8,425.0,3.1,8.4,9.3,11.5,4.8,Evening,2,46,51.6,62.346036491444714,-10.746036491444713,10.746036491444713
Thursday,37,Female,70.8,166.3,Advanced,HIIT,15.8,7.21,72.7,100.0,4.48,1.48,1.25,1,5.2,48.6,63.8,73,59,17.7,0.05,4217.0,1,Cycling,47,14.16,149.8,168.1,532.0,4.5,9.0,13.2,15.4,5.0,Morning,2,40,50.1,57.866452586300966,-7.766452586300964,7.766452586300964
Friday,27,Female,64.5,151.0,Advanced,CrossFit,9.8,8.33,82.1,100.0,4.99,1.89,1.44,0,5.1,90.5,49.6,89,49,17.1,0.11,3128.0,0,Rest Day,0,0.0,0.0,0.0,0.0,0.0,0.0,0.0,0.0,0.0,,1,6,63.8,60.50509912993256,3.294900870067437,3.294900870067437
Thursday,27,Male,57.4,178.7,Intermediate,Yoga,10.95,7.88,100.0,100.0,4.96,1.59,1.33,0,5.0,77.4,43.9,82,45,14.4,0.33,3528.0,0,Rest Day,0,0.0,0.0,0.0,0.0,0.0,0.0,0.0,0.0,0.0,,11,306,58.5,55.86780777184826,2.6321922281517374,2.6321922281517374
Sunday,26,Male,97.2,174.8,Intermediate,Swimming,8.29,7.0,76.2,100.0,4.35,1.43,1.22,0,8.7,91.1,64.2,75,67,18.0,0.49,3002.0,0,Rest Day,0,0.0,0.0,0.0,0.0,0.0,0.0,0.0,0.0,0.0,,4,106,81.0,70.60353664121808,10.396463358781915,10.396463358781915
Sunday,30,Female,67.6,162.5,Beginner,Cycling,9.15,8.03,97.9,100.0,4.81,1.92,1.3,0,5.0,121.1,52.1,105,57,15.9,-0.63,3068.0,0,Rest Day,0,0.0,0.0,0.0,0.0,0.0,0.0,0.0,0.0,0.0,,11,316,97.2,71.88478399810084,25.31521600189916,25.31521600189916
Saturday,61,Male,69.0,180.3,Intermediate,Cycling,6.2,8.36,96.7,100.0,5.13,1.85,1.38,0,5.0,100.1,51.3,118,55,15.9,0.65,2877.0,1,Swimming,56,7.85,118.2,134.1,352.0,11.6,18.5,15.4,9.8,0.6,Evening,5,140,55.2,56.58936244976669,-1.3893624497666863,1.3893624497666863
Friday,59,Female,79.4,170.7,Advanced,Weight Training,7.26,7.45,92.5,100.0,4.42,1.55,1.48,0,5.0,66.5,53.5,65,54,15.2,0.09,2881.0,1,Swimming,40,14.34,132.1,148.2,459.0,3.8,8.3,12.9,11.7,3.3,Morning,2,55,54.5,59.39384303459364,-4.893843034593637,4.893843034593637
Monday,31,Female,77.4,158.2,Intermediate,Weight Training,13.45,7.31,76.1,100.0,4.41,1.68,1.22,0,5.7,56.4,42.6,80,45,18.3,0.11,3921.0,1,Walking,50,1.62,126.5,145.4,65.0,19.3,23.7,6.7,0.7,0.0,Evening,4,107,47.4,68.35198480874111,-20.95198480874111,20.95198480874111
Sunday,20,Female,68.6,163.8,Intermediate,Running,6.46,7.85,92.6,100.0,4.88,1.63,1.35,0,5.0,76.2,47.5,74,56,13.5,0.04,2524.0,0,Rest Day,0,0.0,0.0,0.0,0.0,0.0,0.0,0.0,0.0,0.0,,11,316,100.0,76.19944720707188,23.800552792928116,23.800552792928116
Sunday,47,Female,38.1,179.1,Elite,HIIT,7.54,6.36,73.3,100.0,4.01,1.36,0.99,0,5.2,115.4,69.6,97,73,13.3,0.43,2865.0,1,HIIT,20,15.79,145.0,162.3,253.0,0.9,3.9,4.5,7.3,3.5,Afternoon,2,43,71.4,75.31723579341316,-3.9172357934131554,3.9172357934131554
Wednesday,54,Male,95.9,173.5,Intermediate,HIIT,13.72,7.76,70.1,100.0,4.77,1.7,1.29,0,13.6,96.1,75.3,95,69,13.9,-0.38,3470.0,1,HIIT,20,11.83,131.3,147.9,189.0,2.4,3.7,6.1,6.6,1.1,Evening,9,270,51.6,58.080398014804516,-6.480398014804514,6.480398014804514
Saturday,56,Female,63.2,152.8,Advanced,Cycling,7.28,7.47,89.3,100.0,4.54,1.6,1.33,0,5.0,115.7,40.0,104,46,14.8,-0.22,3462.0,1,Cycling,68,9.7,125.5,141.9,528.0,16.0,21.2,19.6,10.2,1.0,Evening,11,329,100.0,79.07345416120651,20.926545838793487,20.926545838793487
Wednesday,63,Female,72.4,169.0,Advanced,Running,16.85,7.28,77.2,100.0,4.17,1.75,1.35,0,5.0,87.9,63.6,99,54,15.8,-0.21,4609.0,1,Swimming,51,9.41,119.6,135.3,386.0,8.9,13.2,14.4,10.1,4.8,Afternoon,9,249,42.5,62.63034326619827,-20.130343266198267,20.130343266198267
Sunday,39,Male,86.3,181.7,Advanced,Yoga,10.6,8.51,82.3,100.0,5.09,1.97,1.44,1,11.1,108.0,60.4,106,60,16.8,-0.35,3382.0,1,Yoga,34,3.74,125.7,143.8,102.0,13.4,14.1,4.0,1.6,0.9,Evening,3,85,56.8,65.48146936515623,-8.681469365156232,8.681469365156232
Tuesday,37,Female,68.0,168.7,Beginner,Running,5.13,6.29,87.0,100.0,3.93,1.38,0.97,0,5.0,78.4,47.7,89,53,17.6,-0.19,2482.0,0,Rest Day,0,0.0,0.0,0.0,0.0,0.0,0.0,0.0,0.0,0.0,,10,276,25.6,64.76960293914394,-39.169602939143935,39.169602939143935
Monday,25,Male,81.9,177.6,Intermediate,Walking,17.88,8.14,69.0,100.0,4.69,1.86,1.59,1,14.2,93.6,51.2,107,49,15.1,0.2,4474.0,1,Walking,48,3.44,134.7,154.2,132.0,20.1,18.1,7.4,2.0,0.4,Afternoon,8,226,74.9,66.72383764461193,8.176162355388072,8.176162355388072
Monday,26,Female,58.4,160.4,Beginner,Running,13.08,8.56,91.2,100.0,5.18,2.03,1.35,0,5.0,92.9,74.4,83,64,18.4,0.33,3785.0,0,Rest Day,0,0.0,0.0,0.0,0.0,0.0,0.0,0.0,0.0,0.0,,5,128,55.0,56.4622150282705,-1.4622150282704993,1.4622150282704993
Wednesday,26,Female,43.6,159.3,Beginner,Swimming,13.77,6.39,63.9,100.0,3.67,1.55,1.17,1,5.0,97.1,65.6,90,70,12.9,0.62,3953.0,0,Rest Day,0,0.0,0.0,0.0,0.0,0.0,0.0,0.0,0.0,0.0,,1,3,65.9,74.92338680418985,-9.02338680418984,9.02338680418984
Tuesday,50,Female,70.3,176.6,Advanced,Weight Training,14.09,8.13,87.8,100.0,4.79,1.79,1.55,0,5.0,62.0,73.2,75,74,18.8,0.19,4127.0,1,Weight Training,57,8.18,127.1,144.1,373.0,11.0,18.1,17.7,6.5,3.7,Afternoon,1,31,75.9,65.31873097177743,10.581269028222579,10.581269028222579
Sunday,64,Female,64.3,158.0,Intermediate,Swimming,4.06,6.87,86.9,100.0,4.23,1.55,1.09,0,5.0,87.3,45.5,81,52,15.2,-0.46,2468.0,1,Swimming,34,7.96,116.2,131.8,218.0,6.8,11.2,10.4,4.9,1.0,Morning,6,155,41.0,68.82180594774277,-27.821805947742774,27.821805947742774
Tuesday,50,Female,64.0,161.6,Advanced,Yoga,17.74,6.9,73.6,100.0,4.16,1.58,1.17,0,5.0,54.7,47.3,65,53,14.2,-1.31,4417.0,1,Cycling,82,18.79,148.5,165.5,1232.0,5.8,15.9,21.0,26.5,12.9,Morning,12,353,93.8,74.18262806513354,19.617371934866455,19.617371934866455
Thursday,39,Female,57.6,168.5,Advanced,Yoga,18.16,6.75,75.0,100.0,3.93,1.68,1.14,0,5.0,43.2,70.8,75,71,18.7,0.08,4478.0,0,Rest Day,0,0.0,0.0,0.0,0.0,0.0,0.0,0.0,0.0,0.0,,3,75,48.4,61.54385353684316,-13.14385353684316,13.14385353684316
Saturday,64,Female,64.3,158.0,Intermediate,Swimming,5.3,7.84,87.3,100.0,4.84,1.81,1.18,0,5.0,78.6,52.4,81,52,15.4,-0.22,2776.0,0,Rest Day,0,0.0,0.0,0.0,0.0,0.0,0.0,0.0,0.0,0.0,,5,126,53.7,55.085119147180215,-1.3851191471802125,1.3851191471802125
Tuesday,50,Female,64.0,161.6,Advanced,Yoga,15.9,7.01,82.7,100.0,4.38,1.51,1.11,0,5.0,66.5,55.6,65,53,15.9,-0.12,4044.0,1,Walking,47,3.28,117.1,134.1,123.0,19.1,18.1,7.6,2.0,0.2,Afternoon,3,73,51.0,63.51549305785159,-12.515493057851593,12.515493057851593
Wednesday,53,Male,95.1,180.5,Beginner,CrossFit,5.18,7.5,84.8,100.0,4.53,1.75,1.21,0,5.0,70.0,55.8,93,53,15.3,0.1,2588.0,0,Rest Day,0,0.0,0.0,0.0,0.0,0.0,0.0,0.0,0.0,0.0,,4,116,30.4,51.278173265889336,-20.878173265889338,20.878173265889338
Thursday,46,Male,79.7,179.0,Elite,Weight Training,11.19,6.94,78.7,100.0,4.1,1.52,1.32,1,5.0,102.2,68.9,110,68,14.0,-0.14,3316.0,1,Cycling,88,15.74,145.7,163.1,1108.0,1.3,14.8,22.4,34.5,15.0,Afternoon,3,68,55.8,64.71039463014701,-8.91039463014701,8.91039463014701
Sunday,29,Male,83.7,183.6,Intermediate,Yoga,10.17,6.93,89.3,100.0,4.1,1.63,1.19,0,5.0,65.6,64.8,56,72,18.1,-0.46,3588.0,0,Rest Day,0,0.0,0.0,0.0,0.0,0.0,0.0,0.0,0.0,0.0,,10,281,88.8,85.45225241076295,3.347747589237045,3.347747589237045
Friday,25,Female,59.3,157.5,Advanced,Weight Training,10.65,6.75,88.1,100.0,4.1,1.47,1.18,0,5.0,46.7,57.4,41,61,20.4,0.17,3217.0,1,CrossFit,65,14.66,160.8,180.3,762.0,9.5,10.7,18.9,21.4,4.5,Evening,1,5,83.7,71.5754745326436,12.124525467356406,12.124525467356406
Sunday,53,Female,67.4,166.0,Advanced,Swimming,7.57,5.54,57.9,100.0,3.36,1.16,1.03,0,5.0,90.4,53.9,63,51,15.0,-0.4,2947.0,0,Rest Day,0,0.0,0.0,0.0,0.0,0.0,0.0,0.0,0.0,0.0,,2,57,61.5,50.79509999085372,10.704900009146279,10.704900009146279
Friday,54,Female,49.6,166.6,Intermediate,HIIT,9.61,7.58,90.3,100.0,4.4,1.71,1.47,1,5.0,50.5,49.0,57,52,14.4,-0.33,3239.0,0,Rest Day,0,0.0,0.0,0.0,0.0,0.0,0.0,0.0,0.0,0.0,,3,76,73.7,61.22800201058957,12.471997989410433,12.471997989410433
Thursday,53,Male,79.4,177.4,Advanced,HIIT,9.98,8.01,89.6,100.0,4.95,1.7,1.36,0,5.0,66.9,63.8,64,65,17.4,0.21,2920.0,0,Rest Day,0,0.0,0.0,0.0,0.0,0.0,0.0,0.0,0.0,0.0,,12,348,48.7,56.81520278626125,-8.11520278626125,8.11520278626125
Tuesday,21,Female,62.2,161.8,Intermediate,Weight Training,5.96,6.62,71.7,100.0,3.8,1.55,1.26,2,5.0,104.3,69.4,85,74,12.7,0.41,2886.0,0,Rest Day,0,0.0,0.0,0.0,0.0,0.0,0.0,0.0,0.0,0.0,,4,115,57.8,62.358171008417145,-4.558171008417148,4.558171008417148
Friday,56,Female,63.2,152.8,Advanced,Cycling,3.74,9.1,88.2,100.0,5.14,2.17,1.78,2,5.0,126.4,44.4,104,46,16.4,0.3,2457.0,1,Cycling,90,13.74,133.4,149.8,989.0,7.5,16.3,26.8,28.5,10.9,Afternoon,11,321,95.0,80.27894500390002,14.72105499609998,14.72105499609998
Wednesday,40,Male,76.0,170.1,Advanced,Cycling,21.0,7.57,91.0,100.0,4.52,1.63,1.41,1,5.0,44.0,61.5,87,60,11.7,0.22,5061.0,1,HIIT,26,13.6,146.1,164.1,283.0,2.1,5.5,7.9,7.2,3.3,Afternoon,1,4,76.2,60.25207820020381,15.947921799796191,15.947921799796191
Wednesday,30,Male,67.7,162.3,Intermediate,Walking,14.36,8.37,87.7,100.0,5.36,1.72,1.29,1,5.0,75.9,72.8,82,74,19.3,0.34,4194.0,0,Rest Day,0,0.0,0.0,0.0,0.0,0.0,0.0,0.0,0.0,0.0,,12,340,80.4,68.82922732395147,11.570772676048534,11.570772676048534
Sunday,37,Female,70.8,166.3,Advanced,HIIT,10.21,7.5,81.5,100.0,4.35,1.72,1.42,0,5.0,73.4,56.6,73,59,16.1,1.11,3143.0,0,Rest Day,0,0.0,0.0,0.0,0.0,0.0,0.0,0.0,0.0,0.0,,1,1,94.6,66.80142277096267,27.79857722903732,27.79857722903732
Thursday,56,Female,53.9,167.2,Beginner,Weight Training,11.53,6.85,75.5,100.0,4.05,1.6,1.2,1,5.0,100.3,57.9,101,59,15.3,0.32,3403.0,1,Weight Training,68,10.84,127.8,144.2,590.0,6.8,16.5,18.1,21.5,5.0,Morning,10,278,67.3,72.5799002462676,-5.2799002462676015,5.2799002462676015
Monday,29,Male,75.4,178.8,Elite,Running,17.13,8.57,87.4,100.0,4.93,1.93,1.71,0,5.0,47.7,69.8,73,58,18.7,0.98,4537.0,1,CrossFit,51,12.83,153.3,172.4,526.0,4.0,10.1,17.9,14.4,4.9,Afternoon,6,177,42.8,53.48461948089149,-10.684619480891492,10.684619480891492
Friday,25,Female,49.9,182.1,Intermediate,Walking,8.48,6.33,68.7,100.0,3.66,1.43,1.24,0,5.0,113.3,68.8,100,72,12.9,0.3,2930.0,0,Rest Day,0,0.0,0.0,0.0,0.0,0.0,0.0,0.0,0.0,0.0,,2,55,96.4,73.7756729775558,22.624327022444206,22.624327022444206
Sunday,26,Male,83.9,169.0,Advanced,CrossFit,4.43,8.82,94.4,100.0,5.17,1.95,1.7,0,5.0,59.5,51.4,44,49,18.8,0.3,2491.0,1,Yoga,47,3.67,134.6,154.0,140.0,18.9,19.6,9.2,0.1,0.0,Afternoon,10,295,46.8,55.95582528279144,-9.15582528279144,9.15582528279144
Thursday,24,Male,69.8,177.0,Advanced,Yoga,12.51,7.39,92.6,100.0,4.55,1.51,1.33,0,5.0,95.9,48.3,70,47,16.8,0.65,3308.0,0,Rest Day,0,0.0,0.0,0.0,0.0,0.0,0.0,0.0,0.0,0.0,,1,11,76.6,69.97364708359589,6.626352916404102,6.626352916404102
Tuesday,55,Male,57.5,189.8,Intermediate,Swimming,8.19,6.45,82.5,100.0,3.74,1.48,1.23,0,5.0,24.7,70.2,31,74,15.6,-0.49,2685.0,0,Rest Day,0,0.0,0.0,0.0,0.0,0.0,0.0,0.0,0.0,0.0,,6,171,58.8,58.34536485905183,0.45463514094817015,0.45463514094817015
Wednesday,23,Male,91.1,185.9,Beginner,Yoga,9.39,8.07,95.6,100.0,4.68,1.93,1.46,0,5.0,85.0,63.4,69,63,13.6,-0.74,3335.0,0,Rest Day,0,0.0,0.0,0.0,0.0,0.0,0.0,0.0,0.0,0.0,,2,53,43.9,64.45942912557162,-20.55942912557162,20.55942912557162
Saturday,41,Male,75.1,170.1,Intermediate,Swimming,3.11,6.63,70.1,100.0,3.8,1.55,1.28,0,13.8,119.2,56.0,112,61,17.9,-0.61,2761.0,1,Swimming,49,13.87,145.9,163.8,544.0,5.9,11.1,13.7,13.3,5.0,Morning,10,301,59.5,63.64939077329436,-4.149390773294357,4.149390773294357
Thursday,25,Female,59.3,157.5,Advanced,Weight Training,10.2,7.15,97.4,100.0,4.32,1.7,1.13,0,5.0,44.2,55.3,41,61,17.3,-0.04,3212.0,0,Rest Day,0,0.0,0.0,0.0,0.0,0.0,0.0,0.0,0.0,0.0,,6,180,82.5,72.19567918796567,10.304320812034334,10.304320812034334
Wednesday,34,Male,78.8,168.2,Intermediate,Walking,17.2,8.46,82.7,100.0,5.2,1.84,1.42,0,5.0,102.3,59.8,104,61,17.0,0.28,4371.0,1,Walking,35,2.91,127.3,145.9,81.0,13.2,15.7,4.4,0.2,1.5,Evening,4,109,58.2,72.07397314419514,-13.873973144195134,13.873973144195134
Wednesday,45,Female,77.4,164.8,Beginner,Yoga,9.23,8.22,85.9,100.0,4.98,1.8,1.45,0,5.0,70.2,59.5,64,57,17.2,0.21,3157.0,0,Rest Day,0,0.0,0.0,0.0,0.0,0.0,0.0,0.0,0.0,0.0,,4,109,64.2,60.81951305759717,3.3804869424028325,3.3804869424028325
Sunday,31,Male,77.2,181.7,Advanced,Weight Training,7.73,7.22,85.5,100.0,4.21,1.76,1.25,0,5.0,77.9,50.4,64,53,16.2,0.35,3080.0,0,Rest Day,0,0.0,0.0,0.0,0.0,0.0,0.0,0.0,0.0,0.0,,2,50,82.5,67.2743225806251,15.225677419374904,15.225677419374904
Saturday,29,Male,75.4,178.8,Elite,Running,5.76,7.49,83.0,100.0,4.39,1.76,1.34,0,5.0,84.2,54.4,73,58,17.4,-0.37,2819.0,1,Running,60,17.17,163.2,182.3,824.0,0.8,9.7,15.8,21.5,12.2,Evening,4,91,60.5,67.26185789842721,-6.761857898427209,6.761857898427209
Wednesday,64,Female,47.6,163.8,Advanced,HIIT,12.68,8.04,92.7,100.0,4.72,1.96,1.36,0,5.0,27.6,45.0,46,47,14.1,-0.69,4034.0,1,HIIT,27,14.45,128.2,143.8,322.0,4.0,4.3,8.2,9.2,2.1,Afternoon,3,81,46.2,66.72571728139111,-20.52571728139111,20.52571728139111
Tuesday,27,Female,67.2,171.1,Intermediate,HIIT,9.1,7.93,91.5,100.0,4.73,1.92,1.29,0,5.0,51.2,50.5,63,60,21.4,0.4,2725.0,1,HIIT,21,14.66,159.1,178.4,253.0,1.7,4.5,7.5,6.5,1.3,Evening,8,241,45.3,65.28057473601453,-19.980574736014532,19.980574736014532
Friday,25,Female,59.3,157.5,Advanced,Weight Training,10.65,8.25,75.0,100.0,4.78,1.97,1.51,1,5.0,37.1,54.6,41,61,16.1,-0.05,3284.0,1,CrossFit,48,14.65,160.8,180.3,563.0,3.1,9.0,13.5,15.9,6.5,Morning,4,118,68.7,73.31872519225347,-4.618725192253464,4.618725192253464
Thursday,47,Female,77.6,151.3,Intermediate,Cycling,10.83,6.2,85.5,100.0,3.48,1.55,1.17,0,6.3,48.5,55.1,57,55,14.3,0.78,3684.0,1,Yoga,40,5.62,124.0,141.3,180.0,9.4,13.5,10.7,5.5,0.8,Morning,1,19,53.3,59.37384955416188,-6.073849554161882,6.073849554161882
Tuesday,31,Male,77.2,181.7,Advanced,Weight Training,13.01,8.39,95.0,100.0,4.81,2.07,1.52,1,5.0,59.4,53.4,64,53,15.8,-0.24,3417.0,1,Weight Training,50,8.13,141.2,160.1,325.0,12.0,16.2,13.8,7.0,1.0,Morning,6,164,68.7,62.81082343393258,5.88917656606742,5.88917656606742
Tuesday,25,Female,49.8,157.3,Beginner,Running,21.0,8.98,97.0,100.0,5.62,1.99,1.37,0,5.0,61.8,71.7,86,68,17.4,-0.51,5217.0,0,Rest Day,0,0.0,0.0,0.0,0.0,0.0,0.0,0.0,0.0,0.0,,7,206,56.6,58.153414454904585,-1.5534144549045834,1.5534144549045834
Saturday,41,Male,75.1,170.1,Intermediate,Swimming,9.27,7.22,89.5,100.0,4.35,1.54,1.33,1,5.0,112.5,62.0,112,61,12.9,0.23,2959.0,0,Rest Day,0,0.0,0.0,0.0,0.0,0.0,0.0,0.0,0.0,0.0,,2,56,58.9,62.74760426593147,-3.847604265931473,3.847604265931473
Thursday,62,Female,45.2,166.6,Intermediate,Running,13.24,7.94,78.7,100.0,4.5,1.91,1.53,0,5.0,107.4,44.0,106,49,14.5,-0.26,3730.0,1,Running,66,16.97,134.6,150.4,896.0,0.8,10.5,18.8,23.4,12.5,Evening,1,26,88.9,74.0868310865755,14.813168913424505,14.813168913424505
Tuesday,60,Male,88.3,180.4,Intermediate,HIIT,13.05,5.65,69.8,100.0,3.13,1.41,1.12,3,7.7,78.2,51.8,91,52,16.4,0.32,4007.0,0,Rest Day,0,0.0,0.0,0.0,0.0,0.0,0.0,0.0,0.0,0.0,,8,220,73.0,64.2452622409868,8.754737759013196,8.754737759013196
Monday,51,Male,70.0,168.4,Intermediate,Swimming,7.95,8.23,91.0,100.0,4.99,1.81,1.44,2,5.0,24.4,59.8,34,63,17.7,-0.08,3143.0,0,Rest Day,0,0.0,0.0,0.0,0.0,0.0,0.0,0.0,0.0,0.0,,4,100,51.2,59.23227299162034,-8.032272991620339,8.032272991620339
Saturday,51,Male,94.6,187.9,Elite,Running,7.34,7.87,69.4,100.0,4.73,1.61,1.53,0,13.7,79.4,50.6,66,56,13.2,-0.42,2867.0,1,Running,53,10.41,130.8,147.7,442.0,5.8,10.5,15.6,15.5,5.6,Afternoon,4,119,81.8,67.79760772314134,14.002392276858657,14.002392276858657
Wednesday,29,Male,75.4,178.8,Elite,Running,17.24,8.05,98.1,100.0,4.8,1.68,1.57,0,5.0,43.4,63.4,73,58,16.4,1.01,4260.0,1,Weight Training,45,6.07,138.0,157.1,219.0,9.5,12.0,13.7,7.1,2.7,Evening,9,263,47.5,52.95786840412597,-5.457868404125968,5.457868404125968
Sunday,33,Female,63.6,168.8,Intermediate,Yoga,4.42,7.03,97.2,100.0,4.44,1.41,1.17,0,5.0,138.0,42.3,115,49,19.5,0.36,2231.0,1,Yoga,49,4.91,132.5,151.2,193.0,18.1,20.7,8.8,0.4,1.0,Morning,11,309,91.3,82.87668198695528,8.423318013044721,8.423318013044721
Wednesday,59,Female,50.7,161.9,Elite,Swimming,20.04,8.43,78.6,100.0,5.2,1.72,1.51,0,5.0,88.9,46.7,107,45,18.5,-0.33,4735.0,1,Swimming,52,10.78,125.3,141.4,449.0,4.5,11.1,14.5,14.8,7.1,Morning,3,67,78.9,66.62168250598923,12.278317494010778,12.278317494010778
Saturday,32,Female,53.7,167.4,Advanced,CrossFit,9.0,7.64,92.9,100.0,4.54,1.88,1.21,0,5.0,58.3,59.3,47,56,11.7,0.32,3396.0,1,Weight Training,47,9.69,143.9,162.7,370.0,11.3,13.8,14.3,6.7,1.6,Afternoon,9,259,45.0,55.17658540750224,-10.176585407502238,10.176585407502238
Saturday,50,Male,62.0,172.2,Intermediate,HIIT,7.73,8.24,84.7,100.0,4.97,1.94,1.34,0,5.0,98.9,59.9,92,60,14.9,0.27,3013.0,1,HIIT,40,18.26,147.5,164.5,584.0,0.2,6.5,8.6,16.0,8.8,Afternoon,3,77,82.7,63.93436643463009,18.76563356536991,18.76563356536991
Friday,28,Male,66.1,178.5,Beginner,Running,12.02,7.59,99.6,100.0,4.59,1.62,1.38,0,5.0,54.5,64.3,66,69,18.6,0.34,3877.0,0,Rest Day,0,0.0,0.0,0.0,0.0,0.0,0.0,0.0,0.0,0.0,,5,125,70.5,66.36980637980828,4.130193620191719,4.130193620191719
Sunday,57,Male,72.4,173.8,Intermediate,Walking,0.0,6.31,84.9,100.0,3.85,1.37,1.08,0,5.0,132.0,60.0,105,70,16.6,-0.38,1732.0,0,Rest Day,0,0.0,0.0,0.0,0.0,0.0,0.0,0.0,0.0,0.0,,3,71,65.8,72.67455625161466,-6.874556251614663,6.874556251614663
Tuesday,45,Female,77.4,164.8,Beginner,Yoga,5.99,7.47,81.2,100.0,4.6,1.72,1.15,1,5.0,35.1,56.1,64,57,16.8,-0.41,2432.0,0,Rest Day,0,0.0,0.0,0.0,0.0,0.0,0.0,0.0,0.0,0.0,,1,2,65.9,51.42865811395703,14.471341886042978,14.471341886042978
Thursday,60,Male,75.0,195.8,Intermediate,Walking,16.69,6.17,76.3,100.0,3.64,1.46,1.07,1,5.0,75.0,71.0,78,67,16.6,-0.24,4030.0,1,Walking,41,3.26,110.2,126.2,107.0,16.3,16.3,6.2,2.3,0.0,Afternoon,10,299,80.9,68.88177007238944,12.018229927610562,12.018229927610562
Saturday,45,Female,46.2,161.2,Advanced,HIIT,6.84,6.16,74.6,100.0,3.84,1.26,1.05,0,5.0,55.5,76.5,54,68,18.4,-0.08,2797.0,0,Rest Day,0,0.0,0.0,0.0,0.0,0.0,0.0,0.0,0.0,0.0,,3,77,32.1,49.42676152970889,-17.32676152970889,17.32676152970889
Thursday,54,Male,71.6,177.2,Advanced,Cycling,15.15,7.1,58.3,100.0,4.28,1.72,1.09,0,5.0,56.0,54.3,76,52,12.3,-0.02,3823.0,1,Walking,59,2.33,112.5,129.1,110.0,23.8,25.0,8.3,1.9,0.0,Evening,12,362,69.8,57.336709337318005,12.463290662681992,12.463290662681992
Wednesday,51,Female,65.7,155.6,Advanced,Yoga,16.66,7.72,88.5,100.0,4.87,1.58,1.27,0,5.0,59.7,54.6,92,45,14.9,0.21,4244.0,1,HIIT,32,11.68,133.3,150.2,303.0,4.0,6.4,10.1,9.1,2.8,Evening,5,130,45.1,50.4416856564285,-5.341685656428496,5.341685656428496
Wednesday,53,Male,79.4,177.4,Advanced,HIIT,17.72,8.45,94.0,100.0,5.01,1.79,1.65,0,5.0,47.0,67.6,64,65,16.5,-0.53,4353.0,1,HIIT,27,18.07,144.5,161.2,390.0,0.9,3.5,6.9,10.3,5.4,Evening,9,256,73.4,64.3171987352321,9.082801264767909,9.082801264767909
Thursday,29,Male,83.7,183.6,Intermediate,Yoga,6.62,6.1,98.2,100.0,3.52,1.45,1.13,0,5.0,43.8,71.4,56,72,17.0,0.79,2976.0,1,Yoga,46,4.33,134.0,153.1,159.0,18.5,17.7,6.4,3.4,0.0,Evening,9,264,85.3,57.08522933809145,28.214770661908545,28.214770661908545
Friday,39,Female,57.6,168.5,Advanced,Yoga,14.32,8.25,67.1,100.0,4.88,1.87,1.51,2,5.0,58.9,70.6,75,71,14.8,-0.23,3971.0,1,Yoga,53,4.47,127.3,145.4,189.0,20.4,21.1,8.7,1.6,1.2,Morning,10,300,52.2,62.152991105288564,-9.952991105288561,9.952991105288561
Thursday,21,Male,101.0,174.1,Elite,CrossFit,10.28,7.88,90.9,100.0,4.75,1.73,1.4,1,5.0,92.0,48.3,57,49,12.8,-0.61,2958.0,1,CrossFit,71,14.67,164.1,184.0,833.0,5.2,14.9,24.4,19.9,6.7,Evening,8,215,94.0,76.5821600736078,17.417839926392205,17.417839926392205
Monday,50,Female,63.5,175.0,Intermediate,Running,8.74,7.8,89.4,100.0,4.81,1.69,1.3,0,5.0,90.0,65.0,95,70,11.4,-0.38,3265.0,0,Rest Day,0,0.0,0.0,0.0,0.0,0.0,0.0,0.0,0.0,0.0,,9,254,77.1,66.79236645063924,10.307633549360759,10.307633549360759
Saturday,57,Female,58.7,159.1,Intermediate,Swimming,7.28,7.7,89.1,100.0,4.76,1.54,1.4,0,5.0,110.0,48.4,105,51,16.7,0.42,2715.0,0,Rest Day,0,0.0,0.0,0.0,0.0,0.0,0.0,0.0,0.0,0.0,,10,287,46.7,58.24645387528579,-11.546453875285785,11.546453875285785
Friday,34,Male,89.2,171.1,Beginner,Cycling,11.52,7.17,93.0,100.0,4.15,1.75,1.27,1,5.0,66.5,57.3,65,55,14.7,0.11,3407.0,1,Cycling,47,10.43,144.0,162.6,392.0,5.7,11.8,12.7,14.2,2.6,Afternoon,2,48,62.3,60.115040862797095,2.1849591372029025,2.1849591372029025
Thursday,29,Female,77.5,159.9,Intermediate,Walking,18.7,8.86,96.6,100.0,5.32,1.8,1.74,0,5.0,65.4,64.0,79,62,16.7,-0.71,4914.0,1,Walking,55,1.22,126.9,146.0,54.0,23.6,24.4,6.2,0.8,0.0,Morning,3,89,64.5,64.18089155116161,0.3191084488383922,0.3191084488383922
Thursday,29,Male,83.7,183.6,Intermediate,Yoga,13.93,6.44,81.0,100.0,3.97,1.45,1.03,1,5.0,41.3,68.7,56,72,16.7,-0.35,3877.0,1,Walking,24,1.4,127.3,146.4,27.0,10.0,8.3,4.4,1.2,0.0,Evening,5,131,86.9,70.84633983132657,16.05366016867343,16.05366016867343
Friday,25,Male,65.4,171.1,Advanced,Weight Training,6.01,5.41,83.8,100.0,3.12,1.28,1.01,0,5.0,124.7,43.7,108,48,15.2,-1.02,3094.0,1,Weight Training,60,10.47,151.1,170.6,503.0,5.3,14.5,15.9,17.1,7.1,Morning,12,335,77.4,72.15526443060969,5.244735569390315,5.244735569390315
Wednesday,55,Male,77.7,186.5,Advanced,Yoga,8.82,7.61,77.4,100.0,4.57,1.83,1.21,1,5.0,67.0,52.7,70,53,14.3,-0.6,2654.0,1,Yoga,32,4.45,116.0,132.5,115.0,13.1,12.1,4.8,2.4,0.0,Afternoon,6,165,34.9,58.34934180974487,-23.449341809744872,23.449341809744872
Thursday,24,Female,61.0,167.7,Beginner,HIIT,4.96,6.51,81.7,100.0,3.8,1.46,1.26,0,5.0,60.3,52.0,37,57,14.5,-0.09,2286.0,1,HIIT,23,16.94,166.9,186.5,312.0,1.8,3.6,4.6,8.0,4.9,Afternoon,10,299,63.0,75.0346550711588,-12.034655071158795,12.034655071158795
Tuesday,45,Female,46.2,161.2,Advanced,HIIT,13.65,6.63,66.5,100.0,3.97,1.53,1.13,0,5.0,66.4,59.6,54,68,18.1,0.46,3837.0,0,Rest Day,0,0.0,0.0,0.0,0.0,0.0,0.0,0.0,0.0,0.0,,10,297,81.7,80.37689887425216,1.32310112574784,1.32310112574784
Wednesday,38,Female,82.0,164.7,Elite,Yoga,5.59,6.88,60.6,100.0,4.23,1.51,1.14,0,5.0,57.4,50.0,62,50,16.0,0.14,2529.0,1,Yoga,37,3.49,125.9,144.1,106.0,14.9,16.0,6.6,0.2,0.0,Evening,7,193,43.9,50.16996412814028,-6.2699641281402805,6.2699641281402805
Friday,36,Male,75.2,169.2,Advanced,CrossFit,18.51,6.94,93.3,100.0,4.19,1.55,1.19,0,5.0,41.8,62.3,87,60,18.0,0.05,4855.0,1,CrossFit,56,17.08,157.0,175.4,765.0,0.2,8.8,13.2,19.4,14.4,Afternoon,9,265,67.6,63.25828623743925,4.341713762560744,4.341713762560744
Monday,21,Male,86.5,175.3,Advanced,Walking,7.32,6.56,90.6,100.0,3.98,1.36,1.21,0,5.3,51.5,52.1,38,57,12.8,0.88,2741.0,1,Walking,24,3.44,137.5,157.4,66.0,10.0,9.6,3.2,1.3,0.0,Evening,8,240,78.0,75.30957065539326,2.6904293446067413,2.6904293446067413
Thursday,46,Male,98.1,190.0,Intermediate,Cycling,11.92,8.45,89.3,100.0,4.92,1.84,1.69,0,5.0,48.2,56.0,46,56,16.9,-0.07,3474.0,1,Cycling,57,12.82,139.7,157.1,585.0,7.5,11.8,18.0,16.7,3.0,Afternoon,1,19,80.2,63.261735740099176,16.938264259900826,16.938264259900826
Sunday,51,Female,65.7,155.6,Advanced,Yoga,3.96,7.07,88.3,100.0,4.01,1.75,1.31,0,5.0,96.2,43.7,92,45,16.8,0.44,2430.0,1,Weight Training,72,11.63,133.3,150.2,670.0,4.2,12.3,25.7,24.5,5.2,Evening,10,288,56.6,54.70201623871913,1.8979837612808694,1.8979837612808694
Sunday,48,Female,51.6,156.5,Advanced,Swimming,10.1,4.06,56.3,100.0,2.47,0.95,0.63,1,5.0,91.1,46.8,88,49,16.7,0.42,2946.0,1,Swimming,40,14.25,141.0,158.2,456.0,3.3,7.7,11.4,13.3,4.3,Morning,11,309,98.6,64.45445951642866,34.14554048357134,34.14554048357134
Tuesday,53,Female,67.4,166.0,Advanced,Swimming,2.76,4.65,64.5,100.0,2.84,1.07,0.73,0,17.7,90.3,45.9,63,51,14.9,0.13,2555.0,1,Yoga,39,3.82,116.2,132.9,119.0,12.9,15.7,6.4,2.9,1.2,Morning,1,31,67.0,60.69507427336361,6.304925726636391,6.304925726636391
Saturday,30,Male,67.5,181.0,Advanced,Swimming,4.68,7.04,76.2,100.0,4.23,1.44,1.38,0,5.0,73.2,64.2,58,66,18.1,0.13,2375.0,0,Rest Day,0,0.0,0.0,0.0,0.0,0.0,0.0,0.0,0.0,0.0,,4,91,66.4,53.34288817144418,13.057111828555826,13.057111828555826
Saturday,25,Male,81.9,177.6,Intermediate,Walking,1.65,6.93,83.3,100.0,4.27,1.44,1.22,0,5.0,150.0,48.9,107,49,15.0,0.22,2378.0,1,Running,65,12.77,156.4,175.9,664.0,9.3,12.4,17.8,22.0,3.5,Afternoon,3,70,65.5,76.70811223145778,-11.208112231457775,11.208112231457775
Thursday,36,Male,75.9,185.8,Advanced,Running,19.9,6.47,79.7,100.0,3.95,1.38,1.15,0,9.2,32.7,53.1,60,50,17.8,-0.46,4858.0,1,HIIT,25,19.01,161.2,179.6,380.0,2.4,2.6,5.1,8.7,6.3,Evening,10,292,61.0,68.76562392267694,-7.765623922676937,7.765623922676937
Monday,27,Male,83.9,166.5,Elite,CrossFit,6.95,7.95,90.2,100.0,4.61,1.86,1.49,1,5.0,126.9,60.3,89,64,18.2,-0.18,2999.0,1,CrossFit,52,12.21,153.5,172.8,508.0,3.0,11.4,16.7,15.1,5.8,Afternoon,8,233,74.6,83.87406887427173,-9.274068874271734,9.274068874271734
Wednesday,26,Female,59.9,163.3,Beginner,Walking,6.87,7.6,94.9,100.0,4.36,1.74,1.51,0,5.0,60.0,50.9,64,55,12.2,0.16,3173.0,0,Rest Day,0,0.0,0.0,0.0,0.0,0.0,0.0,0.0,0.0,0.0,,2,39,70.8,61.2588210589165,9.541178941083494,9.541178941083494
Wednesday,20,Female,68.6,163.8,Intermediate,Running,5.26,8.07,86.8,100.0,4.63,1.84,1.61,0,5.0,91.1,55.7,74,56,13.6,-0.65,2853.0,0,Rest Day,0,0.0,0.0,0.0,0.0,0.0,0.0,0.0,0.0,0.0,,5,130,39.4,60.88550171828324,-21.48550171828324,21.48550171828324
Friday,18,Female,71.3,168.2,Advanced,HIIT,11.41,6.33,72.9,100.0,3.7,1.4,1.23,1,5.0,103.6,51.9,105,55,15.7,-0.29,3583.0,1,HIIT,20,13.67,164.2,184.4,226.0,1.7,3.5,5.7,7.3,2.4,Morning,9,265,43.3,63.92199793357888,-20.621997933578882,20.621997933578882
Saturday,25,Female,49.9,182.1,Intermediate,Walking,9.42,6.6,72.9,100.0,3.99,1.43,1.18,0,5.0,116.1,65.0,100,72,13.4,0.03,3283.0,0,Rest Day,0,0.0,0.0,0.0,0.0,0.0,0.0,0.0,0.0,0.0,,9,245,87.1,85.5948176338722,1.5051823661277979,1.5051823661277979
Wednesday,33,Male,76.8,178.4,Intermediate,Swimming,15.09,5.86,73.0,100.0,3.66,1.3,0.9,0,5.0,75.4,66.1,75,69,20.5,-0.03,4080.0,1,Swimming,37,14.73,154.3,173.0,436.0,1.9,8.7,12.2,12.2,2.0,Morning,2,46,98.1,70.97468349548569,27.125316504514302,27.125316504514302
Sunday,31,Male,61.3,180.4,Intermediate,CrossFit,7.81,7.31,90.1,100.0,4.31,1.66,1.34,0,5.0,82.4,59.3,89,62,16.9,-0.45,3192.0,0,Rest Day,0,0.0,0.0,0.0,0.0,0.0,0.0,0.0,0.0,0.0,,4,120,72.0,61.849966642609324,10.150033357390676,10.150033357390676
Wednesday,57,Male,64.2,179.1,Beginner,HIIT,10.9,8.21,93.9,100.0,5.03,1.71,1.46,0,5.0,107.6,49.3,100,49,17.1,0.63,3197.0,1,HIIT,39,12.78,130.7,147.0,399.0,5.1,7.0,10.8,13.5,2.6,Morning,3,60,54.9,66.2385254258301,-11.338525425830106,11.338525425830106
Wednesday,27,Female,67.2,171.1,Intermediate,HIIT,16.56,8.41,92.8,100.0,4.85,2.04,1.52,0,5.0,63.4,59.5,63,60,17.4,0.07,4522.0,1,Weight Training,74,6.67,140.8,160.1,395.0,16.0,20.9,19.8,13.7,3.6,Evening,7,207,61.3,67.19782675725658,-5.897826757256581,5.897826757256581
Friday,25,Male,65.4,171.1,Advanced,Weight Training,5.42,6.22,86.0,100.0,3.83,1.37,1.02,0,5.0,106.7,49.7,108,48,16.4,0.07,2418.0,1,CrossFit,69,19.42,171.8,191.3,1072.0,0.2,12.7,17.8,26.2,12.1,Morning,7,188,56.2,61.48544885684816,-5.285448856848156,5.285448856848156
Thursday,41,Female,64.1,157.8,Beginner,Cycling,21.0,7.35,93.0,100.0,4.48,1.74,1.13,0,5.0,20.0,69.3,40,66,18.1,-0.16,5102.0,1,Cycling,49,12.01,141.9,159.8,471.0,3.2,9.5,16.5,15.9,3.9,Evening,11,334,68.7,62.86463349591516,5.8353665040848455,5.8353665040848455
Wednesday,27,Female,64.5,151.0,Advanced,CrossFit,10.38,7.89,96.1,100.0,4.87,1.71,1.32,1,5.0,89.9,47.0,89,49,19.7,-0.04,3300.0,1,Weight Training,62,10.6,149.8,169.1,526.0,6.9,13.7,19.5,16.4,5.5,Afternoon,3,81,59.9,64.03499478521425,-4.1349947852142535,4.1349947852142535
Saturday,64,Female,61.4,171.8,Intermediate,CrossFit,6.2,6.17,76.2,100.0,3.65,1.33,1.18,0,5.0,60.7,49.7,42,55,15.1,-0.03,2535.0,1,Walking,51,2.59,106.2,121.8,106.0,20.3,21.1,7.9,0.9,0.8,Evening,7,189,100.0,77.41370660341607,22.586293396583926,22.586293396583926
Thursday,48,Male,86.5,176.4,Advanced,Swimming,9.54,6.19,72.4,100.0,3.51,1.48,1.2,0,5.6,102.3,59.5,99,64,16.4,-1.05,3125.0,1,Swimming,40,16.07,144.7,161.9,514.0,2.6,6.7,11.1,11.7,7.8,Afternoon,6,180,75.7,74.99979264146704,0.700207358532964,0.700207358532964
Friday,50,Male,71.0,170.3,Elite,Weight Training,17.69,5.9,67.9,100.0,3.52,1.4,0.97,0,5.0,89.9,61.4,107,60,18.0,-0.23,4651.0,1,Weight Training,57,10.82,132.4,149.4,493.0,6.3,9.6,18.0,15.8,7.4,Evening,1,27,50.8,66.09971120755795,-15.299711207557948,15.299711207557948
Wednesday,57,Female,58.7,159.1,Intermediate,Swimming,8.17,7.74,82.1,100.0,4.64,1.81,1.29,1,5.0,111.4,49.3,105,51,20.2,0.62,2935.0,1,CrossFit,65,13.02,131.2,147.5,684.0,6.1,13.4,18.9,21.3,6.1,Morning,8,228,41.1,62.64909847669914,-21.549098476699136,21.549098476699136
Thursday,41,Male,75.1,170.1,Intermediate,Swimming,17.56,6.33,81.3,100.0,3.72,1.4,1.22,0,5.0,118.2,65.7,112,61,17.6,0.17,4417.0,0,Rest Day,0,0.0,0.0,0.0,0.0,0.0,0.0,0.0,0.0,0.0,,6,173,77.3,72.01643065122173,5.283569348778272,5.283569348778272
Wednesday,37,Female,64.4,162.7,Intermediate,Walking,6.17,7.2,84.2,100.0,4.04,1.72,1.44,0,5.0,75.9,61.1,65,64,13.1,-0.77,2722.0,0,Rest Day,0,0.0,0.0,0.0,0.0,0.0,0.0,0.0,0.0,0.0,,5,130,42.9,59.0494508015619,-16.149450801561905,16.149450801561905
Thursday,33,Female,63.6,168.8,Intermediate,Yoga,16.07,8.11,92.8,100.0,5.0,1.78,1.32,0,5.0,118.2,55.9,115,49,15.9,-0.35,4121.0,0,Rest Day,0,0.0,0.0,0.0,0.0,0.0,0.0,0.0,0.0,0.0,,5,145,72.1,71.59296420261354,0.5070357973864503,0.5070357973864503
Sunday,62,Female,45.2,166.6,Intermediate,Running,6.01,8.39,90.9,100.0,5.01,1.81,1.57,1,5.0,90.9,45.1,106,49,17.8,0.24,2771.0,0,Rest Day,0,0.0,0.0,0.0,0.0,0.0,0.0,0.0,0.0,0.0,,3,64,51.6,59.15928927947047,-7.55928927947047,7.55928927947047
Thursday,59,Male,82.7,181.0,Advanced,Cycling,9.73,8.09,89.9,100.0,5.13,1.68,1.28,0,5.0,114.7,66.8,101,74,15.6,-0.49,3510.0,1,Cycling,98,13.0,129.6,145.7,1020.0,6.1,21.1,29.7,32.7,8.4,Afternoon,3,68,75.7,81.2373876187113,-5.537387618711293,5.537387618711293
Wednesday,56,Female,62.7,164.5,Intermediate,Walking,21.0,8.1,98.8,100.0,4.62,1.93,1.55,0,5.0,54.2,63.6,66,63,15.1,0.44,4733.0,0,Rest Day,0,0.0,0.0,0.0,0.0,0.0,0.0,0.0,0.0,0.0,,10,277,86.8,66.04581804043136,20.75418195956864,20.75418195956864
Thursday,41,Male,55.3,172.6,Intermediate,Weight Training,15.01,7.55,89.2,100.0,4.29,1.81,1.44,0,5.0,87.6,58.5,86,54,18.1,0.42,4206.0,0,Rest Day,0,0.0,0.0,0.0,0.0,0.0,0.0,0.0,0.0,0.0,,3,82,87.7,65.67074626568208,22.02925373431792,22.02925373431792
Monday,37,Female,64.4,162.7,Intermediate,Walking,5.72,7.08,82.4,100.0,4.42,1.47,1.19,1,19.9,74.8,63.7,65,64,18.6,-0.69,2533.0,0,Rest Day,0,0.0,0.0,0.0,0.0,0.0,0.0,0.0,0.0,0.0,,2,37,57.7,57.726387619861555,-0.026387619861552025,0.026387619861552025
Monday,37,Male,84.9,189.1,Intermediate,Swimming,6.9,8.81,95.2,100.0,5.22,2.06,1.53,0,5.0,71.7,70.0,78,65,18.4,-0.08,2539.0,1,CrossFit,46,13.52,148.4,166.7,498.0,2.9,10.8,12.6,13.0,6.7,Morning,10,282,52.9,46.218423597657214,6.681576402342785,6.681576402342785
Friday,40,Male,76.0,170.1,Advanced,Cycling,7.8,7.65,100.0,100.0,4.77,1.66,1.22,0,5.0,84.1,58.6,87,60,14.1,0.5,3464.0,1,Cycling,90,8.25,134.7,152.7,594.0,18.2,26.2,30.3,11.2,4.0,Evening,11,314,48.3,56.330008221199286,-8.030008221199289,8.030008221199289
Thursday,24,Female,52.6,176.1,Intermediate,Walking,5.84,6.14,80.5,100.0,3.59,1.36,1.2,0,5.0,64.9,62.9,48,65,16.9,0.07,3154.0,1,Walking,58,2.79,133.9,153.5,129.0,23.0,26.7,7.9,0.4,0.0,Evening,6,152,66.7,60.01048293652434,6.689517063475662,6.689517063475662
Friday,39,Female,63.7,162.7,Elite,Yoga,9.43,6.49,94.2,100.0,3.83,1.46,1.2,0,5.0,56.9,66.9,49,63,17.6,-0.88,3110.0,1,CrossFit,74,13.92,147.7,165.8,824.0,4.9,16.8,22.3,24.5,5.6,Morning,8,230,54.8,62.962968258992305,-8.162968258992308,8.162968258992308
Saturday,27,Female,64.5,151.0,Advanced,CrossFit,3.13,8.37,88.3,100.0,4.66,2.07,1.64,0,5.0,101.1,41.6,89,49,15.1,0.24,2236.0,1,CrossFit,73,14.24,158.2,177.5,832.0,7.5,12.1,21.4,23.7,8.3,Afternoon,11,315,79.3,65.19267256307614,14.107327436923853,14.107327436923853
Wednesday,46,Male,98.1,190.0,Intermediate,Cycling,7.16,7.96,93.0,100.0,4.65,1.86,1.45,0,5.0,53.0,52.8,46,56,16.8,0.73,3054.0,1,Cycling,49,14.75,143.6,161.0,578.0,2.7,10.6,15.4,15.3,5.1,Morning,1,11,60.1,70.09449260802867,-9.994492608028672,9.994492608028672
Saturday,37,Female,64.4,162.7,Intermediate,Walking,5.89,7.18,65.0,100.0,4.05,1.71,1.42,0,10.9,76.0,59.7,65,64,17.3,-0.39,2762.0,0,Rest Day,0,0.0,0.0,0.0,0.0,0.0,0.0,0.0,0.0,0.0,,11,308,63.1,56.68514401931727,6.414855980682731,6.414855980682731
Tuesday,39,Female,57.6,168.5,Advanced,Yoga,15.95,6.56,69.5,100.0,4.09,1.46,1.0,0,5.0,53.0,77.1,75,71,15.7,0.53,4050.0,1,Yoga,35,4.34,127.0,145.1,122.0,12.9,13.9,5.4,1.5,1.4,Morning,8,220,43.8,50.357931306288044,-6.557931306288047,6.557931306288047
Friday,27,Female,67.2,171.1,Intermediate,HIIT,11.67,8.42,88.3,100.0,5.09,1.83,1.49,0,5.0,54.0,64.8,63,60,16.0,0.48,3249.0,0,Rest Day,0,0.0,0.0,0.0,0.0,0.0,0.0,0.0,0.0,0.0,,8,230,62.2,53.431334971568866,8.768665028431137,8.768665028431137
Monday,49,Male,59.1,191.1,Beginner,Swimming,11.52,6.79,74.2,100.0,4.18,1.56,1.05,1,5.0,113.4,77.6,115,74,14.0,0.56,3435.0,0,Rest Day,0,0.0,0.0,0.0,0.0,0.0,0.0,0.0,0.0,0.0,,9,247,47.9,58.48122069732446,-10.581220697324461,10.581220697324461
Thursday,37,Female,68.0,168.7,Beginner,Running,13.73,6.55,86.7,100.0,3.87,1.38,1.31,0,5.0,73.5,54.0,89,53,17.5,-0.58,4096.0,1,Running,78,13.91,149.2,167.5,871.0,7.0,18.6,22.5,22.6,7.5,Afternoon,12,355,43.7,61.8689120634006,-18.168912063400597,18.168912063400597
Saturday,24,Male,75.0,169.8,Advanced,Swimming,6.1,5.63,87.7,100.0,3.37,1.39,0.86,0,5.0,87.4,58.1,97,63,15.6,-0.3,2562.0,0,Rest Day,0,0.0,0.0,0.0,0.0,0.0,0.0,0.0,0.0,0.0,,10,294,45.2,60.397601857105535,-15.197601857105532,15.197601857105532
Sunday,50,Male,81.4,178.9,Advanced,HIIT,6.43,7.92,85.8,100.0,4.7,1.8,1.42,0,5.0,84.6,55.5,72,63,17.5,0.56,2459.0,1,HIIT,37,14.49,139.8,156.8,438.0,3.1,8.0,11.2,13.1,2.4,Evening,8,225,47.9,71.95832480799248,-24.058324807992484,24.058324807992484
Saturday,29,Male,83.7,183.6,Intermediate,Yoga,3.99,8.39,79.9,100.0,5.03,2.08,1.29,2,5.0,80.6,63.7,56,72,16.9,-0.35,2232.0,0,Rest Day,0,0.0,0.0,0.0,0.0,0.0,0.0,0.0,0.0,0.0,,3,63,88.3,74.68261651367885,13.617383486321145,13.617383486321145
Thursday,57,Male,72.4,173.8,Intermediate,Walking,3.92,7.24,90.8,100.0,4.41,1.74,1.1,1,5.0,107.8,68.8,105,70,14.5,-0.03,2619.0,1,Walking,37,2.2,110.2,126.5,66.0,14.6,14.5,6.2,2.6,0.0,Afternoon,3,75,46.3,51.15301614483116,-4.853016144831166,4.853016144831166
Friday,40,Female,81.1,158.8,Intermediate,Running,14.74,6.94,87.0,100.0,4.1,1.71,1.12,1,5.0,37.2,64.0,49,65,16.8,0.66,4109.0,1,Running,48,15.06,149.3,167.3,578.0,2.0,6.8,12.5,17.9,8.9,Afternoon,12,363,62.2,68.57439570968883,-6.374395709688827,6.374395709688827
Friday,21,Female,62.2,161.8,Intermediate,Weight Training,9.92,4.86,58.3,100.0,3.01,1.12,0.73,3,5.0,87.7,73.8,85,74,15.8,0.03,3236.0,1,Weight Training,53,13.94,162.4,182.3,591.0,4.5,9.5,15.0,16.3,7.7,Afternoon,1,27,64.3,60.35223454421615,3.947765455783845,3.947765455783845
Friday,26,Male,97.2,174.8,Intermediate,Swimming,12.67,8.97,84.5,100.0,5.54,1.95,1.48,0,5.0,76.1,69.4,75,67,19.5,0.05,3572.0,1,Swimming,48,10.43,150.2,169.6,401.0,6.3,8.0,16.7,14.1,2.8,Afternoon,1,6,73.4,65.06915514191797,8.330844858082031,8.330844858082031
Sunday,44,Male,77.7,174.1,Intermediate,HIIT,9.26,6.69,93.6,100.0,4.01,1.35,1.32,0,5.0,109.6,55.1,119,55,18.1,-0.14,3240.0,0,Rest Day,0,0.0,0.0,0.0,0.0,0.0,0.0,0.0,0.0,0.0,,2,43,49.6,63.058397629466484,-13.458397629466482,13.458397629466482
Wednesday,32,Male,103.8,183.1,Advanced,Running,7.08,7.09,91.8,100.0,4.25,1.75,1.08,0,5.0,45.0,73.3,46,72,19.8,-0.79,2868.0,1,Running,40,9.59,143.7,162.5,307.0,9.6,12.8,10.4,5.6,1.7,Morning,3,67,59.6,52.788127243347354,6.811872756652647,6.811872756652647
Friday,52,Male,75.7,173.3,Advanced,HIIT,11.25,6.73,79.3,100.0,3.8,1.64,1.29,1,5.0,42.7,63.9,38,68,17.7,-0.02,3509.0,1,HIIT,29,17.8,144.8,161.6,413.0,1.1,3.6,8.8,9.1,6.3,Afternoon,10,300,60.4,76.0302019721385,-15.6302019721385,15.6302019721385
Sunday,60,Female,72.7,169.5,Intermediate,Cycling,6.34,6.33,81.5,100.0,3.96,1.29,1.08,0,5.0,49.8,65.9,45,66,16.9,-0.48,2809.0,0,Rest Day,0,0.0,0.0,0.0,0.0,0.0,0.0,0.0,0.0,0.0,,5,148,34.2,53.83880159874074,-19.638801598740734,19.638801598740734
Thursday,33,Female,54.7,169.8,Beginner,CrossFit,7.93,6.98,71.0,100.0,4.08,1.59,1.31,0,5.0,83.7,53.8,87,50,15.3,0.27,2863.0,1,CrossFit,51,14.35,153.5,172.2,585.0,5.2,11.4,16.3,15.1,2.9,Afternoon,9,257,52.7,51.15619348003705,1.5438065199629563,1.5438065199629563
Saturday,63,Female,52.0,159.2,Intermediate,Weight Training,10.33,7.56,88.8,100.0,4.67,1.6,1.29,0,5.0,56.1,52.7,66,56,16.1,1.03,2906.0,1,Weight Training,66,7.07,115.3,131.0,377.0,11.9,23.3,20.8,9.5,1.2,Morning,8,231,46.6,60.12353904800073,-13.523539048000728,13.523539048000728
Tuesday,35,Female,71.5,162.4,Beginner,Yoga,17.66,7.01,91.5,100.0,3.86,1.74,1.4,0,5.0,65.2,75.1,75,74,16.7,-0.13,4583.0,1,Yoga,53,3.26,127.4,145.9,138.0,20.4,19.7,9.2,3.7,0.0,Morning,2,52,61.3,61.58557601066498,-0.2855760106649825,0.2855760106649825
Friday,31,Female,69.7,175.0,Advanced,Swimming,5.09,8.01,95.4,100.0,4.97,1.63,1.4,1,5.0,41.0,56.6,30,55,16.7,0.04,2391.0,1,CrossFit,47,20.17,168.2,187.1,759.0,4.4,5.2,10.2,18.7,8.6,Evening,4,111,53.2,63.322580145004046,-10.122580145004044,10.122580145004044
Monday,32,Male,103.8,183.1,Advanced,Running,14.93,6.81,72.3,100.0,4.05,1.63,1.13,0,5.0,43.9,74.9,46,72,15.8,0.43,3747.0,0,Rest Day,0,0.0,0.0,0.0,0.0,0.0,0.0,0.0,0.0,0.0,,4,114,69.2,61.520292398748886,7.679707601251117,7.679707601251117
Thursday,29,Female,77.5,159.9,Intermediate,Walking,8.05,8.13,95.3,100.0,4.86,1.69,1.57,0,5.0,74.0,60.5,79,62,16.5,-0.11,3188.0,1,Walking,30,2.39,129.6,148.7,57.0,11.2,10.9,4.8,2.9,0.3,Evening,3,82,61.8,61.45643637138985,0.34356362861014844,0.34356362861014844
Wednesday,50,Male,86.9,172.1,Intermediate,Swimming,7.6,8.21,84.7,100.0,4.96,2.0,1.26,1,7.2,107.9,57.1,110,65,13.7,0.84,2876.0,0,Rest Day,0,0.0,0.0,0.0,0.0,0.0,0.0,0.0,0.0,0.0,,7,193,75.4,64.3640849651062,11.035915034893804,11.035915034893804
Sunday,26,Female,43.6,159.3,Beginner,Swimming,3.81,7.47,60.2,100.0,4.13,1.84,1.49,0,12.2,91.2,69.7,90,70,13.4,0.71,2253.0,0,Rest Day,0,0.0,0.0,0.0,0.0,0.0,0.0,0.0,0.0,0.0,,12,351,30.9,53.72609472243461,-22.82609472243461,22.82609472243461
Sunday,50,Male,87.8,180.1,Intermediate,Cycling,8.83,7.05,91.3,100.0,4.23,1.51,1.31,1,5.0,106.2,58.2,116,57,16.0,0.18,3377.0,1,Cycling,97,13.73,138.3,155.3,1066.0,7.3,19.7,30.6,32.1,7.4,Evening,11,309,51.8,58.29420391213447,-6.4942039121344735,6.4942039121344735
Friday,41,Female,63.0,151.4,Elite,Weight Training,12.92,5.35,60.8,100.0,3.19,1.15,1.01,0,5.3,37.6,53.1,44,51,16.8,-0.07,4021.0,0,Rest Day,0,0.0,0.0,0.0,0.0,0.0,0.0,0.0,0.0,0.0,,10,300,46.4,52.529764536569886,-6.129764536569887,6.129764536569887
Thursday,46,Male,98.1,190.0,Intermediate,Cycling,16.35,8.49,90.8,100.0,5.25,1.73,1.51,0,5.0,33.8,57.4,46,56,15.2,0.32,4301.0,0,Rest Day,0,0.0,0.0,0.0,0.0,0.0,0.0,0.0,0.0,0.0,,3,75,62.3,61.980326145211905,0.3196738547880926,0.3196738547880926
Tuesday,35,Female,71.5,162.4,Beginner,Yoga,8.16,7.74,89.1,100.0,4.57,1.77,1.39,0,5.0,79.2,69.1,75,74,18.1,-0.42,3047.0,1,Yoga,52,1.96,124.6,143.1,82.0,19.7,20.3,7.9,4.2,0.0,Evening,9,269,44.5,65.95261025322002,-21.452610253220016,21.452610253220016
Sunday,29,Female,77.5,159.9,Intermediate,Walking,7.27,8.29,91.0,100.0,4.65,2.06,1.59,0,5.0,81.2,59.6,79,62,14.9,0.35,2487.0,0,Rest Day,0,0.0,0.0,0.0,0.0,0.0,0.0,0.0,0.0,0.0,,2,36,68.9,62.91884752269005,5.981152477309955,5.981152477309955
Saturday,28,Female,78.9,166.0,Beginner,Yoga,5.68,7.61,85.8,100.0,4.68,1.67,1.25,2,5.0,103.0,64.3,86,63,15.0,-0.05,2823.0,1,Yoga,50,3.86,133.6,152.8,154.0,20.2,18.3,7.1,4.4,0.0,Morning,8,238,71.9,60.70127125071894,11.198728749281067,11.198728749281067
Sunday,52,Male,75.7,173.3,Advanced,HIIT,7.75,5.73,78.0,100.0,3.4,1.28,1.05,1,5.0,28.7,64.0,38,68,18.3,-0.29,2920.0,1,Yoga,49,2.73,114.7,131.5,107.0,19.8,21.1,6.3,0.6,1.3,Morning,6,169,52.4,66.04954347162194,-13.649543471621946,13.649543471621946
Friday,32,Male,81.8,168.2,Beginner,Walking,7.68,7.59,100.0,100.0,4.32,1.76,1.51,0,5.0,106.7,41.3,93,46,16.4,0.02,2744.0,0,Rest Day,0,0.0,0.0,0.0,0.0,0.0,0.0,0.0,0.0,0.0,,12,363,71.2,75.1150304714688,-3.9150304714687962,3.9150304714687962
Wednesday,31,Female,69.7,175.0,Advanced,Swimming,3.69,7.67,92.9,100.0,4.71,1.72,1.24,0,5.0,45.8,50.3,30,55,14.5,0.61,2228.0,1,Swimming,46,12.13,150.2,169.1,447.0,5.9,8.5,15.5,12.5,3.5,Afternoon,5,137,50.7,62.165354734109,-11.465354734108999,11.465354734108999
Thursday,50,Male,102.4,173.8,Intermediate,Running,6.76,4.53,56.2,100.0,2.79,0.91,0.84,0,16.3,69.0,58.2,76,61,16.3,-0.84,2466.0,1,Running,74,10.15,131.0,148.0,601.0,4.7,18.4,23.8,22.1,5.0,Evening,4,110,93.4,65.70446737398736,27.69553262601265,27.69553262601265
Monday,54,Male,71.6,177.2,Advanced,Cycling,16.2,5.65,66.1,100.0,3.35,1.38,0.92,2,7.1,72.6,55.5,76,52,15.3,1.39,4276.0,0,Rest Day,0,0.0,0.0,0.0,0.0,0.0,0.0,0.0,0.0,0.0,,4,93,100.0,64.96269179140127,35.03730820859873,35.03730820859873
Saturday,19,Female,77.0,173.0,Intermediate,CrossFit,5.53,8.71,95.2,100.0,5.14,2.17,1.4,0,5.0,128.3,62.1,119,73,15.3,0.36,2873.0,0,Rest Day,0,0.0,0.0,0.0,0.0,0.0,0.0,0.0,0.0,0.0,,6,168,99.0,75.44442898798353,23.555571012016472,23.555571012016472
Thursday,51,Female,75.5,162.3,Advanced,Swimming,11.1,6.27,75.6,100.0,3.8,1.32,1.15,0,5.0,85.6,57.5,94,55,16.0,-0.63,3493.0,0,Rest Day,0,0.0,0.0,0.0,0.0,0.0,0.0,0.0,0.0,0.0,,3,61,74.7,61.56558074749937,13.134419252500635,13.134419252500635
Friday,41,Male,55.3,172.6,Intermediate,Weight Training,11.18,5.33,61.7,100.0,3.2,1.11,1.03,0,6.7,84.2,54.3,86,54,18.9,0.14,3283.0,1,Weight Training,56,10.44,138.6,156.5,468.0,3.3,11.5,17.7,15.0,8.5,Afternoon,5,132,58.3,68.12903360133717,-9.829033601337173,9.829033601337173
Monday,53,Female,67.4,166.0,Advanced,Swimming,1.75,6.19,82.2,100.0,3.55,1.43,1.21,0,5.0,76.4,49.8,63,51,14.5,0.57,2428.0,0,Rest Day,0,0.0,0.0,0.0,0.0,0.0,0.0,0.0,0.0,0.0,,9,261,23.7,49.33198304723237,-25.63198304723237,25.63198304723237
Monday,19,Male,76.3,173.4,Intermediate,HIIT,7.77,5.56,76.7,100.0,3.52,1.15,0.89,1,5.0,85.1,43.3,86,47,16.1,0.84,2909.0,0,Rest Day,0,0.0,0.0,0.0,0.0,0.0,0.0,0.0,0.0,0.0,,11,324,41.7,62.46204176100895,-20.762041761008945,20.762041761008945
Monday,51,Male,83.5,185.3,Elite,CrossFit,4.19,8.12,84.8,100.0,4.64,1.89,1.59,0,5.0,68.0,56.6,45,61,15.0,-0.0,2573.0,1,CrossFit,59,16.43,142.9,159.8,775.0,3.9,8.6,17.1,19.1,10.4,Evening,1,23,93.5,75.53052803405735,17.969471965942645,17.969471965942645
Monday,26,Female,59.9,163.3,Beginner,Walking,8.27,8.29,97.1,100.0,4.7,1.96,1.63,0,5.0,39.9,57.6,64,55,16.2,0.09,3206.0,0,Rest Day,0,0.0,0.0,0.0,0.0,0.0,0.0,0.0,0.0,0.0,,5,128,53.7,52.431092344754404,1.2689076552455987,1.2689076552455987
Saturday,29,Female,70.8,162.1,Intermediate,Cycling,7.67,6.76,59.2,100.0,4.27,1.46,1.04,0,5.0,50.8,66.1,59,72,16.9,-0.4,2991.0,1,Cycling,63,8.24,142.9,162.0,421.0,9.7,18.5,19.4,10.4,5.9,Morning,7,203,40.4,69.29385878618156,-28.89385878618156,28.89385878618156
Saturday,55,Male,73.4,182.4,Beginner,Swimming,7.74,7.31,73.9,100.0,4.43,1.67,1.21,0,5.0,79.2,68.0,84,71,14.7,0.7,3065.0,1,Swimming,51,16.14,139.0,155.5,658.0,3.6,5.6,12.8,17.6,11.4,Afternoon,3,70,53.8,65.32557470277267,-11.525574702772673,11.525574702772673
Sunday,57,Male,80.7,166.4,Elite,Yoga,1.54,7.83,80.9,100.0,4.79,1.8,1.23,0,5.0,68.8,64.1,54,74,15.0,-0.2,2100.0,1,Swimming,51,16.78,138.5,154.8,684.0,3.2,9.2,10.2,16.5,11.9,Evening,6,155,76.2,72.84522259361451,3.3547774063854945,3.3547774063854945
Sunday,38,Female,48.6,154.4,Intermediate,CrossFit,4.06,6.64,76.6,100.0,4.06,1.37,1.21,0,5.0,134.8,48.2,112,51,16.5,-0.94,2286.0,1,CrossFit,57,10.49,141.0,159.2,478.0,5.1,10.6,18.9,15.9,6.5,Morning,1,15,66.2,74.39955073536326,-8.19955073536326,8.19955073536326
Sunday,60,Female,61.5,174.5,Intermediate,HIIT,5.12,8.17,61.7,100.0,5.11,1.75,1.3,0,5.8,31.2,45.7,36,51,15.8,0.05,2409.0,0,Rest Day,0,0.0,0.0,0.0,0.0,0.0,0.0,0.0,0.0,0.0,,6,169,55.8,58.376263650071806,-2.576263650071809,2.576263650071809
Tuesday,20,Male,87.2,194.1,Elite,Running,15.74,8.66,87.4,100.0,5.29,2.01,1.37,0,5.0,20.0,61.1,39,56,14.6,0.41,4209.0,1,Running,55,12.51,159.8,179.8,559.0,5.0,13.7,14.5,16.1,6.4,Afternoon,12,346,36.9,50.45072471768175,-13.550724717681753,13.550724717681753
Wednesday,44,Male,88.6,176.6,Beginner,Weight Training,7.35,6.49,76.2,100.0,3.97,1.37,1.15,0,5.0,69.3,51.3,71,49,20.6,0.26,2566.0,0,Rest Day,0,0.0,0.0,0.0,0.0,0.0,0.0,0.0,0.0,0.0,,8,242,38.8,45.99632937822486,-7.19632937822486,7.19632937822486
Saturday,26,Male,79.3,171.9,Intermediate,CrossFit,9.41,6.24,77.4,100.0,3.89,1.33,1.02,1,5.0,107.3,61.8,114,66,16.3,-0.53,3217.0,0,Rest Day,0,0.0,0.0,0.0,0.0,0.0,0.0,0.0,0.0,0.0,,1,14,84.9,64.43432039396298,20.46567960603703,20.46567960603703
Wednesday,38,Female,55.5,170.3,Elite,Yoga,18.49,6.42,75.3,100.0,3.86,1.43,1.13,1,5.0,29.0,69.7,51,63,16.9,-0.44,4711.0,1,HIIT,28,12.09,144.5,162.7,279.0,3.8,6.1,7.2,8.4,3.3,Afternoon,4,102,37.2,56.566176187508574,-19.36617618750857,19.36617618750857
Friday,33,Male,85.0,187.1,Intermediate,Walking,13.89,6.23,74.8,100.0,3.68,1.33,1.21,0,5.0,44.7,65.2,69,65,17.9,-0.17,4288.0,1,Walking,57,3.27,128.8,147.5,149.0,24.1,22.3,8.3,2.2,0.0,Afternoon,5,132,73.4,56.862223532585986,16.53777646741402,16.53777646741402
Monday,21,Female,62.9,158.0,Intermediate,Cycling,7.42,7.39,82.8,100.0,4.14,1.83,1.43,2,5.4,45.9,53.8,42,52,14.5,-0.49,3089.0,1,Cycling,78,9.58,152.0,171.9,600.0,14.2,25.2,24.5,10.5,3.9,Morning,8,226,49.3,54.00655568381682,-4.706555683816823,4.706555683816823
Monday,35,Male,93.9,169.2,Advanced,Weight Training,8.13,6.2,61.8,100.0,3.62,1.41,1.17,0,6.0,107.5,47.2,105,52,16.0,0.54,3232.0,1,Weight Training,56,8.17,138.2,156.7,366.0,12.3,15.4,17.2,8.5,2.7,Evening,7,191,65.7,73.59656691928082,-7.896566919280815,7.896566919280815
Friday,58,Female,59.9,158.0,Beginner,HIIT,6.09,8.38,90.4,100.0,4.91,1.87,1.61,0,5.0,45.6,44.0,64,49,15.4,0.73,2609.0,1,HIIT,39,12.69,129.8,146.0,402.0,3.6,8.8,13.4,11.7,2.1,Morning,8,216,39.9,56.044591283178534,-16.144591283178535,16.144591283178535
Wednesday,63,Female,49.6,165.6,Advanced,Yoga,16.98,7.84,79.4,100.0,4.69,1.8,1.36,1,5.0,20.0,63.0,39,60,19.3,-0.28,4105.0,1,Yoga,30,2.05,105.9,121.6,50.0,11.9,12.9,5.7,0.1,0.0,Evening,2,46,45.1,60.824821893108165,-15.724821893108164,15.724821893108164
Saturday,63,Male,71.4,152.8,Beginner,CrossFit,10.7,7.2,98.8,100.0,4.46,1.46,1.28,0,5.0,51.7,55.3,33,59,19.7,0.27,3759.0,0,Rest Day,0,0.0,0.0,0.0,0.0,0.0,0.0,0.0,0.0,0.0,,1,14,95.6,74.16555935055233,21.434440649447666,21.434440649447666
Saturday,61,Male,69.0,180.3,Intermediate,Cycling,5.68,7.45,87.4,100.0,4.36,1.81,1.28,2,5.0,141.5,49.9,118,55,14.8,0.61,2702.0,0,Rest Day,0,0.0,0.0,0.0,0.0,0.0,0.0,0.0,0.0,0.0,,2,35,50.9,75.3935128998307,-24.493512899830698,24.493512899830698
Friday,58,Male,78.3,173.3,Elite,Running,13.62,8.51,92.3,100.0,4.97,2.02,1.52,0,5.0,66.8,47.7,64,48,13.6,0.31,3580.0,1,Running,61,16.69,137.5,153.7,815.0,3.7,6.7,16.5,23.1,11.0,Morning,1,12,82.8,73.29222130608272,9.507778693917274,9.507778693917274
Wednesday,63,Female,74.4,162.0,Intermediate,CrossFit,15.83,7.99,78.8,100.0,4.78,1.78,1.43,1,5.0,63.2,66.6,90,65,16.7,-0.27,4218.0,0,Rest Day,0,0.0,0.0,0.0,0.0,0.0,0.0,0.0,0.0,0.0,,3,60,37.0,65.55164729975313,-28.551647299753128,28.551647299753128
Thursday,31,Male,77.2,181.7,Advanced,Weight Training,13.47,8.6,86.2,100.0,5.27,1.79,1.54,0,5.0,58.8,56.6,64,53,15.0,-0.18,3856.0,1,Weight Training,50,8.65,142.3,161.2,346.0,9.0,17.2,13.4,6.2,4.2,Evening,3,68,71.2,60.0130258084818,11.186974191518203,11.186974191518203
Tuesday,29,Male,77.6,172.5,Intermediate,Swimming,14.26,7.18,60.5,100.0,4.49,1.44,1.25,0,9.0,41.4,62.3,58,61,14.4,-0.41,3734.0,0,Rest Day,0,0.0,0.0,0.0,0.0,0.0,0.0,0.0,0.0,0.0,,8,234,36.8,57.061125885092906,-20.26112588509291,20.26112588509291
Saturday,57,Female,71.1,164.9,Advanced,Weight Training,8.93,6.55,71.2,100.0,4.08,1.41,1.06,0,5.0,37.4,70.2,44,72,16.3,-0.68,3073.0,0,Rest Day,0,0.0,0.0,0.0,0.0,0.0,0.0,0.0,0.0,0.0,,7,182,62.5,65.36342119613755,-2.8634211961375513,2.8634211961375513
Sunday,22,Female,71.7,163.8,Beginner,Yoga,8.76,7.97,69.7,100.0,4.88,1.86,1.23,0,12.0,28.8,57.6,33,60,16.1,-0.45,3079.0,1,Yoga,42,4.78,140.0,159.8,161.0,15.3,16.3,8.4,2.0,0.0,Morning,3,78,58.6,54.15031261054073,4.449687389459271,4.449687389459271
Wednesday,29,Male,87.4,166.8,Beginner,HIIT,20.28,8.52,95.5,100.0,4.95,1.97,1.59,0,5.0,30.0,55.0,57,52,16.8,0.59,4643.0,1,Cycling,56,9.1,144.8,163.9,413.0,8.1,16.0,16.6,10.7,5.2,Afternoon,8,228,48.2,59.29809025847417,-11.098090258474166,11.098090258474166
Monday,31,Male,69.3,181.5,Beginner,CrossFit,6.21,5.6,81.0,100.0,3.47,1.15,0.98,0,5.0,48.3,65.2,70,63,13.3,0.31,2765.0,0,Rest Day,0,0.0,0.0,0.0,0.0,0.0,0.0,0.0,0.0,0.0,,5,149,38.6,46.74648401229834,-8.146484012298338,8.146484012298338
Saturday,63,Female,74.4,162.0,Intermediate,CrossFit,5.25,7.05,85.8,100.0,4.12,1.57,1.36,0,5.0,106.8,66.0,90,65,13.7,0.98,1815.0,0,Rest Day,0,0.0,0.0,0.0,0.0,0.0,0.0,0.0,0.0,0.0,,8,224,67.0,65.13208509965578,1.8679149003442177,1.8679149003442177
Thursday,28,Male,93.7,167.0,Intermediate,Running,8.37,8.48,91.8,100.0,4.89,1.95,1.64,0,5.0,46.3,49.7,38,50,15.6,0.23,3124.0,1,Running,80,7.59,142.1,161.3,486.0,14.1,22.3,23.4,14.8,5.5,Evening,12,341,77.8,64.25950561610097,13.54049438389903,13.54049438389903
Monday,64,Female,61.4,171.8,Intermediate,CrossFit,11.64,6.45,77.4,100.0,3.84,1.44,1.16,0,5.7,43.4,49.9,42,55,15.1,0.73,3352.0,0,Rest Day,0,0.0,0.0,0.0,0.0,0.0,0.0,0.0,0.0,0.0,,10,303,80.2,79.2000173581995,0.9999826418005,0.9999826418005
Monday,30,Female,54.8,168.6,Intermediate,CrossFit,14.35,7.18,78.0,100.0,4.44,1.63,1.1,0,5.0,40.5,59.1,45,60,14.9,-0.87,3884.0,1,CrossFit,68,15.01,157.5,176.5,817.0,2.3,13.2,15.0,21.7,15.8,Afternoon,3,86,91.4,66.42973664311506,24.970263356884942,24.970263356884942
Tuesday,50,Male,87.8,180.1,Intermediate,Cycling,15.19,7.31,85.0,100.0,4.49,1.64,1.19,0,5.0,106.9,56.2,116,57,19.1,-0.78,3915.0,0,Rest Day,0,0.0,0.0,0.0,0.0,0.0,0.0,0.0,0.0,0.0,,8,241,66.6,67.67305595728585,-1.0730559572858596,1.0730559572858596
Tuesday,50,Female,70.3,176.6,Advanced,Weight Training,10.74,8.22,84.9,100.0,4.85,1.78,1.59,1,5.0,90.5,75.2,75,74,13.9,-0.17,3383.0,1,Weight Training,53,12.78,136.4,153.4,542.0,4.6,11.7,14.9,14.9,6.9,Afternoon,6,178,81.4,63.034144533681946,18.36585546631806,18.36585546631806
Wednesday,45,Male,58.1,169.8,Intermediate,Swimming,19.48,7.65,90.1,100.0,4.52,1.77,1.36,0,5.0,25.2,64.5,34,63,15.7,1.14,4270.0,0,Rest Day,0,0.0,0.0,0.0,0.0,0.0,0.0,0.0,0.0,0.0,,4,116,84.6,65.44973635903872,19.15026364096127,19.15026364096127
Saturday,34,Male,101.8,180.9,Beginner,Running,10.13,8.69,84.3,100.0,4.91,2.14,1.64,1,5.0,110.9,60.7,116,64,17.4,-0.17,3422.0,1,Running,37,13.46,150.7,169.3,398.0,2.2,7.9,13.3,10.1,3.5,Morning,1,14,56.8,68.40183288384014,-11.601832883840146,11.601832883840146
Thursday,63,Female,52.0,159.2,Intermediate,Weight Training,13.64,8.08,92.0,100.0,4.85,1.82,1.41,0,5.0,67.9,54.6,66,56,13.7,0.13,4097.0,0,Rest Day,0,0.0,0.0,0.0,0.0,0.0,0.0,0.0,0.0,0.0,,10,278,56.7,67.83121404714079,-11.131214047140787,11.131214047140787
Tuesday,52,Male,79.1,177.1,Beginner,Yoga,17.01,7.58,84.8,100.0,4.37,1.81,1.4,1,5.0,96.1,49.9,117,52,17.0,-0.03,4331.0,0,Rest Day,0,0.0,0.0,0.0,0.0,0.0,0.0,0.0,0.0,0.0,,2,45,65.4,72.57710927109144,-7.177109271091439,7.177109271091439
Friday,20,Male,87.2,194.1,Elite,Running,5.99,8.07,90.9,100.0,4.86,1.91,1.3,1,5.0,56.1,59.7,39,56,14.8,0.35,2391.0,1,Walking,19,2.28,135.4,155.4,36.0,7.6,8.0,2.3,1.9,0.0,Afternoon,4,97,31.5,52.5049074302973,-21.0049074302973,21.0049074302973
Sunday,24,Female,52.6,176.1,Intermediate,Walking,2.77,6.47,71.9,100.0,3.81,1.51,1.15,0,9.2,61.2,58.4,48,65,14.6,-0.01,1899.0,1,Walking,47,3.12,134.7,154.3,119.0,18.9,20.4,6.4,1.3,0.7,Evening,11,323,45.1,63.84819096139304,-18.748190961393036,18.748190961393036
Monday,46,Female,64.1,155.2,Intermediate,CrossFit,11.71,8.41,93.0,100.0,4.71,2.05,1.65,0,5.0,80.6,46.1,76,45,17.6,-0.66,3503.0,0,Rest Day,0,0.0,0.0,0.0,0.0,0.0,0.0,0.0,0.0,0.0,,4,100,44.2,63.785408602218155,-19.585408602218152,19.585408602218152
Sunday,32,Male,103.8,183.1,Advanced,Running,6.82,7.79,88.3,100.0,4.79,1.76,1.24,0,5.0,61.8,71.5,46,72,16.5,-0.02,2768.0,0,Rest Day,0,0.0,0.0,0.0,0.0,0.0,0.0,0.0,0.0,0.0,,8,225,87.8,61.249435084688045,26.550564915311952,26.550564915311952
Friday,64,Female,61.4,171.8,Intermediate,CrossFit,8.81,6.05,69.8,100.0,3.4,1.47,1.18,1,5.0,59.5,50.1,42,55,13.4,-0.01,3135.0,1,CrossFit,48,16.07,131.3,146.9,617.0,4.4,7.9,11.0,15.8,8.9,Evening,5,139,100.0,76.77627021183774,23.22372978816226,23.22372978816226
Friday,58,Male,73.6,180.0,Intermediate,Swimming,5.32,8.1,89.8,100.0,4.59,1.91,1.61,1,5.0,100.3,42.3,103,46,10.9,-0.48,2606.0,1,Cycling,95,9.23,123.1,139.3,705.0,23.5,25.4,26.7,16.3,3.5,Morning,11,307,48.7,58.759360802544755,-10.059360802544752,10.059360802544752
Tuesday,51,Male,83.5,181.8,Intermediate,Swimming,0.98,8.08,94.8,100.0,4.86,1.67,1.55,0,5.0,87.6,62.0,70,72,14.3,-0.07,1945.0,1,Running,69,10.29,130.6,147.5,568.0,9.2,17.2,18.6,20.2,3.8,Afternoon,5,150,89.7,70.39675395587332,19.30324604412668,19.30324604412668
Sunday,58,Male,71.5,182.2,Elite,Yoga,11.48,6.29,77.6,100.0,4.01,1.27,1.0,0,5.0,58.1,43.6,53,45,14.3,-0.18,3766.0,0,Rest Day,0,0.0,0.0,0.0,0.0,0.0,0.0,0.0,0.0,0.0,,2,57,79.1,71.07295126609098,8.027048733909012,8.027048733909012
Wednesday,33,Female,54.7,169.8,Beginner,CrossFit,8.38,6.09,70.8,100.0,3.71,1.24,1.14,0,9.9,94.6,49.2,87,50,15.9,0.42,2840.0,0,Rest Day,0,0.0,0.0,0.0,0.0,0.0,0.0,0.0,0.0,0.0,,6,179,51.1,58.21397237665392,-7.113972376653919,7.113972376653919
Tuesday,61,Male,60.9,176.7,Advanced,Running,8.96,6.7,90.7,100.0,3.7,1.67,1.33,0,5.0,30.2,64.7,37,66,15.5,0.28,2934.0,1,Running,36,16.22,134.1,150.0,467.0,1.1,6.6,9.8,13.2,5.4,Evening,1,24,69.4,67.23451141175796,2.1654885882420416,2.1654885882420416
Thursday,28,Female,86.8,151.2,Intermediate,Running,9.81,7.54,81.7,100.0,4.35,1.76,1.43,0,5.0,69.6,60.9,61,63,18.2,0.55,3591.0,0,Rest Day,0,0.0,0.0,0.0,0.0,0.0,0.0,0.0,0.0,0.0,,8,236,65.8,68.67668834354669,-2.8766883435466895,2.8766883435466895
Monday,33,Female,63.6,168.8,Intermediate,Yoga,8.54,8.04,85.7,100.0,4.6,1.88,1.56,0,5.0,120.1,45.6,115,49,16.2,-0.62,2754.0,1,Yoga,40,4.19,130.9,149.6,134.0,16.7,15.7,4.6,2.2,0.7,Morning,1,9,73.1,73.0848170422641,0.01518295773588818,0.01518295773588818
Thursday,35,Male,93.9,169.2,Advanced,Weight Training,16.91,6.2,66.8,100.0,3.91,1.27,1.02,0,5.0,73.2,52.7,105,52,19.2,-0.2,4391.0,1,Weight Training,57,5.03,131.3,149.8,229.0,12.3,13.7,18.0,9.4,3.6,Evening,4,96,81.9,65.74453683955944,16.15546316044056,16.15546316044056
Tuesday,40,Male,96.2,167.4,Beginner,Weight Training,9.15,8.59,86.5,100.0,5.24,1.88,1.47,0,5.0,89.4,71.0,93,72,17.1,0.79,3026.0,0,Rest Day,0,0.0,0.0,0.0,0.0,0.0,0.0,0.0,0.0,0.0,,4,94,54.7,63.48679746470927,-8.786797464709267,8.786797464709267
Sunday,37,Female,68.0,168.7,Beginner,Running,8.77,5.9,86.0,100.0,3.67,1.24,1.0,1,5.0,88.1,50.6,89,53,12.0,0.07,3241.0,0,Rest Day,0,0.0,0.0,0.0,0.0,0.0,0.0,0.0,0.0,0.0,,2,50,55.3,62.858060163690546,-7.5580601636905484,7.5580601636905484
Wednesday,44,Female,44.9,171.7,Intermediate,Running,5.8,7.99,97.8,100.0,4.58,1.91,1.51,1,5.0,32.3,61.4,42,58,16.6,0.59,2863.0,1,Running,35,13.48,142.6,160.2,377.0,4.5,6.7,10.8,9.2,3.9,Evening,11,305,60.0,51.820223019624756,8.179776980375244,8.179776980375244
Thursday,38,Female,55.5,170.3,Elite,Yoga,18.44,6.77,71.4,100.0,4.13,1.55,1.08,0,5.0,37.1,72.5,51,63,19.4,0.1,4466.0,1,Yoga,51,3.92,126.8,145.0,160.0,22.0,19.6,6.8,2.4,0.3,Afternoon,7,208,53.6,51.1657776334898,2.4342223665101983,2.4342223665101983
Sunday,36,Male,75.9,185.8,Advanced,Running,8.03,5.66,65.4,100.0,3.38,1.19,1.09,2,5.0,71.7,45.0,60,50,17.9,-0.38,3301.0,1,Running,61,12.86,147.8,166.2,627.0,5.7,10.4,17.8,17.5,9.6,Evening,4,120,77.4,73.87006378278139,3.5299362172186193,3.5299362172186193
Tuesday,50,Male,102.4,173.8,Intermediate,Running,13.53,4.49,64.1,100.0,2.84,0.91,0.74,1,5.0,59.3,60.3,76,61,22.0,0.14,4125.0,0,Rest Day,0,0.0,0.0,0.0,0.0,0.0,0.0,0.0,0.0,0.0,,1,3,66.0,66.99026282617805,-0.9902628261780535,0.9902628261780535
Friday,32,Male,81.8,168.2,Beginner,Walking,13.05,8.87,91.0,100.0,5.31,2.16,1.4,0,5.0,78.1,45.1,93,46,17.2,-0.42,3864.0,0,Rest Day,0,0.0,0.0,0.0,0.0,0.0,0.0,0.0,0.0,0.0,,3,69,41.8,66.80794639940929,-25.007946399409292,25.007946399409292
Thursday,25,Female,59.3,157.5,Advanced,Weight Training,21.0,8.09,80.0,100.0,4.85,2.02,1.22,0,5.0,20.1,61.7,41,61,13.8,-1.02,5061.0,1,Yoga,44,3.39,134.6,154.1,119.0,16.9,19.0,4.8,3.2,0.0,Evening,10,292,79.0,67.31691478819856,11.68308521180144,11.68308521180144
Sunday,24,Male,75.0,169.8,Advanced,Swimming,3.69,6.7,73.5,100.0,3.89,1.54,1.27,0,5.0,114.1,61.7,97,63,16.2,-1.06,2157.0,1,Swimming,58,14.87,162.1,181.7,690.0,5.6,14.1,17.8,17.3,3.1,Afternoon,8,239,59.8,77.15810045019548,-17.35810045019548,17.35810045019548
Thursday,51,Male,83.5,181.8,Intermediate,Swimming,15.95,7.53,86.1,100.0,4.63,1.76,1.13,0,5.0,79.6,70.7,70,72,15.2,-0.2,3923.0,1,Swimming,32,10.37,130.7,147.6,265.0,4.6,6.0,10.3,8.1,3.0,Morning,6,173,94.1,75.83393594682124,18.266064053178752,18.266064053178752
Tuesday,51,Male,83.5,185.3,Elite,CrossFit,15.4,7.89,89.1,100.0,4.73,1.95,1.21,1,5.0,36.8,64.6,45,61,15.2,0.23,4180.0,1,Weight Training,74,10.49,131.0,147.9,621.0,4.4,18.4,21.5,21.4,8.4,Morning,5,122,55.5,60.772932300491654,-5.272932300491654,5.272932300491654
Friday,48,Male,86.5,176.4,Advanced,Swimming,19.83,8.06,89.2,100.0,4.83,1.86,1.37,0,5.0,84.8,74.2,99,64,15.4,0.09,4656.0,1,Swimming,35,11.82,136.0,153.2,331.0,5.1,6.1,10.5,11.4,1.9,Evening,6,153,56.0,54.34982333427014,1.6501766657298589,1.6501766657298589
Friday,45,Male,52.5,189.6,Advanced,Weight Training,13.53,7.7,97.6,100.0,4.71,1.57,1.41,0,5.0,94.8,53.0,83,55,17.3,-0.94,3487.0,1,Swimming,41,7.9,130.2,147.7,259.0,9.7,13.5,12.6,5.0,0.2,Afternoon,4,104,100.0,73.14388902703719,26.85611097296281,26.85611097296281
Sunday,40,Male,64.3,173.9,Advanced,Weight Training,7.77,4.97,60.4,100.0,3.11,1.04,0.82,1,10.1,108.4,59.7,94,62,19.2,0.54,2854.0,1,Weight Training,68,14.26,147.6,165.6,776.0,8.4,14.1,20.9,19.3,5.4,Morning,1,8,51.9,75.6230763977348,-23.723076397734808,23.723076397734808
Wednesday,25,Female,49.8,157.3,Beginner,Running,4.76,7.61,82.0,100.0,4.48,1.83,1.3,0,5.0,76.8,63.6,86,68,11.0,-0.8,2319.0,0,Rest Day,0,0.0,0.0,0.0,0.0,0.0,0.0,0.0,0.0,0.0,,5,137,39.2,60.72323858218612,-21.523238582186117,21.523238582186117
Tuesday,44,Female,51.1,170.1,Intermediate,Running,7.05,7.47,94.7,100.0,4.42,1.82,1.23,1,5.0,77.3,51.4,68,56,15.5,0.75,2433.0,1,Walking,36,3.08,120.8,138.4,89.0,14.3,13.0,6.2,2.5,0.0,Evening,5,122,70.1,60.398786182796705,9.70121381720329,9.70121381720329
Sunday,22,Female,57.3,152.4,Beginner,HIIT,8.71,8.31,81.7,100.0,5.15,1.74,1.42,0,5.0,57.1,46.7,65,51,17.1,-0.35,3321.0,1,HIIT,42,17.52,170.0,189.8,589.0,2.3,5.8,10.7,14.0,9.1,Morning,2,43,62.0,67.9587124104047,-5.958712410404701,5.958712410404701
Sunday,28,Female,58.9,172.0,Beginner,Running,6.74,7.61,88.1,100.0,4.48,1.72,1.41,0,5.0,104.6,54.3,96,59,17.1,-0.08,2819.0,0,Rest Day,0,0.0,0.0,0.0,0.0,0.0,0.0,0.0,0.0,0.0,,7,183,74.6,73.1520424348113,1.4479575651886876,1.4479575651886876
Tuesday,28,Female,65.6,164.9,Elite,HIIT,11.9,7.26,71.9,100.0,4.52,1.48,1.26,0,5.0,41.1,53.6,45,51,16.9,-0.65,3672.0,1,HIIT,20,13.04,154.6,173.8,209.0,3.0,4.0,5.7,5.9,1.3,Afternoon,12,353,89.1,54.952897805515924,34.14710219448407,34.14710219448407
Saturday,51,Male,90.5,176.7,Intermediate,Running,9.32,6.34,70.6,100.0,3.85,1.42,1.07,0,5.0,21.2,57.5,30,57,16.1,0.4,3106.0,0,Rest Day,0,0.0,0.0,0.0,0.0,0.0,0.0,0.0,0.0,0.0,,8,238,66.1,55.752370504628395,10.3476294953716,10.3476294953716
Friday,37,Female,70.8,166.3,Advanced,HIIT,10.24,7.4,76.1,100.0,4.32,1.75,1.33,0,5.0,65.5,53.0,73,59,15.9,-0.42,3056.0,0,Rest Day,0,0.0,0.0,0.0,0.0,0.0,0.0,0.0,0.0,0.0,,8,216,73.8,68.91635602732487,4.883643972675131,4.883643972675131
Thursday,46,Male,73.5,182.3,Intermediate,HIIT,17.92,6.39,75.1,100.0,3.89,1.37,1.14,0,5.0,20.0,58.0,46,55,16.0,0.74,4874.0,0,Rest Day,0,0.0,0.0,0.0,0.0,0.0,0.0,0.0,0.0,0.0,,4,96,58.3,62.842795927582536,-4.542795927582539,4.542795927582539
Friday,40,Female,81.1,158.8,Intermediate,Running,0.81,7.28,86.9,100.0,4.35,1.5,1.43,1,5.0,68.9,60.8,49,65,15.3,-0.17,2123.0,0,Rest Day,0,0.0,0.0,0.0,0.0,0.0,0.0,0.0,0.0,0.0,,11,307,69.9,62.63162737740154,7.268372622598463,7.268372622598463
Monday,54,Male,82.9,171.5,Advanced,Walking,8.5,7.42,93.7,100.0,4.46,1.71,1.25,0,5.0,32.9,44.7,38,46,19.7,-0.72,3283.0,1,Walking,26,4.82,117.4,134.0,100.0,9.8,10.6,4.3,1.3,0.0,Evening,10,282,59.7,68.40317498964008,-8.703174989640075,8.703174989640075
Wednesday,31,Male,69.3,181.5,Beginner,CrossFit,16.96,5.21,73.6,100.0,3.07,1.11,1.03,1,5.0,51.8,62.7,70,63,15.8,-0.16,4190.0,0,Rest Day,0,0.0,0.0,0.0,0.0,0.0,0.0,0.0,0.0,0.0,,5,144,74.0,62.56725993748636,11.432740062513638,11.432740062513638
Monday,46,Male,73.5,182.3,Intermediate,HIIT,10.56,6.36,85.4,100.0,3.73,1.54,1.09,3,5.0,60.8,47.0,46,55,16.5,-0.15,3354.0,0,Rest Day,0,0.0,0.0,0.0,0.0,0.0,0.0,0.0,0.0,0.0,,5,121,88.7,84.72553753741266,3.97446246258734,3.97446246258734
Thursday,61,Male,60.9,176.7,Advanced,Running,3.61,7.74,88.6,100.0,4.81,1.59,1.34,0,5.0,47.9,60.8,37,66,12.7,-0.14,2242.0,1,Running,72,9.62,121.6,137.5,561.0,15.8,23.9,23.0,8.6,1.6,Morning,1,5,33.4,64.56242778503544,-31.16242778503544,31.16242778503544
Wednesday,44,Female,62.0,165.3,Intermediate,CrossFit,5.9,6.17,84.0,100.0,3.87,1.36,0.94,0,5.0,70.4,51.2,56,52,15.9,0.85,2519.0,1,CrossFit,68,12.56,140.7,158.3,683.0,3.6,16.0,21.5,19.3,7.6,Morning,8,214,67.3,59.94852197115198,7.351478028848014,7.351478028848014
Monday,33,Female,54.7,169.8,Beginner,CrossFit,8.62,7.31,77.7,100.0,4.62,1.53,1.16,1,8.6,110.0,47.4,87,50,16.8,0.11,3156.0,0,Rest Day,0,0.0,0.0,0.0,0.0,0.0,0.0,0.0,0.0,0.0,,1,9,51.8,70.09667577768815,-18.29667577768815,18.29667577768815
Saturday,38,Female,70.6,163.3,Intermediate,Cycling,7.53,4.41,86.7,100.0,2.56,0.97,0.87,0,5.0,91.8,44.9,75,58,14.5,-0.21,2928.0,1,Cycling,46,7.54,134.6,152.8,277.0,7.6,14.6,13.2,8.7,2.0,Morning,9,252,83.0,83.36134678953853,-0.36134678953852983,0.36134678953852983
Tuesday,28,Female,78.9,166.0,Beginner,Yoga,20.26,7.82,87.6,100.0,4.86,1.75,1.22,0,5.0,72.2,63.3,86,63,14.2,0.36,4940.0,0,Rest Day,0,0.0,0.0,0.0,0.0,0.0,0.0,0.0,0.0,0.0,,5,136,65.2,69.49859684291069,-4.298596842910683,4.298596842910683
Saturday,31,Male,86.2,180.2,Intermediate,Swimming,4.11,6.37,78.9,100.0,3.8,1.5,1.07,0,5.0,64.8,57.1,64,62,15.5,0.01,2639.0,0,Rest Day,0,0.0,0.0,0.0,0.0,0.0,0.0,0.0,0.0,0.0,,10,294,57.0,59.912467425520056,-2.912467425520056,2.912467425520056
Wednesday,52,Male,79.1,177.1,Beginner,Yoga,15.65,8.0,87.8,100.0,4.87,1.69,1.44,0,5.0,126.1,49.6,117,52,17.6,0.05,4144.0,0,Rest Day,0,0.0,0.0,0.0,0.0,0.0,0.0,0.0,0.0,0.0,,10,277,100.0,88.59037003985874,11.40962996014126,11.40962996014126
Friday,44,Female,51.1,170.1,Intermediate,Running,9.07,8.79,91.7,100.0,5.13,1.95,1.71,0,5.0,80.4,53.3,68,56,16.2,0.09,2984.0,0,Rest Day,0,0.0,0.0,0.0,0.0,0.0,0.0,0.0,0.0,0.0,,1,12,58.9,63.4369120551819,-4.536912055181901,4.536912055181901
Monday,42,Male,89.4,185.8,Intermediate,Yoga,9.59,7.21,86.5,100.0,4.26,1.57,1.38,0,5.0,54.5,51.2,51,57,16.2,0.7,3449.0,1,Yoga,53,3.93,124.0,141.8,167.0,25.4,21.2,6.1,0.0,0.3,Morning,5,121,92.3,75.21056410290831,17.08943589709169,17.08943589709169
Friday,58,Female,59.9,158.0,Beginner,HIIT,9.03,8.23,97.3,100.0,4.9,1.76,1.57,0,5.0,58.7,48.9,64,49,15.5,-0.12,3235.0,1,HIIT,27,13.76,131.8,148.0,297.0,2.5,4.1,9.3,8.0,3.1,Morning,7,209,47.8,55.28430258315124,-7.484302583151241,7.484302583151241
Wednesday,20,Female,68.6,163.8,Intermediate,Running,7.83,8.02,84.3,100.0,4.55,1.95,1.52,0,9.6,79.6,54.6,74,56,17.8,0.26,3011.0,1,Running,66,10.14,154.1,174.1,535.0,4.8,12.8,19.6,22.3,6.4,Morning,12,347,76.0,60.99356742010994,15.00643257989006,15.00643257989006
Monday,58,Male,75.9,190.5,Intermediate,HIIT,8.21,7.09,80.0,100.0,4.3,1.48,1.31,2,12.8,73.8,56.7,60,59,17.4,-0.08,2971.0,0,Rest Day,0,0.0,0.0,0.0,0.0,0.0,0.0,0.0,0.0,0.0,,8,233,55.3,63.81191252168791,-8.511912521687911,8.511912521687911
Monday,44,Female,62.0,165.3,Intermediate,CrossFit,8.65,6.29,69.4,100.0,3.71,1.5,1.08,0,5.0,48.9,50.0,56,52,16.3,1.12,3400.0,0,Rest Day,0,0.0,0.0,0.0,0.0,0.0,0.0,0.0,0.0,0.0,,1,30,48.4,63.06466127695834,-14.664661276958341,14.664661276958341
Thursday,57,Female,58.7,159.1,Intermediate,Swimming,2.55,8.56,84.6,100.0,4.76,2.1,1.69,1,5.0,124.6,47.2,105,51,13.7,-0.39,2197.0,0,Rest Day,0,0.0,0.0,0.0,0.0,0.0,0.0,0.0,0.0,0.0,,10,292,49.9,71.96280116818625,-22.062801168186247,22.062801168186247
Tuesday,64,Female,64.3,158.0,Intermediate,Swimming,11.93,6.42,76.8,100.0,4.16,1.29,0.97,2,15.9,69.3,54.3,81,52,18.1,-0.23,3526.0,1,Swimming,40,13.8,127.0,142.6,447.0,6.0,6.8,13.5,10.6,3.6,Morning,2,59,33.4,61.12926739186919,-27.729267391869193,27.729267391869193
Wednesday,29,Male,89.8,173.0,Elite,Swimming,4.98,7.62,92.8,100.0,4.25,1.88,1.5,0,5.0,85.4,68.3,73,72,15.0,-0.25,2522.0,1,Swimming,33,9.58,145.9,165.0,253.0,6.2,9.0,10.1,5.8,1.9,Evening,1,25,75.0,62.80046815753952,12.19953184246048,12.19953184246048
Sunday,49,Male,74.0,163.1,Intermediate,Running,4.81,8.05,87.7,100.0,4.94,1.69,1.42,0,5.0,88.3,54.0,65,62,16.0,-0.62,2814.0,0,Rest Day,0,0.0,0.0,0.0,0.0,0.0,0.0,0.0,0.0,0.0,,7,183,85.1,79.0753295554998,6.024670444500188,6.024670444500188
Sunday,19,Male,74.0,179.2,Intermediate,Walking,4.81,7.35,79.5,100.0,4.4,1.59,1.36,0,5.0,96.6,62.5,73,62,14.7,0.1,2691.0,0,Rest Day,0,0.0,0.0,0.0,0.0,0.0,0.0,0.0,0.0,0.0,,7,211,80.1,61.68936047011711,18.410639529882886,18.410639529882886
Friday,38,Female,70.6,163.3,Intermediate,Cycling,13.71,7.0,63.8,100.0,4.02,1.66,1.31,0,5.0,74.5,60.4,75,58,18.2,-0.47,4094.0,1,Cycling,112,11.88,144.0,162.2,1065.0,14.5,24.7,30.1,31.1,11.6,Afternoon,9,265,61.2,68.00196909328363,-6.801969093283631,6.801969093283631
Tuesday,45,Male,97.0,175.4,Intermediate,HIIT,19.49,8.1,100.0,100.0,4.61,1.96,1.53,0,5.0,25.0,53.1,50,52,14.2,0.41,4671.0,1,HIIT,29,19.21,153.8,171.3,446.0,1.4,4.7,7.5,10.5,4.8,Morning,3,87,65.1,67.55968215573267,-2.459682155732679,2.459682155732679
Sunday,54,Male,82.9,171.5,Advanced,Walking,0.56,7.98,91.7,100.0,4.61,1.78,1.59,0,5.0,57.2,40.6,38,46,17.6,0.56,1891.0,1,Walking,53,3.37,114.6,131.2,143.0,19.8,22.8,6.8,3.6,0.0,Morning,11,330,71.6,80.028267769886,-8.428267769886006,8.428267769886006
Saturday,26,Male,79.3,171.9,Intermediate,CrossFit,8.41,6.85,73.5,100.0,4.0,1.61,1.24,0,5.0,123.5,61.4,114,66,17.9,-0.65,3014.0,0,Rest Day,0,0.0,0.0,0.0,0.0,0.0,0.0,0.0,0.0,0.0,,7,196,78.1,72.44490225815024,5.655097741849758,5.655097741849758
Thursday,45,Female,46.2,161.2,Advanced,HIIT,11.85,5.65,68.4,100.0,3.59,1.18,0.88,1,16.1,39.7,63.3,54,68,17.0,-0.11,3521.0,0,Rest Day,0,0.0,0.0,0.0,0.0,0.0,0.0,0.0,0.0,0.0,,8,222,99.1,70.51230668253223,28.587693317467767,28.587693317467767
Sunday,25,Male,65.4,171.1,Advanced,Weight Training,9.82,4.92,70.5,100.0,2.99,1.06,0.87,1,5.6,93.1,45.0,108,48,14.5,-0.18,3639.0,1,Weight Training,63,8.66,146.9,166.4,437.0,15.5,16.4,17.7,12.2,1.2,Afternoon,5,127,71.6,63.61432273820993,7.985677261790066,7.985677261790066
Saturday,41,Male,55.3,172.6,Intermediate,Weight Training,5.61,7.34,86.9,100.0,4.37,1.56,1.41,1,5.9,101.9,48.7,86,54,16.2,1.14,2595.0,1,Weight Training,73,8.83,135.2,153.1,516.0,12.5,25.3,22.6,11.7,0.8,Evening,8,224,61.7,70.67578293307389,-8.975782933073887,8.975782933073887
Tuesday,25,Female,49.8,157.3,Beginner,Running,13.35,7.59,88.1,100.0,4.45,1.63,1.5,0,5.0,93.4,64.0,86,68,14.6,-0.13,4014.0,1,HIIT,42,13.26,157.5,177.0,446.0,3.8,7.3,13.2,13.7,4.0,Afternoon,5,129,77.1,72.61507001031279,4.484929989687203,4.484929989687203
Monday,52,Male,75.7,173.3,Advanced,HIIT,11.34,7.63,92.2,100.0,4.46,1.85,1.31,1,5.0,44.4,62.4,38,68,17.8,1.07,3927.0,0,Rest Day,0,0.0,0.0,0.0,0.0,0.0,0.0,0.0,0.0,0.0,,9,261,55.4,74.73545128341615,-19.335451283416155,19.335451283416155
Wednesday,21,Male,101.0,174.1,Elite,CrossFit,20.08,8.22,82.6,100.0,4.87,2.01,1.34,0,5.1,48.4,52.3,57,49,12.6,-0.2,4538.0,0,Rest Day,0,0.0,0.0,0.0,0.0,0.0,0.0,0.0,0.0,0.0,,4,95,64.5,65.40456536274773,-0.9045653627477321,0.9045653627477321
Saturday,43,Male,82.2,187.5,Advanced,Swimming,8.36,6.91,86.4,100.0,4.37,1.41,1.13,0,5.0,66.9,56.2,65,55,18.3,-0.78,2871.0,1,Swimming,34,11.86,140.0,157.7,323.0,1.8,6.7,9.4,11.3,4.9,Morning,12,350,52.5,54.91163255145752,-2.4116325514575223,2.4116325514575223
Wednesday,50,Female,64.0,161.6,Advanced,Yoga,0.46,7.72,81.1,100.0,4.63,1.77,1.33,0,5.0,80.6,44.6,65,53,17.1,0.37,2064.0,1,Yoga,36,3.96,118.5,135.5,114.0,14.2,13.2,5.0,2.5,1.0,Evening,4,109,54.7,68.5701044115649,-13.870104411564895,13.870104411564895
Friday,28,Female,60.3,171.9,Elite,HIIT,12.05,6.61,79.5,100.0,3.84,1.63,1.14,0,5.0,72.1,73.1,83,70,17.1,-0.33,3486.0,1,HIIT,27,15.96,161.3,180.5,345.0,1.6,4.8,6.0,8.3,6.3,Morning,7,209,94.9,68.68688316105238,26.213116838947627,26.213116838947627
Friday,50,Female,70.3,176.6,Advanced,Weight Training,11.88,7.96,80.7,100.0,4.7,1.99,1.27,1,5.0,64.0,72.7,75,74,15.8,-0.82,3574.0,1,Weight Training,63,13.27,137.3,154.3,669.0,6.6,12.2,20.7,17.8,5.8,Evening,2,55,66.8,61.08632700617844,5.713672993821554,5.713672993821554
Monday,26,Female,59.9,163.3,Beginner,Walking,9.68,7.65,87.7,100.0,4.44,1.86,1.34,1,5.0,62.7,57.7,64,55,18.6,0.51,2726.0,1,Walking,48,4.42,136.3,155.7,170.0,17.5,19.1,7.4,2.3,1.8,Morning,6,177,55.6,56.834919446226465,-1.2349194462264634,1.2349194462264634
Friday,51,Male,70.0,168.4,Intermediate,Swimming,5.13,8.53,87.5,100.0,5.02,2.01,1.5,0,5.0,39.1,54.2,34,63,15.6,-0.12,2567.0,0,Rest Day,0,0.0,0.0,0.0,0.0,0.0,0.0,0.0,0.0,0.0,,3,69,64.4,70.03949148808447,-5.6394914880844595,5.6394914880844595
Tuesday,33,Female,54.7,169.8,Beginner,CrossFit,15.1,6.47,90.5,100.0,3.79,1.52,1.16,1,5.0,83.3,48.7,87,50,20.1,0.36,4228.0,0,Rest Day,0,0.0,0.0,0.0,0.0,0.0,0.0,0.0,0.0,0.0,,1,17,82.0,70.30941270780147,11.69058729219853,11.69058729219853
Friday,46,Female,64.1,155.2,Intermediate,CrossFit,19.03,9.13,88.3,100.0,5.5,2.07,1.56,0,5.0,53.9,46.3,76,45,19.4,-0.29,4650.0,0,Rest Day,0,0.0,0.0,0.0,0.0,0.0,0.0,0.0,0.0,0.0,,9,244,77.9,63.62256734984196,14.277432650158048,14.277432650158048
Saturday,35,Male,93.9,169.2,Advanced,Weight Training,3.21,6.27,68.0,100.0,3.77,1.3,1.2,0,12.8,133.7,46.3,105,52,18.5,0.74,1901.0,1,HIIT,22,13.92,150.9,169.4,245.0,2.5,4.1,6.8,5.8,2.8,Morning,3,70,68.3,73.54376964163005,-5.2437696416300525,5.2437696416300525
Saturday,50,Female,70.3,176.6,Advanced,Weight Training,7.43,8.78,87.7,100.0,5.29,1.86,1.63,0,7.1,76.4,71.4,75,74,16.4,-0.92,3179.0,1,CrossFit,69,12.88,136.6,153.6,711.0,6.9,10.7,22.2,20.8,8.5,Afternoon,8,217,62.9,64.92933966804013,-2.02933966804013,2.02933966804013
Sunday,41,Female,71.9,159.2,Beginner,Yoga,12.1,6.44,78.6,100.0,3.85,1.32,1.28,0,12.2,54.6,50.0,66,49,15.4,0.31,3467.0,1,Yoga,41,4.1,125.1,143.0,134.0,16.1,15.5,6.5,1.2,1.7,Evening,4,106,74.2,56.44665463725661,17.753345362743396,17.753345362743396
Tuesday,30,Male,67.5,181.0,Advanced,Swimming,9.07,7.26,71.7,100.0,4.29,1.65,1.32,2,11.9,64.4,65.7,58,66,14.8,0.82,3208.0,0,Rest Day,0,0.0,0.0,0.0,0.0,0.0,0.0,0.0,0.0,0.0,,1,31,79.6,55.26669222691417,24.333307773085828,24.333307773085828
Tuesday,52,Male,75.7,173.3,Advanced,HIIT,10.94,7.0,76.2,100.0,4.09,1.68,1.24,0,5.0,41.2,64.0,38,68,16.7,0.21,3611.0,1,CrossFit,54,14.15,137.5,154.3,611.0,3.1,8.8,19.3,16.3,6.5,Evening,1,3,79.9,71.39591679306862,8.504083206931384,8.504083206931384
Friday,33,Male,57.4,191.7,Elite,Walking,7.45,7.87,90.2,100.0,4.79,1.86,1.22,0,5.0,72.3,53.4,79,59,16.4,-0.07,2874.0,1,Cycling,72,10.23,144.3,163.0,589.0,6.0,11.6,20.0,25.9,8.5,Evening,2,41,58.0,61.74664616178974,-3.746646161789741,3.746646161789741
Sunday,34,Male,78.8,168.2,Intermediate,Walking,8.34,7.75,87.7,100.0,4.64,1.64,1.47,0,5.0,88.1,57.1,104,61,15.0,0.19,2660.0,0,Rest Day,0,0.0,0.0,0.0,0.0,0.0,0.0,0.0,0.0,0.0,,8,225,53.3,60.35350777744501,-7.053507777445013,7.053507777445013
Wednesday,26,Male,97.2,174.8,Intermediate,Swimming,7.78,8.13,90.1,100.0,4.82,1.94,1.37,0,5.0,62.0,65.6,75,67,14.6,-0.04,3246.0,0,Rest Day,0,0.0,0.0,0.0,0.0,0.0,0.0,0.0,0.0,0.0,,10,291,46.2,61.21155755348199,-15.011557553481985,15.011557553481985
Monday,47,Female,38.1,179.1,Elite,HIIT,12.33,7.44,74.4,100.0,4.64,1.62,1.18,0,5.0,85.9,77.7,97,73,14.1,0.64,3722.0,1,HIIT,27,12.54,138.3,155.6,280.0,3.1,5.8,8.8,8.0,2.2,Evening,10,296,46.7,49.532398024116944,-2.832398024116941,2.832398024116941
Friday,50,Female,69.2,171.7,Intermediate,Weight Training,7.17,7.51,72.8,100.0,4.48,1.63,1.41,0,5.0,97.2,46.3,80,55,11.6,-0.09,2949.0,0,Rest Day,0,0.0,0.0,0.0,0.0,0.0,0.0,0.0,0.0,0.0,,11,314,74.4,83.63480515073351,-9.234805150733507,9.234805150733507
Saturday,21,Male,86.5,175.3,Advanced,Walking,8.71,7.88,83.8,100.0,4.76,1.7,1.42,0,5.0,69.5,49.5,38,57,15.5,-0.0,3121.0,0,Rest Day,0,0.0,0.0,0.0,0.0,0.0,0.0,0.0,0.0,0.0,,9,266,100.0,81.18153196006409,18.818468039935908,18.818468039935908
Friday,41,Female,64.1,157.8,Beginner,Cycling,13.3,8.16,88.8,100.0,5.11,1.74,1.31,0,5.0,33.7,66.5,40,66,19.4,0.11,4114.0,0,Rest Day,0,0.0,0.0,0.0,0.0,0.0,0.0,0.0,0.0,0.0,,8,237,55.9,65.37277365208419,-9.472773652084193,9.472773652084193
Wednesday,35,Female,71.5,162.4,Beginner,Yoga,12.81,5.81,82.3,100.0,3.56,1.35,0.9,1,5.0,86.7,73.7,75,74,16.4,-0.37,3811.0,1,Yoga,35,3.98,129.0,147.5,111.0,14.5,13.6,6.5,0.4,0.0,Evening,2,32,83.3,63.64171104332838,19.65828895667162,19.65828895667162
Thursday,61,Female,58.3,160.5,Advanced,Yoga,4.76,4.99,68.3,100.0,2.91,1.12,0.96,3,5.0,102.8,57.1,92,59,16.8,-0.29,2472.0,1,Yoga,51,3.79,110.5,126.4,154.0,21.0,20.9,8.0,1.1,0.0,Afternoon,8,215,65.9,62.47530966507638,3.424690334923625,3.424690334923625
Friday,54,Female,49.6,166.6,Intermediate,HIIT,6.31,8.63,88.6,100.0,5.34,1.88,1.41,0,5.0,62.5,52.1,57,52,15.0,0.66,2714.0,1,Yoga,35,4.39,116.6,133.2,123.0,12.1,14.2,6.2,2.6,0.0,Evening,6,167,77.2,53.26693254740904,23.93306745259096,23.93306745259096
Monday,23,Male,89.9,184.6,Intermediate,Walking,16.42,7.51,88.8,100.0,4.53,1.72,1.25,1,5.0,83.2,40.0,76,46,17.0,0.92,4347.0,0,Rest Day,0,0.0,0.0,0.0,0.0,0.0,0.0,0.0,0.0,0.0,,6,156,100.0,83.23080679173368,16.769193208266316,16.769193208266316
Saturday,45,Male,52.5,189.6,Advanced,Weight Training,7.17,7.49,90.7,100.0,4.4,1.72,1.36,0,5.0,87.4,43.2,83,55,15.8,0.35,2611.0,1,Weight Training,64,12.21,139.2,156.7,625.0,6.1,13.0,19.4,20.5,5.0,Afternoon,1,7,74.0,73.44351335700368,0.5564866429963189,0.5564866429963189
Thursday,51,Female,65.7,155.6,Advanced,Yoga,10.86,7.9,84.6,100.0,4.58,1.92,1.4,0,5.0,62.3,46.1,92,45,16.2,-0.48,3419.0,0,Rest Day,0,0.0,0.0,0.0,0.0,0.0,0.0,0.0,0.0,0.0,,7,208,29.5,53.16174962326782,-23.661749623267823,23.661749623267823
Wednesday,54,Male,71.6,177.2,Advanced,Cycling,9.8,5.84,79.5,100.0,3.39,1.37,1.08,1,5.0,86.8,43.4,76,52,15.0,-0.38,3190.0,1,Cycling,113,11.08,129.8,146.4,1001.0,11.8,20.4,36.0,33.9,10.8,Afternoon,1,11,93.8,77.25134617202238,16.548653827977617,16.548653827977617
Thursday,57,Male,64.2,179.1,Beginner,HIIT,20.7,8.05,84.9,100.0,5.06,1.76,1.22,0,5.0,99.7,48.0,100,49,16.7,0.65,4947.0,0,Rest Day,0,0.0,0.0,0.0,0.0,0.0,0.0,0.0,0.0,0.0,,2,47,100.0,73.28245706221432,26.71754293778568,26.71754293778568
Wednesday,61,Female,58.3,160.5,Advanced,Yoga,12.86,6.35,69.7,100.0,3.83,1.35,1.18,1,7.7,73.9,64.2,92,59,13.9,-0.88,3611.0,1,Yoga,32,4.23,111.4,127.3,108.0,12.3,14.0,5.3,0.4,0.0,Evening,4,95,50.3,58.462198775658884,-8.162198775658887,8.162198775658887
Thursday,41,Female,64.1,157.8,Beginner,Cycling,13.03,7.33,91.5,100.0,4.36,1.59,1.39,0,5.0,46.6,65.3,40,66,17.0,0.11,3738.0,1,Cycling,71,11.64,141.2,159.1,661.0,4.5,15.4,22.8,21.0,7.3,Morning,9,264,82.4,63.59065848206307,18.809341517936936,18.809341517936936
Tuesday,64,Female,46.7,164.0,Advanced,Walking,9.3,7.66,77.7,100.0,4.79,1.65,1.22,1,5.0,62.5,62.3,49,73,17.3,0.07,3115.0,1,Walking,32,3.45,107.8,123.4,88.0,12.3,12.8,5.2,0.4,1.4,Afternoon,8,213,92.6,86.79191754653498,5.808082453465019,5.808082453465019
Saturday,44,Female,51.1,170.1,Intermediate,Running,4.87,7.55,95.5,100.0,4.43,1.61,1.5,0,5.0,79.3,48.0,68,56,19.0,1.09,2336.0,0,Rest Day,0,0.0,0.0,0.0,0.0,0.0,0.0,0.0,0.0,0.0,,3,84,55.9,70.01979409508306,-14.119794095083058,14.119794095083058
Thursday,37,Female,70.8,166.3,Advanced,HIIT,12.68,7.44,75.3,100.0,4.41,1.83,1.2,0,5.0,64.3,61.5,73,59,15.2,0.4,3842.0,0,Rest Day,0,0.0,0.0,0.0,0.0,0.0,0.0,0.0,0.0,0.0,,11,313,64.1,58.74096535276074,5.359034647239255,5.359034647239255
Saturday,20,Female,68.6,163.8,Intermediate,Running,7.91,8.46,81.4,100.0,5.04,2.01,1.41,1,5.0,80.1,51.1,74,56,18.7,0.43,3258.0,0,Rest Day,0,0.0,0.0,0.0,0.0,0.0,0.0,0.0,0.0,0.0,,6,154,68.9,68.26671967565647,0.6332803243435308,0.6332803243435308
Sunday,21,Female,62.9,158.0,Intermediate,Cycling,10.06,7.28,94.7,100.0,4.46,1.55,1.28,0,5.0,24.8,55.9,42,52,16.5,-0.63,2984.0,1,Cycling,100,11.48,156.5,176.4,918.0,7.6,19.3,29.6,30.2,13.3,Morning,2,43,62.3,53.35316178977505,8.946838210224946,8.946838210224946
Thursday,29,Female,77.5,159.9,Intermediate,Walking,16.52,7.09,97.7,100.0,4.45,1.5,1.13,0,5.0,69.0,67.3,79,62,11.6,-0.14,4305.0,0,Rest Day,0,0.0,0.0,0.0,0.0,0.0,0.0,0.0,0.0,0.0,,1,12,62.5,59.87091747167587,2.6290825283241332,2.6290825283241332
Friday,62,Male,80.2,182.8,Advanced,Weight Training,6.47,8.03,81.6,100.0,4.78,1.86,1.39,0,7.8,53.2,53.3,61,53,18.8,-0.11,2759.0,1,Weight Training,45,8.16,118.0,133.8,294.0,10.7,14.2,12.5,5.3,2.3,Evening,11,314,38.9,48.87640627319075,-9.976406273190754,9.976406273190754
Friday,56,Female,53.9,167.2,Beginner,Weight Training,12.87,7.2,68.7,100.0,4.24,1.71,1.24,0,5.0,99.9,55.9,101,59,15.9,0.72,3697.0,1,Walking,59,2.77,112.0,128.4,131.0,23.2,24.6,7.6,3.7,0.0,Afternoon,9,251,100.0,76.34772634272448,23.652273657275515,23.652273657275515
Friday,24,Male,69.8,177.0,Advanced,Yoga,8.32,6.53,93.9,100.0,3.87,1.42,1.24,0,5.0,64.7,51.6,70,47,15.7,-0.76,2847.0,0,Rest Day,0,0.0,0.0,0.0,0.0,0.0,0.0,0.0,0.0,0.0,,6,181,29.6,51.590111561841695,-21.990111561841694,21.990111561841694
Saturday,50,Male,71.0,170.3,Elite,Weight Training,7.9,6.27,71.4,100.0,3.57,1.51,1.18,0,5.0,115.6,55.2,107,60,11.3,0.09,2925.0,0,Rest Day,0,0.0,0.0,0.0,0.0,0.0,0.0,0.0,0.0,0.0,,2,42,72.0,65.24170677276952,6.758293227230482,6.758293227230482
Tuesday,20,Male,85.0,178.7,Intermediate,Yoga,8.24,8.04,91.4,100.0,4.56,1.94,1.54,0,5.0,35.3,48.6,36,50,15.6,-0.19,3181.0,0,Rest Day,0,0.0,0.0,0.0,0.0,0.0,0.0,0.0,0.0,0.0,,7,192,52.8,62.01251318134677,-9.212513181346772,9.212513181346772
Saturday,64,Female,47.6,163.8,Advanced,HIIT,9.21,8.02,96.2,100.0,4.57,1.86,1.59,0,5.0,39.2,43.9,46,47,18.0,0.68,2947.0,1,HIIT,27,16.56,132.2,147.8,358.0,0.5,4.4,6.5,9.7,6.0,Morning,10,280,61.3,65.39269364477992,-4.092693644779928,4.092693644779928
Saturday,45,Female,46.2,161.2,Advanced,HIIT,10.5,5.39,67.3,100.0,3.29,1.2,0.9,1,5.0,69.4,65.3,54,68,18.5,0.05,3362.0,0,Rest Day,0,0.0,0.0,0.0,0.0,0.0,0.0,0.0,0.0,0.0,,6,161,80.3,74.77405934119153,5.525940658808466,5.525940658808466
Thursday,27,Male,57.4,178.7,Intermediate,Yoga,9.45,8.04,84.9,100.0,4.97,1.8,1.27,2,5.0,77.5,44.1,82,45,14.4,-0.33,3200.0,0,Rest Day,0,0.0,0.0,0.0,0.0,0.0,0.0,0.0,0.0,0.0,,6,152,40.5,57.27768656957811,-16.77768656957811,16.77768656957811
Thursday,24,Male,75.0,169.8,Advanced,Swimming,21.0,5.76,86.1,100.0,3.47,1.36,0.93,0,5.0,68.1,70.7,97,63,13.3,-0.4,4625.0,1,CrossFit,45,10.42,151.7,171.3,375.0,5.1,7.4,13.2,14.3,5.0,Afternoon,7,201,55.8,55.56682068089425,0.2331793191057443,0.2331793191057443
Sunday,28,Female,65.6,164.9,Elite,HIIT,6.32,6.54,65.0,100.0,4.03,1.48,1.04,2,14.8,48.2,48.9,45,51,13.6,0.25,2937.0,1,Weight Training,64,10.02,147.7,166.9,513.0,3.9,13.5,24.1,18.6,3.9,Morning,4,113,65.0,58.88590232466289,6.1140976753371135,6.1140976753371135
Tuesday,63,Female,52.0,159.2,Intermediate,Weight Training,9.75,6.39,92.4,100.0,3.99,1.41,0.99,0,5.0,82.1,55.3,66,56,17.8,0.1,3367.0,1,Weight Training,65,8.76,118.4,134.1,456.0,12.9,22.4,17.2,10.2,2.3,Afternoon,4,94,73.0,67.01989761975179,5.980102380248212,5.980102380248212
Sunday,63,Male,71.4,152.8,Beginner,CrossFit,7.51,8.64,87.9,100.0,5.47,1.74,1.42,1,5.0,36.7,61.7,33,59,17.8,-0.1,3414.0,0,Rest Day,0,0.0,0.0,0.0,0.0,0.0,0.0,0.0,0.0,0.0,,4,113,56.2,56.137577905185516,0.062422094814486684,0.062422094814486684
Tuesday,29,Male,89.8,173.0,Elite,Swimming,18.51,7.9,90.7,100.0,4.64,1.95,1.31,0,5.0,54.3,74.7,73,72,17.6,0.65,4719.0,1,Swimming,35,13.31,154.4,173.5,373.0,3.2,7.9,10.2,9.9,3.8,Evening,2,52,60.9,59.875953395972026,1.0240466040279728,1.0240466040279728
Wednesday,36,Female,51.4,174.0,Advanced,Weight Training,13.31,6.9,82.6,100.0,3.98,1.64,1.28,0,5.0,107.1,47.2,119,45,18.7,0.28,4031.0,0,Rest Day,0,0.0,0.0,0.0,0.0,0.0,0.0,0.0,0.0,0.0,,5,130,46.6,68.77048046586256,-22.17048046586256,22.17048046586256
Thursday,49,Male,74.0,163.1,Intermediate,Running,17.42,7.68,83.9,100.0,4.79,1.74,1.16,1,5.0,54.6,62.4,65,62,16.7,-0.28,4500.0,0,Rest Day,0,0.0,0.0,0.0,0.0,0.0,0.0,0.0,0.0,0.0,,1,5,62.9,67.66442547255804,-4.764425472558038,4.764425472558038
Tuesday,46,Female,64.1,155.2,Intermediate,CrossFit,10.02,7.64,98.0,100.0,4.51,1.78,1.36,0,5.0,69.2,43.9,76,45,19.4,-0.61,3762.0,0,Rest Day,0,0.0,0.0,0.0,0.0,0.0,0.0,0.0,0.0,0.0,,5,122,59.0,63.295449215154505,-4.295449215154505,4.295449215154505
Sunday,41,Female,64.1,157.8,Beginner,Cycling,4.55,7.49,90.4,100.0,4.58,1.72,1.19,1,5.0,43.1,61.5,40,66,16.1,0.27,2859.0,1,Cycling,66,7.93,133.3,151.2,419.0,13.2,21.5,22.5,8.4,0.4,Evening,1,1,51.1,63.427397846683235,-12.327397846683233,12.327397846683233
Wednesday,23,Female,56.4,171.0,Advanced,Cycling,13.17,8.06,90.7,100.0,4.64,1.93,1.48,0,5.0,45.6,68.3,64,65,16.3,0.02,3652.0,1,Cycling,45,9.9,151.3,171.0,356.0,7.8,14.7,14.2,8.2,0.1,Afternoon,9,256,36.9,48.56785473705806,-11.667854737058065,11.667854737058065
Tuesday,38,Female,70.6,163.3,Intermediate,Cycling,9.37,7.87,65.5,100.0,4.38,1.94,1.55,1,5.0,78.8,54.5,75,58,14.0,1.44,2994.0,1,Cycling,79,14.22,149.1,167.3,899.0,6.6,16.0,23.8,22.8,9.8,Afternoon,7,206,71.8,69.50784183152254,2.2921581684774566,2.2921581684774566
Thursday,55,Male,77.7,186.5,Advanced,Yoga,6.86,6.8,69.8,100.0,4.3,1.43,1.07,1,5.0,67.1,58.0,70,53,15.4,0.09,2477.0,1,Weight Training,53,7.19,121.4,137.9,305.0,10.9,17.4,13.2,9.3,2.3,Afternoon,9,250,45.2,51.46683039421395,-6.266830394213947,6.266830394213947
Tuesday,29,Female,77.5,159.9,Intermediate,Walking,15.89,7.64,88.1,100.0,4.51,1.77,1.37,0,5.0,71.3,60.9,79,62,17.0,-0.15,4278.0,1,Walking,53,0.97,126.4,145.5,41.0,19.0,19.5,9.5,5.0,0.0,Afternoon,3,80,53.1,68.17298635576199,-15.07298635576199,15.07298635576199
Monday,26,Male,79.3,171.9,Intermediate,CrossFit,6.11,6.85,78.2,100.0,4.08,1.45,1.32,0,8.3,137.6,53.3,114,66,15.1,-0.91,2614.0,0,Rest Day,0,0.0,0.0,0.0,0.0,0.0,0.0,0.0,0.0,0.0,,10,282,98.1,83.50757037259129,14.592429627408706,14.592429627408706
Monday,57,Male,80.7,166.4,Elite,Yoga,6.33,6.6,89.8,100.0,3.93,1.5,1.16,0,5.0,54.2,69.1,54,74,13.7,-0.73,2835.0,1,HIIT,26,15.83,136.7,153.0,329.0,0.7,4.6,6.2,10.1,4.4,Morning,8,240,55.7,63.49610953054089,-7.796109530540889,7.796109530540889
Friday,53,Male,61.6,167.9,Beginner,Walking,15.23,8.66,93.3,100.0,4.97,2.02,1.66,0,5.0,20.0,52.0,40,53,20.2,0.49,4367.0,0,Rest Day,0,0.0,0.0,0.0,0.0,0.0,0.0,0.0,0.0,0.0,,1,6,69.7,69.51916616862918,0.1808338313708191,0.1808338313708191
Sunday,58,Male,75.9,190.5,Intermediate,HIIT,7.87,7.11,94.7,100.0,4.24,1.58,1.29,0,5.0,67.6,52.8,60,59,17.0,-0.26,2995.0,1,HIIT,21,20.07,144.0,160.2,337.0,1.0,3.6,5.1,7.1,4.1,Morning,4,113,70.3,70.20161926492611,0.09838073507388856,0.09838073507388856
Tuesday,53,Female,70.2,179.8,Advanced,CrossFit,13.6,7.13,98.1,100.0,4.56,1.5,1.08,0,5.0,20.0,72.9,32,72,12.2,0.17,4054.0,0,Rest Day,0,0.0,0.0,0.0,0.0,0.0,0.0,0.0,0.0,0.0,,5,122,31.2,60.54614488382237,-29.346144883822372,29.346144883822372
Saturday,35,Female,71.5,162.4,Beginner,Yoga,8.48,7.47,72.2,100.0,4.27,1.71,1.48,1,5.0,89.8,73.4,75,74,16.4,-0.15,2601.0,1,Yoga,32,4.03,129.1,147.6,104.0,12.2,12.8,3.6,2.7,1.2,Morning,2,56,46.6,55.7800214279288,-9.1800214279288,9.1800214279288
Tuesday,20,Male,77.7,158.7,Advanced,Running,14.61,8.09,77.8,100.0,4.85,1.84,1.4,0,5.0,55.7,67.4,57,63,19.5,-0.07,3891.0,1,Yoga,39,4.21,140.0,160.0,131.0,15.3,14.3,6.0,3.4,0.0,Morning,5,129,72.5,57.88878146126015,14.611218538739848,14.611218538739848
Friday,50,Male,87.8,180.1,Intermediate,Cycling,4.18,7.85,74.5,100.0,4.72,1.84,1.29,1,5.0,118.1,48.5,116,57,16.2,-0.23,2528.0,1,Cycling,50,9.04,128.8,145.8,362.0,11.1,18.6,13.3,6.0,1.0,Morning,9,251,63.1,61.476831052792406,1.6231689472075956,1.6231689472075956
Friday,53,Male,89.0,181.2,Advanced,CrossFit,3.35,8.52,85.2,100.0,4.94,1.93,1.65,0,5.0,126.0,56.9,115,63,16.3,0.17,2193.0,0,Rest Day,0,0.0,0.0,0.0,0.0,0.0,0.0,0.0,0.0,0.0,,11,321,72.4,73.71018201056091,-1.3101820105609079,1.3101820105609079
Wednesday,38,Male,93.5,180.2,Elite,Running,15.3,6.59,69.2,100.0,4.22,1.38,1.0,1,15.1,65.9,69.8,84,69,13.0,-0.08,4402.0,1,Running,44,15.43,151.7,169.9,543.0,3.0,5.6,10.4,14.6,10.4,Evening,7,200,79.0,69.47012004859278,9.529879951407224,9.529879951407224
Tuesday,48,Male,73.7,162.4,Beginner,Cycling,11.66,7.49,88.5,100.0,4.5,1.65,1.34,0,5.0,93.8,66.4,88,62,20.1,0.65,3748.0,0,Rest Day,0,0.0,0.0,0.0,0.0,0.0,0.0,0.0,0.0,0.0,,2,45,62.6,63.69915443701126,-1.0991544370112578,1.0991544370112578
Saturday,25,Female,78.7,165.9,Intermediate,Weight Training,5.52,8.12,86.3,100.0,4.81,1.7,1.61,1,5.0,95.9,66.0,77,73,17.6,0.53,2620.0,0,Rest Day,0,0.0,0.0,0.0,0.0,0.0,0.0,0.0,0.0,0.0,,2,56,99.3,76.28517368396516,23.014826316034842,23.014826316034842
Saturday,21,Male,86.5,175.3,Advanced,Walking,8.53,7.46,85.7,100.0,4.68,1.52,1.26,0,5.0,22.6,56.0,38,57,15.1,-0.13,3139.0,1,Walking,30,1.97,134.0,153.9,47.0,13.5,11.9,3.6,1.0,0.0,Morning,1,6,50.8,57.43117752895967,-6.631177528959675,6.631177528959675
Monday,20,Male,77.7,158.7,Advanced,Running,8.99,6.45,81.9,100.0,3.67,1.56,1.22,0,5.0,55.0,63.7,57,63,16.2,-0.59,3168.0,1,Running,80,13.36,161.8,181.8,855.0,10.9,18.5,24.6,20.8,5.2,Evening,5,121,63.0,63.17522296837768,-0.1752229683776818,0.1752229683776818
Thursday,55,Male,74.3,169.8,Intermediate,Walking,10.85,8.34,84.4,100.0,4.91,1.86,1.57,0,5.0,44.5,48.4,42,53,13.2,-0.2,3364.0,0,Rest Day,0,0.0,0.0,0.0,0.0,0.0,0.0,0.0,0.0,0.0,,8,222,80.0,81.05540600520483,-1.05540600520483,1.05540600520483
Sunday,53,Male,61.6,167.9,Beginner,Walking,3.06,7.81,87.9,100.0,4.76,1.85,1.2,0,5.0,52.8,48.8,40,53,15.5,-0.89,2164.0,0,Rest Day,0,0.0,0.0,0.0,0.0,0.0,0.0,0.0,0.0,0.0,,8,218,66.9,74.25948434807039,-7.3594843480703815,7.3594843480703815
Thursday,41,Female,63.0,151.4,Elite,Weight Training,12.58,5.64,68.9,100.0,3.43,1.24,0.97,0,5.0,21.2,50.6,44,51,19.3,0.29,3219.0,1,Running,47,16.3,151.1,169.0,613.0,1.9,5.5,14.7,16.7,8.2,Evening,11,334,50.7,60.44907892122546,-9.749078921225454,9.749078921225454
Wednesday,50,Female,64.0,161.6,Advanced,Yoga,17.5,7.17,86.1,100.0,4.29,1.7,1.17,1,5.0,39.6,61.3,65,53,18.3,0.03,4315.0,0,Rest Day,0,0.0,0.0,0.0,0.0,0.0,0.0,0.0,0.0,0.0,,3,88,48.6,53.35741440147919,-4.757414401479188,4.757414401479188
Wednesday,28,Female,78.9,166.0,Beginner,Yoga,5.9,9.18,88.7,100.0,5.31,2.12,1.75,0,5.0,101.1,57.0,86,63,17.0,0.07,2622.0,0,Rest Day,0,0.0,0.0,0.0,0.0,0.0,0.0,0.0,0.0,0.0,,8,221,75.4,71.01382187304228,4.386178126957731,4.386178126957731
Friday,64,Female,61.4,171.8,Intermediate,CrossFit,6.53,7.27,76.3,100.0,4.1,1.77,1.39,1,10.0,66.6,47.0,42,55,16.9,1.08,2898.0,0,Rest Day,0,0.0,0.0,0.0,0.0,0.0,0.0,0.0,0.0,0.0,,2,41,100.0,85.01423427506832,14.985765724931682,14.985765724931682
Monday,25,Male,65.4,171.1,Advanced,Weight Training,8.72,6.01,60.1,100.0,3.67,1.22,1.12,1,13.2,121.6,50.8,108,48,17.1,0.38,3389.0,1,Weight Training,60,8.53,146.5,166.0,409.0,14.6,17.3,19.4,7.2,1.4,Morning,3,65,58.0,68.30845586266743,-10.30845586266743,10.30845586266743
Tuesday,25,Male,65.4,171.1,Advanced,Weight Training,15.93,5.6,60.8,100.0,3.13,1.36,1.1,0,5.0,113.6,52.0,108,48,14.5,-0.08,4108.0,1,Weight Training,67,7.23,143.5,163.0,387.0,12.3,22.4,18.7,10.8,2.8,Evening,1,3,70.9,72.79919606912509,-1.8991960691250824,1.8991960691250824
Saturday,28,Female,65.6,164.9,Elite,HIIT,0.46,6.46,74.5,100.0,3.67,1.61,1.18,0,5.0,86.0,41.0,45,51,15.5,0.02,1855.0,1,HIIT,25,14.68,158.4,177.6,294.0,2.8,4.2,8.2,8.6,1.4,Afternoon,10,287,74.6,78.48961097361375,-3.889610973613756,3.889610973613756
Monday,43,Male,82.2,187.5,Advanced,Swimming,3.0,5.29,79.5,100.0,3.19,1.11,1.0,0,5.0,88.5,49.2,65,55,16.4,-0.97,2488.0,0,Rest Day,0,0.0,0.0,0.0,0.0,0.0,0.0,0.0,0.0,0.0,,4,100,58.6,71.46588382482386,-12.865883824823861,12.865883824823861
Wednesday,64,Female,64.3,158.0,Intermediate,Swimming,18.89,6.54,77.4,100.0,4.02,1.33,1.18,1,5.8,52.5,54.9,81,52,15.5,-0.42,4356.0,1,Swimming,54,8.39,117.0,132.6,362.0,10.9,16.8,15.5,9.3,1.5,Morning,7,207,59.3,61.85319340869647,-2.5531934086964725,2.5531934086964725
Monday,28,Male,93.7,167.0,Intermediate,Running,17.13,7.42,92.0,100.0,4.78,1.49,1.15,0,5.0,33.6,48.9,38,50,19.1,-1.3,4314.0,1,Swimming,43,12.31,152.9,172.1,423.0,3.6,6.7,12.3,15.6,4.8,Afternoon,2,51,86.1,73.45908778899486,12.64091221100513,12.64091221100513
Monday,43,Male,63.0,166.5,Intermediate,Cycling,11.73,6.36,68.2,100.0,4.06,1.32,0.98,1,5.0,71.2,55.3,61,56,12.6,-0.75,3707.0,1,Cycling,78,10.26,136.7,154.4,640.0,9.6,17.2,20.9,21.5,8.8,Afternoon,3,65,85.0,68.93195376880809,16.068046231191914,16.068046231191914
Friday,51,Male,94.6,187.9,Elite,Running,1.39,7.83,72.3,100.0,4.86,1.63,1.34,0,5.0,93.2,49.6,66,56,15.6,-0.91,1868.0,0,Rest Day,0,0.0,0.0,0.0,0.0,0.0,0.0,0.0,0.0,0.0,,6,181,84.8,70.35200468753129,14.447995312468706,14.447995312468706
Sunday,62,Female,45.2,166.6,Intermediate,Running,6.94,7.64,85.1,100.0,4.45,1.9,1.29,1,5.0,104.0,47.8,106,49,16.8,-0.92,2682.0,0,Rest Day,0,0.0,0.0,0.0,0.0,0.0,0.0,0.0,0.0,0.0,,9,267,37.8,52.56974421490493,-14.769744214904932,14.769744214904932
Saturday,55,Male,57.5,189.8,Intermediate,Swimming,7.83,5.33,87.5,100.0,3.32,1.19,0.82,1,5.0,21.2,73.8,31,74,17.5,-0.17,3019.0,1,Swimming,48,11.55,129.9,146.4,449.0,3.9,10.7,13.9,15.9,4.2,Evening,11,308,38.1,52.614466205655866,-14.514466205655864,14.514466205655864
Saturday,40,Male,70.6,179.0,Beginner,Yoga,5.37,6.47,87.5,100.0,4.05,1.31,1.12,0,5.7,55.0,60.0,53,58,17.6,0.42,2979.0,0,Rest Day,0,0.0,0.0,0.0,0.0,0.0,0.0,0.0,0.0,0.0,,10,294,46.9,52.05500604244187,-5.155006042441869,5.155006042441869
Saturday,55,Male,79.4,168.1,Advanced,Weight Training,6.79,7.18,71.2,100.0,4.35,1.57,1.27,1,5.0,115.9,64.2,88,73,18.4,0.17,2784.0,1,Weight Training,45,10.79,128.4,144.9,388.0,6.7,7.8,13.5,13.3,3.7,Afternoon,8,224,74.6,77.89663983091869,-3.296639830918693,3.296639830918693
Saturday,51,Male,94.6,187.9,Elite,Running,5.29,6.91,90.5,100.0,4.34,1.46,1.11,0,5.0,84.0,50.9,66,56,13.5,0.04,2753.0,0,Rest Day,0,0.0,0.0,0.0,0.0,0.0,0.0,0.0,0.0,0.0,,8,217,59.4,66.07573976678472,-6.675739766784723,6.675739766784723
Thursday,24,Male,75.0,169.8,Advanced,Swimming,6.9,4.0,70.2,100.0,2.28,0.97,0.75,0,8.4,83.3,62.0,97,63,14.7,-0.51,2608.0,1,HIIT,26,11.39,154.0,173.6,238.0,2.9,5.9,7.3,6.7,3.3,Afternoon,4,110,42.2,57.2854465022307,-15.085446502230695,15.085446502230695
Thursday,63,Female,72.4,169.0,Advanced,Running,16.45,7.84,87.0,100.0,4.65,1.85,1.34,1,5.0,82.9,56.6,99,54,19.0,0.6,4257.0,1,Cycling,87,13.08,126.5,142.2,910.0,12.1,18.2,23.8,23.1,9.8,Evening,7,208,67.9,65.8888755307059,2.011124469294103,2.011124469294103
Sunday,57,Male,64.2,179.1,Beginner,HIIT,8.7,7.89,84.4,100.0,4.57,1.75,1.57,0,5.0,93.1,49.2,100,49,14.3,0.91,2870.0,0,Rest Day,0,0.0,0.0,0.0,0.0,0.0,0.0,0.0,0.0,0.0,,2,43,55.9,59.20121962490676,-3.3012196249067642,3.3012196249067642
Thursday,31,Male,86.2,180.2,Intermediate,Swimming,19.93,8.01,81.8,100.0,5.14,1.64,1.23,0,5.0,51.1,62.4,64,62,15.0,-0.45,4729.0,1,Swimming,37,13.41,153.0,171.9,397.0,4.6,6.9,10.2,11.5,3.8,Evening,3,75,71.6,65.6032746317575,5.996725368242494,5.996725368242494
Monday,19,Male,76.3,173.4,Intermediate,HIIT,15.23,6.14,63.8,100.0,3.48,1.49,1.17,1,7.8,82.7,43.8,86,47,14.6,0.24,3970.0,1,Running,66,8.06,149.9,170.0,426.0,13.5,15.4,19.0,12.1,5.9,Afternoon,10,275,65.8,72.55127901264666,-6.751279012646663,6.751279012646663
Saturday,36,Male,75.9,185.8,Advanced,Running,8.61,4.79,74.1,100.0,3.02,1.0,0.76,0,5.0,67.7,53.7,60,50,13.4,-0.15,2987.0,0,Rest Day,0,0.0,0.0,0.0,0.0,0.0,0.0,0.0,0.0,0.0,,10,301,73.6,50.14482507297164,23.455174927028352,23.455174927028352
Sunday,27,Female,58.5,165.4,Beginner,Running,12.62,8.54,95.8,100.0,5.24,1.82,1.48,0,5.0,127.9,47.3,104,49,19.0,-0.69,3574.0,0,Rest Day,0,0.0,0.0,0.0,0.0,0.0,0.0,0.0,0.0,0.0,,7,190,78.6,85.52560251799781,-6.925602517997817,6.925602517997817
Wednesday,58,Male,75.9,190.5,Intermediate,HIIT,15.81,7.33,79.5,100.0,4.31,1.77,1.25,0,5.0,45.2,57.6,60,59,13.4,-0.21,4147.0,1,HIIT,33,17.0,138.1,154.3,449.0,2.7,5.8,7.5,10.3,6.7,Morning,5,137,58.7,67.71721794159811,-9.017217941598105,9.017217941598105
Friday,30,Female,62.9,175.5,Advanced,Cycling,10.38,7.83,76.9,100.0,4.79,1.57,1.47,0,5.0,107.9,69.8,111,67,16.9,-0.54,3530.0,1,Swimming,37,14.96,157.3,176.3,452.0,3.3,7.4,10.7,13.0,3.5,Evening,12,363,47.3,57.416995462242205,-10.116995462242208,10.116995462242208
Saturday,38,Male,96.3,177.6,Beginner,Weight Training,7.04,6.99,83.5,100.0,4.15,1.67,1.17,0,5.0,74.6,43.7,77,52,15.2,-0.05,2865.0,1,Weight Training,71,10.34,140.7,158.9,588.0,10.1,10.6,22.0,19.4,8.9,Morning,2,49,75.5,73.91861190061164,1.5813880993883629,1.5813880993883629
Monday,56,Male,88.8,184.0,Elite,CrossFit,7.23,6.42,61.3,100.0,3.82,1.48,1.12,2,5.0,83.2,40.0,81,48,14.7,0.34,2659.0,1,Cycling,95,11.97,130.0,146.4,913.0,7.8,19.1,30.3,30.6,7.7,Evening,2,37,49.7,67.15571532739908,-17.455715327399076,17.455715327399076
Friday,24,Female,77.6,162.5,Elite,Walking,7.23,8.68,82.9,100.0,5.06,1.93,1.69,1,5.0,29.3,53.8,31,55,12.5,0.79,2887.0,1,Walking,38,3.15,134.8,154.4,96.0,17.3,15.4,4.4,0.2,0.7,Afternoon,5,146,54.7,54.60196799819501,0.09803200180499516,0.09803200180499516
Sunday,23,Female,56.4,171.0,Advanced,Cycling,2.83,8.82,99.9,100.0,5.39,1.9,1.52,0,5.0,59.3,64.5,64,65,17.7,-0.6,2383.0,1,Running,43,14.78,162.7,182.4,511.0,2.2,10.6,14.0,11.7,4.8,Morning,1,29,46.1,58.19096401705501,-12.090964017055008,12.090964017055008
Friday,56,Female,83.0,169.4,Beginner,Running,8.74,8.07,96.3,100.0,5.04,1.79,1.23,0,5.0,44.6,46.2,44,49,14.0,-0.32,3080.0,1,Running,52,17.87,141.5,157.9,743.0,0.7,8.3,14.4,17.9,10.6,Evening,12,342,77.4,70.66080944874493,6.739190551255078,6.739190551255078
Saturday,45,Female,79.8,163.9,Intermediate,Cycling,2.39,6.08,75.3,100.0,3.67,1.45,0.96,1,5.0,84.6,67.9,81,73,12.8,0.2,1744.0,0,Rest Day,0,0.0,0.0,0.0,0.0,0.0,0.0,0.0,0.0,0.0,,6,168,49.4,61.340993741769296,-11.940993741769297,11.940993741769297
Wednesday,44,Male,76.8,179.1,Advanced,Walking,9.98,6.74,81.3,100.0,4.19,1.48,1.07,1,5.0,91.0,72.3,104,70,15.0,0.71,3029.0,1,Cycling,46,14.94,145.7,163.3,559.0,4.7,10.4,14.7,12.9,4.1,Evening,7,200,30.9,60.22913839838818,-29.32913839838818,29.32913839838818
Wednesday,59,Male,68.1,173.7,Advanced,Running,10.62,7.37,84.4,100.0,4.73,1.49,1.15,0,9.2,51.7,72.5,52,71,16.1,-0.07,3511.0,1,HIIT,36,13.23,130.0,146.1,381.0,3.1,6.6,11.2,11.2,3.9,Morning,3,74,49.3,54.65514999865338,-5.355149998653381,5.355149998653381
Monday,54,Female,54.4,171.7,Advanced,Walking,9.12,7.69,85.4,100.0,4.42,1.87,1.4,0,5.0,30.9,59.4,34,65,13.1,1.0,3338.0,1,Weight Training,66,9.52,126.7,143.3,502.0,12.4,19.6,20.5,10.5,3.0,Afternoon,5,142,65.6,71.82982124359583,-6.229821243595836,6.229821243595836
Friday,44,Male,76.8,179.1,Advanced,Walking,4.58,5.52,72.2,100.0,3.43,1.15,0.93,1,5.0,115.3,71.9,104,70,15.7,-0.62,2539.0,0,Rest Day,0,0.0,0.0,0.0,0.0,0.0,0.0,0.0,0.0,0.0,,6,160,30.7,52.99577117020421,-22.29577117020421,22.29577117020421
Friday,28,Male,88.8,181.3,Beginner,Cycling,10.71,6.29,69.0,100.0,3.75,1.38,1.17,0,5.0,95.7,63.6,119,64,15.5,-0.2,3211.0,1,Cycling,72,7.82,142.7,161.9,450.0,15.5,20.3,22.4,13.1,0.7,Afternoon,3,90,48.3,59.49451705150517,-11.194517051505173,11.194517051505173
Tuesday,52,Male,79.1,177.1,Beginner,Yoga,8.87,8.55,90.6,100.0,5.04,2.12,1.39,0,5.0,145.8,44.5,117,52,16.2,0.8,3088.0,0,Rest Day,0,0.0,0.0,0.0,0.0,0.0,0.0,0.0,0.0,0.0,,10,290,94.4,89.87975752591146,4.520242474088548,4.520242474088548
Monday,43,Male,63.0,166.5,Intermediate,Cycling,5.18,4.78,66.8,100.0,2.88,1.07,0.83,1,5.0,78.3,51.5,61,56,15.4,0.69,2782.0,0,Rest Day,0,0.0,0.0,0.0,0.0,0.0,0.0,0.0,0.0,0.0,,5,121,88.5,70.69920942714742,17.800790572852577,17.800790572852577
Tuesday,46,Female,64.1,155.2,Intermediate,CrossFit,14.4,7.92,83.6,100.0,4.54,1.84,1.54,0,5.0,71.0,43.5,76,45,13.8,-0.55,3934.0,1,Cycling,64,12.76,139.5,156.9,654.0,7.9,11.1,19.0,17.3,8.7,Evening,5,143,74.5,67.89501660410083,6.604983395899168,6.604983395899168
Wednesday,38,Female,76.2,167.2,Intermediate,Yoga,8.82,7.8,74.9,100.0,4.43,1.81,1.56,0,5.0,41.8,76.0,56,74,17.2,0.56,3186.0,1,Yoga,34,1.93,122.5,140.7,53.0,14.8,13.1,4.5,1.8,0.0,Morning,2,46,27.7,50.904857772675285,-23.204857772675286,23.204857772675286
Saturday,64,Male,78.0,179.0,Elite,Cycling,8.08,5.97,59.1,100.0,3.74,1.29,0.94,0,5.0,95.3,55.2,79,63,15.5,-0.57,2644.0,1,Yoga,32,3.21,107.4,123.0,82.0,13.0,11.8,5.0,2.2,0.2,Afternoon,1,21,88.4,71.53286637571274,16.867133624287263,16.867133624287263
Tuesday,64,Male,78.0,179.0,Elite,Cycling,11.16,5.78,76.7,100.0,3.54,1.19,1.05,1,5.0,81.3,64.8,79,63,17.1,0.22,3782.0,1,Cycling,83,7.09,114.6,130.2,475.0,19.6,24.3,26.1,8.5,5.0,Morning,9,262,48.7,56.03750141286789,-7.337501412867887,7.337501412867887
Thursday,46,Male,98.1,190.0,Intermediate,Cycling,13.52,8.62,88.9,100.0,5.28,2.01,1.33,0,5.0,35.7,55.2,46,56,17.1,-0.19,4037.0,1,Cycling,69,12.47,138.9,156.3,689.0,7.0,13.1,20.7,20.7,7.4,Morning,9,250,66.6,60.966571449565606,5.633428550434388,5.633428550434388
Tuesday,32,Male,103.8,183.1,Advanced,Running,4.71,8.58,62.5,100.0,5.12,1.91,1.56,2,8.2,49.8,65.1,46,72,18.9,-0.05,2528.0,1,Walking,47,3.32,129.6,148.4,125.0,18.2,19.0,6.8,3.0,0.0,Morning,10,290,81.3,76.06019359479588,5.239806405204121,5.239806405204121
Tuesday,60,Female,74.3,164.2,Elite,HIIT,19.35,8.71,98.6,100.0,5.24,1.94,1.53,0,5.0,44.3,49.1,39,53,12.9,-0.28,5231.0,1,HIIT,41,15.19,132.9,148.9,498.0,3.3,5.8,9.1,16.4,6.4,Morning,12,346,89.5,80.790045573675,8.709954426324998,8.709954426324998
Saturday,25,Male,65.4,171.1,Advanced,Weight Training,4.86,5.41,83.9,100.0,3.19,1.22,0.99,0,5.0,122.8,47.2,108,48,16.3,-0.49,2754.0,1,Weight Training,52,7.68,144.6,164.1,321.0,10.3,14.6,17.0,9.3,1.0,Afternoon,9,273,41.9,70.6689199968143,-28.768919996814297,28.768919996814297
Friday,23,Male,91.1,185.9,Beginner,Yoga,6.77,7.76,89.3,100.0,4.85,1.58,1.33,0,5.0,71.7,63.6,69,63,20.2,-0.16,3152.0,0,Rest Day,0,0.0,0.0,0.0,0.0,0.0,0.0,0.0,0.0,0.0,,12,342,55.4,50.95097605980347,4.4490239401965255,4.4490239401965255
Wednesday,23,Male,89.1,177.2,Elite,Swimming,6.58,6.14,72.0,100.0,3.72,1.45,0.98,1,5.0,63.5,66.0,63,68,18.6,0.52,2875.0,1,Swimming,35,11.07,154.0,173.7,310.0,3.0,6.0,12.0,10.0,3.9,Afternoon,6,165,73.6,60.55059251261192,13.049407487388073,13.049407487388073
Wednesday,51,Male,83.5,185.3,Elite,CrossFit,8.85,7.18,92.8,100.0,4.13,1.67,1.38,0,5.0,70.8,60.0,45,61,17.2,0.53,3271.0,1,CrossFit,60,15.62,141.3,158.2,750.0,3.5,8.8,14.6,21.4,11.8,Afternoon,8,214,72.1,79.3899234297904,-7.289923429790406,7.289923429790406
Monday,36,Male,75.2,169.2,Advanced,CrossFit,3.98,8.3,89.1,100.0,4.96,1.94,1.41,0,5.0,96.2,60.8,87,60,17.9,-0.68,2446.0,1,CrossFit,55,15.08,152.6,171.0,673.0,2.0,10.0,13.8,18.5,11.4,Morning,8,219,36.1,59.07616953548943,-22.976169535489426,22.976169535489426
Wednesday,21,Female,62.2,161.8,Intermediate,Weight Training,9.09,6.22,76.5,100.0,3.64,1.52,1.05,0,5.0,101.9,60.9,85,74,13.6,0.45,3549.0,0,Rest Day,0,0.0,0.0,0.0,0.0,0.0,0.0,0.0,0.0,0.0,,1,25,96.7,79.96119456947798,16.73880543052202,16.73880543052202
Thursday,47,Male,83.6,163.7,Beginner,Walking,6.03,8.79,85.2,100.0,5.0,2.13,1.67,0,5.0,63.8,52.6,56,53,15.5,-0.12,2503.0,0,Rest Day,0,0.0,0.0,0.0,0.0,0.0,0.0,0.0,0.0,0.0,,1,11,29.2,55.352887165073554,-26.152887165073555,26.152887165073555
Tuesday,31,Male,61.3,180.4,Intermediate,CrossFit,9.82,7.45,85.2,100.0,4.4,1.83,1.21,0,5.3,122.1,57.6,89,62,15.7,0.05,3332.0,0,Rest Day,0,0.0,0.0,0.0,0.0,0.0,0.0,0.0,0.0,0.0,,12,339,99.7,89.45638570240253,10.243614297597475,10.243614297597475
Wednesday,20,Male,58.2,183.9,Beginner,CrossFit,18.85,8.16,88.4,100.0,5.11,1.73,1.32,0,5.0,20.0,52.6,45,55,14.7,0.94,4413.0,0,Rest Day,0,0.0,0.0,0.0,0.0,0.0,0.0,0.0,0.0,0.0,,8,235,76.0,67.22457321247052,8.775426787529483,8.775426787529483
Sunday,36,Female,51.4,174.0,Advanced,Weight Training,9.21,7.3,82.5,100.0,4.37,1.6,1.33,0,5.0,127.4,41.9,119,45,16.3,0.51,3232.0,0,Rest Day,0,0.0,0.0,0.0,0.0,0.0,0.0,0.0,0.0,0.0,,3,78,48.6,77.16374091348031,-28.56374091348031,28.56374091348031
Saturday,34,Male,101.8,180.9,Beginner,Running,10.53,8.85,84.1,100.0,5.65,1.79,1.41,0,5.0,104.1,58.7,116,64,17.0,-0.1,3346.0,0,Rest Day,0,0.0,0.0,0.0,0.0,0.0,0.0,0.0,0.0,0.0,,12,336,70.4,66.90335341946533,3.496646580534673,3.496646580534673
Wednesday,44,Male,77.7,174.1,Intermediate,HIIT,12.5,8.35,88.8,100.0,4.94,1.96,1.45,0,5.0,114.8,53.7,119,55,15.1,-0.11,3428.0,1,HIIT,38,17.23,150.5,168.1,524.0,2.8,6.2,8.4,12.7,7.9,Morning,2,46,95.7,72.98887390296973,22.711126097030274,22.711126097030274
Monday,29,Male,87.4,166.8,Beginner,HIIT,13.15,7.6,90.5,100.0,4.29,1.79,1.52,0,5.0,44.8,55.7,57,52,13.4,0.64,4149.0,1,HIIT,38,17.78,164.6,183.7,541.0,0.8,6.0,9.8,14.5,6.9,Morning,10,275,56.7,63.35546970978683,-6.6554697097868285,6.6554697097868285
Saturday,58,Male,94.4,171.5,Advanced,Cycling,2.25,7.83,88.9,100.0,4.44,1.91,1.48,0,5.0,86.6,68.3,71,72,18.8,0.07,2264.0,1,Cycling,63,8.78,122.2,138.4,443.0,13.9,17.7,19.8,11.2,0.4,Morning,9,245,54.0,66.37427926014954,-12.374279260149535,12.374279260149535
Saturday,59,Female,56.5,170.6,Intermediate,HIIT,9.85,7.62,89.7,100.0,4.51,1.6,1.51,0,5.0,136.7,55.9,117,55,16.5,-0.04,3059.0,1,HIIT,21,19.07,141.2,157.3,320.0,1.7,3.0,4.8,6.6,4.9,Evening,6,154,82.9,84.27934459156033,-1.3793445915603257,1.3793445915603257
Monday,38,Female,82.0,164.7,Elite,Yoga,9.21,6.91,54.1,100.0,4.36,1.44,1.1,0,5.0,67.7,51.9,62,50,12.5,0.67,3443.0,1,CrossFit,48,15.82,152.6,170.8,607.0,3.7,7.7,10.7,15.9,10.1,Evening,8,240,53.7,62.549772057678965,-8.849772057678962,8.849772057678962
Monday,50,Female,63.5,175.0,Intermediate,Running,13.29,8.26,92.4,100.0,4.8,1.92,1.54,0,5.0,88.8,75.4,95,70,14.3,-0.82,3770.0,0,Rest Day,0,0.0,0.0,0.0,0.0,0.0,0.0,0.0,0.0,0.0,,3,79,66.0,56.54550527704161,9.454494722958387,9.454494722958387
Friday,52,Male,75.7,173.3,Advanced,HIIT,7.29,7.95,84.5,100.0,4.54,1.94,1.47,0,5.0,42.1,66.3,38,68,13.1,-0.16,2836.0,1,HIIT,28,16.63,142.5,159.3,372.0,0.7,4.6,7.7,9.6,5.3,Evening,5,132,71.2,66.44273618573153,4.75726381426847,4.75726381426847
Friday,20,Female,68.6,167.5,Intermediate,Swimming,5.34,7.79,88.6,100.0,4.95,1.65,1.19,0,5.0,106.2,56.3,92,57,15.6,-0.9,2389.0,0,Rest Day,0,0.0,0.0,0.0,0.0,0.0,0.0,0.0,0.0,0.0,,7,188,70.1,65.83575568422305,4.264244315776949,4.264244315776949
Thursday,46,Female,64.1,155.2,Intermediate,CrossFit,11.44,8.15,84.6,100.0,4.96,1.72,1.47,1,5.0,57.8,47.2,76,45,16.9,-0.46,3429.0,0,Rest Day,0,0.0,0.0,0.0,0.0,0.0,0.0,0.0,0.0,0.0,,7,194,66.7,54.15284872445973,12.547151275540273,12.547151275540273
Friday,19,Female,77.0,173.0,Intermediate,CrossFit,12.5,8.52,83.1,100.0,5.27,1.8,1.45,0,5.0,130.1,74.5,119,73,14.9,-0.23,3911.0,1,Yoga,52,2.93,137.7,157.8,122.0,22.3,19.2,8.7,1.8,0.0,Afternoon,11,328,95.8,78.79327899781995,17.006721002180043,17.006721002180043
Thursday,43,Male,75.0,176.3,Intermediate,Swimming,0.0,8.86,90.5,100.0,5.37,1.88,1.61,0,5.0,77.2,67.8,73,72,18.2,0.25,1400.0,0,Rest Day,0,0.0,0.0,0.0,0.0,0.0,0.0,0.0,0.0,0.0,,11,313,38.8,61.00042774666821,-22.20042774666821,22.20042774666821
Saturday,56,Female,62.7,164.5,Intermediate,Walking,9.99,8.6,96.4,100.0,5.1,1.82,1.68,0,5.0,67.7,58.2,66,63,13.9,-0.31,3242.0,0,Rest Day,0,0.0,0.0,0.0,0.0,0.0,0.0,0.0,0.0,0.0,,2,42,79.9,68.12446102531521,11.775538974684792,11.775538974684792
Saturday,43,Male,82.2,187.5,Advanced,Swimming,5.32,6.96,78.3,100.0,4.24,1.46,1.26,0,5.0,69.7,50.8,65,55,16.9,-0.39,2503.0,0,Rest Day,0,0.0,0.0,0.0,0.0,0.0,0.0,0.0,0.0,0.0,,9,245,81.6,58.765121785191916,22.83487821480808,22.83487821480808
Saturday,53,Male,95.1,180.5,Beginner,CrossFit,11.76,7.79,61.6,100.0,4.54,1.9,1.34,0,5.0,104.3,50.6,93,53,16.0,-0.19,3285.0,0,Rest Day,0,0.0,0.0,0.0,0.0,0.0,0.0,0.0,0.0,0.0,,5,140,59.1,71.8312285557601,-12.731228555760104,12.731228555760104
Thursday,38,Male,73.7,167.0,Intermediate,CrossFit,14.72,7.24,79.0,100.0,4.29,1.6,1.35,0,5.0,93.9,61.0,99,57,19.7,0.16,3452.0,1,Weight Training,59,11.82,143.9,162.1,558.0,3.1,14.0,19.0,15.8,7.1,Morning,2,47,57.4,64.81493017020942,-7.4149301702094235,7.4149301702094235
Thursday,21,Female,62.9,158.0,Intermediate,Cycling,12.2,7.5,89.3,100.0,4.61,1.64,1.25,0,5.0,43.2,56.0,42,52,16.7,-0.32,3498.0,1,CrossFit,53,11.08,155.6,175.5,471.0,3.2,11.4,15.9,16.9,5.7,Afternoon,9,250,34.3,56.34195210960095,-22.041952109600956,22.041952109600956
Monday,59,Female,79.4,170.7,Advanced,Weight Training,6.91,7.91,86.7,100.0,4.78,1.82,1.31,0,5.0,68.0,47.4,65,54,16.5,-0.33,2767.0,1,Weight Training,71,8.5,120.9,137.0,483.0,15.5,22.7,22.0,9.5,1.3,Evening,6,163,68.5,69.17727254765126,-0.6772725476512562,0.6772725476512562
Wednesday,26,Female,43.6,159.3,Beginner,Swimming,15.52,5.83,69.3,100.0,3.5,1.29,1.04,0,5.0,97.9,71.3,90,70,13.4,0.51,4094.0,1,Swimming,43,10.49,150.3,169.7,361.0,4.5,7.1,11.8,14.1,5.5,Afternoon,10,291,87.1,71.68865726226394,15.41134273773605,15.41134273773605
Thursday,33,Female,54.7,169.8,Beginner,CrossFit,14.73,7.96,92.0,100.0,4.82,1.87,1.27,0,5.0,72.8,60.1,87,50,14.0,-0.41,3937.0,1,Running,54,13.13,150.8,169.5,567.0,5.5,10.2,16.3,16.6,5.4,Morning,1,19,34.1,49.89438774315723,-15.79438774315723,15.79438774315723
Sunday,46,Male,98.1,190.0,Intermediate,Cycling,5.21,8.33,85.3,100.0,4.78,1.95,1.59,1,5.0,56.9,43.3,46,56,17.5,-0.1,2381.0,0,Rest Day,0,0.0,0.0,0.0,0.0,0.0,0.0,0.0,0.0,0.0,,6,162,86.0,82.10521203136688,3.894787968633125,3.894787968633125
Saturday,46,Female,64.1,155.2,Intermediate,CrossFit,3.52,7.62,83.1,100.0,4.55,1.86,1.22,0,5.0,80.8,44.8,76,45,13.7,-0.6,2387.0,0,Rest Day,0,0.0,0.0,0.0,0.0,0.0,0.0,0.0,0.0,0.0,,3,70,61.6,55.92044024328856,5.679559756711441,5.679559756711441
Thursday,24,Female,77.6,162.5,Elite,Walking,19.02,8.08,91.8,100.0,4.9,1.78,1.41,0,5.0,20.0,54.4,31,55,14.5,-0.24,4894.0,1,Walking,31,3.31,135.1,154.7,82.0,13.0,12.3,4.5,1.2,0.0,Evening,4,110,64.6,65.23782098688146,-0.637820986881465,0.637820986881465
Sunday,60,Female,74.3,164.2,Elite,HIIT,6.43,7.87,95.1,100.0,4.65,1.95,1.27,0,5.0,55.8,54.3,39,53,17.3,0.13,2959.0,1,HIIT,38,15.88,134.2,150.2,492.0,1.7,6.3,8.0,15.1,7.6,Evening,4,99,31.7,68.43657559448512,-36.73657559448512,36.73657559448512
Thursday,61,Female,58.3,160.5,Advanced,Yoga,8.73,5.54,61.8,100.0,3.12,1.34,1.09,2,10.9,96.1,60.4,92,59,16.0,-0.29,3072.0,1,Cycling,59,16.28,134.2,150.1,768.0,4.6,9.1,14.2,20.8,10.3,Morning,2,40,63.7,65.25209097290517,-1.5520909729051624,1.5520909729051624
Wednesday,60,Female,65.2,158.4,Elite,Cycling,11.87,9.39,91.1,100.0,5.94,1.92,1.53,1,5.0,67.0,68.8,98,72,14.3,-0.14,3568.0,1,Swimming,43,10.94,124.8,140.8,376.0,2.9,9.8,10.8,14.6,5.0,Afternoon,4,95,68.1,63.93624108196345,4.163758918036542,4.163758918036542
Monday,61,Male,92.2,174.7,Intermediate,Yoga,8.47,7.22,74.7,100.0,4.48,1.6,1.15,1,5.0,98.7,74.6,102,74,16.2,0.05,2705.0,1,Yoga,36,3.59,110.1,126.0,103.0,14.8,13.8,5.7,1.7,0.0,Evening,12,338,58.5,59.534915596257676,-1.034915596257676,1.034915596257676
Saturday,36,Male,75.2,169.2,Advanced,CrossFit,4.83,7.88,89.0,100.0,4.98,1.68,1.22,0,5.0,101.9,53.3,87,60,13.1,1.3,2318.0,1,CrossFit,50,7.81,136.7,155.1,312.0,10.4,14.7,14.2,8.8,1.9,Evening,8,217,81.1,64.8074356238396,16.2925643761604,16.2925643761604
Sunday,60,Male,75.0,195.8,Intermediate,Walking,9.49,7.64,83.1,100.0,4.55,1.57,1.51,0,5.0,72.5,62.6,78,67,19.5,-0.71,3028.0,0,Rest Day,0,0.0,0.0,0.0,0.0,0.0,0.0,0.0,0.0,0.0,,12,344,84.6,73.11055407136689,11.489445928633103,11.489445928633103
Monday,32,Male,81.8,168.2,Beginner,Walking,10.94,7.98,96.8,100.0,4.62,1.98,1.38,0,5.0,87.2,42.7,93,46,11.7,0.69,3241.0,1,HIIT,24,17.79,162.0,180.8,342.0,0.7,3.7,6.5,8.0,5.0,Afternoon,10,289,77.7,67.76816931959804,9.931830680401958,9.931830680401958
Friday,60,Male,88.3,180.4,Intermediate,HIIT,8.75,5.63,59.0,100.0,3.62,1.15,0.86,1,5.0,90.6,50.2,91,52,14.5,0.0,3096.0,0,Rest Day,0,0.0,0.0,0.0,0.0,0.0,0.0,0.0,0.0,0.0,,2,55,72.7,68.1098914007546,4.590108599245397,4.590108599245397
Saturday,56,Female,53.9,167.2,Beginner,Weight Training,0.0,6.24,72.0,100.0,3.75,1.39,1.11,0,5.0,142.4,54.3,101,59,14.9,0.09,1849.0,0,Rest Day,0,0.0,0.0,0.0,0.0,0.0,0.0,0.0,0.0,0.0,,11,322,69.2,83.33264202857247,-14.132642028572462,14.132642028572462
Friday,50,Male,87.8,180.1,Intermediate,Cycling,6.31,6.8,74.9,100.0,4.13,1.51,1.17,0,9.1,101.1,56.8,116,57,19.6,-0.27,2578.0,0,Rest Day,0,0.0,0.0,0.0,0.0,0.0,0.0,0.0,0.0,0.0,,4,104,68.8,52.71309510222283,16.086904897777167,16.086904897777167
Friday,39,Female,57.6,168.5,Advanced,Yoga,7.71,7.78,79.5,100.0,4.46,1.89,1.43,0,5.0,71.5,67.9,75,71,12.1,1.11,3077.0,0,Rest Day,0,0.0,0.0,0.0,0.0,0.0,0.0,0.0,0.0,0.0,,2,48,56.6,57.879595943883025,-1.2795959438830238,1.2795959438830238
Friday,50,Male,83.1,181.7,Intermediate,Swimming,8.97,6.12,71.2,100.0,3.59,1.32,1.21,0,5.0,92.9,40.0,83,49,17.1,-1.06,3013.0,1,HIIT,23,15.08,141.0,158.0,277.0,1.0,3.5,5.0,7.7,5.7,Morning,11,314,79.6,73.9182050438389,5.681794956161099,5.681794956161099
Monday,36,Female,51.4,174.0,Advanced,Weight Training,2.34,7.76,74.8,100.0,4.47,1.94,1.35,1,5.0,142.5,41.2,119,45,16.8,-0.67,2406.0,1,Weight Training,74,10.58,142.8,161.2,626.0,9.4,12.8,27.0,20.1,4.7,Morning,3,79,87.8,77.5961801801907,10.203819819809297,10.203819819809297
Friday,63,Female,49.6,165.6,Advanced,Yoga,13.04,6.55,93.0,100.0,3.9,1.43,1.22,0,5.0,28.5,62.4,39,60,15.8,0.29,3925.0,1,Yoga,43,4.28,110.1,125.8,147.0,18.6,16.4,5.9,2.2,0.0,Afternoon,3,83,60.6,61.510406637631185,-0.9104066376311835,0.9104066376311835
Thursday,19,Female,77.0,173.0,Intermediate,CrossFit,14.65,7.19,87.5,100.0,4.2,1.57,1.42,1,5.0,100.2,81.5,119,73,15.1,0.9,3675.0,0,Rest Day,0,0.0,0.0,0.0,0.0,0.0,0.0,0.0,0.0,0.0,,5,145,54.3,57.59962656668791,-3.2996265666879125,3.2996265666879125
Thursday,57,Female,71.1,164.9,Advanced,Weight Training,14.91,4.99,62.5,100.0,3.02,1.11,0.86,0,13.2,53.0,66.7,44,72,14.7,-0.19,3565.0,0,Rest Day,0,0.0,0.0,0.0,0.0,0.0,0.0,0.0,0.0,0.0,,8,215,83.1,77.38956897573665,5.710431024263343,5.710431024263343
Thursday,27,Female,58.5,165.4,Beginner,Running,5.81,7.05,85.9,100.0,4.35,1.46,1.24,1,5.0,107.6,45.6,104,49,20.7,0.69,2877.0,1,Swimming,30,10.91,150.5,169.8,267.0,2.4,5.2,9.7,9.2,4.0,Afternoon,6,152,43.5,64.89347826137794,-21.393478261377936,21.393478261377936
Sunday,45,Male,52.5,189.6,Advanced,Weight Training,10.49,8.26,89.1,100.0,5.11,1.68,1.47,0,5.0,83.5,55.7,83,55,17.3,0.46,3145.0,0,Rest Day,0,0.0,0.0,0.0,0.0,0.0,0.0,0.0,0.0,0.0,,3,78,78.3,63.598547606269456,14.701452393730541,14.701452393730541
Sunday,43,Male,75.0,176.3,Intermediate,Swimming,4.6,7.46,86.5,100.0,4.54,1.52,1.4,0,5.0,83.9,71.3,73,72,16.8,0.13,2305.0,0,Rest Day,0,0.0,0.0,0.0,0.0,0.0,0.0,0.0,0.0,0.0,,2,36,55.3,55.36945893575884,-0.06945893575884554,0.06945893575884554
Friday,36,Male,75.9,185.8,Advanced,Running,12.24,5.46,61.6,100.0,3.28,1.33,0.85,1,5.0,57.9,51.8,60,50,16.2,0.58,3396.0,1,Running,44,15.13,152.7,171.1,533.0,3.0,5.6,11.7,15.2,8.5,Afternoon,9,258,71.3,62.910407299834006,8.389592700165991,8.389592700165991
Wednesday,64,Male,78.0,179.0,Elite,Cycling,7.87,6.41,68.6,100.0,3.73,1.41,1.27,1,14.6,89.1,59.5,79,63,14.9,0.53,2890.0,1,Yoga,57,4.07,109.0,124.6,186.0,21.5,23.7,10.5,1.3,0.0,Afternoon,3,81,71.5,63.3520292893044,8.147970710695603,8.147970710695603
Monday,40,Female,81.1,158.8,Intermediate,Running,3.33,6.81,82.8,100.0,4.08,1.59,1.14,0,5.0,73.4,52.6,49,65,16.7,0.1,2337.0,0,Rest Day,0,0.0,0.0,0.0,0.0,0.0,0.0,0.0,0.0,0.0,,8,233,70.2,81.02011617675537,-10.820116176755363,10.820116176755363
Tuesday,51,Male,83.5,181.8,Intermediate,Swimming,10.28,7.05,91.9,100.0,4.14,1.69,1.23,0,5.0,88.8,68.4,70,72,16.0,-0.19,3369.0,0,Rest Day,0,0.0,0.0,0.0,0.0,0.0,0.0,0.0,0.0,0.0,,12,360,94.0,78.14891360312888,15.851086396871125,15.851086396871125
Wednesday,35,Male,61.0,176.7,Advanced,Running,11.23,8.04,91.7,100.0,4.54,1.96,1.54,0,5.0,86.8,62.5,61,66,15.9,0.19,3409.0,1,Running,39,16.7,157.0,175.5,521.0,3.5,5.2,9.7,13.3,7.3,Morning,4,116,78.3,72.72539263521998,5.574607364780022,5.574607364780022
Tuesday,60,Male,75.0,195.8,Intermediate,Walking,4.06,6.72,77.8,100.0,3.92,1.48,1.32,0,5.0,87.7,60.8,78,67,21.0,-0.22,2221.0,1,Weight Training,66,10.83,124.6,140.6,572.0,6.7,14.5,20.2,17.9,6.7,Evening,2,38,80.8,69.98737916393296,10.81262083606704,10.81262083606704
Monday,20,Female,68.6,163.8,Intermediate,Running,15.68,9.03,85.9,100.0,5.5,2.01,1.52,1,5.0,59.1,59.7,74,56,15.5,-0.41,4099.0,0,Rest Day,0,0.0,0.0,0.0,0.0,0.0,0.0,0.0,0.0,0.0,,8,240,73.1,57.310664663170975,15.78933533682902,15.78933533682902
Saturday,64,Male,78.0,179.0,Elite,Cycling,7.87,6.62,55.1,100.0,3.92,1.52,1.18,0,5.0,77.0,56.9,79,63,15.3,-0.3,2999.0,1,Cycling,115,14.41,128.2,143.8,1326.0,15.4,20.3,34.7,29.8,14.8,Morning,8,224,58.3,65.73420382724855,-7.434203827248552,7.434203827248552
Thursday,59,Male,82.7,181.0,Advanced,Cycling,19.24,8.63,88.5,100.0,5.1,2.13,1.4,0,5.0,95.8,75.0,101,74,15.9,0.04,4847.0,0,Rest Day,0,0.0,0.0,0.0,0.0,0.0,0.0,0.0,0.0,0.0,,2,47,84.4,68.40853113011283,15.991468869887171,15.991468869887171
Monday,51,Female,57.2,167.0,Intermediate,CrossFit,8.26,8.31,100.0,100.0,4.62,2.05,1.64,0,5.0,57.0,41.8,54,49,16.1,-0.47,2855.0,0,Rest Day,0,0.0,0.0,0.0,0.0,0.0,0.0,0.0,0.0,0.0,,9,247,80.2,79.24324466232775,0.9567553376722486,0.9567553376722486
Saturday,39,Male,86.3,181.7,Advanced,Yoga,10.17,8.1,91.2,100.0,5.13,1.67,1.3,0,5.0,103.5,61.2,106,60,11.5,0.09,3653.0,1,Yoga,46,4.17,126.6,144.7,154.0,16.3,19.6,7.2,2.1,0.8,Evening,10,287,64.3,60.30717258349308,3.9928274165069197,3.9928274165069197
Tuesday,55,Male,77.7,186.5,Advanced,Yoga,21.0,6.5,86.1,100.0,4.05,1.45,1.0,0,5.0,43.7,55.1,70,53,14.0,-0.17,4669.0,1,Yoga,36,3.88,114.9,131.4,112.0,16.1,15.5,4.3,0.1,0.0,Evening,4,101,67.9,61.53597173332835,6.364028266671653,6.364028266671653
Friday,25,Female,49.8,157.3,Beginner,Running,18.72,7.97,79.2,100.0,4.95,1.74,1.28,0,5.0,51.0,69.9,86,68,18.1,0.11,4384.0,0,Rest Day,0,0.0,0.0,0.0,0.0,0.0,0.0,0.0,0.0,0.0,,2,34,75.9,59.39959085244189,16.500409147558116,16.500409147558116
Friday,33,Male,85.0,187.1,Intermediate,Walking,10.38,6.98,71.4,100.0,4.18,1.67,1.13,0,5.8,65.6,66.0,69,65,18.8,0.3,3485.0,1,Walking,23,2.16,126.4,145.1,40.0,9.7,9.3,3.2,0.5,0.2,Evening,7,202,69.5,52.59296530104001,16.90703469895999,16.90703469895999
Saturday,37,Female,64.4,162.7,Intermediate,Walking,8.87,7.67,90.5,100.0,4.61,1.72,1.34,1,5.0,82.5,66.1,65,64,18.0,0.13,3156.0,1,Walking,54,2.12,123.6,141.9,91.0,19.7,19.3,10.0,5.0,0.0,Morning,6,154,52.6,60.29080553816292,-7.69080553816292,7.69080553816292
Saturday,46,Male,79.7,179.0,Elite,Weight Training,5.53,6.36,84.0,100.0,3.89,1.43,1.05,0,11.5,107.4,65.4,110,68,14.9,0.53,2823.0,1,Yoga,57,3.09,119.5,136.9,141.0,24.3,21.5,6.2,5.0,0.0,Morning,1,21,63.3,59.514151867199544,3.785848132800453,3.785848132800453
Thursday,20,Male,87.2,194.1,Elite,Running,16.19,7.73,87.4,100.0,4.46,1.88,1.39,0,5.0,20.7,59.7,39,56,14.5,-0.39,4230.0,1,Running,30,11.11,156.4,176.4,272.0,2.0,7.2,10.0,9.3,2.1,Evening,10,278,46.3,53.48083936833122,-7.18083936833122,7.18083936833122
Wednesday,45,Female,79.8,163.9,Intermediate,Cycling,9.34,6.52,60.7,100.0,3.71,1.55,1.26,0,5.0,71.5,67.6,81,73,17.8,-0.39,3336.0,1,Cycling,45,11.85,138.4,155.9,426.0,2.8,9.4,14.4,12.6,5.8,Evening,3,74,49.1,69.61714992175044,-20.517149921750438,20.517149921750438
Saturday,51,Male,94.6,187.9,Elite,Running,11.71,7.84,86.8,100.0,4.52,1.84,1.48,0,7.3,67.9,57.7,66,56,15.5,0.7,3197.0,0,Rest Day,0,0.0,0.0,0.0,0.0,0.0,0.0,0.0,0.0,0.0,,5,133,59.0,61.512844099072616,-2.512844099072616,2.512844099072616
Wednesday,44,Female,62.0,165.3,Intermediate,CrossFit,10.08,5.36,75.4,100.0,3.31,1.12,0.93,0,15.4,47.1,44.5,56,52,13.3,0.49,3206.0,0,Rest Day,0,0.0,0.0,0.0,0.0,0.0,0.0,0.0,0.0,0.0,,7,200,79.9,68.65148012983633,11.248519870163676,11.248519870163676
Monday,56,Female,83.0,169.4,Beginner,Running,9.17,7.51,83.0,100.0,4.5,1.7,1.31,1,7.7,54.0,51.1,44,49,13.0,0.75,3118.0,0,Rest Day,0,0.0,0.0,0.0,0.0,0.0,0.0,0.0,0.0,0.0,,10,289,64.9,56.47720673618133,8.422793263818676,8.422793263818676
Tuesday,55,Male,79.4,168.1,Advanced,Weight Training,15.86,7.8,96.0,100.0,4.84,1.57,1.39,0,5.0,80.8,73.7,88,73,17.8,0.07,3949.0,1,Weight Training,72,10.03,127.0,143.5,578.0,5.0,13.0,22.3,23.3,8.5,Evening,11,318,57.7,68.19807114920208,-10.498071149202076,10.498071149202076
Tuesday,45,Male,52.5,189.6,Advanced,Weight Training,8.36,7.57,86.1,100.0,4.63,1.8,1.14,0,5.0,75.8,54.5,83,55,16.3,-0.24,3250.0,1,Weight Training,55,8.09,130.6,148.1,361.0,10.6,17.7,19.7,6.6,1.1,Evening,9,269,9.4,60.68744839857695,-51.28744839857695,51.28744839857695
Wednesday,56,Female,83.0,169.4,Beginner,Running,15.83,7.67,89.8,100.0,4.58,1.69,1.4,0,5.0,27.6,47.8,44,49,14.8,-0.42,4399.0,0,Rest Day,0,0.0,0.0,0.0,0.0,0.0,0.0,0.0,0.0,0.0,,9,270,74.1,70.89137047167036,3.208629528329638,3.208629528329638
Monday,63,Female,52.0,159.2,Intermediate,Weight Training,8.43,8.45,88.8,100.0,5.22,1.71,1.51,0,5.0,64.4,57.1,66,56,16.6,-0.82,3191.0,0,Rest Day,0,0.0,0.0,0.0,0.0,0.0,0.0,0.0,0.0,0.0,,2,58,40.8,56.98833968199282,-16.188339681992822,16.188339681992822
Sunday,30,Female,54.8,168.6,Intermediate,CrossFit,8.23,8.15,94.2,100.0,4.76,1.94,1.45,0,5.0,54.8,58.6,45,60,18.3,0.41,3060.0,0,Rest Day,0,0.0,0.0,0.0,0.0,0.0,0.0,0.0,0.0,0.0,,4,106,87.3,60.857153782899495,26.442846217100502,26.442846217100502
Sunday,56,Male,105.2,157.5,Beginner,Weight Training,5.01,7.51,85.6,100.0,4.5,1.73,1.28,0,5.0,109.2,55.6,93,63,15.8,-0.24,3007.0,0,Rest Day,0,0.0,0.0,0.0,0.0,0.0,0.0,0.0,0.0,0.0,,7,183,70.9,73.6167144678064,-2.7167144678063977,2.7167144678063977
Monday,40,Male,70.6,179.0,Beginner,Yoga,8.38,7.11,81.9,100.0,4.31,1.48,1.32,0,5.0,57.3,53.3,53,58,20.3,0.48,3243.0,1,Yoga,43,5.2,128.1,146.1,179.0,8.7,14.9,12.9,5.7,0.8,Evening,7,191,88.7,71.91158628003978,16.788413719960218,16.788413719960218
Monday,41,Male,55.3,172.6,Intermediate,Weight Training,12.16,6.36,75.1,100.0,3.67,1.53,1.16,0,5.0,78.4,47.3,86,54,16.3,-0.44,3495.0,1,Yoga,54,5.34,127.7,145.6,231.0,8.5,17.3,14.5,10.3,3.3,Evening,9,247,56.9,82.81681524504677,-25.91681524504677,25.91681524504677
Wednesday,45,Female,67.2,172.3,Intermediate,Yoga,11.69,6.69,64.5,100.0,4.17,1.41,1.11,0,13.7,65.9,47.9,64,49,14.6,0.18,3738.0,1,Yoga,55,4.47,123.1,140.6,196.0,23.0,21.8,8.3,0.2,1.7,Afternoon,7,193,69.0,71.44685236773068,-2.446852367730685,2.446852367730685
Tuesday,40,Male,85.2,181.0,Advanced,Walking,9.51,6.89,71.0,100.0,3.98,1.67,1.25,1,5.0,108.6,69.6,88,68,16.2,0.06,3140.0,1,Swimming,49,15.27,149.7,167.7,599.0,3.3,6.9,11.1,16.0,11.7,Afternoon,5,122,58.9,74.96198540549413,-16.061985405494134,16.061985405494134
Tuesday,41,Female,71.9,159.2,Beginner,Yoga,18.62,6.82,87.9,100.0,4.15,1.46,1.21,1,5.0,45.6,59.3,66,49,14.7,-0.05,4738.0,0,Rest Day,0,0.0,0.0,0.0,0.0,0.0,0.0,0.0,0.0,0.0,,4,94,38.1,51.83201567530481,-13.732015675304808,13.732015675304808
Friday,45,Female,58.0,169.6,Beginner,Running,7.74,8.51,88.6,100.0,4.95,2.12,1.44,0,5.0,44.9,43.3,57,45,16.5,0.16,3364.0,1,Running,41,10.28,135.2,152.7,341.0,5.5,9.5,13.4,10.4,2.5,Morning,12,356,38.6,53.429357047232806,-14.829357047232804,14.829357047232804
Sunday,29,Male,89.8,173.0,Elite,Swimming,9.56,8.0,89.5,100.0,4.55,1.9,1.56,0,5.0,82.4,70.4,73,72,18.9,0.02,3340.0,1,Walking,27,2.27,129.3,148.4,49.0,11.4,10.9,3.1,0.7,0.9,Morning,3,71,75.0,68.88463650784915,6.115363492150848,6.115363492150848
Tuesday,24,Male,75.0,169.8,Advanced,Swimming,19.23,4.44,60.1,100.0,2.86,0.9,0.68,0,5.0,75.0,68.2,97,63,18.8,-0.35,4789.0,1,Swimming,46,13.37,158.6,178.2,492.0,6.4,9.5,14.6,12.3,3.1,Evening,8,227,64.9,58.23742108703901,6.662578912960996,6.662578912960996
Thursday,38,Female,70.6,163.3,Intermediate,Cycling,16.36,5.05,93.7,100.0,2.99,1.06,0.99,0,5.0,62.8,62.9,75,58,17.0,-0.19,4053.0,1,Cycling,93,13.87,148.3,166.5,1032.0,12.6,20.4,28.6,25.2,6.2,Evening,8,236,73.9,63.198141130980936,10.70185886901907,10.70185886901907
Monday,38,Male,73.7,167.0,Intermediate,CrossFit,12.32,6.49,85.7,100.0,3.91,1.53,1.06,0,6.1,93.4,59.6,99,57,13.1,0.14,3931.0,1,Yoga,55,5.58,130.4,148.6,246.0,10.3,16.2,17.2,8.4,2.8,Morning,5,121,58.8,63.367454155502834,-4.567454155502837,4.567454155502837
Thursday,40,Male,76.0,170.1,Advanced,Cycling,18.77,7.85,89.5,100.0,4.57,1.88,1.41,0,5.0,56.9,60.5,87,60,17.1,-0.19,4825.0,1,Cycling,84,14.12,147.3,165.3,949.0,8.9,19.0,22.9,23.9,9.4,Evening,7,187,58.1,61.73793207902907,-3.6379320790290706,3.6379320790290706
Thursday,62,Male,80.2,182.8,Advanced,Weight Training,8.4,8.37,100.0,100.0,4.69,2.03,1.65,0,5.0,56.0,46.4,61,53,16.5,-0.93,3109.0,0,Rest Day,0,0.0,0.0,0.0,0.0,0.0,0.0,0.0,0.0,0.0,,6,180,33.7,64.30586363670837,-30.605863636708364,30.605863636708364
Thursday,56,Male,90.9,171.6,Intermediate,Swimming,14.17,7.68,89.1,100.0,4.73,1.67,1.28,0,5.0,94.1,60.1,103,62,18.2,-0.39,3984.0,1,Cycling,89,12.52,131.0,147.4,893.0,10.9,17.9,26.0,23.9,10.4,Afternoon,11,334,35.3,68.3518681425346,-33.0518681425346,33.0518681425346
Sunday,63,Male,71.4,152.8,Beginner,CrossFit,7.28,7.51,93.7,100.0,4.32,1.77,1.41,0,5.0,32.9,56.5,33,59,16.5,0.09,2695.0,0,Rest Day,0,0.0,0.0,0.0,0.0,0.0,0.0,0.0,0.0,0.0,,3,78,55.9,56.075213165147964,-0.1752131651479658,0.1752131651479658
Friday,47,Female,66.0,157.5,Intermediate,Swimming,9.21,9.1,99.5,100.0,5.33,2.16,1.6,1,5.0,22.7,74.8,34,74,19.2,0.47,3212.0,1,Swimming,38,12.39,138.0,155.3,384.0,4.2,9.0,10.6,11.4,3.5,Evening,11,307,48.5,51.536407168969546,-3.0364071689695464,3.0364071689695464
Friday,62,Female,64.5,167.9,Intermediate,Walking,10.2,6.95,65.1,100.0,4.01,1.56,1.38,2,5.0,96.4,44.6,114,50,13.8,-0.1,3368.0,0,Rest Day,0,0.0,0.0,0.0,0.0,0.0,0.0,0.0,0.0,0.0,,9,251,40.4,62.64568858435714,-22.24568858435714,22.24568858435714
Wednesday,28,Male,93.7,167.0,Intermediate,Running,19.78,8.25,88.0,100.0,4.72,1.93,1.6,1,5.0,25.6,48.2,38,50,12.3,0.11,4792.0,0,Rest Day,0,0.0,0.0,0.0,0.0,0.0,0.0,0.0,0.0,0.0,,8,242,100.0,74.98103222713489,25.01896777286511,25.01896777286511
Wednesday,28,Female,60.3,171.9,Elite,HIIT,11.08,6.16,58.2,100.0,3.91,1.28,0.97,1,26.5,90.1,66.8,83,70,17.4,0.19,3359.0,1,HIIT,34,19.73,169.9,189.1,537.0,1.9,5.4,8.0,11.9,6.8,Morning,1,3,97.5,80.32604494261646,17.173955057383537,17.173955057383537
Friday,25,Female,49.8,157.3,Beginner,Running,15.86,7.54,81.6,100.0,4.54,1.85,1.15,0,5.0,80.5,69.0,86,68,14.9,0.46,4065.0,0,Rest Day,0,0.0,0.0,0.0,0.0,0.0,0.0,0.0,0.0,0.0,,7,209,52.3,61.75090258612002,-9.450902586120023,9.450902586120023
Tuesday,31,Male,77.2,181.7,Advanced,Weight Training,8.98,7.08,88.4,100.0,4.37,1.54,1.17,1,5.0,69.0,45.6,64,53,16.7,-0.22,3332.0,1,Swimming,37,15.26,157.2,176.1,452.0,1.2,4.3,9.1,12.5,9.9,Morning,11,318,84.6,76.76901377617934,7.830986223820659,7.830986223820659
Wednesday,58,Male,75.9,190.5,Intermediate,HIIT,11.46,7.04,86.5,100.0,4.2,1.66,1.17,0,5.0,64.2,58.2,60,59,15.1,0.45,3412.0,0,Rest Day,0,0.0,0.0,0.0,0.0,0.0,0.0,0.0,0.0,0.0,,1,25,76.6,63.19888085938013,13.401119140619862,13.401119140619862
Wednesday,50,Male,102.4,173.8,Intermediate,Running,15.41,4.74,75.1,100.0,2.87,1.03,0.84,0,5.0,68.8,59.9,76,61,14.4,0.23,3947.0,0,Rest Day,0,0.0,0.0,0.0,0.0,0.0,0.0,0.0,0.0,0.0,,10,291,87.1,68.74180256247796,18.358197437522037,18.358197437522037
Monday,28,Female,78.9,166.0,Beginner,Yoga,6.66,7.57,88.2,100.0,4.76,1.52,1.29,0,5.0,92.3,57.0,86,63,16.9,-0.48,2514.0,0,Rest Day,0,0.0,0.0,0.0,0.0,0.0,0.0,0.0,0.0,0.0,,5,142,71.7,69.40487671150373,2.2951232884962707,2.2951232884962707
Friday,31,Male,65.2,182.5,Elite,Yoga,4.84,7.54,93.7,100.0,4.77,1.58,1.18,0,5.0,103.4,60.2,103,70,14.1,-0.12,2721.0,1,Swimming,35,11.31,148.3,167.2,317.0,4.7,5.3,9.8,10.5,4.8,Afternoon,10,286,89.9,60.14329261690496,29.756707383095048,29.756707383095048
Wednesday,49,Male,74.0,163.1,Intermediate,Running,17.12,8.05,89.4,100.0,4.88,1.92,1.25,0,5.0,51.4,66.3,65,62,16.1,0.18,4072.0,0,Rest Day,0,0.0,0.0,0.0,0.0,0.0,0.0,0.0,0.0,0.0,,5,123,80.9,58.605797307614395,22.29420269238561,22.29420269238561
Thursday,60,Female,72.7,169.5,Intermediate,Cycling,18.8,6.11,75.2,100.0,3.58,1.39,1.14,0,7.0,20.0,70.0,45,66,18.3,-0.3,4929.0,1,Cycling,62,11.85,126.6,142.6,588.0,7.8,14.4,15.8,17.7,6.3,Afternoon,3,75,67.5,61.195782852820194,6.304217147179806,6.304217147179806
Friday,57,Male,64.2,179.1,Beginner,HIIT,8.85,8.94,79.7,100.0,5.25,2.07,1.61,0,5.0,123.7,51.3,100,49,11.0,-0.37,3406.0,1,Swimming,43,12.59,130.4,146.7,435.0,3.4,9.2,12.6,13.4,4.6,Afternoon,7,195,45.3,77.43306719284251,-32.13306719284252,32.13306719284252
Sunday,50,Male,71.0,170.3,Elite,Weight Training,7.37,5.74,76.7,100.0,3.45,1.25,1.04,0,5.0,107.6,55.3,107,60,18.8,-0.29,3054.0,1,CrossFit,56,16.47,143.8,160.8,738.0,2.9,9.1,12.4,20.4,11.3,Morning,2,57,74.0,65.9499480767527,8.050051923247295,8.050051923247295
Friday,60,Female,56.4,155.1,Elite,HIIT,7.37,8.24,98.0,100.0,4.69,2.05,1.5,0,5.0,48.9,48.3,57,45,18.5,-0.5,2650.0,1,Running,74,7.25,117.8,133.8,434.0,14.3,22.4,21.7,10.3,6.1,Afternoon,1,13,48.8,58.29393501131888,-9.493935011318882,9.493935011318882
Tuesday,37,Female,70.8,166.3,Advanced,HIIT,12.49,5.62,80.5,100.0,3.37,1.25,1.01,1,6.4,74.4,60.0,73,59,18.2,0.05,3275.0,1,HIIT,25,14.26,150.0,168.3,285.0,3.0,4.7,7.2,7.2,2.9,Morning,5,129,61.0,62.518841698922095,-1.5188416989220954,1.5188416989220954
Sunday,50,Female,63.5,175.0,Intermediate,Running,7.31,8.49,93.4,100.0,4.97,1.9,1.62,0,5.0,91.4,65.6,95,70,19.1,-0.36,3002.0,1,Weight Training,64,10.93,132.6,149.6,559.0,7.5,12.5,18.6,16.6,8.9,Evening,11,309,51.1,64.68865682442112,-13.588656824421115,13.588656824421115
Monday,50,Female,70.3,176.6,Advanced,Weight Training,13.22,8.13,90.9,100.0,4.63,1.92,1.58,0,5.0,88.2,77.6,75,74,18.2,0.49,3681.0,1,Weight Training,45,12.75,136.3,153.3,459.0,5.8,7.3,13.3,14.6,4.1,Afternoon,6,170,64.8,59.47465977034699,5.325340229653008,5.325340229653008
Friday,41,Female,72.0,149.4,Intermediate,HIIT,13.78,7.09,75.6,100.0,4.25,1.45,1.38,1,5.0,84.6,57.2,99,53,17.6,-0.92,3886.0,0,Rest Day,0,0.0,0.0,0.0,0.0,0.0,0.0,0.0,0.0,0.0,,5,132,72.9,59.18466020489977,13.715339795100235,13.715339795100235
Saturday,43,Male,76.7,177.8,Intermediate,Running,7.93,7.4,79.9,100.0,4.53,1.69,1.18,0,5.0,70.6,44.8,73,48,15.8,-0.62,2877.0,0,Rest Day,0,0.0,0.0,0.0,0.0,0.0,0.0,0.0,0.0,0.0,,4,105,50.7,59.66280255030951,-8.962802550309505,8.962802550309505
Thursday,55,Male,77.7,186.5,Advanced,Yoga,15.24,6.8,85.4,100.0,3.97,1.53,1.29,0,5.0,69.8,54.6,70,53,14.7,-0.02,3896.0,1,Yoga,54,2.12,111.4,127.9,91.0,21.8,21.1,7.0,4.1,0.0,Evening,3,82,81.3,63.8872569799229,17.412743020077095,17.412743020077095
Tuesday,29,Male,75.4,178.8,Elite,Running,6.42,7.98,100.0,100.0,4.86,1.81,1.31,0,5.0,59.9,59.3,73,58,14.2,0.33,2752.0,1,Running,30,13.33,154.5,173.6,326.0,4.5,6.9,7.9,8.0,3.3,Evening,8,234,41.5,49.004966786600356,-7.504966786600356,7.504966786600356
Monday,53,Male,89.0,181.2,Advanced,CrossFit,14.34,8.11,100.0,100.0,5.04,1.81,1.25,0,5.0,110.4,62.1,115,63,20.0,1.0,3601.0,0,Rest Day,0,0.0,0.0,0.0,0.0,0.0,0.0,0.0,0.0,0.0,,6,163,47.9,71.5438791004596,-23.643879100459607,23.643879100459607
Friday,20,Male,58.2,183.9,Beginner,CrossFit,6.12,8.18,92.4,100.0,4.97,1.67,1.53,0,5.0,36.4,51.0,45,55,15.8,-0.14,3010.0,0,Rest Day,0,0.0,0.0,0.0,0.0,0.0,0.0,0.0,0.0,0.0,,3,83,61.6,59.238517370412964,2.3614826295870373,2.3614826295870373
Saturday,31,Male,61.3,180.4,Intermediate,CrossFit,1.92,6.75,69.2,100.0,4.05,1.67,1.03,0,5.0,114.1,53.9,89,62,18.7,0.01,1661.0,1,CrossFit,63,14.95,156.5,175.4,754.0,4.2,10.8,23.4,17.6,7.0,Evening,10,294,100.0,82.46111916000883,17.538880839991165,17.538880839991165
Monday,59,Female,79.4,170.7,Advanced,Weight Training,15.44,8.84,81.0,100.0,5.21,2.19,1.43,0,5.0,53.3,58.2,65,54,12.4,-0.26,4102.0,1,HIIT,40,16.68,136.6,152.7,534.0,0.7,6.8,10.9,13.4,8.1,Evening,5,121,60.2,61.08682015952743,-0.8868201595274243,0.8868201595274243
Friday,26,Male,83.9,169.0,Advanced,CrossFit,7.91,7.65,93.3,100.0,4.86,1.56,1.22,0,5.0,50.5,45.8,44,49,16.9,0.46,2821.0,1,Walking,57,2.8,132.6,152.0,128.0,21.6,24.6,7.9,1.5,1.4,Afternoon,3,62,68.0,63.83304906869908,4.166950931300917,4.166950931300917
Thursday,31,Male,65.2,182.5,Elite,Yoga,12.26,6.97,88.3,100.0,4.19,1.53,1.25,1,5.0,107.1,70.0,103,70,13.5,0.4,3838.0,1,Yoga,51,4.94,134.0,152.9,201.0,19.7,21.0,6.4,3.9,0.0,Morning,3,75,50.5,67.03275093136654,-16.532750931366536,16.532750931366536
Friday,49,Male,74.0,163.1,Intermediate,Running,11.85,8.39,90.8,100.0,5.2,1.86,1.33,0,5.0,77.5,56.9,65,62,15.9,0.53,3826.0,1,Weight Training,62,9.54,130.6,147.7,473.0,13.1,22.1,18.7,6.7,1.4,Morning,4,118,79.9,78.46502943860605,1.4349705613939534,1.4349705613939534
Monday,37,Male,67.3,179.3,Advanced,CrossFit,8.94,6.74,75.2,100.0,3.95,1.67,1.12,2,5.0,73.2,55.5,77,58,13.8,-0.26,3329.0,1,CrossFit,59,13.99,149.4,167.7,660.0,7.3,9.8,17.1,20.7,4.1,Evening,10,296,58.1,57.70021896263525,0.3997810373647539,0.3997810373647539
Thursday,35,Male,73.1,181.5,Intermediate,Walking,11.88,5.85,85.9,100.0,3.57,1.24,1.04,0,5.0,106.2,73.1,110,71,17.7,0.08,3400.0,1,Walking,57,3.79,128.6,147.1,173.0,21.2,21.6,10.9,2.4,0.9,Evening,4,96,63.1,61.321534048615405,1.7784659513845966,1.7784659513845966
Tuesday,28,Female,86.8,151.2,Intermediate,Running,10.43,7.39,83.9,100.0,4.25,1.67,1.47,1,5.0,71.3,63.9,61,63,16.4,0.49,3315.0,0,Rest Day,0,0.0,0.0,0.0,0.0,0.0,0.0,0.0,0.0,0.0,,2,52,58.9,65.18036522564523,-6.280365225645234,6.280365225645234
Monday,64,Male,78.0,179.0,Elite,Cycling,11.0,6.08,90.0,100.0,3.58,1.45,1.05,0,5.0,82.3,71.3,79,63,18.9,-0.44,3588.0,1,Cycling,104,12.98,125.5,141.1,1080.0,10.4,21.5,33.9,30.5,7.7,Evening,3,65,55.7,54.22874447496857,1.471255525031431,1.471255525031431
Saturday,38,Female,70.6,163.3,Intermediate,Cycling,7.83,6.23,75.1,100.0,3.89,1.38,0.97,1,5.0,73.8,50.6,75,58,14.4,0.92,3084.0,0,Rest Day,0,0.0,0.0,0.0,0.0,0.0,0.0,0.0,0.0,0.0,,5,126,66.9,69.56513708408532,-2.665137084085316,2.665137084085316
Friday,53,Female,67.4,166.0,Advanced,Swimming,4.89,6.56,62.8,100.0,3.82,1.62,1.12,0,7.7,50.4,48.6,63,51,18.0,-0.29,2168.0,0,Rest Day,0,0.0,0.0,0.0,0.0,0.0,0.0,0.0,0.0,0.0,,1,13,41.7,54.962136014298856,-13.262136014298854,13.262136014298854
Saturday,24,Female,77.6,162.5,Elite,Walking,4.92,8.21,88.7,100.0,4.76,1.9,1.56,0,5.0,64.6,55.3,31,55,17.1,0.63,2564.0,1,HIIT,37,14.82,162.0,181.6,439.0,4.4,6.3,9.7,11.6,5.0,Morning,2,35,71.5,67.71669421464385,3.7833057853561485,3.7833057853561485
Wednesday,33,Male,76.8,178.4,Intermediate,Swimming,9.28,6.19,77.6,100.0,3.52,1.48,1.19,1,5.0,92.4,65.4,75,69,12.8,0.61,3599.0,1,CrossFit,49,18.45,162.6,181.3,723.0,2.2,7.1,11.3,17.5,10.9,Evening,3,74,65.1,73.06291231276379,-7.962912312763791,7.962912312763791
Tuesday,50,Male,83.1,181.7,Intermediate,Swimming,21.0,6.25,81.4,100.0,3.78,1.51,0.95,1,8.9,58.1,51.9,83,49,16.5,-0.26,4914.0,0,Rest Day,0,0.0,0.0,0.0,0.0,0.0,0.0,0.0,0.0,0.0,,4,115,55.3,62.44014000771553,-7.14014000771553,7.14014000771553
Thursday,55,Male,57.5,189.8,Intermediate,Swimming,15.38,5.45,78.1,100.0,3.19,1.23,1.03,0,5.0,20.0,69.9,31,74,16.0,0.04,4161.0,1,HIIT,41,13.21,133.2,149.7,433.0,4.3,7.4,12.9,12.7,3.6,Morning,7,201,91.3,70.70621723555047,20.59378276444953,20.59378276444953
Sunday,54,Male,71.6,177.2,Advanced,Cycling,3.36,5.66,81.7,100.0,3.32,1.22,1.12,1,6.2,89.8,49.6,76,52,14.1,0.01,2476.0,0,Rest Day,0,0.0,0.0,0.0,0.0,0.0,0.0,0.0,0.0,0.0,,12,358,100.0,67.94942176778638,32.050578232213624,32.050578232213624
Saturday,20,Male,58.2,183.9,Beginner,CrossFit,7.01,7.49,89.0,100.0,4.24,1.86,1.39,0,5.0,36.8,54.0,45,55,19.6,0.22,3144.0,0,Rest Day,0,0.0,0.0,0.0,0.0,0.0,0.0,0.0,0.0,0.0,,3,63,64.9,56.725452768036114,8.174547231963892,8.174547231963892
Friday,62,Female,64.5,167.9,Intermediate,Walking,11.15,7.09,80.7,100.0,4.28,1.53,1.28,1,5.0,123.3,43.1,114,50,15.9,-0.6,3537.0,0,Rest Day,0,0.0,0.0,0.0,0.0,0.0,0.0,0.0,0.0,0.0,,10,300,40.1,79.21392374700436,-39.11392374700436,39.11392374700436
Monday,60,Female,56.4,155.1,Elite,HIIT,5.22,8.24,89.2,100.0,4.94,1.92,1.38,0,5.0,95.3,40.0,57,45,13.9,0.01,2358.0,1,Swimming,36,14.53,131.7,147.7,419.0,1.8,7.5,11.6,11.1,4.0,Afternoon,8,226,100.0,81.78262373737077,18.21737626262923,18.21737626262923
Tuesday,54,Female,68.5,166.7,Beginner,Weight Training,16.16,7.97,86.6,100.0,4.85,1.79,1.33,0,5.2,43.6,64.8,52,58,16.1,-0.14,4046.0,0,Rest Day,0,0.0,0.0,0.0,0.0,0.0,0.0,0.0,0.0,0.0,,6,178,47.0,57.65464784209394,-10.654647842093937,10.654647842093937
Saturday,28,Female,60.3,171.9,Elite,HIIT,2.91,6.92,82.8,100.0,4.35,1.43,1.15,0,5.0,102.9,62.6,83,70,14.1,0.83,1883.0,0,Rest Day,0,0.0,0.0,0.0,0.0,0.0,0.0,0.0,0.0,0.0,,6,168,90.4,72.31981499736293,18.08018500263708,18.08018500263708
Thursday,53,Male,61.6,167.9,Beginner,Walking,6.59,8.34,92.4,100.0,5.02,1.83,1.49,0,5.0,27.9,48.3,40,53,20.5,0.48,2644.0,0,Rest Day,0,0.0,0.0,0.0,0.0,0.0,0.0,0.0,0.0,0.0,,3,89,58.4,67.23601931489075,-8.836019314890756,8.836019314890756
Wednesday,23,Male,77.7,174.1,Beginner,Walking,18.55,5.78,82.6,100.0,3.5,1.2,1.08,0,5.0,88.1,57.6,78,55,16.8,-0.16,4823.0,0,Rest Day,0,0.0,0.0,0.0,0.0,0.0,0.0,0.0,0.0,0.0,,6,165,78.1,69.65858674797084,8.44141325202915,8.44141325202915
Sunday,42,Male,72.4,185.0,Intermediate,HIIT,6.92,6.47,62.8,100.0,4.05,1.33,1.1,1,5.0,59.9,63.0,30,67,17.3,-0.77,2593.0,1,HIIT,42,14.27,145.9,163.7,480.0,4.3,9.1,13.4,11.8,3.4,Morning,5,148,73.8,78.14377916225368,-4.343779162253682,4.343779162253682
Sunday,41,Male,75.1,170.1,Intermediate,Swimming,4.84,7.3,79.9,100.0,4.4,1.53,1.38,0,5.0,106.5,57.1,112,61,16.1,-0.24,2228.0,0,Rest Day,0,0.0,0.0,0.0,0.0,0.0,0.0,0.0,0.0,0.0,,4,92,53.9,56.72471786681019,-2.8247178668101895,2.8247178668101895
Tuesday,62,Female,45.2,166.6,Intermediate,Running,12.37,7.94,96.5,100.0,4.47,1.96,1.52,0,5.0,89.3,45.6,106,49,19.3,-0.33,3816.0,0,Rest Day,0,0.0,0.0,0.0,0.0,0.0,0.0,0.0,0.0,0.0,,2,52,67.1,63.80516374235728,3.2948362576427144,3.2948362576427144
Saturday,31,Male,96.4,168.9,Advanced,HIIT,9.76,7.72,94.4,100.0,4.89,1.62,1.21,0,5.0,109.0,51.7,110,55,18.1,-0.42,3208.0,1,Swimming,59,7.16,139.0,157.9,338.0,10.3,17.4,20.3,8.5,2.6,Morning,3,84,62.2,66.0522068982608,-3.8522068982608033,3.8522068982608033
Friday,25,Female,78.7,165.9,Intermediate,Weight Training,7.83,7.78,100.0,100.0,4.83,1.79,1.17,0,5.0,80.2,73.7,77,73,18.7,0.34,2921.0,0,Rest Day,0,0.0,0.0,0.0,0.0,0.0,0.0,0.0,0.0,0.0,,6,153,45.5,53.412682614142724,-7.9126826141427244,7.9126826141427244
Monday,23,Male,91.1,185.9,Beginner,Yoga,9.35,7.6,90.9,100.0,4.34,1.85,1.41,0,5.0,84.6,57.1,69,63,18.2,-0.28,3502.0,0,Rest Day,0,0.0,0.0,0.0,0.0,0.0,0.0,0.0,0.0,0.0,,8,240,53.3,70.8232274341452,-17.5232274341452,17.5232274341452
Tuesday,45,Female,58.0,169.6,Beginner,Running,15.29,7.74,99.9,100.0,4.52,1.79,1.43,0,5.0,56.1,44.7,57,45,17.6,0.13,4169.0,1,Running,86,12.24,139.3,156.8,842.0,7.6,17.2,27.0,25.7,8.6,Morning,5,122,85.6,65.87302422595485,19.726975774045144,19.726975774045144
Thursday,32,Male,103.8,183.1,Advanced,Running,7.4,5.93,60.5,100.0,3.43,1.47,1.04,0,5.0,56.0,66.9,46,72,16.9,-0.09,2519.0,1,Running,64,16.33,158.8,177.6,836.0,1.8,9.6,14.2,26.4,12.1,Evening,5,145,59.0,73.71293430568274,-14.712934305682737,14.712934305682737
Thursday,25,Male,65.4,171.1,Advanced,Weight Training,6.79,6.34,72.8,100.0,3.88,1.4,1.06,0,5.0,120.0,46.1,108,48,15.6,0.95,2673.0,1,Weight Training,64,8.39,146.2,165.7,429.0,13.6,18.9,19.1,11.7,0.7,Afternoon,10,292,63.6,70.78654417552603,-7.186544175526031,7.186544175526031
Thursday,23,Male,77.7,174.1,Beginner,Walking,17.2,7.34,74.2,100.0,4.59,1.49,1.26,0,5.0,56.9,59.1,78,55,17.4,-0.36,4572.0,0,Rest Day,0,0.0,0.0,0.0,0.0,0.0,0.0,0.0,0.0,0.0,,1,4,56.9,62.04689739067474,-5.146897390674738,5.146897390674738
Thursday,21,Female,62.9,158.0,Intermediate,Cycling,8.68,7.0,100.0,100.0,4.36,1.53,1.1,0,5.0,51.9,49.6,42,52,18.8,-0.81,2878.0,1,Cycling,110,15.67,166.5,186.4,1379.0,6.8,15.8,27.2,37.6,22.6,Afternoon,2,40,60.1,67.14107301988642,-7.041073019886419,7.041073019886419
Friday,47,Female,38.1,179.1,Elite,HIIT,2.39,8.19,75.9,100.0,4.94,1.75,1.5,1,5.0,132.2,68.3,97,73,15.2,0.05,2064.0,1,HIIT,24,16.9,147.3,164.6,324.0,0.7,2.5,6.1,10.0,4.6,Afternoon,4,97,100.0,76.9673874527876,23.032612547212395,23.032612547212395
Wednesday,33,Male,76.8,178.4,Intermediate,Swimming,4.9,6.79,93.3,100.0,4.28,1.45,1.06,0,5.0,77.3,68.2,75,69,11.6,0.27,1996.0,1,Swimming,51,13.63,151.9,170.6,556.0,5.8,8.2,15.1,15.0,6.9,Morning,3,67,56.9,56.46421133316303,0.43578866683697015,0.43578866683697015
Saturday,58,Male,93.7,181.0,Beginner,Cycling,6.6,8.25,95.8,100.0,5.24,1.76,1.25,0,5.0,71.5,46.2,36,52,15.9,0.43,2748.0,1,Cycling,69,14.08,132.5,148.7,777.0,9.8,13.9,22.9,16.8,5.6,Morning,9,259,100.0,87.48024529158539,12.51975470841461,12.51975470841461
Saturday,32,Female,53.7,167.4,Advanced,CrossFit,8.79,6.92,85.0,100.0,4.42,1.4,1.1,0,5.0,53.9,50.3,47,56,16.2,-0.57,3060.0,1,Walking,21,3.75,130.6,149.4,63.0,7.8,8.3,2.8,1.2,1.0,Evening,6,168,82.2,63.30881933701049,18.891180662989512,18.891180662989512
Sunday,48,Female,73.0,169.2,Intermediate,CrossFit,6.89,7.04,79.6,100.0,3.96,1.74,1.33,4,5.0,59.0,57.3,56,57,16.4,-0.26,2980.0,1,CrossFit,72,17.08,146.8,164.0,984.0,3.1,7.8,21.0,25.8,14.3,Afternoon,8,239,77.6,69.1113393827185,8.488660617281496,8.488660617281496
Monday,23,Male,77.7,174.1,Beginner,Walking,4.95,6.85,64.3,100.0,4.13,1.61,1.11,1,5.0,84.6,54.8,78,55,10.9,0.3,2522.0,0,Rest Day,0,0.0,0.0,0.0,0.0,0.0,0.0,0.0,0.0,0.0,,12,359,81.8,55.536708564534614,26.263291435465383,26.263291435465383
Friday,45,Male,58.1,169.8,Intermediate,Swimming,14.07,8.15,95.5,100.0,4.9,1.7,1.55,0,5.0,45.9,58.9,34,63,17.0,0.58,3829.0,0,Rest Day,0,0.0,0.0,0.0,0.0,0.0,0.0,0.0,0.0,0.0,,4,118,80.9,72.49027970441767,8.409720295582332,8.409720295582332
Thursday,54,Male,71.6,177.2,Advanced,Cycling,12.33,6.25,52.7,100.0,3.65,1.49,1.11,2,5.0,75.1,54.9,76,52,15.3,0.0,3848.0,1,Weight Training,54,10.17,128.0,144.6,439.0,3.8,9.9,18.5,15.3,6.4,Evening,9,264,67.5,64.52768647273807,2.9723135272619317,2.9723135272619317
Friday,59,Female,79.4,170.7,Advanced,Weight Training,12.79,8.19,86.2,100.0,5.07,1.7,1.42,0,5.0,41.9,58.4,65,54,14.9,-0.74,3628.0,0,Rest Day,0,0.0,0.0,0.0,0.0,0.0,0.0,0.0,0.0,0.0,,8,223,75.8,55.27178013854969,20.52821986145031,20.52821986145031
Saturday,32,Male,84.3,169.0,Intermediate,HIIT,7.15,7.61,84.0,100.0,4.54,1.73,1.34,0,5.0,108.5,46.4,115,53,13.9,0.36,2960.0,0,Rest Day,0,0.0,0.0,0.0,0.0,0.0,0.0,0.0,0.0,0.0,,12,364,74.0,73.1741595748853,0.8258404251147056,0.8258404251147056
Thursday,57,Male,64.2,179.1,Beginner,HIIT,18.21,8.07,90.9,100.0,4.62,1.97,1.48,0,5.0,65.4,54.1,100,49,17.3,0.75,4742.0,0,Rest Day,0,0.0,0.0,0.0,0.0,0.0,0.0,0.0,0.0,0.0,,11,334,47.4,54.94686939374466,-7.5468693937446645,7.5468693937446645
Monday,46,Female,64.1,155.2,Intermediate,CrossFit,9.32,7.14,87.3,100.0,4.35,1.48,1.31,0,5.0,103.7,41.7,76,45,17.5,-0.26,3090.0,0,Rest Day,0,0.0,0.0,0.0,0.0,0.0,0.0,0.0,0.0,0.0,,8,226,70.7,75.94567308266646,-5.245673082666457,5.245673082666457
Tuesday,51,Male,87.8,175.3,Advanced,Weight Training,16.45,8.95,74.0,100.0,5.73,1.86,1.36,3,5.0,117.9,65.9,113,67,17.1,0.24,4062.0,1,Swimming,30,16.47,143.0,159.9,395.0,2.0,5.0,7.0,9.6,6.5,Afternoon,2,45,84.1,71.86193724738679,12.238062752613203,12.238062752613203
Thursday,55,Male,79.4,168.1,Advanced,Weight Training,11.6,6.25,79.9,100.0,3.83,1.39,1.03,0,5.0,78.3,75.9,88,73,14.9,0.02,3805.0,1,Weight Training,66,12.57,131.9,148.4,664.0,7.5,14.6,19.9,17.9,6.2,Afternoon,4,103,55.9,56.24078854307385,-0.34078854307384887,0.34078854307384887
Monday,46,Male,79.7,179.0,Elite,Weight Training,11.13,7.59,80.0,100.0,4.6,1.78,1.2,0,5.0,100.7,65.6,110,68,16.4,0.25,3518.0,0,Rest Day,0,0.0,0.0,0.0,0.0,0.0,0.0,0.0,0.0,0.0,,7,184,84.5,62.94105790995124,21.55894209004876,21.55894209004876
Friday,55,Male,57.5,189.8,Intermediate,Swimming,15.9,4.87,74.0,100.0,2.93,0.99,0.95,0,5.0,20.0,76.7,31,74,15.8,-0.13,4157.0,0,Rest Day,0,0.0,0.0,0.0,0.0,0.0,0.0,0.0,0.0,0.0,,9,272,40.4,56.105445053863804,-15.705445053863805,15.705445053863805
Saturday,27,Female,64.5,151.0,Advanced,CrossFit,6.28,7.76,88.0,100.0,4.58,1.8,1.38,0,5.2,80.3,42.4,89,49,14.8,0.53,2765.0,1,HIIT,35,14.74,159.3,178.6,413.0,2.9,6.6,11.1,12.0,2.4,Afternoon,1,14,70.3,67.71684404219218,2.5831559578078185,2.5831559578078185
Tuesday,31,Male,77.2,181.7,Advanced,Weight Training,13.01,7.72,90.4,100.0,4.58,1.83,1.31,0,5.0,77.0,52.5,64,53,15.0,0.02,3844.0,1,Weight Training,51,10.26,145.9,164.8,419.0,5.9,10.8,14.0,16.7,3.5,Evening,7,192,72.6,68.01735031607319,4.582649683926803,4.582649683926803
Wednesday,22,Female,57.3,152.4,Beginner,HIIT,13.16,8.38,90.1,100.0,4.64,2.09,1.66,0,5.0,38.0,56.4,65,51,21.6,-0.33,4039.0,1,HIIT,30,14.77,163.5,183.3,362.0,3.9,6.2,8.8,9.8,2.0,Evening,6,165,43.4,55.671758262190934,-12.271758262190936,12.271758262190936
Saturday,38,Female,76.2,167.2,Intermediate,Yoga,5.7,5.98,72.1,100.0,3.86,1.22,0.9,1,6.2,57.1,69.3,56,74,16.0,-0.17,2693.0,0,Rest Day,0,0.0,0.0,0.0,0.0,0.0,0.0,0.0,0.0,0.0,,2,42,68.1,58.04842149178029,10.051578508219706,10.051578508219706
Thursday,38,Male,93.5,180.2,Elite,Running,5.56,6.16,57.6,100.0,3.87,1.24,1.04,0,5.0,85.9,63.7,84,69,12.5,0.16,2451.0,1,Yoga,48,4.83,128.8,147.0,185.0,19.9,18.4,8.6,1.1,0.0,Morning,3,61,66.1,65.76444958596306,0.33555041403693053,0.33555041403693053
Thursday,51,Male,87.8,175.3,Advanced,Weight Training,18.9,7.55,74.0,100.0,4.54,1.69,1.32,1,5.0,105.3,68.3,113,67,18.3,-0.12,4790.0,0,Rest Day,0,0.0,0.0,0.0,0.0,0.0,0.0,0.0,0.0,0.0,,1,12,98.5,69.37634337012386,29.123656629876137,29.123656629876137
Monday,35,Male,61.0,176.7,Advanced,Running,10.03,7.57,88.4,100.0,4.79,1.55,1.24,0,5.0,73.2,64.5,61,66,16.7,-0.05,3077.0,1,Cycling,62,12.65,148.1,166.6,627.0,5.7,14.2,20.0,17.9,4.2,Afternoon,5,121,64.5,58.505526780511936,5.994473219488064,5.994473219488064
Thursday,56,Female,63.2,152.8,Advanced,Cycling,20.55,7.97,91.6,100.0,4.68,1.8,1.49,0,5.0,65.4,52.6,104,46,14.4,-0.12,4794.0,1,Cycling,52,12.53,131.1,147.5,521.0,5.9,13.5,15.8,13.9,2.9,Afternoon,12,341,58.6,59.15948859515055,-0.5594885951505475,0.5594885951505475
Thursday,47,Female,38.1,179.1,Elite,HIIT,0.0,6.3,61.9,100.0,3.91,1.38,1.01,1,5.0,89.1,68.9,97,73,16.4,0.54,1801.0,1,HIIT,38,13.83,140.9,158.2,428.0,1.9,9.0,12.4,11.0,4.5,Morning,1,26,43.2,61.40615754965981,-18.206157549659807,18.206157549659807
Monday,43,Male,75.0,176.3,Intermediate,Swimming,17.71,8.47,86.4,100.0,5.17,1.73,1.56,1,5.0,48.5,76.7,73,72,18.1,0.91,4776.0,1,Cycling,81,7.25,130.3,148.0,470.0,16.5,24.8,21.7,12.1,5.9,Afternoon,3,86,45.6,57.36570581311002,-11.765705813110017,11.765705813110017
Wednesday,46,Male,98.1,190.0,Intermediate,Cycling,17.46,7.73,97.5,100.0,4.62,1.79,1.33,1,5.0,50.0,63.1,46,56,14.9,0.27,4398.0,0,Rest Day,0,0.0,0.0,0.0,0.0,0.0,0.0,0.0,0.0,0.0,,8,242,69.3,60.856696194048524,8.443303805951473,8.443303805951473
Saturday,53,Male,79.4,177.4,Advanced,HIIT,9.29,7.98,81.9,100.0,5.04,1.61,1.33,0,5.0,51.7,65.7,64,65,13.8,-0.12,2816.0,0,Rest Day,0,0.0,0.0,0.0,0.0,0.0,0.0,0.0,0.0,0.0,,1,13,39.1,52.72057198143424,-13.620571981434239,13.620571981434239
Saturday,64,Female,61.4,171.8,Intermediate,CrossFit,5.87,7.04,70.9,100.0,4.15,1.68,1.21,0,5.0,66.0,49.0,42,55,17.3,-0.42,2501.0,1,CrossFit,66,16.2,131.5,147.1,855.0,4.6,8.0,16.1,23.8,13.4,Afternoon,3,84,58.2,79.33933731899693,-21.139337318996922,21.139337318996922
Saturday,63,Female,74.4,162.0,Intermediate,CrossFit,3.61,8.12,95.6,100.0,4.86,2.0,1.25,0,5.0,106.1,57.7,90,65,14.8,-0.54,2251.0,0,Rest Day,0,0.0,0.0,0.0,0.0,0.0,0.0,0.0,0.0,0.0,,7,189,88.7,69.38295526757405,19.317044732425956,19.317044732425956
Thursday,22,Female,57.3,152.4,Beginner,HIIT,19.25,8.14,93.5,100.0,4.87,2.01,1.26,0,5.0,51.9,53.6,65,51,15.4,-0.25,4581.0,0,Rest Day,0,0.0,0.0,0.0,0.0,0.0,0.0,0.0,0.0,0.0,,6,152,60.3,58.65551793638405,1.6444820636159463,1.6444820636159463
Thursday,37,Male,84.9,189.1,Intermediate,Swimming,11.97,7.5,85.8,100.0,4.4,1.63,1.47,0,5.0,57.9,58.5,78,65,20.2,-0.17,3521.0,0,Rest Day,0,0.0,0.0,0.0,0.0,0.0,0.0,0.0,0.0,0.0,,8,222,68.6,62.98349999888255,5.616500001117444,5.616500001117444
Sunday,37,Female,70.8,166.3,Advanced,HIIT,4.45,6.26,82.0,100.0,3.62,1.52,1.12,0,5.9,102.8,53.4,73,59,16.7,-0.04,2338.0,1,Walking,47,1.66,122.6,140.9,63.0,18.4,19.5,5.5,3.5,0.1,Morning,8,232,83.7,70.82736842575756,12.872631574242448,12.872631574242448
Saturday,23,Male,89.9,184.6,Intermediate,Walking,6.86,7.65,93.4,100.0,4.35,1.88,1.42,0,5.0,83.1,40.9,76,46,16.3,-0.25,3137.0,1,Walking,51,2.36,133.6,153.3,96.0,19.3,20.7,9.9,1.1,0.0,Morning,8,231,95.7,79.08557491556414,16.614425084435865,16.614425084435865
Friday,59,Female,50.7,161.9,Elite,Swimming,12.89,6.76,77.1,100.0,3.98,1.54,1.24,0,5.4,99.2,46.9,107,45,17.3,-0.32,3714.0,0,Rest Day,0,0.0,0.0,0.0,0.0,0.0,0.0,0.0,0.0,0.0,,7,188,56.1,62.00003771723852,-5.9000377172385186,5.9000377172385186
Tuesday,32,Male,84.3,169.0,Intermediate,HIIT,12.87,8.88,94.5,100.0,5.43,1.83,1.62,0,5.0,108.9,56.3,115,53,16.2,0.69,3423.0,1,HIIT,34,15.63,157.2,176.0,425.0,2.9,4.3,8.5,10.5,7.7,Afternoon,3,87,69.3,66.71437539955737,2.585624600442628,2.585624600442628
Friday,34,Male,101.8,180.9,Beginner,Running,6.91,8.2,97.1,100.0,5.08,1.86,1.26,0,5.0,115.2,58.0,116,64,15.2,0.09,2708.0,0,Rest Day,0,0.0,0.0,0.0,0.0,0.0,0.0,0.0,0.0,0.0,,12,349,59.6,65.55418227224456,-5.954182272244559,5.954182272244559
Sunday,25,Female,49.8,157.3,Beginner,Running,1.42,8.25,86.3,100.0,4.83,1.91,1.52,0,5.0,93.7,57.5,86,68,15.0,0.11,2105.0,1,Running,34,11.21,152.8,172.3,305.0,2.7,8.4,9.2,9.8,3.9,Afternoon,7,204,65.2,64.01633796843262,1.1836620315673798,1.1836620315673798
Monday,21,Male,101.0,174.1,Elite,CrossFit,7.29,8.68,96.2,100.0,5.08,2.09,1.51,0,5.0,64.8,50.1,57,49,13.2,-0.31,2987.0,1,CrossFit,71,14.58,163.9,183.8,828.0,9.2,13.1,19.1,23.4,6.1,Morning,7,184,65.4,68.8083432190725,-3.408343219072492,3.408343219072492
Monday,28,Male,93.7,167.0,Intermediate,Running,13.57,8.49,81.7,100.0,4.75,2.08,1.66,0,5.0,41.9,53.4,38,50,16.8,0.6,3744.0,1,Running,81,16.68,162.9,182.1,1081.0,4.2,14.6,19.3,24.9,18.0,Morning,11,324,68.9,67.84940119735761,1.0505988026423978,1.0505988026423978
Wednesday,47,Female,38.1,179.1,Elite,HIIT,7.22,7.67,90.6,100.0,4.68,1.64,1.35,0,5.0,100.6,63.9,97,73,15.6,-1.18,3084.0,1,Swimming,43,12.41,138.0,155.3,427.0,6.1,9.0,12.1,12.9,2.9,Morning,11,305,71.4,81.4516604899228,-10.051660489922796,10.051660489922796
Tuesday,20,Male,87.2,194.1,Elite,Running,15.47,8.07,94.4,100.0,4.71,1.8,1.57,0,5.0,32.4,59.8,39,56,17.3,-0.14,4073.0,1,Running,37,14.62,164.8,184.8,433.0,3.9,8.1,10.3,11.2,3.5,Morning,8,220,67.2,56.47380947196246,10.726190528037542,10.726190528037542
Monday,58,Male,94.4,171.5,Advanced,Cycling,13.72,7.06,86.4,100.0,4.39,1.57,1.1,0,5.0,57.2,72.7,71,72,15.0,0.32,4253.0,0,Rest Day,0,0.0,0.0,0.0,0.0,0.0,0.0,0.0,0.0,0.0,,2,44,68.3,65.76355232450888,2.536447675491118,2.536447675491118
Tuesday,64,Female,61.4,171.8,Intermediate,CrossFit,5.15,7.37,88.8,100.0,4.36,1.74,1.26,0,5.0,52.3,50.2,42,55,15.3,0.33,2693.0,1,CrossFit,66,11.23,122.2,137.8,593.0,3.8,15.4,20.4,18.6,7.8,Afternoon,5,143,83.8,71.17063582017019,12.629364179829807,12.629364179829807
Monday,55,Female,70.8,175.0,Advanced,Weight Training,8.05,7.46,91.8,100.0,4.5,1.68,1.28,0,5.0,55.7,65.9,37,72,17.1,-0.06,2792.0,0,Rest Day,0,0.0,0.0,0.0,0.0,0.0,0.0,0.0,0.0,0.0,,9,247,88.2,72.2113376629692,15.988662337030803,15.988662337030803
Sunday,63,Female,52.0,159.2,Intermediate,Weight Training,8.03,7.77,83.5,100.0,4.71,1.82,1.24,0,5.0,56.9,56.8,66,56,16.6,-0.67,3002.0,0,Rest Day,0,0.0,0.0,0.0,0.0,0.0,0.0,0.0,0.0,0.0,,9,253,36.5,50.9623676649174,-14.462367664917402,14.462367664917402
Thursday,27,Male,83.9,166.5,Elite,CrossFit,7.34,7.45,98.2,100.0,4.27,1.76,1.42,0,5.0,89.3,62.0,89,64,12.2,0.1,3080.0,1,CrossFit,47,14.78,159.4,178.7,556.0,6.1,9.7,12.9,13.7,4.7,Morning,4,103,82.3,65.53618871552129,16.763811284478706,16.763811284478706
Thursday,24,Male,69.8,177.0,Advanced,Yoga,16.39,6.89,77.4,100.0,4.34,1.48,1.07,0,5.0,61.5,48.7,70,47,18.0,-0.6,4271.0,1,Yoga,55,3.12,134.7,154.3,137.0,22.8,21.8,8.4,2.0,0.1,Morning,11,306,66.8,65.96866447574489,0.8313355242551097,0.8313355242551097
Saturday,21,Female,62.9,158.0,Intermediate,Cycling,6.11,8.19,84.7,100.0,4.58,2.02,1.59,0,5.0,68.5,50.0,42,52,17.6,0.64,2671.0,0,Rest Day,0,0.0,0.0,0.0,0.0,0.0,0.0,0.0,0.0,0.0,,6,154,53.6,63.21540931269461,-9.61540931269461,9.61540931269461
Tuesday,64,Male,78.0,179.0,Elite,Cycling,20.05,5.6,74.9,100.0,3.26,1.3,1.04,0,5.0,58.7,68.7,79,63,16.8,0.98,4684.0,1,Cycling,79,9.6,119.2,134.8,607.0,17.9,19.8,22.8,11.5,7.0,Evening,10,290,59.3,55.924116130805025,3.375883869194972,3.375883869194972
Saturday,60,Male,88.2,175.6,Advanced,Running,10.95,7.72,87.0,100.0,4.91,1.55,1.26,0,5.0,90.2,47.4,78,52,14.4,-0.05,3245.0,1,Running,40,10.05,123.1,139.1,322.0,4.0,7.7,11.4,12.1,4.8,Afternoon,2,49,85.5,78.94873021674002,6.551269783259983,6.551269783259983
Thursday,31,Female,77.4,158.2,Intermediate,Weight Training,16.53,8.57,73.4,100.0,4.92,2.04,1.61,0,5.0,56.1,45.0,80,45,16.7,0.21,4314.0,0,Rest Day,0,0.0,0.0,0.0,0.0,0.0,0.0,0.0,0.0,0.0,,11,313,75.7,64.0642561719477,11.635743828052298,11.635743828052298
Sunday,32,Male,65.8,180.0,Advanced,Running,2.71,6.83,71.1,100.0,4.02,1.46,1.35,0,5.0,138.1,48.7,112,57,13.8,-0.42,2217.0,1,Running,64,11.05,146.9,165.7,566.0,6.5,13.6,19.2,20.0,4.7,Afternoon,7,211,91.6,75.6224991231897,15.977500876810296,15.977500876810296
Monday,35,Male,73.1,181.5,Intermediate,Walking,8.93,6.07,80.9,100.0,3.74,1.41,0.92,0,5.0,106.3,73.0,110,71,14.8,-0.69,3473.0,0,Rest Day,0,0.0,0.0,0.0,0.0,0.0,0.0,0.0,0.0,0.0,,12,345,34.9,53.025968567616275,-18.125968567616276,18.125968567616276
Tuesday,23,Female,63.5,158.6,Intermediate,HIIT,17.92,7.87,93.6,100.0,4.41,1.93,1.53,0,5.0,20.0,65.9,38,61,16.7,1.04,4631.0,1,Walking,33,2.89,134.8,154.5,76.0,14.8,12.3,5.6,0.4,0.0,Morning,6,157,64.1,56.0962200593061,8.003779940693896,8.003779940693896
Thursday,33,Male,76.8,178.4,Intermediate,Swimming,12.6,7.25,88.3,100.0,4.25,1.65,1.36,0,5.0,76.0,62.5,75,69,17.0,0.49,3755.0,1,Swimming,37,11.4,146.9,165.6,337.0,5.6,6.3,10.5,12.2,2.5,Evening,7,187,69.3,73.19433690527667,-3.894336905276674,3.894336905276674
Wednesday,35,Female,71.5,162.4,Beginner,Yoga,14.59,5.96,89.4,100.0,3.53,1.27,1.15,0,5.0,70.2,74.9,75,74,18.7,-0.2,3869.0,0,Rest Day,0,0.0,0.0,0.0,0.0,0.0,0.0,0.0,0.0,0.0,,1,18,52.6,61.44492483007238,-8.84492483007238,8.84492483007238
Wednesday,31,Male,77.2,181.7,Advanced,Weight Training,17.43,8.05,93.3,100.0,4.6,1.91,1.54,0,5.0,62.6,51.1,64,53,16.5,-0.14,4443.0,1,Weight Training,65,11.14,147.9,166.8,579.0,5.5,12.5,21.2,18.2,7.6,Afternoon,11,326,75.8,71.8746982738624,3.92530172613759,3.92530172613759
Friday,35,Male,93.9,169.2,Advanced,Weight Training,9.02,6.87,80.9,100.0,4.3,1.38,1.19,0,5.0,120.6,57.3,105,52,14.0,0.41,3202.0,0,Rest Day,0,0.0,0.0,0.0,0.0,0.0,0.0,0.0,0.0,0.0,,7,188,56.3,69.92006807900285,-13.620068079002849,13.620068079002849
Wednesday,35,Male,93.9,169.2,Advanced,Weight Training,8.12,6.78,59.8,100.0,4.16,1.57,1.06,0,5.6,111.3,55.3,105,52,17.8,0.53,2868.0,0,Rest Day,0,0.0,0.0,0.0,0.0,0.0,0.0,0.0,0.0,0.0,,1,4,61.7,62.14672015112989,-0.44672015112988817,0.44672015112988817
Monday,45,Male,97.0,175.4,Intermediate,HIIT,14.85,7.67,84.0,100.0,4.64,1.82,1.21,0,5.0,38.6,48.5,50,52,14.1,0.04,3953.0,0,Rest Day,0,0.0,0.0,0.0,0.0,0.0,0.0,0.0,0.0,0.0,,8,219,70.9,67.32444603570865,3.575553964291359,3.575553964291359
Saturday,29,Female,70.8,162.1,Intermediate,Cycling,0.0,5.87,63.6,100.0,3.61,1.36,0.91,1,5.0,67.9,65.3,59,72,16.9,-0.07,1528.0,0,Rest Day,0,0.0,0.0,0.0,0.0,0.0,0.0,0.0,0.0,0.0,,4,112,66.6,69.90164525016165,-3.3016452501616556,3.3016452501616556
Thursday,23,Male,89.9,184.6,Intermediate,Walking,10.52,8.15,87.2,100.0,5.06,1.79,1.3,0,5.0,77.9,43.8,76,46,14.5,-0.03,3118.0,0,Rest Day,0,0.0,0.0,0.0,0.0,0.0,0.0,0.0,0.0,0.0,,3,75,77.5,70.35388389956489,7.146116100435108,7.146116100435108
Monday,64,Female,61.4,171.8,Intermediate,CrossFit,11.45,7.79,67.7,100.0,4.54,1.94,1.31,0,5.0,49.1,52.8,42,55,18.1,-0.46,3337.0,0,Rest Day,0,0.0,0.0,0.0,0.0,0.0,0.0,0.0,0.0,0.0,,5,149,78.2,71.65469195056608,6.5453080494339275,6.5453080494339275
Tuesday,47,Female,66.0,157.5,Intermediate,Swimming,13.24,8.24,85.1,100.0,4.85,1.82,1.57,0,5.0,20.0,72.3,34,74,18.5,0.31,3952.0,1,Swimming,52,18.12,149.8,167.1,754.0,2.5,8.7,14.9,17.4,8.5,Morning,5,129,73.5,65.52876810671607,7.971231893283928,7.971231893283928
Sunday,33,Female,63.6,168.8,Intermediate,Yoga,7.72,7.4,88.0,100.0,4.78,1.48,1.14,0,5.0,114.8,47.4,115,49,16.1,0.07,3253.0,0,Rest Day,0,0.0,0.0,0.0,0.0,0.0,0.0,0.0,0.0,0.0,,3,64,79.4,72.48424068031257,6.915759319687439,6.915759319687439
Wednesday,27,Male,76.8,186.5,Intermediate,Yoga,10.71,6.74,67.9,100.0,4.16,1.53,1.05,2,5.5,27.8,72.3,30,66,19.0,0.35,3505.0,0,Rest Day,0,0.0,0.0,0.0,0.0,0.0,0.0,0.0,0.0,0.0,,4,116,55.6,50.8996204360997,4.700379563900299,4.700379563900299
Thursday,45,Female,67.2,172.3,Intermediate,Yoga,12.15,5.97,81.2,100.0,3.51,1.29,1.16,0,5.0,65.3,47.3,64,49,14.8,-0.04,3517.0,1,Yoga,34,4.21,122.5,140.0,114.0,12.7,13.1,5.9,2.2,0.0,Evening,10,299,95.1,73.74741430040575,21.352585699594243,21.352585699594243
Wednesday,25,Female,49.8,157.3,Beginner,Running,10.24,8.57,89.2,100.0,5.34,1.88,1.35,1,5.0,84.9,65.1,86,68,15.4,0.86,3798.0,0,Rest Day,0,0.0,0.0,0.0,0.0,0.0,0.0,0.0,0.0,0.0,,1,10,52.5,64.62932389307372,-12.129323893073717,12.129323893073717
Monday,48,Female,51.6,156.5,Advanced,Swimming,16.05,5.18,70.8,100.0,3.02,1.17,0.99,2,11.0,79.1,46.3,88,49,17.7,-0.49,4374.0,1,Swimming,36,11.54,135.4,152.6,332.0,4.7,5.7,11.0,10.8,3.8,Evening,11,317,87.6,75.16468182648819,12.435318173511803,12.435318173511803
Sunday,27,Female,58.5,165.4,Beginner,Running,5.28,7.93,89.9,100.0,5.03,1.64,1.26,0,5.0,100.7,48.8,104,49,14.9,-0.93,2506.0,0,Rest Day,0,0.0,0.0,0.0,0.0,0.0,0.0,0.0,0.0,0.0,,12,358,54.9,48.0303943150133,6.869605684986702,6.869605684986702
Sunday,60,Male,88.3,180.4,Intermediate,HIIT,1.01,5.07,76.2,100.0,3.06,1.1,0.91,0,6.7,116.8,48.0,91,52,16.0,0.14,1912.0,0,Rest Day,0,0.0,0.0,0.0,0.0,0.0,0.0,0.0,0.0,0.0,,6,155,70.1,68.38377470732462,1.7162252926753752,1.7162252926753752
Friday,23,Male,91.1,185.9,Beginner,Yoga,13.32,7.35,91.2,100.0,4.45,1.76,1.14,0,5.0,56.0,62.7,69,63,19.1,0.49,4094.0,0,Rest Day,0,0.0,0.0,0.0,0.0,0.0,0.0,0.0,0.0,0.0,,4,118,47.3,62.16901712944409,-14.869017129444096,14.869017129444096
Sunday,62,Female,45.2,166.6,Intermediate,Running,8.03,8.69,85.7,100.0,5.15,1.89,1.65,0,5.0,117.2,41.1,106,49,13.2,-0.3,2870.0,0,Rest Day,0,0.0,0.0,0.0,0.0,0.0,0.0,0.0,0.0,0.0,,10,274,48.3,73.43240681029931,-25.132406810299315,25.132406810299315
Thursday,41,Female,62.7,164.5,Intermediate,Running,12.91,8.65,94.7,100.0,5.11,1.94,1.61,0,5.0,73.0,51.1,73,52,15.9,0.38,3563.0,0,Rest Day,0,0.0,0.0,0.0,0.0,0.0,0.0,0.0,0.0,0.0,,7,201,66.6,64.19586036510432,2.404139634895671,2.404139634895671
Tuesday,27,Male,57.4,178.7,Intermediate,Yoga,12.78,7.45,87.7,100.0,4.4,1.75,1.3,0,5.0,74.5,40.0,82,45,14.7,-0.08,3876.0,0,Rest Day,0,0.0,0.0,0.0,0.0,0.0,0.0,0.0,0.0,0.0,,10,297,37.9,62.27591206535473,-24.375912065354733,24.375912065354733
Sunday,61,Male,69.0,180.3,Intermediate,Cycling,8.98,7.88,90.6,100.0,4.98,1.63,1.27,0,5.0,131.5,53.1,118,55,13.3,0.21,2862.0,1,Cycling,66,9.33,121.0,136.9,493.0,15.8,16.1,17.5,10.8,5.8,Afternoon,5,141,67.4,75.07944201737644,-7.679442017376431,7.679442017376431
Tuesday,26,Female,43.6,159.3,Beginner,Swimming,9.5,5.95,64.0,100.0,3.58,1.23,1.14,0,5.0,93.6,64.4,90,70,15.8,0.41,3135.0,0,Rest Day,0,0.0,0.0,0.0,0.0,0.0,0.0,0.0,0.0,0.0,,1,31,68.4,67.30922652293832,1.0907734770616884,1.0907734770616884
Tuesday,31,Female,77.4,158.2,Intermediate,Weight Training,17.64,7.01,62.3,100.0,4.09,1.64,1.28,1,22.6,61.9,50.8,80,45,14.8,-0.07,4459.0,0,Rest Day,0,0.0,0.0,0.0,0.0,0.0,0.0,0.0,0.0,0.0,,8,227,49.1,58.434711240542974,-9.334711240542973,9.334711240542973
Thursday,27,Male,57.4,178.7,Intermediate,Yoga,19.38,7.87,90.4,100.0,4.64,1.69,1.54,0,5.0,40.8,54.6,82,45,16.1,-0.49,4796.0,0,Rest Day,0,0.0,0.0,0.0,0.0,0.0,0.0,0.0,0.0,0.0,,5,145,39.6,56.15727531252806,-16.557275312528056,16.557275312528056
Monday,43,Male,63.0,166.5,Intermediate,Cycling,12.54,5.52,69.5,100.0,3.19,1.3,1.03,0,5.0,69.3,59.1,61,56,15.7,0.51,3860.0,0,Rest Day,0,0.0,0.0,0.0,0.0,0.0,0.0,0.0,0.0,0.0,,7,205,91.9,67.93197789136754,23.968022108632468,23.968022108632468
Monday,55,Male,74.3,169.8,Intermediate,Walking,9.91,7.5,91.8,100.0,4.6,1.74,1.16,0,5.0,49.2,56.0,42,53,13.8,-0.13,3260.0,0,Rest Day,0,0.0,0.0,0.0,0.0,0.0,0.0,0.0,0.0,0.0,,7,212,77.7,60.100142112607465,17.599857887392538,17.599857887392538
Tuesday,34,Male,101.8,180.9,Beginner,Running,21.0,8.42,82.8,100.0,4.94,1.89,1.59,0,9.9,104.5,72.9,116,64,13.5,0.04,5235.0,0,Rest Day,0,0.0,0.0,0.0,0.0,0.0,0.0,0.0,0.0,0.0,,2,38,64.5,65.74253145594987,-1.242531455949873,1.242531455949873
Sunday,52,Male,72.6,178.9,Elite,CrossFit,1.64,8.04,83.0,100.0,4.87,1.72,1.46,1,5.0,127.6,49.1,102,56,20.1,-0.52,1922.0,0,Rest Day,0,0.0,0.0,0.0,0.0,0.0,0.0,0.0,0.0,0.0,,1,29,62.7,72.6672482140696,-9.967248214069599,9.967248214069599
Friday,43,Male,82.2,187.5,Advanced,Swimming,10.61,7.15,91.1,100.0,4.54,1.53,1.08,0,5.0,74.5,52.5,65,55,13.3,-0.65,3737.0,1,Cycling,117,19.1,155.3,173.0,1787.0,11.3,16.4,30.1,40.1,19.1,Afternoon,4,104,68.0,69.93732343218025,-1.93732343218025,1.93732343218025
Friday,59,Female,50.7,161.9,Elite,Swimming,11.2,6.99,98.1,100.0,3.96,1.74,1.29,0,5.0,106.6,43.7,107,45,15.3,0.22,3332.0,0,Rest Day,0,0.0,0.0,0.0,0.0,0.0,0.0,0.0,0.0,0.0,,5,139,77.1,70.35956950816046,6.740430491839533,6.740430491839533
Saturday,19,Male,74.0,179.2,Intermediate,Walking,3.44,7.21,93.1,100.0,4.4,1.58,1.23,0,5.0,88.6,50.9,73,62,15.6,0.25,2104.0,1,Weight Training,46,8.6,151.2,171.3,316.0,9.4,14.3,11.7,6.8,3.8,Afternoon,12,336,72.5,74.1175569162063,-1.617556916206297,1.617556916206297
Tuesday,40,Male,96.2,167.4,Beginner,Weight Training,16.35,7.68,87.6,100.0,4.92,1.61,1.16,0,5.0,72.2,78.6,93,72,14.3,0.54,4206.0,0,Rest Day,0,0.0,0.0,0.0,0.0,0.0,0.0,0.0,0.0,0.0,,4,108,43.4,53.257655279140664,-9.857655279140666,9.857655279140666
Saturday,54,Female,54.4,171.7,Advanced,Walking,3.54,7.53,80.2,100.0,4.73,1.55,1.25,0,5.0,48.4,53.2,34,65,15.7,0.02,2403.0,1,HIIT,42,16.07,139.7,156.3,540.0,0.5,7.9,11.5,13.4,8.7,Evening,10,280,90.5,76.97023815507906,13.529761844920941,13.529761844920941
Friday,27,Male,83.9,166.5,Elite,CrossFit,5.76,7.29,93.4,100.0,4.48,1.57,1.24,0,5.0,85.4,64.2,89,64,18.0,-0.82,2625.0,0,Rest Day,0,0.0,0.0,0.0,0.0,0.0,0.0,0.0,0.0,0.0,,10,286,84.1,51.42273206166977,32.677267938330225,32.677267938330225
Monday,53,Male,95.1,180.5,Beginner,CrossFit,13.24,7.0,81.4,100.0,4.3,1.5,1.21,0,5.0,78.7,51.7,93,53,19.6,-0.41,3692.0,0,Rest Day,0,0.0,0.0,0.0,0.0,0.0,0.0,0.0,0.0,0.0,,11,324,45.2,65.87628754768791,-20.676287547687906,20.676287547687906
Saturday,56,Male,105.2,157.5,Beginner,Weight Training,11.9,6.4,80.2,100.0,4.0,1.32,1.08,0,5.0,103.6,65.0,93,63,15.8,0.86,3355.0,0,Rest Day,0,0.0,0.0,0.0,0.0,0.0,0.0,0.0,0.0,0.0,,9,252,92.8,71.65830493917858,21.14169506082142,21.14169506082142
Saturday,36,Male,75.2,169.2,Advanced,CrossFit,8.33,8.29,94.1,100.0,4.83,1.86,1.6,0,5.0,96.1,58.8,87,60,18.6,0.33,3426.0,1,CrossFit,73,15.91,154.5,172.9,929.0,0.7,12.8,16.6,24.7,18.3,Morning,2,49,59.6,66.2164664693811,-6.616466469381102,6.616466469381102
Sunday,38,Female,76.2,167.2,Intermediate,Yoga,9.92,7.81,92.4,100.0,4.72,1.72,1.37,0,5.0,47.7,73.2,56,74,14.6,-0.11,2982.0,1,Yoga,53,3.41,125.7,143.9,145.0,20.5,22.7,6.2,3.7,0.0,Morning,7,204,46.1,56.94885531531608,-10.84885531531608,10.84885531531608
Thursday,35,Female,71.5,162.4,Beginner,Yoga,19.27,6.64,75.5,100.0,3.95,1.58,1.11,1,5.0,45.2,76.2,75,74,19.1,0.84,4772.0,0,Rest Day,0,0.0,0.0,0.0,0.0,0.0,0.0,0.0,0.0,0.0,,10,278,60.4,53.71568099874747,6.6843190012525255,6.6843190012525255
Thursday,54,Female,54.4,171.7,Advanced,Walking,16.62,7.0,81.0,100.0,4.31,1.47,1.22,0,5.0,20.0,64.1,34,65,18.5,-0.04,4138.0,1,Walking,42,4.02,115.8,132.4,135.0,17.4,16.9,6.8,0.1,0.8,Afternoon,10,278,73.1,69.41897286265316,3.681027137346831,3.681027137346831
Thursday,29,Female,70.8,162.1,Intermediate,Cycling,17.18,5.14,65.6,100.0,2.9,1.27,0.97,1,13.2,49.1,72.5,59,72,16.9,0.72,4387.0,1,Cycling,60,9.62,146.0,165.1,462.0,12.9,18.1,17.6,8.5,2.9,Afternoon,1,19,73.2,67.17714834019152,6.022851659808481,6.022851659808481
Saturday,43,Male,63.0,166.5,Intermediate,Cycling,4.45,7.4,57.7,100.0,4.38,1.6,1.42,1,5.0,83.9,52.3,61,56,16.1,-0.14,2351.0,0,Rest Day,0,0.0,0.0,0.0,0.0,0.0,0.0,0.0,0.0,0.0,,9,245,62.0,69.11711442297687,-7.117114422976869,7.117114422976869
Monday,59,Female,50.7,161.9,Elite,Swimming,0.38,8.4,88.5,100.0,5.24,1.89,1.26,1,5.0,131.7,43.8,107,45,18.7,-0.75,1460.0,1,Swimming,38,18.21,139.5,155.6,553.0,2.4,5.4,11.1,12.4,6.7,Evening,5,121,62.1,76.30446710242097,-14.20446710242097,14.20446710242097
Wednesday,52,Male,79.1,177.1,Beginner,Yoga,13.25,8.1,95.7,100.0,4.92,1.81,1.37,0,5.0,93.2,55.7,117,52,16.4,0.65,4087.0,0,Rest Day,0,0.0,0.0,0.0,0.0,0.0,0.0,0.0,0.0,0.0,,3,67,40.9,59.66566205232345,-18.76566205232345,18.76566205232345
Thursday,46,Male,79.7,179.0,Elite,Weight Training,12.53,5.67,70.3,100.0,3.45,1.17,1.05,2,5.0,88.1,64.4,110,68,14.7,0.22,3833.0,1,Weight Training,58,13.6,141.3,158.7,631.0,4.6,12.0,17.4,20.1,3.9,Afternoon,4,103,58.4,66.33148664739717,-7.931486647397172,7.931486647397172
Friday,48,Female,73.0,169.2,Intermediate,CrossFit,8.1,7.65,92.5,100.0,4.67,1.76,1.21,0,5.0,52.6,52.6,56,57,19.0,1.09,3326.0,0,Rest Day,0,0.0,0.0,0.0,0.0,0.0,0.0,0.0,0.0,0.0,,3,62,67.3,72.14706111578367,-4.847061115783674,4.847061115783674
Sunday,38,Female,70.6,163.3,Intermediate,Cycling,9.85,5.66,66.4,100.0,3.38,1.17,1.11,1,5.0,80.4,53.9,75,58,19.7,-0.6,3047.0,1,Cycling,60,7.25,134.0,152.2,348.0,13.5,17.7,17.4,10.7,0.6,Afternoon,9,253,77.2,71.98595477729374,5.214045222706261,5.214045222706261
Monday,53,Female,70.2,179.8,Advanced,CrossFit,8.05,7.35,89.0,100.0,4.45,1.57,1.34,1,5.0,30.7,72.2,32,72,13.1,0.4,2787.0,1,CrossFit,63,16.93,142.2,158.9,853.0,0.4,10.0,17.2,20.8,14.6,Evening,4,107,61.3,61.08059725524796,0.21940274475203836,0.21940274475203836
Monday,61,Male,75.6,176.3,Advanced,Cycling,8.63,6.71,94.8,100.0,4.19,1.44,1.08,0,5.0,63.3,47.4,69,52,13.3,0.2,2965.0,0,Rest Day,0,0.0,0.0,0.0,0.0,0.0,0.0,0.0,0.0,0.0,,8,219,84.1,68.38129931515584,15.718700684844151,15.718700684844151
Saturday,38,Female,76.2,167.2,Intermediate,Yoga,9.8,5.45,84.6,100.0,3.23,1.26,0.97,0,5.0,70.3,74.3,56,74,18.0,-0.32,3341.0,0,Rest Day,0,0.0,0.0,0.0,0.0,0.0,0.0,0.0,0.0,0.0,,2,49,74.3,59.98966782240127,14.310332177598724,14.310332177598724
Saturday,60,Male,88.2,175.6,Advanced,Running,4.48,7.98,86.8,100.0,4.7,1.95,1.33,0,5.0,100.1,46.5,78,52,15.7,-0.81,2581.0,1,Running,45,10.62,124.2,140.2,382.0,3.3,9.9,15.4,13.7,2.7,Morning,3,63,96.9,72.01953715559877,24.880462844401237,24.880462844401237
Wednesday,30,Male,67.7,162.3,Intermediate,Walking,10.15,8.22,88.6,100.0,4.91,1.79,1.51,0,5.0,95.8,72.7,82,74,17.6,0.72,3293.0,1,Walking,38,2.18,128.4,147.4,66.0,16.0,14.8,6.7,0.5,0.0,Afternoon,2,39,79.9,66.90309304090363,12.996906959096378,12.996906959096378
Tuesday,61,Female,58.3,160.5,Advanced,Yoga,13.63,5.66,73.3,100.0,3.27,1.37,1.02,0,5.0,84.7,55.2,92,59,11.9,0.09,4050.0,1,Walking,43,2.79,108.6,124.5,96.0,15.9,17.2,6.7,3.2,0.0,Evening,12,339,65.4,74.6779197776761,-9.27791977767609,9.27791977767609
Friday,28,Male,66.1,178.5,Beginner,Running,15.45,7.71,86.3,100.0,4.73,1.78,1.2,0,5.0,43.5,71.7,66,69,15.3,-0.17,3794.0,1,Running,58,11.96,152.1,171.3,555.0,6.3,13.1,16.6,18.0,4.1,Afternoon,5,132,82.6,56.20841454422357,26.391585455776422,26.391585455776422
Sunday,29,Female,51.8,166.5,Beginner,HIIT,10.7,5.55,78.3,100.0,3.43,1.28,0.84,0,5.0,117.2,71.4,111,73,14.8,-0.67,3411.0,0,Rest Day,0,0.0,0.0,0.0,0.0,0.0,0.0,0.0,0.0,0.0,,3,85,55.7,59.74955711633825,-4.049557116338249,4.049557116338249
Sunday,38,Male,115.0,187.4,Advanced,HIIT,2.76,7.47,95.0,100.0,4.5,1.82,1.15,0,5.0,65.5,59.6,64,62,18.7,-0.08,2002.0,1,HIIT,43,17.05,155.2,173.4,587.0,3.8,7.7,8.9,13.7,8.9,Morning,1,15,53.7,68.4130120554185,-14.713012055418503,14.713012055418503
Thursday,29,Female,77.5,159.9,Intermediate,Walking,12.53,7.89,94.1,100.0,4.57,1.92,1.41,0,5.0,73.3,55.3,79,62,15.5,-0.62,3313.0,0,Rest Day,0,0.0,0.0,0.0,0.0,0.0,0.0,0.0,0.0,0.0,,3,75,76.9,73.21881623788987,3.6811837621101375,3.6811837621101375
Monday,57,Female,58.7,159.1,Intermediate,Swimming,10.76,8.31,88.1,100.0,5.04,2.0,1.27,0,5.0,101.0,45.9,105,51,18.5,-0.61,3456.0,1,HIIT,29,14.94,134.9,151.2,355.0,2.5,5.4,9.9,8.5,3.5,Evening,11,310,48.3,66.40630087339177,-18.106300873391774,18.106300873391774
Saturday,40,Male,64.3,173.9,Advanced,Weight Training,11.16,4.83,71.9,100.0,2.85,1.07,0.92,0,5.0,95.0,59.3,94,62,15.5,-0.21,3435.0,1,Weight Training,49,11.74,142.2,160.2,460.0,3.9,9.5,15.8,15.7,4.1,Morning,7,196,69.9,72.76675045079739,-2.866750450797383,2.866750450797383
Tuesday,31,Male,86.2,180.2,Intermediate,Swimming,3.43,7.67,72.2,100.0,4.74,1.68,1.24,0,5.0,86.6,58.9,64,62,16.8,-0.53,2363.0,1,Swimming,45,12.85,151.8,170.7,462.0,4.6,10.3,15.6,11.8,2.7,Evening,10,290,51.5,61.96255038558152,-10.462550385581523,10.462550385581523
Saturday,19,Male,76.3,173.4,Intermediate,HIIT,9.96,6.51,76.9,100.0,3.75,1.63,1.14,0,5.0,103.1,46.6,86,47,18.4,-0.23,3356.0,0,Rest Day,0,0.0,0.0,0.0,0.0,0.0,0.0,0.0,0.0,0.0,,12,364,68.6,68.3787204941054,0.2212795058946,0.2212795058946
Wednesday,27,Male,57.4,178.7,Intermediate,Yoga,8.9,8.06,95.1,100.0,4.65,1.89,1.52,0,5.0,67.6,46.9,82,45,12.3,-0.29,2762.0,0,Rest Day,0,0.0,0.0,0.0,0.0,0.0,0.0,0.0,0.0,0.0,,3,81,27.5,54.12774816037384,-26.62774816037384,26.62774816037384
Saturday,29,Female,51.8,166.5,Beginner,HIIT,10.6,5.88,58.7,100.0,3.59,1.33,0.97,0,5.0,104.1,68.1,111,73,16.8,-0.23,3638.0,0,Rest Day,0,0.0,0.0,0.0,0.0,0.0,0.0,0.0,0.0,0.0,,1,28,77.5,61.86478280892693,15.635217191073068,15.635217191073068
Saturday,38,Female,48.6,154.4,Intermediate,CrossFit,6.43,6.59,80.5,100.0,3.74,1.6,1.26,0,5.0,114.2,43.3,112,51,14.5,0.22,2501.0,0,Rest Day,0,0.0,0.0,0.0,0.0,0.0,0.0,0.0,0.0,0.0,,9,259,91.2,78.70699605530716,12.493003944692845,12.493003944692845
Saturday,64,Male,95.2,169.6,Intermediate,Running,6.29,5.85,74.1,100.0,3.54,1.41,0.9,0,7.2,77.8,62.4,75,64,14.5,0.5,2896.0,0,Rest Day,0,0.0,0.0,0.0,0.0,0.0,0.0,0.0,0.0,0.0,,4,119,57.5,60.85057558892795,-3.3505755889279527,3.3505755889279527
Friday,20,Male,58.2,183.9,Beginner,CrossFit,14.81,8.46,90.2,100.0,4.99,1.98,1.49,1,5.0,37.8,53.6,45,55,18.3,0.23,4101.0,0,Rest Day,0,0.0,0.0,0.0,0.0,0.0,0.0,0.0,0.0,0.0,,3,90,73.0,64.85232588041596,8.147674119584039,8.147674119584039
Monday,24,Female,77.6,162.5,Elite,Walking,9.07,8.51,86.3,100.0,5.19,2.02,1.3,1,5.0,26.6,53.8,31,55,18.0,-0.02,2993.0,1,Walking,32,1.94,131.9,151.5,50.0,13.2,12.7,6.1,0.1,0.0,Morning,6,177,53.3,56.304746518865265,-3.004746518865268,3.004746518865268
Friday,61,Male,60.9,176.7,Advanced,Running,11.24,7.06,77.2,100.0,4.27,1.46,1.33,1,5.0,29.3,61.2,37,66,19.3,-0.27,3920.0,1,Running,76,10.05,122.4,138.3,611.0,11.6,11.8,22.5,20.4,9.6,Afternoon,3,69,69.4,72.14396155814222,-2.7439615581422174,2.7439615581422174
Wednesday,50,Male,62.0,172.2,Intermediate,HIIT,18.44,7.8,97.9,100.0,4.84,1.69,1.26,0,5.0,75.8,61.3,92,60,13.0,0.74,4745.0,0,Rest Day,0,0.0,0.0,0.0,0.0,0.0,0.0,0.0,0.0,0.0,,6,158,58.2,64.52607586512819,-6.326075865128189,6.326075865128189
Friday,44,Female,51.1,170.1,Intermediate,Running,14.22,8.48,85.1,100.0,4.89,1.95,1.64,0,5.0,55.0,59.6,68,56,15.7,0.15,3950.0,0,Rest Day,0,0.0,0.0,0.0,0.0,0.0,0.0,0.0,0.0,0.0,,8,230,40.0,52.83111114487236,-12.83111114487236,12.83111114487236
Friday,61,Male,60.9,176.7,Advanced,Running,14.73,7.05,90.8,100.0,4.15,1.71,1.19,2,5.0,36.5,61.7,37,66,15.9,-0.96,4242.0,1,Running,75,19.69,140.6,156.5,1181.0,2.4,10.3,22.6,27.1,12.6,Evening,7,209,100.0,73.61040338032304,26.389596619676965,26.389596619676965
Monday,57,Female,58.7,159.1,Intermediate,Swimming,6.27,7.43,95.8,100.0,4.49,1.66,1.29,0,5.0,97.8,51.3,105,51,15.9,0.53,2395.0,1,Swimming,57,15.39,135.8,152.1,702.0,2.2,10.6,14.9,17.4,11.9,Afternoon,4,93,55.0,57.25061752439554,-2.250617524395537,2.250617524395537
Saturday,47,Male,83.6,163.7,Beginner,Walking,5.57,7.82,83.7,100.0,4.83,1.7,1.29,0,5.0,47.7,55.4,56,53,15.8,0.23,2407.0,0,Rest Day,0,0.0,0.0,0.0,0.0,0.0,0.0,0.0,0.0,0.0,,11,315,49.1,44.37870096327354,4.721299036726464,4.721299036726464
Saturday,54,Male,95.9,173.5,Intermediate,HIIT,15.04,6.6,79.2,100.0,4.01,1.4,1.2,1,5.0,89.7,71.0,95,69,14.8,0.35,4169.0,0,Rest Day,0,0.0,0.0,0.0,0.0,0.0,0.0,0.0,0.0,0.0,,5,147,66.5,66.72113031260173,-0.22113031260172988,0.22113031260172988
Saturday,63,Female,49.6,165.6,Advanced,Yoga,8.19,7.21,73.8,100.0,4.32,1.61,1.28,0,5.0,45.4,56.1,39,60,17.8,0.4,3028.0,1,HIIT,42,14.72,129.6,145.3,495.0,5.7,6.7,12.9,13.8,2.9,Evening,7,203,69.7,68.0827433268972,1.6172566731028013,1.6172566731028013
Tuesday,19,Female,60.8,162.0,Beginner,Yoga,11.72,8.45,96.2,100.0,5.21,1.94,1.3,0,5.0,97.0,56.3,86,48,16.0,-0.05,3543.0,1,Yoga,37,6.14,145.3,165.4,182.0,8.2,11.4,11.2,4.6,1.6,Evening,5,122,54.9,57.15069638251255,-2.250696382512551,2.250696382512551
Monday,47,Male,83.6,163.7,Beginner,Walking,9.33,7.93,89.3,100.0,5.02,1.66,1.25,0,5.0,54.4,49.1,56,53,18.4,0.49,3111.0,0,Rest Day,0,0.0,0.0,0.0,0.0,0.0,0.0,0.0,0.0,0.0,,10,282,57.5,59.422535459916,-1.9225354599159985,1.9225354599159985
Saturday,26,Male,79.3,171.9,Intermediate,CrossFit,6.37,6.04,84.6,100.0,3.46,1.46,1.11,0,5.0,121.4,61.4,114,66,14.1,-0.31,2868.0,1,Walking,39,2.72,132.4,151.8,85.0,17.3,14.5,5.0,0.8,1.4,Afternoon,11,308,100.0,69.74532300617267,30.25467699382733,30.25467699382733
Saturday,43,Male,75.0,176.3,Intermediate,Swimming,8.41,8.48,87.0,100.0,4.9,1.99,1.58,0,5.0,75.9,69.4,73,72,18.4,0.15,2529.0,1,Swimming,37,11.67,139.6,157.3,345.0,2.2,6.5,11.2,12.7,4.4,Evening,8,224,66.3,64.56725947125952,1.7327405287404787,1.7327405287404787
Thursday,51,Female,65.7,155.6,Advanced,Yoga,14.55,7.52,87.5,100.0,4.61,1.7,1.21,0,5.0,82.3,42.4,92,45,17.0,-0.26,3923.0,0,Rest Day,0,0.0,0.0,0.0,0.0,0.0,0.0,0.0,0.0,0.0,,10,299,62.1,64.85341594858264,-2.753415948582635,2.753415948582635
Wednesday,31,Male,61.3,180.4,Intermediate,CrossFit,3.31,6.33,92.0,100.0,3.65,1.43,1.25,0,5.0,98.6,50.7,89,62,16.3,-0.51,2490.0,0,Rest Day,0,0.0,0.0,0.0,0.0,0.0,0.0,0.0,0.0,0.0,,4,95,72.2,69.39614453778984,2.8038554622101657,2.8038554622101657
Saturday,31,Male,112.0,185.1,Advanced,Walking,5.79,7.1,73.8,100.0,4.29,1.54,1.27,0,5.0,107.1,51.9,93,57,16.6,1.1,2537.0,1,Walking,56,1.87,127.1,146.0,84.0,21.6,19.8,7.6,5.3,1.7,Afternoon,12,364,80.8,80.16105635387179,0.6389436461282116,0.6389436461282116
Thursday,38,Male,96.3,177.6,Beginner,Weight Training,12.28,6.24,100.0,100.0,3.9,1.4,0.94,0,5.0,72.3,52.9,77,52,16.8,-0.07,3630.0,1,Weight Training,67,7.61,134.8,153.0,408.0,14.1,16.1,21.3,9.6,5.9,Morning,3,75,76.9,66.10223883549162,10.797761164508387,10.797761164508387
Saturday,18,Female,66.4,169.5,Advanced,Weight Training,7.27,7.03,79.2,100.0,4.11,1.52,1.4,0,5.0,51.8,67.9,39,72,16.8,-0.14,2871.0,1,Running,82,15.51,168.6,188.8,1017.0,5.1,13.3,19.0,27.0,17.6,Morning,5,126,65.4,67.81398785067557,-2.413987850675568,2.413987850675568
Wednesday,42,Male,82.9,166.3,Intermediate,Cycling,18.77,6.68,77.8,100.0,3.85,1.56,1.27,1,5.0,75.0,70.8,93,61,13.6,0.48,4669.0,1,Cycling,45,12.19,141.5,159.3,439.0,2.4,9.5,13.8,14.1,5.2,Evening,7,200,34.3,56.97695373948395,-22.676953739483956,22.676953739483956
Friday,52,Male,100.0,166.4,Advanced,Walking,8.2,6.22,64.2,100.0,3.93,1.29,1.0,2,5.0,67.5,46.2,63,45,16.2,-0.23,3493.0,0,Rest Day,0,0.0,0.0,0.0,0.0,0.0,0.0,0.0,0.0,0.0,,7,202,66.6,59.30270110169991,7.297298898300085,7.297298898300085
Wednesday,43,Male,63.0,166.5,Intermediate,Cycling,4.41,5.32,70.9,100.0,3.33,1.15,0.84,1,5.0,80.4,51.9,61,56,18.0,0.09,2367.0,0,Rest Day,0,0.0,0.0,0.0,0.0,0.0,0.0,0.0,0.0,0.0,,3,81,58.9,68.9497426473396,-10.049742647339606,10.049742647339606
Thursday,58,Female,59.9,158.0,Beginner,HIIT,10.05,7.25,93.1,100.0,4.24,1.67,1.34,0,5.0,65.4,47.8,64,49,16.7,0.13,3415.0,0,Rest Day,0,0.0,0.0,0.0,0.0,0.0,0.0,0.0,0.0,0.0,,5,124,73.0,63.05865874076415,9.941341259235848,9.941341259235848
Saturday,57,Female,58.7,159.1,Intermediate,Swimming,8.03,8.45,85.6,100.0,5.1,1.81,1.55,0,5.0,117.6,50.4,105,51,12.9,-0.28,2711.0,1,Running,45,8.36,122.2,138.5,301.0,8.8,13.5,11.2,7.6,3.9,Evening,2,49,80.8,61.80433168262241,18.995668317377586,18.995668317377586
Thursday,58,Female,59.9,158.0,Beginner,HIIT,11.62,6.89,97.6,100.0,4.24,1.51,1.14,0,5.0,48.9,42.8,64,49,18.5,0.11,3358.0,0,Rest Day,0,0.0,0.0,0.0,0.0,0.0,0.0,0.0,0.0,0.0,,9,250,57.4,62.97803021955147,-5.578030219551472,5.578030219551472
Friday,47,Male,73.1,178.7,Intermediate,HIIT,7.24,7.69,91.5,100.0,4.53,1.9,1.26,0,5.0,20.0,53.3,30,62,16.2,-0.41,2789.0,1,Weight Training,55,8.25,129.4,146.7,363.0,12.9,17.3,14.4,7.5,3.0,Morning,3,83,64.0,69.27341299212499,-5.273412992124989,5.273412992124989
Friday,20,Male,85.0,178.7,Intermediate,Yoga,9.72,7.91,85.0,100.0,4.64,1.85,1.42,0,5.0,20.0,52.4,36,50,17.4,-0.12,3140.0,1,Yoga,42,2.9,136.9,156.9,98.0,16.0,16.0,8.1,2.2,0.0,Afternoon,4,111,42.7,53.88837249994303,-11.188372499943029,11.188372499943029
Thursday,25,Female,49.9,182.1,Intermediate,Walking,8.73,6.58,76.4,100.0,3.85,1.48,1.25,0,5.0,115.8,67.1,100,72,18.2,-0.31,2845.0,1,Walking,56,1.89,131.1,150.6,85.0,21.7,21.9,8.0,2.5,1.9,Afternoon,4,117,78.1,81.1706650622777,-3.070665062277712,3.070665062277712
Thursday,32,Male,81.8,168.2,Beginner,Walking,17.06,8.93,95.5,100.0,5.1,2.09,1.75,0,5.0,81.0,45.7,93,46,17.0,-0.12,4277.0,1,Walking,33,3.38,129.8,148.6,89.0,13.3,12.7,5.7,1.3,0.0,Afternoon,6,159,91.7,71.06509663662746,20.634903363372544,20.634903363372544
Saturday,59,Female,56.5,170.6,Intermediate,HIIT,5.99,7.05,91.7,100.0,4.36,1.58,1.11,0,5.0,117.6,47.7,117,55,13.0,-0.68,2920.0,1,HIIT,41,16.45,136.2,152.3,540.0,1.2,6.2,10.5,15.7,7.4,Evening,12,343,100.0,76.96611736191417,23.033882638085828,23.033882638085828
Friday,60,Female,74.3,164.2,Elite,HIIT,10.89,8.12,94.0,100.0,4.64,1.92,1.55,0,5.0,47.0,43.9,39,53,15.8,0.25,3535.0,1,Running,30,17.69,137.7,153.7,425.0,0.3,5.1,7.6,11.2,5.8,Afternoon,10,300,75.4,86.27653554465374,-10.876535544653734,10.876535544653734
Wednesday,37,Male,84.9,189.1,Intermediate,Swimming,7.04,8.11,84.0,100.0,4.93,1.67,1.51,0,5.0,67.5,64.8,78,65,17.9,0.04,2568.0,0,Rest Day,0,0.0,0.0,0.0,0.0,0.0,0.0,0.0,0.0,0.0,,7,200,52.2,49.4845835837569,2.7154164162431016,2.7154164162431016
Thursday,29,Female,51.8,166.5,Beginner,HIIT,16.71,4.93,91.9,100.0,3.01,1.09,0.82,0,5.0,92.7,75.9,111,73,14.3,-0.01,4404.0,0,Rest Day,0,0.0,0.0,0.0,0.0,0.0,0.0,0.0,0.0,0.0,,10,299,52.0,56.389545021074554,-4.389545021074554,4.389545021074554
Wednesday,33,Female,63.6,168.8,Intermediate,Yoga,21.0,8.32,92.5,100.0,4.91,2.02,1.39,1,5.0,81.9,53.4,115,49,17.0,0.03,5259.0,0,Rest Day,0,0.0,0.0,0.0,0.0,0.0,0.0,0.0,0.0,0.0,,3,88,60.5,63.9257993872644,-3.425799387264398,3.425799387264398
Wednesday,38,Female,82.0,164.7,Elite,Yoga,10.68,6.67,67.3,100.0,4.19,1.38,1.09,1,5.0,46.7,48.2,62,50,17.4,0.3,3850.0,0,Rest Day,0,0.0,0.0,0.0,0.0,0.0,0.0,0.0,0.0,0.0,,3,81,61.4,62.279420255300714,-0.8794202553007153,0.8794202553007153
Friday,28,Female,60.3,171.9,Elite,HIIT,10.05,7.95,65.0,100.0,4.54,1.93,1.48,0,8.5,75.2,68.0,83,70,13.0,-0.06,3024.0,1,HIIT,23,15.92,161.2,180.4,293.0,1.6,2.6,6.5,8.5,3.8,Morning,7,195,100.0,73.47751596162162,26.52248403837838,26.52248403837838
Friday,29,Male,83.7,183.6,Intermediate,Yoga,10.91,6.52,90.7,100.0,3.84,1.5,1.19,0,5.0,56.0,72.9,56,72,14.3,0.06,3334.0,0,Rest Day,0,0.0,0.0,0.0,0.0,0.0,0.0,0.0,0.0,0.0,,4,97,80.0,62.59094353038191,17.409056469618093,17.409056469618093
Saturday,33,Female,54.7,169.8,Beginner,CrossFit,7.57,7.29,68.9,100.0,4.2,1.77,1.32,2,14.8,97.3,51.7,87,50,15.8,-0.63,2395.0,0,Rest Day,0,0.0,0.0,0.0,0.0,0.0,0.0,0.0,0.0,0.0,,4,105,83.0,54.39010788366889,28.60989211633111,28.60989211633111
Thursday,35,Female,71.5,162.4,Beginner,Yoga,13.3,6.42,93.5,100.0,3.83,1.34,1.24,0,5.0,68.4,72.5,75,74,14.6,-1.02,4180.0,0,Rest Day,0,0.0,0.0,0.0,0.0,0.0,0.0,0.0,0.0,0.0,,4,117,43.8,63.7292205510318,-19.929220551031804,19.929220551031804
Monday,31,Male,65.2,182.5,Elite,Yoga,8.73,7.46,85.9,100.0,4.63,1.58,1.25,0,5.0,110.1,68.0,103,70,15.0,-0.58,3308.0,1,Yoga,31,3.84,131.5,150.4,97.0,11.6,11.6,4.8,2.7,0.8,Morning,10,296,48.8,67.16433076728164,-18.364330767281643,18.364330767281643
Wednesday,38,Male,93.5,180.2,Elite,Running,14.07,5.83,50.0,100.0,3.43,1.4,0.99,0,9.8,71.4,63.6,84,69,15.1,-0.54,3904.0,1,Running,74,12.53,145.4,163.6,742.0,5.7,18.2,20.6,21.6,7.9,Evening,1,11,62.6,71.3089612195697,-8.708961219569694,8.708961219569694
Friday,37,Female,72.1,164.5,Elite,Cycling,10.74,7.1,84.7,100.0,4.36,1.51,1.23,0,5.0,86.6,44.6,92,49,15.2,-0.55,3607.0,1,Cycling,54,7.63,135.6,153.9,335.0,11.5,15.0,17.2,7.7,3.5,Morning,7,202,42.3,63.167306441004314,-20.867306441004317,20.867306441004317
Monday,42,Male,72.4,185.0,Intermediate,HIIT,10.05,4.8,55.2,100.0,2.8,1.05,0.95,0,5.0,40.2,64.6,30,67,18.0,-0.39,3388.0,0,Rest Day,0,0.0,0.0,0.0,0.0,0.0,0.0,0.0,0.0,0.0,,5,142,88.8,74.38793768220295,14.412062317797051,14.412062317797051
Monday,18,Female,71.3,168.2,Advanced,HIIT,2.66,7.41,71.7,100.0,4.48,1.71,1.23,0,5.0,109.4,52.0,105,55,17.6,-0.31,2300.0,1,Running,63,21.0,181.8,202.0,1058.0,1.9,13.2,14.5,22.3,11.1,Evening,8,219,61.9,54.72916970219956,7.1708302978004355,7.1708302978004355
Wednesday,64,Female,64.3,158.0,Intermediate,Swimming,7.55,5.22,65.4,100.0,2.92,1.3,1.01,1,5.0,69.6,47.3,81,52,13.5,-0.17,2909.0,0,Rest Day,0,0.0,0.0,0.0,0.0,0.0,0.0,0.0,0.0,0.0,,5,130,74.4,70.73831059951348,3.661689400486523,3.661689400486523
Thursday,53,Female,70.2,179.8,Advanced,CrossFit,1.5,7.83,87.7,100.0,4.79,1.77,1.27,1,5.0,21.6,62.2,32,72,16.0,-0.49,2033.0,1,HIIT,39,17.18,142.7,159.4,544.0,2.4,4.1,10.2,13.5,9.3,Morning,6,159,41.0,68.92337122114742,-27.92337122114742,27.92337122114742
Thursday,23,Male,77.7,174.1,Beginner,Walking,9.3,7.52,81.0,100.0,4.69,1.54,1.28,1,5.0,89.3,56.8,78,55,10.6,0.39,3254.0,0,Rest Day,0,0.0,0.0,0.0,0.0,0.0,0.0,0.0,0.0,0.0,,6,173,76.5,65.7835199007729,10.716480099227098,10.716480099227098
Saturday,31,Male,96.4,168.9,Advanced,HIIT,5.25,7.21,80.0,100.0,4.27,1.76,1.18,1,5.0,128.0,60.3,110,55,14.1,-0.12,2469.0,1,CrossFit,70,12.62,151.2,170.1,707.0,6.2,11.0,24.7,24.0,4.1,Evening,1,14,66.6,70.70480579578455,-4.104805795784557,4.104805795784557
Wednesday,51,Male,70.0,168.4,Intermediate,Swimming,17.02,9.15,84.5,100.0,5.39,2.03,1.72,0,5.0,20.0,65.4,34,63,13.7,-0.06,4227.0,0,Rest Day,0,0.0,0.0,0.0,0.0,0.0,0.0,0.0,0.0,0.0,,11,312,53.6,61.73704310077121,-8.137043100771209,8.137043100771209
Saturday,26,Male,97.2,174.8,Intermediate,Swimming,4.95,7.97,94.6,100.0,4.95,1.71,1.31,0,5.0,86.6,66.3,75,67,14.2,-0.26,2804.0,1,Swimming,38,12.57,155.1,174.5,382.0,5.1,7.2,10.2,10.0,5.5,Morning,1,13,70.6,59.4725312023041,11.127468797695897,11.127468797695897
Sunday,29,Female,70.8,162.1,Intermediate,Cycling,4.79,7.56,71.1,100.0,4.6,1.57,1.39,0,5.6,73.9,67.0,59,72,19.0,-0.51,2264.0,0,Rest Day,0,0.0,0.0,0.0,0.0,0.0,0.0,0.0,0.0,0.0,,10,274,71.5,73.00863393953509,-1.5086339395350876,1.5086339395350876
Saturday,58,Male,75.9,190.5,Intermediate,HIIT,5.77,7.67,80.3,100.0,4.78,1.74,1.15,0,5.0,56.5,56.2,60,59,18.0,-0.92,2590.0,0,Rest Day,0,0.0,0.0,0.0,0.0,0.0,0.0,0.0,0.0,0.0,,10,294,53.1,58.020705965475855,-4.920705965475854,4.920705965475854
Friday,58,Male,75.9,190.5,Intermediate,HIIT,9.72,7.17,79.6,100.0,4.39,1.58,1.21,0,5.0,60.3,58.0,60,59,11.3,0.62,3349.0,1,HIIT,39,16.96,138.0,154.2,529.0,2.5,5.5,9.4,13.5,8.1,Afternoon,6,181,66.6,67.16852600371149,-0.5685260037114972,0.5685260037114972
Saturday,56,Female,62.7,164.5,Intermediate,Walking,4.66,8.19,88.1,100.0,5.24,1.69,1.25,0,5.0,55.7,59.5,66,63,15.1,-0.15,2246.0,0,Rest Day,0,0.0,0.0,0.0,0.0,0.0,0.0,0.0,0.0,0.0,,6,154,46.3,55.21982572519152,-8.919825725191522,8.919825725191522
Thursday,38,Female,70.6,163.3,Intermediate,Cycling,15.8,4.95,66.8,100.0,2.86,1.15,0.95,0,5.0,53.4,58.2,75,58,14.5,0.59,4207.0,0,Rest Day,0,0.0,0.0,0.0,0.0,0.0,0.0,0.0,0.0,0.0,,8,229,72.2,65.70162789575247,6.498372104247537,6.498372104247537
Monday,19,Female,60.8,162.0,Beginner,Yoga,0.36,8.46,89.6,100.0,5.33,1.77,1.37,0,5.0,114.2,40.0,86,48,14.6,0.43,1662.0,1,Yoga,35,2.34,136.2,156.3,65.0,12.4,14.8,6.3,1.5,0.0,Morning,10,303,51.9,76.99718682235475,-25.09718682235475,25.09718682235475
Monday,42,Female,67.8,166.8,Beginner,HIIT,4.38,5.85,91.0,100.0,3.36,1.42,1.07,0,5.0,31.2,62.4,33,66,16.9,0.15,2197.0,0,Rest Day,0,0.0,0.0,0.0,0.0,0.0,0.0,0.0,0.0,0.0,,4,93,56.2,62.00140861354231,-5.801408613542307,5.801408613542307
Sunday,58,Male,94.4,171.5,Advanced,Cycling,3.13,7.99,93.0,100.0,5.12,1.62,1.25,0,5.0,88.5,63.2,71,72,15.1,0.42,2103.0,1,Cycling,111,13.73,131.8,148.0,1219.0,12.0,18.2,36.8,32.7,11.2,Morning,1,1,87.2,70.97030815248029,16.229691847519717,16.229691847519717
Thursday,50,Male,83.1,181.7,Intermediate,Swimming,4.88,7.28,71.0,100.0,4.6,1.58,1.11,0,5.0,103.9,49.0,83,49,15.4,-0.25,2623.0,1,Swimming,37,12.22,135.2,152.2,362.0,4.3,7.1,9.8,12.2,3.7,Afternoon,8,215,67.6,60.35526369866297,7.244736301337028,7.244736301337028
Wednesday,34,Male,101.8,180.9,Beginner,Running,11.06,8.24,90.6,100.0,4.84,1.87,1.54,2,5.0,135.0,61.5,116,64,19.4,-0.12,3146.0,0,Rest Day,0,0.0,0.0,0.0,0.0,0.0,0.0,0.0,0.0,0.0,,5,151,71.1,80.32863639755392,-9.228636397553927,9.228636397553927
Thursday,22,Female,71.7,163.8,Beginner,Yoga,11.4,5.74,85.2,100.0,3.43,1.34,0.96,0,5.0,35.5,59.9,33,60,17.7,-0.23,3489.0,1,Yoga,49,3.47,136.9,156.7,136.0,18.6,22.3,7.6,0.5,0.0,Afternoon,2,40,82.8,61.13509545268134,21.664904547318656,21.664904547318656
Thursday,38,Female,82.0,164.7,Elite,Yoga,9.45,5.51,71.3,100.0,3.3,1.36,0.86,0,5.0,60.6,40.4,62,50,16.0,-0.1,3294.0,1,Yoga,38,3.99,126.9,145.1,121.0,15.5,16.4,4.0,1.0,1.2,Afternoon,1,26,83.4,70.06051762563838,13.339482374361623,13.339482374361623
Sunday,20,Female,68.6,163.8,Intermediate,Running,10.8,8.5,89.1,100.0,4.8,2.07,1.63,0,5.0,74.4,59.0,74,56,14.6,1.13,3320.0,0,Rest Day,0,0.0,0.0,0.0,0.0,0.0,0.0,0.0,0.0,0.0,,8,239,77.4,61.92117897730729,15.478821022692713,15.478821022692713
Saturday,20,Male,87.2,194.1,Elite,Running,6.68,8.17,87.6,100.0,4.74,1.84,1.59,0,5.0,51.5,52.0,39,56,11.9,0.31,2636.0,1,Running,37,13.88,163.0,183.0,420.0,4.5,8.8,11.7,9.8,2.9,Afternoon,8,224,44.7,62.818948251533875,-18.118948251533872,18.118948251533872
Monday,60,Male,104.5,177.6,Advanced,Weight Training,4.44,8.47,95.3,100.0,4.88,2.11,1.48,0,5.0,115.6,55.2,107,60,18.3,0.29,2546.0,1,Weight Training,61,10.05,123.1,139.1,490.0,7.0,9.6,20.5,17.8,6.0,Evening,3,79,84.6,66.05373480706149,18.546265192938506,18.546265192938506
Sunday,43,Male,75.0,176.3,Intermediate,Swimming,4.73,9.01,86.4,100.0,5.41,2.01,1.6,0,5.0,90.4,63.9,73,72,20.4,0.14,2235.0,1,Swimming,34,15.29,147.3,165.0,416.0,2.9,4.9,8.1,11.2,6.9,Afternoon,1,8,82.2,73.05386454908856,9.146135450911444,9.146135450911444
Saturday,28,Male,88.8,181.3,Beginner,Cycling,6.22,7.27,78.4,100.0,4.48,1.58,1.22,0,5.0,124.7,59.9,119,64,18.5,-0.95,2640.0,1,Cycling,54,12.78,154.0,173.2,552.0,4.4,9.1,16.8,16.1,7.6,Morning,1,28,59.2,65.80064561526409,-6.600645615264085,6.600645615264085
Friday,41,Female,62.7,164.5,Intermediate,Running,12.11,8.1,90.0,100.0,4.8,1.91,1.39,0,5.0,68.6,48.3,73,52,16.6,0.4,3353.0,1,Running,27,14.71,147.7,165.6,328.0,1.7,4.9,9.8,8.7,2.8,Morning,10,286,43.0,71.13276903753118,-28.132769037531176,28.132769037531176
Sunday,56,Male,88.8,184.0,Elite,CrossFit,3.27,5.3,73.3,100.0,3.16,1.3,0.83,0,5.0,86.1,45.9,81,48,18.6,0.33,2147.0,0,Rest Day,0,0.0,0.0,0.0,0.0,0.0,0.0,0.0,0.0,0.0,,5,134,46.9,51.14966187173073,-4.24966187173073,4.24966187173073
Monday,32,Male,84.3,169.0,Intermediate,HIIT,6.52,8.08,88.1,100.0,4.59,1.98,1.52,1,5.0,122.3,50.5,115,53,13.8,0.46,2777.0,1,Cycling,109,18.01,162.5,181.3,1570.0,5.3,20.9,21.9,34.5,26.4,Afternoon,8,226,92.9,70.6935900543366,22.20640994566341,22.20640994566341
Saturday,34,Male,101.8,180.9,Beginner,Running,9.18,7.47,90.1,100.0,4.48,1.7,1.29,0,7.2,109.2,67.8,116,64,13.5,0.38,2638.0,1,Running,54,7.74,138.0,156.6,334.0,9.7,15.3,17.9,6.5,4.6,Afternoon,6,168,35.8,59.72202036911581,-23.922020369115813,23.922020369115813
Sunday,63,Male,71.4,152.8,Beginner,CrossFit,6.47,7.85,90.3,100.0,4.47,1.91,1.47,0,5.0,49.9,57.0,33,59,17.5,-0.09,3084.0,0,Rest Day,0,0.0,0.0,0.0,0.0,0.0,0.0,0.0,0.0,0.0,,12,337,38.5,63.944099319850565,-25.444099319850565,25.444099319850565
Thursday,43,Male,82.2,187.5,Advanced,Swimming,10.93,6.14,64.5,100.0,3.75,1.34,1.05,2,5.0,82.8,54.6,65,55,16.2,-0.1,3629.0,0,Rest Day,0,0.0,0.0,0.0,0.0,0.0,0.0,0.0,0.0,0.0,,11,334,78.1,70.2128069521431,7.887193047856897,7.887193047856897
Thursday,57,Male,80.7,166.4,Elite,Yoga,6.36,7.75,91.9,100.0,4.57,1.71,1.46,0,5.0,81.0,73.8,54,74,18.8,0.09,2621.0,1,Weight Training,59,10.48,126.3,142.6,495.0,7.0,10.0,17.7,16.3,8.0,Morning,1,26,58.7,53.83431516264129,4.865684837358714,4.865684837358714
Thursday,58,Female,59.9,158.0,Beginner,HIIT,7.82,8.53,95.4,100.0,5.04,2.12,1.37,0,5.0,78.8,43.4,64,49,12.8,1.56,2682.0,0,Rest Day,0,0.0,0.0,0.0,0.0,0.0,0.0,0.0,0.0,0.0,,9,271,58.8,59.47795698968296,-0.6779569896829614,0.6779569896829614
Friday,24,Male,99.4,168.8,Intermediate,Weight Training,1.18,5.77,77.4,100.0,3.62,1.19,0.95,1,5.0,72.7,48.4,40,53,17.0,-0.36,1876.0,1,Weight Training,51,7.98,146.0,165.6,326.0,9.7,15.1,16.1,8.9,1.2,Morning,12,363,76.5,72.90053723030086,3.5994627696991444,3.5994627696991444
Tuesday,23,Male,77.7,174.1,Beginner,Walking,11.37,5.96,75.7,100.0,3.54,1.24,1.18,0,5.0,80.9,56.5,78,55,17.0,0.27,3792.0,0,Rest Day,0,0.0,0.0,0.0,0.0,0.0,0.0,0.0,0.0,0.0,,5,143,76.2,67.08399025116117,9.116009748838835,9.116009748838835
Wednesday,25,Male,65.4,171.1,Advanced,Weight Training,21.0,5.3,64.0,100.0,3.2,1.14,0.96,0,6.4,86.8,55.8,108,48,13.5,0.83,4733.0,1,Weight Training,54,13.95,159.1,178.6,603.0,4.5,11.3,16.6,15.7,6.0,Evening,4,116,61.9,60.836488603315786,1.0635113966842127,1.0635113966842127
Tuesday,53,Female,70.2,179.8,Advanced,CrossFit,21.0,8.08,88.2,100.0,5.09,1.67,1.32,0,5.0,20.0,75.5,32,72,18.3,0.03,5160.0,0,Rest Day,0,0.0,0.0,0.0,0.0,0.0,0.0,0.0,0.0,0.0,,11,318,33.6,59.78794416161482,-26.187944161614816,26.187944161614816
Thursday,41,Male,55.3,172.6,Intermediate,Weight Training,14.97,8.21,99.2,100.0,5.14,1.68,1.4,0,5.0,73.8,60.3,86,54,16.2,-0.84,4354.0,0,Rest Day,0,0.0,0.0,0.0,0.0,0.0,0.0,0.0,0.0,0.0,,2,54,56.9,56.46813212604909,0.43186787395090676,0.43186787395090676
Saturday,61,Male,75.6,176.3,Advanced,Cycling,3.27,8.07,85.5,100.0,4.95,1.8,1.32,0,5.0,101.7,44.5,69,52,17.6,0.16,2656.0,0,Rest Day,0,0.0,0.0,0.0,0.0,0.0,0.0,0.0,0.0,0.0,,8,231,100.0,76.81398608128451,23.18601391871549,23.18601391871549
Tuesday,60,Female,56.4,155.1,Elite,HIIT,10.75,7.6,88.1,100.0,4.39,1.88,1.32,0,5.0,46.9,46.5,57,45,16.9,0.34,3462.0,1,HIIT,23,15.92,134.3,150.3,293.0,1.4,4.0,5.1,7.2,5.2,Afternoon,10,283,71.1,63.693497111199314,7.406502888800681,7.406502888800681
Monday,27,Male,83.9,166.5,Elite,CrossFit,12.68,8.22,86.1,100.0,4.78,2.01,1.43,0,5.0,72.4,60.3,89,64,12.5,0.01,3779.0,1,Swimming,53,12.79,154.8,174.1,542.0,6.4,10.3,16.8,16.5,3.0,Evening,8,219,71.9,65.0336333311458,6.866366668854212,6.866366668854212
Saturday,50,Female,64.0,161.6,Advanced,Yoga,4.59,7.04,69.5,100.0,4.2,1.73,1.11,0,5.0,85.9,49.5,65,53,20.8,-0.48,2306.0,1,CrossFit,54,16.07,143.0,160.0,694.0,4.2,6.2,14.0,17.3,12.2,Evening,5,140,71.5,66.10743245501003,5.392567544989973,5.392567544989973
Friday,40,Female,53.5,161.2,Beginner,Cycling,11.66,8.5,93.2,100.0,4.93,2.11,1.45,0,5.0,71.9,54.1,82,50,13.8,0.41,3813.0,0,Rest Day,0,0.0,0.0,0.0,0.0,0.0,0.0,0.0,0.0,0.0,,1,20,53.2,53.157028070697464,0.04297192930253857,0.04297192930253857
Wednesday,27,Female,64.5,151.0,Advanced,CrossFit,9.07,8.29,79.1,100.0,5.05,1.86,1.38,0,8.1,97.9,53.1,89,49,16.1,0.87,3197.0,1,CrossFit,71,19.71,170.7,190.0,1119.0,5.8,10.3,18.2,23.4,13.3,Morning,6,179,60.8,64.89682275336357,-4.096822753363568,4.096822753363568
Sunday,44,Female,51.1,170.1,Intermediate,Running,10.34,8.14,87.5,100.0,4.91,1.84,1.39,0,5.0,61.4,53.7,68,56,14.6,0.33,3236.0,1,Running,33,13.61,142.9,160.5,359.0,2.2,6.4,12.4,9.7,2.2,Morning,10,288,68.8,61.880669677234856,6.919330322765141,6.919330322765141
Wednesday,53,Female,70.2,179.8,Advanced,CrossFit,6.97,7.82,84.4,100.0,4.55,1.75,1.53,1,5.0,50.3,68.6,32,72,14.9,-0.19,2934.0,1,CrossFit,74,12.5,133.4,150.1,740.0,8.0,17.0,22.7,22.1,4.3,Evening,1,11,66.9,65.10847362495937,1.7915263750406325,1.7915263750406325
Friday,51,Female,75.5,162.3,Advanced,Swimming,9.9,8.27,63.4,100.0,5.13,1.68,1.46,2,5.0,89.3,48.7,94,55,16.3,-0.66,3480.0,0,Rest Day,0,0.0,0.0,0.0,0.0,0.0,0.0,0.0,0.0,0.0,,6,181,92.7,76.3099608368084,16.390039163191602,16.390039163191602
Tuesday,38,Male,73.7,167.0,Intermediate,CrossFit,15.23,5.77,73.3,100.0,3.61,1.27,0.88,1,5.0,97.6,55.6,99,57,17.6,0.56,4385.0,1,CrossFit,47,12.35,145.1,163.3,464.0,5.7,7.4,12.8,15.8,5.3,Morning,2,59,60.0,75.27813313325663,-15.278133133256631,15.278133133256631
Tuesday,33,Male,76.8,178.4,Intermediate,Swimming,13.55,7.46,79.3,100.0,4.54,1.73,1.2,0,5.0,73.6,73.1,75,69,15.8,-1.03,3570.0,0,Rest Day,0,0.0,0.0,0.0,0.0,0.0,0.0,0.0,0.0,0.0,,2,59,59.3,59.322338200756455,-0.022338200756458093,0.022338200756458093
Saturday,48,Female,68.6,156.2,Elite,CrossFit,7.59,8.07,93.4,100.0,4.77,1.75,1.55,0,5.0,90.0,45.1,104,45,12.8,0.35,3241.0,1,Cycling,75,9.53,131.3,148.5,576.0,17.1,24.9,21.6,10.3,1.8,Afternoon,11,322,32.8,53.2634819474785,-20.463481947478506,20.463481947478506
Sunday,53,Female,70.2,179.8,Advanced,CrossFit,8.76,8.15,80.6,100.0,5.2,1.67,1.29,1,5.0,39.3,70.7,32,72,15.8,-0.48,3062.0,1,CrossFit,59,12.66,133.7,150.4,598.0,6.5,9.8,19.1,16.0,7.6,Afternoon,2,36,62.1,64.15032396532993,-2.0503239653299303,2.0503239653299303
Thursday,50,Male,71.0,170.3,Elite,Weight Training,14.79,6.25,59.1,100.0,3.8,1.28,1.17,1,5.3,103.9,63.4,107,60,16.9,0.19,3568.0,1,Weight Training,72,6.73,124.1,141.1,388.0,15.8,22.5,22.6,10.3,0.8,Afternoon,5,131,70.3,65.98694411793663,4.313055882063367,4.313055882063367
Thursday,20,Male,58.2,183.9,Beginner,CrossFit,14.8,8.13,85.3,100.0,4.68,1.82,1.62,0,5.0,50.7,53.0,45,55,13.3,0.05,4504.0,1,CrossFit,47,11.21,156.7,176.7,422.0,5.9,9.5,12.6,12.6,6.4,Afternoon,10,285,70.8,68.95758006529931,1.8424199347006862,1.8424199347006862
Tuesday,41,Female,63.0,151.4,Elite,Weight Training,7.71,5.76,60.7,100.0,3.22,1.39,1.15,0,5.6,40.5,41.7,44,51,16.3,0.33,2528.0,1,Weight Training,71,9.72,137.1,155.0,552.0,18.0,22.1,20.6,8.1,2.2,Evening,10,304,52.1,72.76415650439287,-20.66415650439287,20.66415650439287
Wednesday,28,Female,60.3,171.9,Elite,HIIT,16.14,7.89,76.5,100.0,4.94,1.72,1.23,0,5.0,70.6,77.2,83,70,13.3,1.11,4497.0,1,HIIT,22,18.04,166.0,185.2,318.0,0.5,3.9,6.6,7.0,4.0,Evening,1,4,53.8,67.47744371721747,-13.677443717217471,13.677443717217471
Sunday,56,Female,63.2,152.8,Advanced,Cycling,6.02,8.51,83.3,100.0,5.09,1.8,1.62,1,5.0,132.6,40.0,104,46,17.6,-0.22,2913.0,0,Rest Day,0,0.0,0.0,0.0,0.0,0.0,0.0,0.0,0.0,0.0,,5,127,86.0,78.25670455704703,7.74329544295297,7.74329544295297
Sunday,24,Male,69.8,177.0,Advanced,Yoga,8.59,7.49,91.4,100.0,4.41,1.79,1.29,0,5.0,55.0,43.4,70,47,16.2,-0.08,3280.0,0,Rest Day,0,0.0,0.0,0.0,0.0,0.0,0.0,0.0,0.0,0.0,,3,71,63.4,64.8472642735625,-1.447264273562503,1.447264273562503
Friday,45,Female,46.2,161.2,Advanced,HIIT,3.62,6.87,63.9,100.0,4.14,1.51,1.22,0,8.4,74.6,62.8,54,68,15.0,0.39,2548.0,0,Rest Day,0,0.0,0.0,0.0,0.0,0.0,0.0,0.0,0.0,0.0,,4,111,66.0,75.69507341376284,-9.695073413762842,9.695073413762842
Friday,59,Male,82.7,181.0,Advanced,Cycling,11.94,8.6,94.0,100.0,5.19,1.9,1.5,0,5.0,109.7,74.5,101,74,14.8,-0.32,3355.0,1,Cycling,68,13.24,130.0,146.1,720.0,8.2,13.3,21.4,19.4,5.7,Morning,8,237,72.9,76.52370330544318,-3.623703305443172,3.623703305443172
Tuesday,38,Female,53.6,163.7,Advanced,Cycling,13.93,6.46,71.5,100.0,3.82,1.58,1.05,1,10.4,40.6,58.3,37,50,17.1,0.34,3640.0,1,Cycling,41,11.17,142.5,160.7,370.0,3.9,7.5,12.1,12.7,5.2,Afternoon,7,185,42.8,46.828836861800504,-4.028836861800507,4.028836861800507
Wednesday,37,Male,84.9,189.1,Intermediate,Swimming,9.91,8.06,87.8,100.0,4.96,1.73,1.37,0,5.0,58.2,65.1,78,65,15.4,-0.5,3265.0,0,Rest Day,0,0.0,0.0,0.0,0.0,0.0,0.0,0.0,0.0,0.0,,9,256,32.4,49.77044681378544,-17.370446813785442,17.370446813785442
Monday,28,Male,88.8,181.3,Beginner,Cycling,6.71,5.48,58.3,100.0,3.35,1.2,0.94,1,5.0,132.7,59.9,119,64,17.7,-0.56,2357.0,0,Rest Day,0,0.0,0.0,0.0,0.0,0.0,0.0,0.0,0.0,0.0,,7,191,55.7,71.17083415349208,-15.470834153492078,15.470834153492078
Thursday,45,Female,67.2,172.3,Intermediate,Yoga,21.0,6.41,82.9,100.0,4.12,1.31,0.98,0,5.0,46.2,53.6,64,49,15.2,1.36,5208.0,1,Yoga,56,3.51,121.1,138.6,157.0,21.0,21.3,6.8,4.4,2.6,Morning,5,131,85.4,61.373225628239304,24.026774371760702,24.026774371760702
Monday,20,Female,68.6,163.8,Intermediate,Running,10.64,8.07,85.6,100.0,5.07,1.77,1.23,0,5.0,69.8,51.4,74,56,17.5,0.33,3361.0,0,Rest Day,0,0.0,0.0,0.0,0.0,0.0,0.0,0.0,0.0,0.0,,7,198,81.2,69.39110665851307,11.808893341486936,11.808893341486936
Friday,37,Female,55.8,167.2,Elite,Running,9.47,7.09,79.0,100.0,3.92,1.76,1.41,1,5.0,106.5,51.3,113,53,14.6,0.22,3055.0,1,Cycling,70,12.9,147.1,165.4,723.0,4.8,15.0,22.0,19.5,8.7,Afternoon,8,230,57.6,61.73160014317876,-4.131600143178758,4.131600143178758
Saturday,39,Male,86.3,181.7,Advanced,Yoga,6.77,8.36,99.0,100.0,5.26,1.69,1.4,0,5.0,124.1,51.0,106,60,15.9,-0.3,3054.0,1,Running,59,12.54,144.7,162.8,592.0,6.0,11.1,20.1,16.4,5.4,Morning,8,217,100.0,70.23283187629005,29.76716812370995,29.76716812370995
Monday,40,Male,85.2,181.0,Advanced,Walking,10.82,7.88,77.2,100.0,4.46,1.89,1.54,0,5.1,76.9,66.1,88,68,17.1,0.94,3522.0,1,Walking,47,2.05,121.4,139.4,77.0,18.0,20.9,5.7,1.8,0.7,Morning,9,254,69.3,64.54894202940103,4.751057970598964,4.751057970598964
Sunday,22,Female,71.7,163.8,Beginner,Yoga,1.96,6.6,87.1,100.0,3.89,1.56,1.15,0,5.0,26.5,60.0,33,60,15.9,-0.26,1776.0,1,Yoga,37,2.67,135.0,154.8,81.0,14.6,14.5,5.2,3.1,0.5,Evening,11,330,42.2,46.70755570981153,-4.507555709811527,4.507555709811527
Wednesday,19,Male,76.3,173.4,Intermediate,HIIT,15.0,6.64,64.2,100.0,3.78,1.61,1.25,1,5.0,87.3,52.6,86,47,12.6,-0.36,3801.0,0,Rest Day,0,0.0,0.0,0.0,0.0,0.0,0.0,0.0,0.0,0.0,,10,291,41.3,57.55544378775705,-16.255443787757052,16.255443787757052
Monday,41,Female,72.0,149.4,Intermediate,HIIT,11.97,5.99,73.0,100.0,3.67,1.41,0.91,1,9.4,94.3,55.8,99,53,16.6,-0.22,3911.0,0,Rest Day,0,0.0,0.0,0.0,0.0,0.0,0.0,0.0,0.0,0.0,,11,317,55.9,62.97211371593444,-7.072113715934442,7.072113715934442
Saturday,53,Male,79.4,177.4,Advanced,HIIT,5.38,7.8,91.4,100.0,4.74,1.8,1.26,1,5.0,86.1,58.4,64,65,15.2,-0.1,2852.0,0,Rest Day,0,0.0,0.0,0.0,0.0,0.0,0.0,0.0,0.0,0.0,,3,77,84.1,68.79753914725087,15.302460852749121,15.302460852749121
Wednesday,25,Female,59.3,157.5,Advanced,Weight Training,16.05,7.3,91.3,100.0,4.47,1.54,1.29,0,5.0,46.1,60.1,41,61,16.4,-0.82,4393.0,1,Yoga,35,3.73,135.4,154.9,104.0,15.3,14.4,4.7,0.6,0.0,Evening,6,158,76.2,72.03456576308746,4.165434236912546,4.165434236912546
Sunday,44,Female,44.9,171.7,Intermediate,Running,1.42,8.1,96.1,100.0,5.01,1.82,1.27,0,5.0,64.7,46.6,42,58,15.0,-0.4,2154.0,0,Rest Day,0,0.0,0.0,0.0,0.0,0.0,0.0,0.0,0.0,0.0,,1,8,55.1,84.25102720023833,-29.151027200238325,29.151027200238325
Monday,29,Male,89.8,173.0,Elite,Swimming,14.3,7.62,91.3,100.0,4.45,1.84,1.32,0,5.0,55.1,78.9,73,72,13.1,-0.15,3844.0,1,HIIT,29,15.95,160.4,179.5,370.0,1.8,5.1,8.0,9.0,5.1,Evening,3,72,58.7,62.34393008995662,-3.643930089956619,3.643930089956619
Wednesday,37,Male,84.9,189.1,Intermediate,Swimming,5.57,8.57,77.8,100.0,5.47,1.79,1.31,2,5.0,77.3,63.0,78,65,11.0,-0.15,2934.0,1,Swimming,39,13.31,148.0,166.3,422.0,4.7,8.3,11.8,11.2,3.7,Evening,2,32,47.5,56.42551048799542,-8.925510487995417,8.925510487995417
Saturday,54,Female,49.6,166.6,Intermediate,HIIT,9.41,7.96,100.0,100.0,5.05,1.61,1.3,0,5.0,49.0,51.4,57,52,12.1,0.94,3179.0,0,Rest Day,0,0.0,0.0,0.0,0.0,0.0,0.0,0.0,0.0,0.0,,6,154,62.9,58.01254299351178,4.887457006488219,4.887457006488219
Saturday,55,Male,79.4,168.1,Advanced,Weight Training,8.56,6.17,83.1,100.0,3.95,1.28,0.95,0,5.0,87.7,75.1,88,73,19.0,0.45,3277.0,0,Rest Day,0,0.0,0.0,0.0,0.0,0.0,0.0,0.0,0.0,0.0,,4,112,54.3,55.809954614161434,-1.5099546141614368,1.5099546141614368
Monday,44,Female,51.1,170.1,Intermediate,Running,3.75,8.18,83.4,100.0,4.77,1.84,1.56,0,5.0,86.9,47.9,68,56,15.0,0.3,2332.0,0,Rest Day,0,0.0,0.0,0.0,0.0,0.0,0.0,0.0,0.0,0.0,,5,135,70.9,71.45700133467146,-0.5570013346714546,0.5570013346714546
Tuesday,21,Male,101.0,174.1,Elite,CrossFit,15.52,8.06,96.5,100.0,4.76,1.9,1.39,0,5.0,28.2,52.1,57,49,20.0,0.15,4178.0,1,CrossFit,61,17.08,169.8,189.7,834.0,2.3,8.6,14.8,21.0,14.4,Afternoon,1,17,75.9,66.12639487275979,9.773605127240216,9.773605127240216
Saturday,47,Female,38.1,179.1,Elite,HIIT,13.96,6.91,61.8,100.0,4.21,1.47,1.23,0,5.0,94.8,70.8,97,73,12.7,0.18,4334.0,0,Rest Day,0,0.0,0.0,0.0,0.0,0.0,0.0,0.0,0.0,0.0,,5,126,67.5,72.81291867728766,-5.312918677287655,5.312918677287655
Tuesday,58,Male,71.5,182.2,Elite,Yoga,17.68,5.83,72.7,100.0,3.65,1.26,0.93,0,5.0,43.9,41.5,53,45,16.5,0.01,4459.0,1,Yoga,49,2.53,110.2,126.4,99.0,17.9,18.6,8.5,4.0,0.0,Afternoon,8,241,100.0,80.71966404766025,19.280335952339755,19.280335952339755
Sunday,51,Female,75.5,162.3,Advanced,Swimming,4.84,7.24,68.0,100.0,4.28,1.56,1.4,0,6.0,107.6,55.1,94,55,15.2,0.35,2670.0,1,Swimming,44,14.57,139.2,156.1,513.0,4.7,7.9,12.4,13.7,5.3,Evening,4,92,76.7,69.88777867602698,6.81222132397302,6.81222132397302
Monday,33,Female,54.7,169.8,Beginner,CrossFit,13.2,6.51,82.5,100.0,3.98,1.36,1.16,0,5.0,81.8,52.0,87,50,17.1,-0.02,3883.0,0,Rest Day,0,0.0,0.0,0.0,0.0,0.0,0.0,0.0,0.0,0.0,,11,317,52.9,54.51933255055305,-1.6193325505530538,1.6193325505530538
Friday,45,Male,97.0,175.4,Intermediate,HIIT,13.01,8.15,98.8,100.0,4.7,1.89,1.56,0,5.0,45.1,50.4,50,52,15.5,0.35,3696.0,0,Rest Day,0,0.0,0.0,0.0,0.0,0.0,0.0,0.0,0.0,0.0,,6,181,66.5,57.95630287809565,8.543697121904351,8.543697121904351
Sunday,25,Female,59.3,157.5,Advanced,Weight Training,8.09,6.61,92.9,100.0,4.04,1.48,1.09,0,5.0,46.2,54.0,41,61,16.0,-1.63,3099.0,1,HIIT,26,17.55,167.5,187.0,365.0,0.9,5.6,5.7,8.8,5.0,Morning,4,99,56.2,72.16579691551681,-15.965796915516805,15.965796915516805
Sunday,63,Female,72.3,173.5,Elite,Swimming,6.49,8.79,90.6,100.0,5.37,2.05,1.37,1,5.0,106.3,50.2,103,51,14.6,0.55,2602.0,0,Rest Day,0,0.0,0.0,0.0,0.0,0.0,0.0,0.0,0.0,0.0,,6,176,61.8,59.709308218268404,2.090691781731593,2.090691781731593
Saturday,28,Male,88.8,181.3,Beginner,Cycling,4.71,4.81,60.1,100.0,2.98,0.99,0.84,1,15.0,123.6,64.9,119,64,15.3,-0.51,2515.0,0,Rest Day,0,0.0,0.0,0.0,0.0,0.0,0.0,0.0,0.0,0.0,,9,259,59.1,57.87628557863146,1.2237144213685411,1.2237144213685411
Sunday,54,Male,101.7,180.3,Intermediate,Cycling,2.39,7.7,81.4,100.0,4.48,1.89,1.33,0,5.0,111.4,58.2,97,68,15.4,-0.86,2795.0,0,Rest Day,0,0.0,0.0,0.0,0.0,0.0,0.0,0.0,0.0,0.0,,6,169,83.7,72.54741992110407,11.152580078895937,11.152580078895937
Tuesday,19,Female,77.0,173.0,Intermediate,CrossFit,19.31,8.05,93.5,100.0,4.82,1.95,1.28,0,5.0,93.3,71.2,119,73,19.4,-0.14,4863.0,1,Cycling,78,9.96,154.5,174.6,621.0,17.8,25.9,22.1,11.1,1.2,Morning,7,206,76.4,69.61377592853951,6.786224071460495,6.786224071460495
Friday,60,Female,72.7,169.5,Intermediate,Cycling,10.16,8.06,77.2,100.0,4.62,2.01,1.44,1,5.0,21.7,66.1,45,66,17.3,0.46,3154.0,0,Rest Day,0,0.0,0.0,0.0,0.0,0.0,0.0,0.0,0.0,0.0,,11,328,45.1,55.12398760358856,-10.023987603588559,10.023987603588559
Thursday,64,Male,78.0,179.0,Elite,Cycling,10.91,5.68,64.6,100.0,3.53,1.15,1.0,0,5.0,67.8,61.3,79,63,15.2,0.18,3911.0,1,Cycling,46,8.77,117.7,133.3,323.0,7.4,15.1,13.9,5.8,3.8,Afternoon,5,131,67.1,59.339191572108746,7.760808427891249,7.760808427891249
Monday,61,Female,58.3,160.5,Advanced,Yoga,15.07,6.74,86.5,100.0,4.0,1.47,1.27,1,5.0,64.3,56.9,92,59,15.5,0.23,3864.0,1,Yoga,51,3.92,110.8,126.7,160.0,20.2,18.3,9.6,0.9,2.0,Afternoon,5,128,68.6,67.17233778468959,1.4276622153104057,1.4276622153104057
Thursday,45,Male,97.0,175.4,Intermediate,HIIT,10.33,8.04,90.0,100.0,4.75,1.87,1.42,0,5.0,23.2,58.2,50,52,16.9,-1.25,3615.0,1,Cycling,104,8.64,131.7,149.2,721.0,17.5,34.8,30.8,12.4,9.0,Evening,8,215,41.6,50.12560028947053,-8.525600289470532,8.525600289470532
Wednesday,58,Male,78.3,173.3,Elite,Running,12.9,7.38,100.0,100.0,4.67,1.55,1.15,0,5.0,69.2,46.6,64,48,15.3,-0.01,4001.0,1,Running,56,18.1,140.2,156.4,811.0,5.3,6.4,12.2,20.6,11.4,Afternoon,5,151,93.5,75.3596635733683,18.140336426631706,18.140336426631706
Tuesday,40,Male,85.2,181.0,Advanced,Walking,13.23,6.13,50.8,100.0,3.85,1.34,0.94,1,5.0,89.7,66.8,88,68,18.1,-0.49,3985.0,1,Walking,34,3.98,125.5,143.5,108.0,13.0,12.7,6.0,1.8,0.6,Afternoon,1,23,73.3,71.4720734846479,1.8279265153521038,1.8279265153521038
Monday,40,Female,81.1,158.8,Intermediate,Running,6.52,6.39,76.6,100.0,3.95,1.32,1.12,0,8.4,61.2,59.0,49,65,17.6,-0.37,2525.0,0,Rest Day,0,0.0,0.0,0.0,0.0,0.0,0.0,0.0,0.0,0.0,,5,135,61.7,73.95418319800487,-12.254183198004867,12.254183198004867
Monday,56,Female,53.9,167.2,Beginner,Weight Training,13.16,6.41,75.4,100.0,3.96,1.33,1.12,0,5.0,95.8,56.7,101,59,14.6,0.44,3895.0,0,Rest Day,0,0.0,0.0,0.0,0.0,0.0,0.0,0.0,0.0,0.0,,1,9,56.2,73.87701418596889,-17.677014185968886,17.677014185968886
Monday,53,Female,70.2,179.8,Advanced,CrossFit,7.45,8.51,89.3,100.0,5.25,1.77,1.48,2,5.0,22.9,73.1,32,72,16.8,-1.37,2973.0,1,Walking,30,2.17,112.9,129.6,53.0,10.4,12.3,4.8,2.1,1.0,Evening,7,198,48.3,52.68953510307476,-4.389535103074763,4.389535103074763
Thursday,30,Female,62.9,175.5,Advanced,Cycling,6.32,8.11,66.7,100.0,4.76,1.97,1.38,2,5.0,130.9,63.8,111,67,17.5,0.15,2599.0,0,Rest Day,0,0.0,0.0,0.0,0.0,0.0,0.0,0.0,0.0,0.0,,2,47,61.3,68.3427448786873,-7.0427448786873015,7.0427448786873015
Tuesday,60,Male,88.2,175.6,Advanced,Running,10.29,8.74,86.7,100.0,5.35,1.81,1.58,0,5.0,87.0,52.0,78,52,15.6,0.29,3403.0,1,Running,32,15.29,133.1,149.1,391.0,1.3,5.4,7.7,11.3,6.3,Afternoon,3,66,58.5,65.82396094635354,-7.323960946353537,7.323960946353537
Sunday,21,Female,62.9,158.0,Intermediate,Cycling,6.78,8.71,92.6,100.0,5.34,1.86,1.52,0,5.0,44.2,53.0,42,52,18.3,0.1,2868.0,0,Rest Day,0,0.0,0.0,0.0,0.0,0.0,0.0,0.0,0.0,0.0,,1,29,52.7,53.48823458323074,-0.7882345832307394,0.7882345832307394
Wednesday,58,Male,73.6,180.0,Intermediate,Swimming,10.26,8.18,90.3,100.0,4.54,2.02,1.62,0,5.0,99.9,42.9,103,46,14.6,-0.01,3301.0,1,Running,46,15.12,134.5,150.7,556.0,0.3,7.2,13.5,15.8,9.2,Morning,8,221,72.4,66.99337541413962,5.406624585860385,5.406624585860385
Thursday,31,Male,67.6,186.3,Intermediate,Weight Training,13.66,7.03,70.4,100.0,4.14,1.69,1.2,1,5.0,22.7,54.2,38,56,20.0,-0.16,3973.0,1,HIIT,18,12.05,150.0,168.9,173.0,1.6,4.0,5.7,5.1,1.5,Evening,11,306,46.8,55.09853916840102,-8.298539168401021,8.298539168401021
Saturday,57,Female,58.7,159.1,Intermediate,Swimming,4.46,7.07,95.3,100.0,4.15,1.74,1.18,0,5.0,97.2,44.3,105,51,20.4,0.88,2537.0,0,Rest Day,0,0.0,0.0,0.0,0.0,0.0,0.0,0.0,0.0,0.0,,7,182,45.0,61.82222761481924,-16.82222761481924,16.82222761481924
Wednesday,44,Male,88.6,176.6,Beginner,Weight Training,14.02,6.07,89.4,100.0,3.64,1.25,1.18,1,5.0,52.8,49.8,71,49,17.0,0.09,3718.0,1,HIIT,34,12.76,141.1,158.7,349.0,4.4,5.5,9.8,10.0,4.6,Morning,12,340,37.0,57.56441451079162,-20.56441451079162,20.56441451079162
Friday,43,Male,76.7,177.8,Intermediate,Running,18.13,7.14,82.1,100.0,4.41,1.48,1.24,0,5.0,60.4,47.0,73,48,14.8,0.24,4078.0,0,Rest Day,0,0.0,0.0,0.0,0.0,0.0,0.0,0.0,0.0,0.0,,9,251,72.8,68.6208236934054,4.179176306594599,4.179176306594599
Tuesday,63,Female,74.4,162.0,Intermediate,CrossFit,16.03,8.05,90.2,100.0,4.63,1.93,1.49,0,5.0,69.7,63.6,90,65,15.7,0.6,4328.0,0,Rest Day,0,0.0,0.0,0.0,0.0,0.0,0.0,0.0,0.0,0.0,,10,283,69.0,68.4758809276889,0.5241190723110947,0.5241190723110947
Monday,40,Male,76.0,170.1,Advanced,Cycling,10.45,8.81,85.1,100.0,5.18,1.93,1.7,1,5.0,83.1,61.7,87,60,16.2,-0.2,3009.0,1,Cycling,90,14.0,147.0,165.0,1008.0,7.3,19.3,28.8,25.5,9.1,Evening,1,23,53.7,55.45673565443607,-1.7567356544360706,1.7567356544360706
Tuesday,20,Male,77.7,158.7,Advanced,Running,15.44,6.91,75.3,100.0,4.39,1.42,1.09,1,5.0,53.0,64.9,57,63,16.9,0.38,4341.0,1,HIIT,41,19.17,175.6,195.6,629.0,0.8,7.0,9.4,15.0,8.9,Evening,1,31,90.1,69.50121244281475,20.598787557185247,20.598787557185247
Monday,45,Female,46.2,161.2,Advanced,HIIT,2.89,5.63,66.1,100.0,3.32,1.33,0.98,0,5.0,66.7,58.4,54,68,15.0,0.63,2354.0,1,HIIT,40,14.74,144.5,162.0,472.0,3.4,8.7,10.6,11.1,6.1,Morning,5,135,73.8,77.48358219437901,-3.6835821943790137,3.6835821943790137
Monday,38,Male,96.3,177.6,Beginner,Weight Training,10.07,8.33,80.7,100.0,5.29,1.72,1.33,0,5.0,87.1,47.2,77,52,15.0,-0.07,3455.0,1,Running,59,9.9,139.8,158.0,467.0,11.7,15.1,18.1,10.8,3.2,Morning,10,282,58.4,82.2841098989832,-23.884109898983205,23.884109898983205
Friday,48,Female,68.6,156.2,Elite,CrossFit,8.82,8.06,90.1,100.0,4.7,1.99,1.37,0,5.0,122.0,42.4,104,45,14.0,0.11,3193.0,1,Weight Training,53,12.33,137.0,154.2,523.0,4.1,11.7,16.3,13.6,7.3,Morning,2,34,78.6,70.50691460854226,8.093085391457734,8.093085391457734
Wednesday,58,Male,94.4,171.5,Advanced,Cycling,5.48,8.68,87.2,100.0,5.06,2.03,1.59,0,5.0,82.3,65.4,71,72,14.8,-0.35,2481.0,1,Walking,30,4.01,113.0,129.2,96.0,11.9,11.7,3.2,2.5,0.7,Evening,7,193,78.5,77.10629654019331,1.3937034598066873,1.3937034598066873
Saturday,32,Male,103.8,183.1,Advanced,Running,9.24,6.86,76.6,100.0,4.23,1.46,1.17,1,5.0,59.9,63.5,46,72,17.1,0.45,3368.0,1,CrossFit,52,14.11,153.8,172.6,587.0,2.8,10.0,16.8,16.0,6.4,Morning,6,161,91.7,85.12695764193029,6.5730423580697135,6.5730423580697135
Friday,31,Female,77.4,158.2,Intermediate,Weight Training,6.06,5.11,83.8,100.0,3.11,1.1,0.9,1,5.8,83.9,48.2,80,45,16.9,0.65,2736.0,1,Weight Training,67,10.88,147.3,166.2,583.0,8.4,12.8,17.7,18.6,9.4,Evening,2,34,54.0,53.25953617939535,0.7404638206046528,0.7404638206046528
Friday,40,Male,96.2,167.4,Beginner,Weight Training,11.02,8.79,87.0,100.0,5.49,1.9,1.4,0,5.0,85.6,68.5,93,72,13.9,-0.85,3573.0,0,Rest Day,0,0.0,0.0,0.0,0.0,0.0,0.0,0.0,0.0,0.0,,2,48,63.6,66.78350448226038,-3.183504482260382,3.183504482260382
Tuesday,53,Male,95.1,180.5,Beginner,CrossFit,4.91,6.72,75.9,100.0,4.33,1.37,1.02,0,5.0,88.0,54.0,93,53,17.1,-0.34,2687.0,1,CrossFit,45,11.22,130.9,147.6,404.0,3.7,8.9,15.5,14.4,2.5,Morning,1,31,44.0,56.31630466285051,-12.316304662850513,12.316304662850513
Thursday,31,Male,69.3,181.5,Beginner,CrossFit,11.3,7.13,85.9,100.0,4.29,1.57,1.28,1,5.0,44.4,63.9,70,63,18.1,0.32,3441.0,0,Rest Day,0,0.0,0.0,0.0,0.0,0.0,0.0,0.0,0.0,0.0,,11,306,24.8,51.54661428447776,-26.74661428447776,26.74661428447776
Monday,36,Female,51.4,174.0,Advanced,Weight Training,11.68,6.13,63.2,100.0,3.71,1.41,1.01,0,5.3,103.3,46.2,119,45,15.2,0.96,3800.0,0,Rest Day,0,0.0,0.0,0.0,0.0,0.0,0.0,0.0,0.0,0.0,,8,219,49.8,61.37741617557649,-11.577416175576495,11.577416175576495
Sunday,34,Male,101.8,180.9,Beginner,Running,11.1,8.43,100.0,100.0,5.09,1.92,1.42,0,5.0,121.4,63.7,116,64,17.8,0.16,3291.0,0,Rest Day,0,0.0,0.0,0.0,0.0,0.0,0.0,0.0,0.0,0.0,,4,99,64.4,69.89317968423441,-5.493179684234406,5.493179684234406
Sunday,32,Male,65.8,180.0,Advanced,Running,4.27,6.05,81.2,100.0,3.82,1.29,0.94,0,5.0,130.8,54.0,112,57,20.5,0.12,2906.0,0,Rest Day,0,0.0,0.0,0.0,0.0,0.0,0.0,0.0,0.0,0.0,,8,218,89.4,77.27260320830598,12.127396791694025,12.127396791694025
Sunday,51,Male,94.6,187.9,Elite,Running,1.62,6.58,76.5,100.0,3.93,1.34,1.31,0,5.0,88.3,43.1,66,56,19.6,0.09,1662.0,1,Running,88,10.14,130.3,147.2,714.0,7.7,16.6,25.4,27.6,10.7,Afternoon,11,309,79.1,75.16727473341125,3.932725266588747,3.932725266588747
Monday,32,Male,65.8,180.0,Advanced,Running,5.95,7.72,84.4,100.0,4.62,1.68,1.42,0,9.3,100.5,54.1,112,57,16.0,0.75,2963.0,1,Running,59,15.48,156.9,175.7,731.0,4.9,8.8,14.8,20.3,10.1,Morning,9,261,60.1,61.83406906703949,-1.734069067039492,1.734069067039492
Tuesday,30,Female,54.8,168.6,Intermediate,CrossFit,10.99,7.3,76.3,100.0,4.1,1.77,1.43,0,5.0,29.7,62.8,45,60,17.8,0.43,3534.0,1,CrossFit,47,11.11,148.6,167.6,418.0,5.6,8.8,11.8,15.5,5.3,Afternoon,4,115,55.9,58.10839118343369,-2.2083911834336902,2.2083911834336902
Friday,27,Male,76.8,186.5,Intermediate,Yoga,9.88,7.2,69.2,100.0,4.3,1.79,1.11,1,5.3,25.6,66.5,30,66,18.3,0.5,2973.0,1,Cycling,76,16.64,163.7,183.0,1012.0,4.7,11.1,19.3,24.0,17.0,Morning,7,188,58.0,64.14482339765749,-6.14482339765749,6.14482339765749
Monday,58,Male,71.5,182.2,Elite,Yoga,11.4,7.07,64.2,100.0,4.02,1.69,1.35,0,5.0,58.6,45.8,53,45,19.3,0.0,3522.0,1,Yoga,36,4.62,114.2,130.4,133.0,14.6,12.6,6.4,2.5,0.0,Morning,6,163,68.4,65.8152591199092,2.5847408800908056,2.5847408800908056
Sunday,30,Female,62.9,175.5,Advanced,Cycling,11.3,7.12,81.1,100.0,4.57,1.43,1.13,0,6.4,121.0,58.4,111,67,14.8,0.49,3445.0,1,Running,75,13.18,153.3,172.3,791.0,4.2,18.4,24.6,21.9,5.9,Evening,4,120,71.4,71.5915412983948,-0.19154129839479594,0.19154129839479594
Saturday,46,Male,73.5,182.3,Intermediate,HIIT,4.27,7.69,81.7,100.0,4.83,1.67,1.19,0,5.0,66.0,46.4,46,55,16.7,-0.02,2406.0,0,Rest Day,0,0.0,0.0,0.0,0.0,0.0,0.0,0.0,0.0,0.0,,7,196,100.0,82.46289299597056,17.537107004029437,17.537107004029437
Friday,39,Male,86.3,181.7,Advanced,Yoga,14.11,7.77,100.0,100.0,4.44,1.94,1.39,0,5.0,77.2,67.4,106,60,17.5,0.25,3788.0,1,Cycling,62,5.14,128.7,146.8,256.0,10.9,17.4,17.7,11.2,5.0,Morning,1,6,49.9,56.13459342410427,-6.234593424104268,6.234593424104268
Monday,61,Female,66.4,159.7,Intermediate,Yoga,19.3,7.54,85.1,100.0,4.52,1.87,1.14,0,5.0,20.0,78.6,38,72,17.5,0.34,4804.0,0,Rest Day,0,0.0,0.0,0.0,0.0,0.0,0.0,0.0,0.0,0.0,,7,184,66.7,56.80271626245137,9.897283737548634,9.897283737548634
Monday,48,Female,51.6,156.5,Advanced,Swimming,21.0,6.29,54.1,100.0,3.78,1.4,1.11,0,5.0,71.5,49.7,88,49,12.7,0.3,5028.0,1,Swimming,37,14.49,141.5,158.7,429.0,2.2,6.5,12.5,12.5,3.4,Afternoon,6,163,76.3,69.95374352702098,6.346256472979022,6.346256472979022
Tuesday,41,Female,63.0,151.4,Elite,Weight Training,17.38,5.66,71.6,100.0,3.5,1.19,0.97,0,5.0,31.0,53.3,44,51,16.8,-0.33,4141.0,1,Weight Training,61,9.78,137.2,155.1,477.0,9.9,17.2,20.5,7.9,5.5,Morning,2,59,69.3,60.04622791025171,9.253772089748288,9.253772089748288
Monday,51,Female,65.7,155.6,Advanced,Yoga,6.49,8.02,84.5,100.0,4.75,1.89,1.38,0,5.0,102.5,41.5,92,45,14.9,-0.62,2663.0,0,Rest Day,0,0.0,0.0,0.0,0.0,0.0,0.0,0.0,0.0,0.0,,3,79,57.9,62.13520773617973,-4.235207736179731,4.235207736179731
Tuesday,63,Female,72.3,173.5,Elite,Swimming,8.81,7.44,89.7,100.0,4.59,1.51,1.34,1,5.0,124.6,40.1,103,51,13.8,0.07,3402.0,1,Swimming,55,18.08,135.8,151.5,795.0,3.2,7.4,14.8,17.4,12.3,Evening,7,199,98.6,82.62100367535106,15.978996324648932,15.978996324648932
Monday,28,Male,88.8,181.3,Beginner,Cycling,6.3,5.84,80.7,100.0,3.58,1.37,0.88,1,5.0,130.2,63.7,119,64,12.8,0.6,3102.0,1,Cycling,99,15.36,159.9,179.1,1216.0,3.9,15.6,29.3,34.2,16.0,Afternoon,10,296,56.0,69.36377908262152,-13.36377908262152,13.36377908262152
Sunday,57,Female,58.7,159.1,Intermediate,Swimming,10.65,8.26,91.4,100.0,4.89,1.77,1.61,0,5.0,95.8,47.5,105,51,14.2,0.07,3338.0,0,Rest Day,0,0.0,0.0,0.0,0.0,0.0,0.0,0.0,0.0,0.0,,11,309,51.0,57.95379571382556,-6.9537957138255635,6.9537957138255635
Sunday,23,Female,63.5,158.6,Intermediate,HIIT,1.67,8.6,89.9,100.0,5.08,1.96,1.56,0,5.0,54.1,59.3,38,61,15.8,-0.36,1774.0,0,Rest Day,0,0.0,0.0,0.0,0.0,0.0,0.0,0.0,0.0,0.0,,10,281,79.5,61.11510624629821,18.38489375370179,18.38489375370179
Saturday,50,Female,70.3,176.6,Advanced,Weight Training,10.33,7.64,88.2,100.0,4.68,1.6,1.36,0,5.0,72.5,75.7,75,74,15.9,-0.36,3217.0,1,Weight Training,74,8.05,126.8,143.8,476.0,15.3,22.4,22.3,10.3,3.6,Morning,7,182,54.6,57.866850869143384,-3.266850869143383,3.266850869143383
Saturday,31,Male,65.2,182.5,Elite,Yoga,5.52,8.03,84.3,100.0,4.86,1.69,1.49,1,5.0,106.1,64.7,103,70,15.1,0.43,2739.0,0,Rest Day,0,0.0,0.0,0.0,0.0,0.0,0.0,0.0,0.0,0.0,,11,322,43.3,62.52367256724716,-19.223672567247164,19.223672567247164
Tuesday,38,Female,76.2,167.2,Intermediate,Yoga,21.0,6.21,81.5,100.0,3.78,1.26,1.17,0,5.0,20.0,78.8,56,74,14.8,-0.67,5342.0,0,Rest Day,0,0.0,0.0,0.0,0.0,0.0,0.0,0.0,0.0,0.0,,5,150,34.3,54.636962992799056,-20.33696299279906,20.33696299279906
Sunday,59,Female,79.4,170.7,Advanced,Weight Training,7.81,8.15,84.4,100.0,4.7,2.0,1.46,0,5.0,63.9,53.4,65,54,17.9,1.3,2790.0,0,Rest Day,0,0.0,0.0,0.0,0.0,0.0,0.0,0.0,0.0,0.0,,10,288,46.2,57.19964497216809,-10.999644972168085,10.999644972168085
Tuesday,38,Female,76.2,167.2,Intermediate,Yoga,9.86,8.37,84.6,100.0,5.01,2.02,1.34,0,5.0,46.9,71.4,56,74,12.7,0.43,2840.0,1,Cycling,94,8.05,135.7,153.9,609.0,20.5,32.2,25.9,15.7,0.2,Afternoon,1,10,36.5,63.225589352878885,-26.725589352878885,26.725589352878885
Monday,41,Male,55.3,172.6,Intermediate,Weight Training,11.62,6.39,72.0,100.0,3.97,1.36,1.06,0,5.0,90.3,45.5,86,54,16.1,-0.1,3606.0,1,Weight Training,47,8.35,134.1,152.0,314.0,10.4,14.4,12.8,6.3,3.1,Morning,10,296,95.3,84.86203086489891,10.437969135101085,10.437969135101085
Monday,61,Female,66.4,159.7,Intermediate,Yoga,12.14,7.7,91.8,100.0,4.39,1.78,1.53,0,5.0,20.0,65.9,38,72,18.4,-0.07,3704.0,0,Rest Day,0,0.0,0.0,0.0,0.0,0.0,0.0,0.0,0.0,0.0,,8,233,60.7,70.41127475764537,-9.71127475764537,9.71127475764537
Monday,56,Female,62.7,164.5,Intermediate,Walking,8.12,7.95,91.9,100.0,4.42,1.96,1.56,0,5.0,77.8,56.4,66,63,19.3,-0.43,2958.0,0,Rest Day,0,0.0,0.0,0.0,0.0,0.0,0.0,0.0,0.0,0.0,,7,191,89.0,72.86561481267859,16.134385187321413,16.134385187321413
Wednesday,54,Male,82.9,171.5,Advanced,Walking,11.37,7.45,91.5,100.0,4.44,1.86,1.16,0,5.0,48.7,40.0,38,46,15.6,0.45,3398.0,0,Rest Day,0,0.0,0.0,0.0,0.0,0.0,0.0,0.0,0.0,0.0,,9,263,85.9,82.30032681845151,3.5996731815484964,3.5996731815484964
Wednesday,55,Male,79.4,168.1,Advanced,Weight Training,21.0,8.33,87.2,100.0,5.16,1.89,1.27,0,5.0,71.0,83.4,88,73,14.5,0.54,4785.0,1,Weight Training,70,11.23,129.3,145.8,629.0,6.6,12.4,22.9,23.6,4.5,Afternoon,3,60,53.7,55.60913242627329,-1.9091324262732883,1.9091324262732883
Saturday,24,Female,52.6,176.1,Intermediate,Walking,3.08,6.95,77.9,100.0,4.17,1.46,1.31,0,5.0,59.7,64.7,48,65,19.5,-0.02,2322.0,0,Rest Day,0,0.0,0.0,0.0,0.0,0.0,0.0,0.0,0.0,0.0,,1,13,38.6,55.14190925714535,-16.54190925714535,16.54190925714535
Wednesday,26,Female,43.6,159.3,Beginner,Swimming,9.52,5.39,88.2,100.0,3.37,1.17,0.86,0,5.0,85.9,69.7,90,70,13.7,0.0,3341.0,1,Running,67,11.46,152.6,172.0,619.0,7.2,11.9,21.4,22.1,4.9,Morning,12,361,45.9,61.47291896960819,-15.572918969608189,15.572918969608189
Sunday,39,Male,86.3,181.7,Advanced,Yoga,10.83,8.34,93.6,100.0,5.23,1.73,1.38,0,5.0,96.7,55.3,106,60,19.0,-0.37,3620.0,0,Rest Day,0,0.0,0.0,0.0,0.0,0.0,0.0,0.0,0.0,0.0,,10,274,70.2,64.91936789400056,5.2806321059994445,5.2806321059994445
Monday,50,Female,69.2,171.7,Intermediate,Weight Training,21.0,5.93,71.7,100.0,3.53,1.34,1.06,2,9.2,66.8,56.2,80,55,13.5,0.05,5132.0,1,Weight Training,54,11.28,133.3,150.3,487.0,4.1,10.9,16.2,15.6,7.1,Afternoon,3,79,81.7,69.04830924575008,12.651690754249927,12.651690754249927
Saturday,44,Male,72.6,174.1,Intermediate,HIIT,1.75,6.48,95.6,100.0,4.15,1.3,1.02,0,5.0,75.9,40.0,73,45,18.9,0.13,2109.0,0,Rest Day,0,0.0,0.0,0.0,0.0,0.0,0.0,0.0,0.0,0.0,,5,147,47.2,62.79582846804903,-15.595828468049028,15.595828468049028
Sunday,40,Male,64.3,173.9,Advanced,Weight Training,10.7,4.93,61.2,100.0,2.97,1.05,0.92,0,6.2,84.7,63.5,94,62,21.0,0.23,3814.0,0,Rest Day,0,0.0,0.0,0.0,0.0,0.0,0.0,0.0,0.0,0.0,,4,99,80.7,66.01873003301972,14.681269966980281,14.681269966980281
Tuesday,37,Female,70.8,166.3,Advanced,HIIT,15.33,4.64,84.3,100.0,2.6,1.16,0.88,0,5.0,77.7,62.3,73,59,14.6,-0.55,4445.0,1,HIIT,30,17.13,156.3,174.6,411.0,1.0,4.6,8.0,11.0,5.4,Afternoon,6,171,66.1,64.04964960127045,2.050350398729549,2.050350398729549
Wednesday,31,Male,86.2,180.2,Intermediate,Swimming,16.6,8.26,87.7,100.0,4.8,1.85,1.61,0,5.0,40.8,58.2,64,62,14.5,-0.98,4459.0,0,Rest Day,0,0.0,0.0,0.0,0.0,0.0,0.0,0.0,0.0,0.0,,1,11,70.0,67.41973631883238,2.5802636811676223,2.5802636811676223
Tuesday,29,Female,51.8,166.5,Beginner,HIIT,4.89,6.32,59.2,100.0,3.73,1.52,1.07,1,5.0,132.0,63.7,111,73,18.7,-0.53,2602.0,1,Cycling,112,6.14,138.1,157.2,550.0,22.3,36.2,35.9,17.0,0.5,Morning,3,87,92.1,67.93100563793371,24.168994362066286,24.168994362066286
Monday,37,Female,72.1,164.5,Elite,Cycling,8.6,6.64,86.8,100.0,3.99,1.39,1.26,1,5.0,96.5,44.8,92,49,17.2,-0.14,3129.0,1,Cycling,103,13.11,147.5,165.8,1085.0,15.7,17.2,31.0,33.5,6.1,Morning,10,296,40.9,62.61266255968692,-21.71266255968692,21.71266255968692
Sunday,46,Male,98.1,190.0,Intermediate,Cycling,8.78,8.53,79.9,100.0,5.09,1.83,1.61,1,5.0,37.3,54.6,46,56,16.5,0.17,3125.0,0,Rest Day,0,0.0,0.0,0.0,0.0,0.0,0.0,0.0,0.0,0.0,,7,197,71.5,60.31380762501304,11.186192374986959,11.186192374986959
Friday,23,Male,91.1,185.9,Beginner,Yoga,7.24,9.14,91.9,100.0,5.73,1.85,1.55,0,5.0,59.9,67.3,69,63,17.6,-0.22,2823.0,0,Rest Day,0,0.0,0.0,0.0,0.0,0.0,0.0,0.0,0.0,0.0,,1,6,32.9,50.25657223826849,-17.35657223826849,17.35657223826849
Monday,40,Male,76.0,170.1,Advanced,Cycling,14.81,8.38,100.0,100.0,5.29,1.8,1.29,0,5.0,68.0,59.1,87,60,16.5,0.09,4087.0,1,Cycling,47,14.08,147.2,165.2,529.0,6.6,8.3,14.3,12.1,5.6,Evening,2,37,79.2,60.15354747377978,19.04645252622022,19.04645252622022
Wednesday,25,Female,59.3,157.5,Advanced,Weight Training,17.45,6.32,80.7,100.0,3.67,1.56,1.09,0,5.4,45.2,63.1,41,61,18.2,-0.9,4593.0,1,Walking,41,4.81,137.9,157.4,158.0,13.6,15.4,7.6,3.3,1.0,Morning,11,305,82.3,71.09125401065018,11.208745989349822,11.208745989349822
Sunday,51,Female,65.7,155.6,Advanced,Yoga,3.55,8.67,90.8,100.0,5.32,2.03,1.32,0,5.0,99.4,40.0,92,45,17.8,0.4,2246.0,0,Rest Day,0,0.0,0.0,0.0,0.0,0.0,0.0,0.0,0.0,0.0,,10,302,47.7,58.22009196688172,-10.520091966881715,10.520091966881715
Tuesday,64,Female,61.4,171.8,Intermediate,CrossFit,8.54,7.33,82.0,100.0,4.25,1.7,1.38,1,5.0,42.5,56.0,42,55,16.4,0.05,3303.0,1,Cycling,118,7.09,114.6,130.2,669.0,23.7,34.2,41.0,16.8,2.2,Morning,10,283,69.0,59.975077337130166,9.024922662869834,9.024922662869834
Wednesday,48,Male,73.7,162.4,Beginner,Cycling,13.84,8.37,86.7,100.0,5.13,1.97,1.26,0,5.0,83.7,57.9,88,62,17.4,-0.43,4193.0,0,Rest Day,0,0.0,0.0,0.0,0.0,0.0,0.0,0.0,0.0,0.0,,5,123,63.7,66.6957770123666,-2.9957770123666023,2.9957770123666023
Tuesday,42,Male,72.4,185.0,Intermediate,HIIT,5.21,4.94,60.4,100.0,2.98,1.12,0.85,1,10.9,43.4,65.4,30,67,16.1,0.72,2508.0,0,Rest Day,0,0.0,0.0,0.0,0.0,0.0,0.0,0.0,0.0,0.0,,2,59,32.5,66.86610819546739,-34.36610819546739,34.36610819546739
Sunday,50,Male,102.4,173.8,Intermediate,Running,9.38,6.29,63.0,100.0,3.65,1.4,1.25,0,16.6,60.2,63.0,76,61,16.2,-0.48,3234.0,1,Walking,45,2.94,116.4,133.4,106.0,18.4,18.8,5.3,0.5,1.9,Afternoon,1,1,76.3,59.6126042921062,16.6873957078938,16.6873957078938
Friday,20,Male,85.0,178.7,Intermediate,Yoga,2.95,7.54,86.6,100.0,4.59,1.54,1.41,0,6.0,45.2,47.8,36,50,16.8,0.67,2024.0,1,Cycling,102,10.0,153.8,173.8,816.0,8.4,23.2,29.3,28.8,12.4,Afternoon,9,272,56.1,59.22180019354075,-3.12180019354075,3.12180019354075
Thursday,57,Male,80.7,166.4,Elite,Yoga,14.5,7.46,87.5,100.0,4.51,1.66,1.3,1,5.7,57.2,71.5,54,74,18.0,0.16,3798.0,0,Rest Day,0,0.0,0.0,0.0,0.0,0.0,0.0,0.0,0.0,0.0,,1,11,88.8,70.8475682825331,17.952431717466894,17.952431717466894
Sunday,48,Male,86.5,176.4,Advanced,Swimming,8.57,6.48,73.8,100.0,3.99,1.37,1.12,0,5.5,106.4,60.4,99,64,19.4,0.09,2694.0,1,Running,40,6.93,126.0,143.2,222.0,7.3,12.2,12.5,6.9,1.1,Evening,9,267,100.0,80.93758142146523,19.062418578534775,19.062418578534775
Wednesday,41,Male,75.1,170.1,Intermediate,Swimming,12.1,8.95,78.7,100.0,5.49,2.07,1.39,0,5.0,102.6,57.6,112,61,18.5,-0.4,3629.0,1,Weight Training,69,11.12,140.1,158.0,614.0,6.1,13.4,21.7,20.2,7.7,Morning,3,60,76.4,67.90438940495842,8.495610595041583,8.495610595041583
Sunday,24,Male,99.4,168.8,Intermediate,Weight Training,5.77,6.98,84.6,100.0,4.07,1.62,1.29,0,5.0,53.8,49.9,40,53,18.8,-0.25,2812.0,0,Rest Day,0,0.0,0.0,0.0,0.0,0.0,0.0,0.0,0.0,0.0,,10,288,59.9,63.53976765640963,-3.6397676564096315,3.6397676564096315
Sunday,51,Male,83.5,185.3,Elite,CrossFit,6.11,8.06,87.0,100.0,4.46,2.0,1.6,0,5.0,68.1,53.6,45,61,16.1,-0.97,2704.0,1,CrossFit,72,18.74,147.5,164.4,1079.0,3.6,9.7,20.0,22.2,16.5,Afternoon,2,36,100.0,77.36818370820694,22.631816291793058,22.631816291793058
Tuesday,51,Male,78.8,181.0,Intermediate,Walking,18.24,8.0,79.1,100.0,4.55,1.99,1.46,0,7.0,115.3,68.0,117,67,17.7,0.11,4779.0,0,Rest Day,0,0.0,0.0,0.0,0.0,0.0,0.0,0.0,0.0,0.0,,9,248,71.0,74.84353494504387,-3.8435349450438707,3.8435349450438707
Thursday,56,Female,62.7,164.5,Intermediate,Walking,16.18,7.92,97.8,100.0,4.62,1.98,1.32,0,5.0,42.0,58.3,66,63,14.2,-0.14,4114.0,0,Rest Day,0,0.0,0.0,0.0,0.0,0.0,0.0,0.0,0.0,0.0,,11,313,77.0,68.49649118835988,8.503508811640117,8.503508811640117
Saturday,32,Male,65.8,180.0,Advanced,Running,13.24,7.47,61.3,100.0,4.36,1.71,1.4,0,5.0,87.9,56.1,112,57,14.9,0.1,3807.0,0,Rest Day,0,0.0,0.0,0.0,0.0,0.0,0.0,0.0,0.0,0.0,,10,294,72.1,61.61022706301299,10.489772936987002,10.489772936987002
Friday,37,Female,64.4,162.7,Intermediate,Walking,4.9,6.67,92.9,100.0,4.1,1.36,1.21,0,5.0,90.1,60.6,65,64,12.8,-0.05,2730.0,1,Yoga,47,4.04,127.8,146.1,152.0,19.6,18.7,5.1,3.7,0.0,Morning,8,216,57.6,60.164121469669965,-2.5641214696699635,2.5641214696699635
Saturday,21,Male,101.0,174.1,Elite,CrossFit,4.05,8.34,94.7,100.0,4.87,1.95,1.52,1,5.0,69.7,45.7,57,49,14.0,0.51,2324.0,1,CrossFit,53,12.15,158.1,178.0,515.0,3.4,10.6,17.2,17.9,3.9,Morning,2,49,62.4,68.29704323987995,-5.897043239879956,5.897043239879956
Thursday,40,Male,70.6,179.0,Beginner,Yoga,13.31,7.63,88.5,100.0,4.65,1.72,1.26,0,5.0,38.9,62.0,53,58,17.4,0.1,3884.0,0,Rest Day,0,0.0,0.0,0.0,0.0,0.0,0.0,0.0,0.0,0.0,,1,26,60.1,58.05112316913326,2.048876830866739,2.048876830866739
Sunday,23,Male,89.9,184.6,Intermediate,Walking,3.73,7.52,91.7,100.0,4.44,1.64,1.44,0,5.0,85.2,40.0,76,46,15.5,0.32,2379.0,0,Rest Day,0,0.0,0.0,0.0,0.0,0.0,0.0,0.0,0.0,0.0,,3,78,58.0,77.27533470806902,-19.275334708069025,19.275334708069025
Saturday,35,Male,61.0,176.7,Advanced,Running,8.7,7.57,92.7,100.0,4.67,1.7,1.2,0,5.0,41.3,62.6,61,66,15.0,-1.05,3061.0,0,Rest Day,0,0.0,0.0,0.0,0.0,0.0,0.0,0.0,0.0,0.0,,11,329,60.1,52.72183304555574,7.378166954444261,7.378166954444261
Friday,60,Female,72.7,169.5,Intermediate,Cycling,0.14,7.73,94.7,100.0,4.96,1.55,1.22,0,5.0,50.7,55.3,45,66,17.6,-0.21,1487.0,1,Weight Training,68,12.68,128.2,144.2,690.0,4.6,13.7,18.6,21.5,9.6,Evening,9,265,57.8,75.19595709505421,-17.395957095054214,17.395957095054214
Thursday,47,Female,38.1,179.1,Elite,HIIT,10.57,6.74,70.1,100.0,3.81,1.63,1.31,0,5.0,81.9,69.0,97,73,19.6,1.12,2679.0,1,Running,79,16.4,146.2,163.5,1036.0,4.8,12.0,20.5,29.6,12.1,Morning,10,285,69.4,69.40315596790332,-0.0031559679033108523,0.0031559679033108523
Thursday,64,Female,61.4,171.8,Intermediate,CrossFit,13.12,6.98,79.4,100.0,4.05,1.55,1.38,1,5.0,42.7,59.1,42,55,17.7,0.12,3492.0,1,CrossFit,73,16.22,131.5,147.1,947.0,3.5,10.6,16.1,27.6,15.1,Morning,10,292,74.3,65.0768538470381,9.223146152961903,9.223146152961903
Sunday,28,Male,70.7,168.7,Advanced,HIIT,8.73,7.56,76.5,100.0,4.79,1.57,1.2,1,5.0,43.5,51.2,36,57,14.9,-0.52,3309.0,0,Rest Day,0,0.0,0.0,0.0,0.0,0.0,0.0,0.0,0.0,0.0,,11,330,64.4,75.96878550379891,-11.568785503798907,11.568785503798907
Thursday,45,Female,79.8,163.9,Intermediate,Cycling,8.23,6.37,82.3,100.0,3.91,1.4,1.06,1,5.0,99.4,74.5,81,73,15.1,0.33,3169.0,1,Cycling,106,11.11,136.9,154.4,942.0,14.5,18.1,34.7,30.1,8.5,Morning,1,5,73.7,60.520289480626516,13.179710519373486,13.179710519373486
Wednesday,56,Male,105.2,157.5,Beginner,Weight Training,6.73,7.25,78.3,100.0,4.56,1.58,1.11,0,5.0,103.1,53.3,93,63,16.6,0.31,2718.0,1,HIIT,36,12.6,131.2,147.6,363.0,2.4,6.4,12.9,11.2,3.0,Evening,11,305,87.5,78.09122054908633,9.40877945091367,9.40877945091367
Thursday,28,Male,70.7,168.7,Advanced,HIIT,15.52,6.87,81.2,100.0,3.9,1.65,1.32,0,7.0,29.2,49.6,36,57,13.2,1.76,3948.0,1,HIIT,39,16.49,162.5,181.7,515.0,0.3,4.4,11.3,14.7,8.3,Afternoon,12,341,100.0,77.47671162695089,22.523288373049112,22.523288373049112
Sunday,30,Female,62.9,175.5,Advanced,Cycling,7.18,7.31,79.1,100.0,4.52,1.64,1.15,0,5.0,101.1,67.1,111,67,14.2,0.35,2899.0,1,Yoga,46,3.36,131.1,150.1,126.0,17.2,18.4,6.9,4.2,0.0,Morning,1,14,41.1,54.66112464361471,-13.561124643614711,13.561124643614711
Tuesday,24,Male,99.4,168.8,Intermediate,Weight Training,10.29,6.8,83.0,100.0,4.13,1.62,1.05,0,5.0,33.9,52.0,40,53,14.8,0.71,2996.0,1,Weight Training,50,10.91,152.8,172.4,436.0,6.0,9.1,13.9,15.0,6.0,Morning,12,339,61.2,59.94354060398279,1.2564593960172132,1.2564593960172132
Wednesday,31,Male,69.3,181.5,Beginner,CrossFit,9.53,5.75,76.7,100.0,3.51,1.15,1.09,0,5.0,84.9,63.6,70,63,14.9,0.49,3256.0,0,Rest Day,0,0.0,0.0,0.0,0.0,0.0,0.0,0.0,0.0,0.0,,1,18,87.3,63.46743280585797,23.83256719414203,23.83256719414203
Wednesday,53,Male,95.1,180.5,Beginner,CrossFit,20.61,6.49,71.0,100.0,3.9,1.59,1.0,0,5.0,79.6,56.6,93,53,10.0,0.21,4962.0,0,Rest Day,0,0.0,0.0,0.0,0.0,0.0,0.0,0.0,0.0,0.0,,12,340,78.0,65.38995724615549,12.61004275384451,12.61004275384451
Friday,31,Male,86.2,180.2,Intermediate,Swimming,5.1,7.91,57.3,100.0,4.97,1.63,1.31,2,10.1,71.0,58.1,64,62,19.2,-0.31,2957.0,1,Swimming,36,13.4,153.0,171.9,386.0,4.7,7.9,9.3,9.9,4.2,Morning,5,125,65.2,60.796769970820115,4.403230029179888,4.403230029179888
Wednesday,57,Male,80.7,166.4,Elite,Yoga,9.67,7.75,91.1,100.0,4.68,1.82,1.25,0,5.0,68.5,71.7,54,74,13.1,-0.3,2908.0,1,Running,44,16.92,138.8,155.1,596.0,2.0,5.7,11.2,16.0,9.1,Evening,1,11,92.2,69.75708613251797,22.442913867482034,22.442913867482034
Tuesday,47,Male,73.1,178.7,Intermediate,HIIT,13.04,8.25,88.7,100.0,5.07,1.93,1.25,1,5.0,20.0,59.8,30,62,19.7,0.06,3510.0,1,HIIT,29,15.13,143.6,160.9,351.0,2.0,4.7,6.2,10.2,5.9,Evening,10,283,84.7,74.37372599989206,10.326274000107944,10.326274000107944
Tuesday,27,Female,58.5,165.4,Beginner,Running,21.0,7.67,91.1,100.0,4.78,1.73,1.16,0,5.0,110.1,50.0,104,49,15.4,0.1,4976.0,1,Running,73,14.09,157.8,177.1,823.0,7.6,11.9,22.2,23.0,8.3,Afternoon,2,38,84.0,77.69631324743499,6.303686752565014,6.303686752565014
Sunday,39,Female,63.7,162.7,Elite,Yoga,6.71,8.09,85.4,100.0,4.67,1.96,1.46,0,5.0,62.6,58.3,49,63,15.7,0.03,2494.0,1,Yoga,50,3.68,125.6,143.7,147.0,19.5,21.1,5.9,3.5,0.0,Morning,11,316,64.3,78.79369302541706,-14.493693025417059,14.493693025417059
Tuesday,45,Female,46.2,161.2,Advanced,HIIT,7.18,6.71,74.9,100.0,3.77,1.62,1.32,1,5.0,70.8,70.9,54,68,12.8,-0.08,2829.0,0,Rest Day,0,0.0,0.0,0.0,0.0,0.0,0.0,0.0,0.0,0.0,,2,38,78.2,60.71763694379497,17.48236305620503,17.48236305620503
Tuesday,40,Male,76.0,170.1,Advanced,Cycling,4.0,8.29,82.9,100.0,4.94,2.02,1.33,0,5.0,106.6,56.8,87,60,16.4,-0.28,2368.0,1,Cycling,84,11.31,141.2,159.2,760.0,4.6,18.5,27.8,24.6,8.5,Morning,1,17,61.0,67.94142576907073,-6.941425769070733,6.941425769070733
Thursday,51,Male,94.6,187.9,Elite,Running,18.54,7.46,76.9,100.0,4.4,1.78,1.27,0,5.0,51.1,54.6,66,56,18.8,-0.34,4588.0,1,Running,39,14.89,139.8,156.7,464.0,4.6,7.0,13.5,11.3,2.6,Afternoon,10,292,82.6,68.22552265051945,14.374477349480543,14.374477349480543
Saturday,60,Female,56.4,155.1,Elite,HIIT,0.94,8.81,95.3,100.0,5.01,2.13,1.67,0,5.0,66.6,45.9,57,45,17.2,-0.43,1642.0,1,HIIT,38,13.38,129.5,145.5,407.0,3.3,8.6,11.9,10.7,3.4,Evening,10,280,52.1,57.07112486157193,-4.97112486157193,4.97112486157193
Wednesday,33,Male,76.8,178.4,Intermediate,Swimming,10.59,7.73,83.2,100.0,4.64,1.65,1.44,1,5.0,59.4,67.6,75,69,17.2,-0.88,3293.0,1,Swimming,43,12.84,150.1,168.8,442.0,2.6,9.1,12.8,12.4,6.0,Morning,1,4,54.6,60.36107747900518,-5.761077479005181,5.761077479005181
Tuesday,28,Male,93.7,167.0,Intermediate,Running,16.18,7.74,94.7,100.0,4.47,1.84,1.42,0,5.0,26.7,47.3,38,50,17.0,-0.65,4083.0,0,Rest Day,0,0.0,0.0,0.0,0.0,0.0,0.0,0.0,0.0,0.0,,11,325,91.2,75.79486898314535,15.405131016854654,15.405131016854654
Sunday,43,Male,75.0,176.3,Intermediate,Swimming,3.02,8.49,99.2,100.0,4.79,2.09,1.61,0,5.0,82.7,63.4,73,72,14.1,-0.16,2182.0,0,Rest Day,0,0.0,0.0,0.0,0.0,0.0,0.0,0.0,0.0,0.0,,11,316,63.1,68.04934308422342,-4.949343084223422,4.949343084223422
Friday,41,Female,63.0,151.4,Elite,Weight Training,5.16,5.96,59.9,100.0,3.46,1.41,1.1,0,5.0,25.5,47.0,44,51,12.4,0.55,2420.0,1,CrossFit,73,13.46,145.0,162.9,786.0,9.2,12.8,22.8,22.7,5.5,Evening,8,230,55.6,52.971436879173304,2.6285631208266977,2.6285631208266977
Sunday,35,Male,93.9,169.2,Advanced,Weight Training,9.48,4.86,65.2,100.0,2.88,1.2,0.77,0,5.0,113.3,46.5,105,52,18.4,0.17,3054.0,1,Weight Training,73,10.35,143.1,161.6,605.0,6.3,16.5,21.6,23.0,5.5,Evening,2,43,93.7,74.68193268770928,19.018067312290725,19.018067312290725
Monday,25,Female,78.7,165.9,Intermediate,Weight Training,6.81,8.21,88.8,100.0,4.91,1.75,1.55,0,5.0,75.6,70.2,77,73,18.8,-0.02,3190.0,0,Rest Day,0,0.0,0.0,0.0,0.0,0.0,0.0,0.0,0.0,0.0,,10,296,74.5,63.743445559463964,10.756554440536036,10.756554440536036
Wednesday,38,Female,55.5,170.3,Elite,Yoga,13.03,7.06,76.7,100.0,3.97,1.74,1.35,1,5.8,36.4,62.5,51,63,13.9,-0.32,3814.0,1,Yoga,54,4.21,127.4,145.6,182.0,23.3,23.0,6.1,0.1,1.6,Morning,8,235,61.2,60.64753097898707,0.5524690210129322,0.5524690210129322
Tuesday,45,Female,67.2,172.3,Intermediate,Yoga,13.23,7.77,82.5,100.0,4.61,1.64,1.52,0,5.0,64.9,46.7,64,49,17.3,0.14,3561.0,0,Rest Day,0,0.0,0.0,0.0,0.0,0.0,0.0,0.0,0.0,0.0,,6,178,79.2,73.69369736615367,5.506302633846332,5.506302633846332
Thursday,24,Female,77.6,162.5,Elite,Walking,4.11,7.41,84.7,100.0,4.49,1.71,1.21,0,5.0,54.9,52.8,31,55,17.3,1.05,2373.0,1,Walking,40,2.87,134.1,153.7,92.0,15.7,14.3,6.6,3.4,0.0,Morning,3,61,76.0,60.13749060104993,15.862509398950067,15.862509398950067
Tuesday,26,Female,58.4,160.4,Beginner,Running,5.23,8.47,96.0,100.0,5.18,1.92,1.36,0,5.0,93.1,64.9,83,64,18.2,-0.08,2317.0,1,Swimming,58,10.7,150.8,170.2,496.0,3.4,10.7,20.2,15.8,7.9,Morning,7,185,71.4,56.860653659579455,14.53934634042055,14.53934634042055
Friday,42,Male,89.4,185.8,Intermediate,Yoga,7.16,7.34,83.5,100.0,4.18,1.77,1.38,0,5.0,76.1,47.9,51,57,18.1,0.25,3172.0,1,Swimming,37,12.39,142.0,159.8,367.0,4.2,6.6,12.2,11.7,2.2,Morning,9,251,100.0,80.05438403370927,19.94561596629073,19.94561596629073
Sunday,39,Female,57.6,168.5,Advanced,Yoga,12.46,7.82,80.9,100.0,4.65,1.84,1.32,0,5.3,71.2,69.9,75,71,16.9,-0.46,3810.0,0,Rest Day,0,0.0,0.0,0.0,0.0,0.0,0.0,0.0,0.0,0.0,,6,155,47.0,64.15381786354926,-17.153817863549264,17.153817863549264
Tuesday,58,Male,73.6,180.0,Intermediate,Swimming,12.49,7.64,88.7,100.0,4.31,1.83,1.5,0,5.0,92.0,45.8,103,46,13.0,0.09,3838.0,1,Swimming,48,11.93,128.3,144.5,464.0,6.7,9.7,16.0,12.3,3.9,Evening,12,339,40.0,62.037124555184874,-22.037124555184874,22.037124555184874
Wednesday,58,Male,94.4,171.5,Advanced,Cycling,21.0,8.16,92.2,100.0,4.97,1.65,1.54,1,5.0,55.3,78.0,71,72,18.2,-0.84,4936.0,0,Rest Day,0,0.0,0.0,0.0,0.0,0.0,0.0,0.0,0.0,0.0,,4,102,58.6,60.96900674989954,-2.3690067498995404,2.3690067498995404
Wednesday,30,Male,67.7,162.3,Intermediate,Walking,15.36,7.19,91.7,100.0,4.44,1.53,1.23,0,5.0,74.2,70.9,82,74,16.9,0.32,4283.0,0,Rest Day,0,0.0,0.0,0.0,0.0,0.0,0.0,0.0,0.0,0.0,,11,312,87.6,73.79413376789527,13.80586623210472,13.80586623210472
Thursday,33,Male,76.8,178.4,Intermediate,Swimming,18.68,6.87,79.4,100.0,3.93,1.67,1.28,0,5.0,52.9,72.1,75,69,20.8,0.23,4553.0,0,Rest Day,0,0.0,0.0,0.0,0.0,0.0,0.0,0.0,0.0,0.0,,10,292,74.7,56.48707320000617,18.21292679999383,18.21292679999383
Sunday,26,Female,43.6,159.3,Beginner,Swimming,6.73,7.05,55.7,100.0,4.26,1.57,1.22,0,5.0,81.6,63.2,90,70,17.0,-0.34,2602.0,0,Rest Day,0,0.0,0.0,0.0,0.0,0.0,0.0,0.0,0.0,0.0,,11,323,49.7,62.62997127909702,-12.929971279097018,12.929971279097018
Thursday,26,Female,59.9,163.3,Beginner,Walking,14.9,8.29,86.4,100.0,4.97,1.9,1.41,0,8.1,45.8,57.4,64,55,17.7,0.29,4074.0,0,Rest Day,0,0.0,0.0,0.0,0.0,0.0,0.0,0.0,0.0,0.0,,8,236,49.9,54.56810816918368,-4.668108169183682,4.668108169183682
Sunday,59,Male,82.7,181.0,Advanced,Cycling,3.97,8.33,95.3,100.0,5.14,1.75,1.44,0,5.0,111.6,65.8,101,74,13.7,0.1,2375.0,0,Rest Day,0,0.0,0.0,0.0,0.0,0.0,0.0,0.0,0.0,0.0,,6,155,100.0,68.52362155639216,31.476378443607842,31.476378443607842
Saturday,61,Male,69.0,180.3,Intermediate,Cycling,3.05,8.03,94.1,100.0,5.18,1.61,1.24,0,5.0,135.1,46.3,118,55,19.0,0.27,2275.0,0,Rest Day,0,0.0,0.0,0.0,0.0,0.0,0.0,0.0,0.0,0.0,,8,231,82.3,73.55629362448515,8.743706375514847,8.743706375514847
Thursday,37,Female,64.4,162.7,Intermediate,Walking,2.23,6.66,76.5,100.0,3.79,1.55,1.32,1,5.0,70.7,58.6,65,64,13.3,0.32,2073.0,1,Walking,47,2.31,124.0,142.3,87.0,19.5,17.1,5.8,4.6,0.0,Afternoon,3,89,87.6,61.55430613423836,26.045693865761635,26.045693865761635
Tuesday,41,Female,71.9,159.2,Beginner,Yoga,14.68,7.25,81.1,100.0,4.16,1.71,1.37,0,6.1,33.3,48.8,66,49,16.2,-0.05,4223.0,1,Yoga,50,2.29,121.2,139.1,92.0,20.2,18.6,9.3,2.3,0.0,Evening,5,136,46.6,64.51168446697251,-17.91168446697251,17.91168446697251
Saturday,33,Male,57.4,191.7,Elite,Walking,5.57,8.54,89.1,100.0,5.39,1.86,1.29,1,5.0,81.7,56.5,79,59,16.0,0.25,2418.0,1,CrossFit,59,10.28,144.4,163.1,488.0,7.5,13.2,16.4,15.7,6.6,Afternoon,10,287,41.3,50.48856143417027,-9.188561434170275,9.188561434170275
Thursday,57,Female,58.7,159.1,Intermediate,Swimming,10.14,8.78,97.2,100.0,5.31,1.84,1.62,0,5.0,95.1,46.7,105,51,15.4,-0.3,3376.0,1,Swimming,40,13.62,132.4,148.7,441.0,3.0,7.3,13.2,14.0,2.9,Evening,11,313,40.2,60.824973997724754,-20.62497399772475,20.62497399772475
Tuesday,46,Male,79.7,179.0,Elite,Weight Training,10.71,6.21,79.1,100.0,3.82,1.28,1.1,1,5.0,113.5,70.0,110,68,11.9,-0.54,3531.0,1,Running,55,15.62,145.5,162.9,687.0,2.6,8.8,15.4,18.7,9.5,Evening,5,122,83.4,62.27860167775965,21.121398322240353,21.121398322240353
Friday,56,Female,53.9,167.2,Beginner,Weight Training,10.34,6.29,61.6,100.0,3.95,1.31,1.02,0,5.0,108.1,58.1,101,59,19.2,-0.44,3375.0,1,Walking,42,2.57,111.6,128.0,86.0,17.2,17.9,4.8,2.1,0.0,Evening,4,104,71.3,73.88172422081891,-2.581724220818913,2.581724220818913
Thursday,19,Female,60.8,162.0,Beginner,Yoga,19.07,8.27,85.9,100.0,4.69,1.94,1.64,0,5.0,53.1,51.6,86,48,12.7,0.22,4537.0,0,Rest Day,0,0.0,0.0,0.0,0.0,0.0,0.0,0.0,0.0,0.0,,5,131,55.9,56.91482675876585,-1.0148267587658495,1.0148267587658495
Saturday,36,Male,75.9,185.8,Advanced,Running,5.56,6.34,74.8,100.0,3.71,1.57,1.06,0,5.0,91.2,50.1,60,50,16.7,-0.69,2687.0,1,Running,62,7.7,136.5,154.9,382.0,14.6,16.7,18.0,12.4,0.2,Afternoon,8,224,83.3,61.890475344633714,21.409524655366283,21.409524655366283
Tuesday,60,Male,104.5,177.6,Advanced,Weight Training,2.19,8.44,89.8,100.0,5.04,1.89,1.51,0,5.0,114.5,61.9,107,60,12.2,-0.19,1928.0,1,Yoga,52,4.98,113.5,129.5,207.0,23.6,20.3,6.4,1.7,0.0,Morning,9,269,55.1,56.65824855611515,-1.5582485561151458,1.5582485561151458
Sunday,27,Female,58.5,165.4,Beginner,Running,10.31,8.43,93.7,100.0,4.87,1.9,1.66,0,5.0,96.6,48.8,104,49,13.5,-0.1,3369.0,0,Rest Day,0,0.0,0.0,0.0,0.0,0.0,0.0,0.0,0.0,0.0,,4,113,45.2,58.44285531679859,-13.24285531679859,13.24285531679859
Tuesday,59,Female,50.7,161.9,Elite,Swimming,17.73,6.51,83.1,100.0,3.88,1.42,1.21,1,5.0,93.1,48.2,107,45,19.4,-0.07,4166.0,1,Swimming,49,14.2,131.9,148.0,557.0,6.0,11.0,15.5,11.8,4.7,Afternoon,9,269,79.6,65.54722489565046,14.052775104349536,14.052775104349536
Saturday,64,Female,46.7,164.0,Advanced,Walking,7.12,7.05,84.0,100.0,4.35,1.54,1.16,0,5.0,82.6,66.1,49,73,15.8,-0.44,2804.0,1,Walking,44,3.31,107.6,123.2,117.0,17.3,18.4,5.2,2.8,0.2,Evening,4,98,70.1,76.28891722693102,-6.188917226931025,6.188917226931025
Saturday,51,Female,75.5,162.3,Advanced,Swimming,6.16,6.4,66.6,100.0,4.02,1.38,1.0,1,5.0,96.4,51.7,94,55,15.2,0.15,2590.0,1,Swimming,33,6.15,122.2,139.1,164.0,7.0,9.5,10.2,4.0,2.7,Afternoon,4,119,45.7,62.26335911807551,-16.56335911807551,16.56335911807551
Monday,24,Female,77.6,162.5,Elite,Walking,17.4,8.27,87.7,100.0,5.09,1.83,1.36,0,5.0,26.6,54.8,31,55,18.6,-0.09,4726.0,1,HIIT,28,15.3,163.1,182.7,343.0,1.7,4.6,7.3,10.0,4.4,Afternoon,1,16,84.0,67.96526848553873,16.03473151446127,16.03473151446127
Saturday,59,Female,50.7,161.9,Elite,Swimming,2.63,7.85,73.8,100.0,4.58,1.82,1.44,2,5.0,123.6,40.0,107,45,13.0,0.15,1933.0,0,Rest Day,0,0.0,0.0,0.0,0.0,0.0,0.0,0.0,0.0,0.0,,3,84,76.3,67.6162629419004,8.683737058099595,8.683737058099595
Monday,61,Male,60.9,176.7,Advanced,Running,16.12,6.62,79.1,100.0,4.06,1.44,1.13,1,5.0,20.8,64.7,37,66,17.7,1.09,4183.0,1,Walking,42,2.78,108.6,124.5,93.0,17.0,16.3,4.9,3.1,0.6,Evening,7,205,89.1,69.19869494900489,19.901305050995106,19.901305050995106
Saturday,20,Male,58.2,183.9,Beginner,CrossFit,9.72,8.59,86.6,100.0,5.42,1.74,1.43,0,5.0,51.3,48.6,45,55,21.0,-0.31,2890.0,0,Rest Day,0,0.0,0.0,0.0,0.0,0.0,0.0,0.0,0.0,0.0,,6,175,65.5,69.97148621096227,-4.471486210962269,4.471486210962269
Tuesday,28,Male,88.8,181.3,Beginner,Cycling,3.48,7.37,77.3,100.0,4.64,1.58,1.16,1,6.8,150.0,62.5,119,64,14.0,0.66,2392.0,1,CrossFit,49,13.39,155.4,174.6,525.0,3.2,11.6,16.0,15.1,3.0,Morning,7,206,61.3,70.64502184362655,-9.345021843626554,9.345021843626554
Sunday,34,Male,101.8,180.9,Beginner,Running,6.47,7.82,89.4,100.0,5.0,1.58,1.24,0,5.0,129.2,57.7,116,64,15.9,-0.23,3128.0,0,Rest Day,0,0.0,0.0,0.0,0.0,0.0,0.0,0.0,0.0,0.0,,8,218,85.1,77.91535807340749,7.184641926592505,7.184641926592505
Tuesday,30,Female,62.9,175.5,Advanced,Cycling,17.03,6.7,92.2,100.0,4.16,1.38,1.17,1,5.0,79.7,68.8,111,67,15.2,-0.08,4288.0,1,HIIT,36,16.8,161.5,180.5,496.0,2.6,6.0,10.0,13.2,5.2,Morning,8,234,44.5,67.25586338665204,-22.755863386652038,22.755863386652038
Saturday,50,Male,81.4,178.9,Advanced,HIIT,3.55,7.99,82.2,100.0,4.53,1.9,1.55,0,5.0,87.8,56.9,72,63,13.9,-0.04,2215.0,0,Rest Day,0,0.0,0.0,0.0,0.0,0.0,0.0,0.0,0.0,0.0,,4,105,73.9,69.23856342034169,4.661436579658314,4.661436579658314
Wednesday,26,Female,43.6,159.3,Beginner,Swimming,14.34,5.63,72.7,100.0,3.39,1.16,1.08,1,5.0,93.3,71.4,90,70,20.0,0.26,3491.0,0,Rest Day,0,0.0,0.0,0.0,0.0,0.0,0.0,0.0,0.0,0.0,,1,18,77.2,66.78562387770396,10.414376122296048,10.414376122296048
Sunday,40,Female,53.5,161.2,Beginner,Cycling,8.98,8.29,82.1,100.0,4.74,2.02,1.54,1,5.0,77.2,43.4,82,50,16.6,0.61,3193.0,0,Rest Day,0,0.0,0.0,0.0,0.0,0.0,0.0,0.0,0.0,0.0,,3,71,74.3,67.1609773370211,7.139022662978903,7.139022662978903
Friday,34,Male,89.2,171.1,Beginner,Cycling,10.5,7.31,81.2,100.0,4.55,1.66,1.1,0,5.0,36.1,58.8,65,55,13.2,-1.14,3625.0,1,Weight Training,54,8.74,140.2,158.8,377.0,11.4,17.1,15.3,9.4,0.8,Evening,9,272,59.8,52.18630051475442,7.613699485245576,7.613699485245576
Thursday,58,Male,93.7,181.0,Beginner,Cycling,10.24,9.48,89.6,100.0,5.31,2.28,1.88,0,5.0,22.9,47.8,36,52,13.5,0.02,3261.0,1,Cycling,93,19.43,142.8,159.0,1446.0,0.3,18.2,21.2,37.4,15.9,Afternoon,1,26,74.9,75.32593957442086,-0.42593957442085184,0.42593957442085184
Tuesday,23,Male,77.7,174.1,Beginner,Walking,2.53,7.16,73.8,100.0,4.34,1.43,1.38,1,5.0,106.0,56.6,78,55,17.5,0.09,2231.0,0,Rest Day,0,0.0,0.0,0.0,0.0,0.0,0.0,0.0,0.0,0.0,,7,206,67.6,68.04619599234451,-0.44619599234451357,0.44619599234451357
Monday,56,Male,88.8,184.0,Elite,CrossFit,12.46,5.57,58.9,100.0,3.13,1.37,1.07,1,12.4,50.1,45.6,81,48,17.6,-0.45,3747.0,1,Running,59,11.6,129.2,145.6,547.0,6.8,10.5,19.9,18.0,3.8,Afternoon,2,51,62.2,63.3703463995684,-1.1703463995683947,1.1703463995683947
Monday,51,Male,70.0,168.4,Intermediate,Swimming,7.86,7.63,98.7,100.0,4.62,1.68,1.32,0,5.0,20.0,59.5,34,63,14.8,-0.24,3192.0,1,Swimming,43,14.03,138.1,155.0,483.0,2.4,10.1,12.2,15.5,2.7,Morning,1,16,66.9,63.070173605778656,3.8298263942213495,3.8298263942213495
Saturday,38,Male,115.0,187.4,Advanced,HIIT,6.94,8.38,88.9,100.0,4.99,2.0,1.39,0,5.0,80.3,55.5,64,62,13.1,0.48,2760.0,0,Rest Day,0,0.0,0.0,0.0,0.0,0.0,0.0,0.0,0.0,0.0,,2,42,100.0,75.14942723093246,24.85057276906754,24.85057276906754
Tuesday,32,Male,65.8,180.0,Advanced,Running,14.65,6.2,83.0,100.0,3.59,1.39,1.22,0,5.0,108.5,54.6,112,57,15.0,-0.05,3986.0,1,Running,89,15.97,157.9,176.7,1137.0,6.9,11.3,24.0,29.3,17.4,Morning,5,150,68.1,70.12746154125546,-2.0274615412554624,2.0274615412554624
Monday,21,Male,86.5,175.3,Advanced,Walking,8.84,7.33,71.4,100.0,4.27,1.8,1.26,0,5.0,47.3,54.0,38,57,17.3,-0.01,3499.0,1,Walking,26,2.5,135.3,155.2,52.0,10.3,11.6,3.0,1.0,0.0,Evening,8,226,69.7,74.92566730999681,-5.225667309996808,5.225667309996808
Friday,59,Male,68.1,173.7,Advanced,Running,14.01,6.03,83.6,100.0,3.35,1.51,1.17,2,5.0,40.0,70.8,52,71,16.0,0.19,3994.0,1,Running,60,19.86,142.7,158.8,953.0,5.3,11.4,13.3,20.8,9.2,Morning,3,90,66.8,65.71075041666481,1.0892495833351887,1.0892495833351887
Thursday,44,Female,44.9,171.7,Intermediate,Running,12.52,7.53,88.2,100.0,4.67,1.61,1.24,0,8.3,24.9,59.0,42,58,14.2,-0.12,3986.0,0,Rest Day,0,0.0,0.0,0.0,0.0,0.0,0.0,0.0,0.0,0.0,,1,12,41.7,63.46447946374211,-21.764479463742106,21.764479463742106
Monday,21,Female,62.2,161.8,Intermediate,Weight Training,9.53,7.55,83.5,100.0,4.8,1.59,1.16,0,5.0,93.9,72.6,85,74,14.9,-0.47,3128.0,1,Weight Training,56,6.73,145.3,165.2,305.0,12.9,17.9,15.4,6.8,3.7,Evening,9,247,48.6,60.254616936493385,-11.654616936493383,11.654616936493383
Sunday,28,Male,70.7,168.7,Advanced,HIIT,6.95,7.77,63.3,100.0,4.66,1.72,1.39,1,5.0,57.7,49.7,36,57,15.3,-0.28,3121.0,1,HIIT,40,20.39,171.4,190.6,652.0,2.0,6.0,9.8,13.5,8.7,Afternoon,10,302,98.2,81.15068896584316,17.049311034156844,17.049311034156844
Tuesday,57,Female,58.7,159.1,Intermediate,Swimming,10.23,8.6,96.6,100.0,5.0,2.1,1.49,0,5.0,93.6,53.2,105,51,14.0,-0.34,3391.0,1,Swimming,53,11.6,128.5,144.8,493.0,5.4,8.9,16.9,16.1,5.9,Morning,8,241,38.7,51.69346763368122,-12.99346763368122,12.99346763368122
Friday,50,Male,87.8,180.1,Intermediate,Cycling,9.17,6.87,86.8,100.0,3.96,1.62,1.29,0,5.0,119.5,54.5,116,57,17.5,-0.42,3246.0,1,Running,70,11.44,133.6,150.6,640.0,8.6,13.3,19.8,21.1,7.2,Evening,7,202,51.0,63.831454124274266,-12.831454124274266,12.831454124274266
Sunday,38,Male,115.0,187.4,Advanced,HIIT,6.81,8.43,88.0,100.0,4.99,2.08,1.36,0,5.0,63.8,53.5,64,62,11.5,-0.21,3162.0,0,Rest Day,0,0.0,0.0,0.0,0.0,0.0,0.0,0.0,0.0,0.0,,2,50,82.3,72.76662297656567,9.533377023434326,9.533377023434326
Friday,46,Female,64.1,155.2,Intermediate,CrossFit,6.76,7.78,87.3,100.0,4.78,1.8,1.2,0,5.0,74.0,44.4,76,45,11.3,0.01,2698.0,0,Rest Day,0,0.0,0.0,0.0,0.0,0.0,0.0,0.0,0.0,0.0,,6,181,71.7,55.614778509033414,16.08522149096659,16.08522149096659
Thursday,48,Male,86.5,176.4,Advanced,Swimming,5.08,7.98,76.3,100.0,4.87,1.84,1.27,1,5.0,114.4,58.3,99,64,15.8,0.07,2656.0,0,Rest Day,0,0.0,0.0,0.0,0.0,0.0,0.0,0.0,0.0,0.0,,8,215,96.9,74.28582676796572,22.61417323203429,22.61417323203429
Tuesday,23,Male,77.7,174.1,Beginner,Walking,14.57,5.82,95.4,100.0,3.47,1.27,1.07,0,5.0,70.9,56.4,78,55,17.1,-0.34,4107.0,0,Rest Day,0,0.0,0.0,0.0,0.0,0.0,0.0,0.0,0.0,0.0,,5,150,69.5,65.85435667513036,3.6456433248696385,3.6456433248696385
Sunday,29,Male,75.4,178.8,Elite,Running,2.97,7.83,95.6,100.0,4.57,1.91,1.34,0,5.0,79.1,54.6,73,58,17.7,1.99,2438.0,0,Rest Day,0,0.0,0.0,0.0,0.0,0.0,0.0,0.0,0.0,0.0,,4,113,71.6,61.063505931525334,10.53649406847466,10.53649406847466
Tuesday,50,Female,58.9,153.9,Intermediate,Running,8.1,8.18,94.3,100.0,4.96,1.76,1.46,0,5.0,88.2,54.4,96,53,12.6,-0.91,3135.0,1,Running,31,9.19,129.1,146.1,232.0,6.2,9.7,9.6,5.3,0.7,Afternoon,2,45,26.5,54.03332917016866,-27.533329170168663,27.533329170168663
Sunday,55,Male,74.3,169.8,Intermediate,Walking,8.31,7.75,77.9,100.0,4.69,1.74,1.32,1,5.5,51.4,49.7,42,53,13.6,-0.96,2906.0,0,Rest Day,0,0.0,0.0,0.0,0.0,0.0,0.0,0.0,0.0,0.0,,10,302,100.0,80.37987372871778,19.620126271282217,19.620126271282217
Monday,31,Male,112.0,185.1,Advanced,Walking,7.87,6.36,81.8,100.0,3.8,1.38,1.19,0,5.0,83.3,52.0,93,57,16.9,0.22,2814.0,1,Running,68,16.45,159.9,178.8,895.0,2.5,8.3,15.6,25.6,16.1,Afternoon,1,9,68.9,70.84702735910042,-1.9470273591004172,1.9470273591004172
Wednesday,62,Male,80.2,182.8,Advanced,Weight Training,15.65,8.45,87.0,100.0,5.23,1.75,1.47,0,5.0,64.6,55.5,61,53,17.9,0.54,4096.0,1,Weight Training,72,13.22,127.6,143.4,761.0,6.7,12.3,19.6,23.4,9.9,Afternoon,11,333,72.8,64.06185684660291,8.73814315339709,8.73814315339709
Friday,34,Male,101.8,180.9,Beginner,Running,6.69,7.56,97.6,100.0,4.43,1.72,1.41,0,5.0,126.3,65.3,116,64,17.3,-0.47,2292.0,1,Running,61,20.27,165.8,184.4,989.0,2.6,6.8,15.2,21.1,15.3,Afternoon,1,12,56.7,66.57570569210078,-9.87570569210078,9.87570569210078
Tuesday,38,Female,70.6,163.3,Intermediate,Cycling,19.52,6.87,66.2,100.0,4.06,1.45,1.36,1,9.5,59.3,58.6,75,58,15.6,-0.01,4771.0,1,Cycling,52,14.4,149.5,167.7,599.0,6.3,11.3,14.6,13.0,6.8,Morning,9,262,76.5,69.62517983477404,6.874820165225955,6.874820165225955
Friday,31,Male,77.2,181.7,Advanced,Weight Training,10.24,8.3,88.6,100.0,4.98,2.04,1.27,0,5.0,72.9,51.6,64,53,14.7,1.03,3286.0,1,Weight Training,57,11.99,149.8,168.7,547.0,4.8,11.3,15.7,16.8,8.4,Morning,7,195,61.6,66.01328471360746,-4.41328471360746,4.41328471360746
Saturday,53,Male,95.1,180.5,Beginner,CrossFit,6.49,8.4,97.7,100.0,5.15,1.74,1.52,1,5.0,113.1,46.0,93,53,17.2,-0.16,2530.0,0,Rest Day,0,0.0,0.0,0.0,0.0,0.0,0.0,0.0,0.0,0.0,,11,308,72.0,77.6859915483058,-5.685991548305793,5.685991548305793
Thursday,63,Female,52.0,159.2,Intermediate,Weight Training,16.86,7.59,92.3,100.0,4.59,1.8,1.2,0,5.0,47.8,60.5,66,56,15.5,-0.09,4572.0,1,Weight Training,50,11.26,123.1,138.8,450.0,4.5,10.4,17.0,14.7,3.4,Morning,2,54,66.3,57.984368536811026,8.315631463188971,8.315631463188971
Wednesday,19,Female,77.0,173.0,Intermediate,CrossFit,9.59,8.06,88.4,100.0,4.85,1.82,1.39,2,5.0,136.2,72.0,119,73,15.9,-1.38,3254.0,0,Rest Day,0,0.0,0.0,0.0,0.0,0.0,0.0,0.0,0.0,0.0,,3,81,79.2,78.15380058626792,1.046199413732083,1.046199413732083
Saturday,45,Female,77.4,164.8,Beginner,Yoga,9.76,8.26,91.7,100.0,5.07,1.7,1.48,1,5.0,67.9,53.6,64,57,13.9,0.5,3434.0,0,Rest Day,0,0.0,0.0,0.0,0.0,0.0,0.0,0.0,0.0,0.0,,5,147,65.4,70.15176812928186,-4.7517681292818565,4.7517681292818565
Wednesday,50,Male,86.9,172.1,Intermediate,Swimming,13.25,7.23,87.4,100.0,4.36,1.68,1.2,0,5.0,98.9,62.3,110,65,15.9,0.06,3950.0,0,Rest Day,0,0.0,0.0,0.0,0.0,0.0,0.0,0.0,0.0,0.0,,3,74,43.9,64.79866967221348,-20.89866967221348,20.89866967221348
Wednesday,57,Male,72.4,173.8,Intermediate,Walking,13.33,6.95,69.9,100.0,4.01,1.62,1.32,0,5.0,89.3,73.3,105,70,15.7,0.25,3955.0,0,Rest Day,0,0.0,0.0,0.0,0.0,0.0,0.0,0.0,0.0,0.0,,3,81,37.4,59.51723253971908,-22.117232539719083,22.117232539719083
Tuesday,33,Male,57.4,191.7,Elite,Walking,19.25,7.56,97.1,100.0,4.78,1.56,1.23,0,5.0,50.9,70.4,79,59,17.3,0.07,5184.0,1,Walking,43,3.15,128.6,147.3,109.0,15.8,15.0,7.4,4.2,0.8,Morning,9,269,42.4,51.899071994064656,-9.499071994064657,9.499071994064657
Tuesday,26,Male,83.9,169.0,Advanced,CrossFit,11.2,7.83,98.0,100.0,4.92,1.68,1.23,1,5.0,44.6,47.5,44,49,15.5,-0.78,3341.0,1,Running,52,8.74,146.3,165.7,364.0,12.1,16.9,16.0,6.6,0.3,Afternoon,4,94,75.9,66.33673668319351,9.563263316806498,9.563263316806498
Saturday,59,Male,82.7,181.0,Advanced,Cycling,6.14,8.74,89.1,100.0,5.37,1.9,1.46,0,5.0,105.7,74.9,101,74,16.8,-0.06,2888.0,1,HIIT,31,18.1,139.3,155.4,449.0,1.0,5.5,8.4,11.0,5.2,Afternoon,3,63,74.2,65.90666574656635,8.293334253433656,8.293334253433656
Monday,50,Male,87.8,180.1,Intermediate,Cycling,7.84,6.36,72.1,100.0,3.79,1.37,1.2,0,7.1,105.9,61.5,116,57,12.6,-0.86,2976.0,1,Cycling,50,14.26,139.4,156.4,570.0,7.8,8.5,15.4,14.8,3.5,Morning,1,23,54.8,56.46370149063617,-1.6637014906361713,1.6637014906361713
Wednesday,24,Male,75.0,169.8,Advanced,Swimming,13.36,4.28,57.4,100.0,2.55,1.03,0.69,3,11.1,107.1,60.3,97,63,15.5,-0.8,3921.0,1,Walking,43,2.47,133.2,152.8,85.0,14.9,16.2,7.2,3.1,1.6,Morning,2,32,64.8,76.50576402425045,-11.705764024250456,11.705764024250456
Monday,33,Female,63.6,168.8,Intermediate,Yoga,9.07,8.71,94.2,100.0,5.12,1.98,1.61,0,5.0,111.3,46.9,115,49,18.0,0.71,3300.0,0,Rest Day,0,0.0,0.0,0.0,0.0,0.0,0.0,0.0,0.0,0.0,,4,114,49.2,67.30227800863959,-18.102278008639587,18.102278008639587
Thursday,24,Female,52.6,176.1,Intermediate,Walking,10.4,6.85,75.9,100.0,4.26,1.53,1.06,1,5.0,44.6,56.8,48,65,14.1,-0.42,3341.0,0,Rest Day,0,0.0,0.0,0.0,0.0,0.0,0.0,0.0,0.0,0.0,,8,236,62.9,66.47976279881064,-3.5797627988106413,3.5797627988106413
Wednesday,38,Female,59.7,168.0,Beginner,Swimming,21.0,6.77,63.2,100.0,3.9,1.68,1.19,2,5.0,20.0,52.7,32,52,17.5,-0.52,4737.0,0,Rest Day,0,0.0,0.0,0.0,0.0,0.0,0.0,0.0,0.0,0.0,,10,277,100.0,70.54545881244792,29.45454118755208,29.45454118755208
Wednesday,32,Male,103.8,183.1,Advanced,Running,12.61,7.33,69.5,100.0,4.59,1.48,1.26,0,5.0,45.2,72.6,46,72,20.6,0.49,3625.0,1,Running,34,13.0,151.3,170.1,354.0,3.6,6.7,9.9,10.0,3.8,Evening,4,102,57.8,63.655690817433204,-5.8556908174332065,5.8556908174332065
Thursday,45,Female,77.4,164.8,Beginner,Yoga,12.52,7.94,84.0,100.0,4.67,1.76,1.51,0,7.8,73.3,51.8,64,57,16.4,0.13,3708.0,0,Rest Day,0,0.0,0.0,0.0,0.0,0.0,0.0,0.0,0.0,0.0,,2,33,85.7,75.95420127270702,9.745798727292978,9.745798727292978
Thursday,63,Male,71.4,152.8,Beginner,CrossFit,16.25,7.84,89.6,100.0,4.61,1.94,1.29,0,5.0,20.1,58.1,33,59,17.6,-0.37,4021.0,0,Rest Day,0,0.0,0.0,0.0,0.0,0.0,0.0,0.0,0.0,0.0,,10,285,81.7,65.81171821342792,15.88828178657208,15.88828178657208
Tuesday,54,Male,95.9,173.5,Intermediate,HIIT,17.93,7.28,80.1,100.0,4.53,1.56,1.18,1,7.2,91.0,65.7,95,69,14.9,-0.06,4581.0,0,Rest Day,0,0.0,0.0,0.0,0.0,0.0,0.0,0.0,0.0,0.0,,7,199,64.3,74.80384256600442,-10.503842566004423,10.503842566004423
Friday,31,Male,65.2,182.5,Elite,Yoga,12.42,7.45,84.5,100.0,4.57,1.64,1.25,1,5.0,99.9,66.3,103,70,15.3,-0.51,4009.0,0,Rest Day,0,0.0,0.0,0.0,0.0,0.0,0.0,0.0,0.0,0.0,,9,258,68.9,64.8835205757243,4.016479424275701,4.016479424275701
Thursday,38,Male,115.0,187.4,Advanced,HIIT,9.38,7.83,85.2,100.0,4.58,1.8,1.45,0,5.0,65.3,61.2,64,62,16.6,-0.3,3345.0,1,HIIT,23,13.84,148.3,166.5,259.0,3.2,4.3,6.9,6.5,2.5,Morning,9,250,49.5,63.0385809567583,-13.538580956758302,13.538580956758302
Thursday,45,Female,77.4,164.8,Beginner,Yoga,5.42,7.71,89.2,100.0,4.87,1.66,1.18,1,5.0,71.9,53.3,64,57,16.9,0.18,2820.0,0,Rest Day,0,0.0,0.0,0.0,0.0,0.0,0.0,0.0,0.0,0.0,,7,201,74.9,66.8760939826326,8.023906017367409,8.023906017367409
Thursday,29,Male,87.4,166.8,Beginner,HIIT,13.5,7.98,91.4,100.0,5.02,1.73,1.22,0,5.0,34.8,52.0,57,52,14.5,-0.05,4045.0,0,Rest Day,0,0.0,0.0,0.0,0.0,0.0,0.0,0.0,0.0,0.0,,3,75,71.0,59.62157946944208,11.378420530557918,11.378420530557918
Saturday,50,Male,83.1,181.7,Intermediate,Swimming,6.32,5.61,66.7,100.0,3.25,1.39,0.97,1,5.0,92.1,50.2,83,49,21.4,0.12,2146.0,0,Rest Day,0,0.0,0.0,0.0,0.0,0.0,0.0,0.0,0.0,0.0,,5,140,58.1,52.59628462889473,5.503715371105272,5.503715371105272
Monday,47,Female,66.0,157.5,Intermediate,Swimming,11.04,8.75,91.9,100.0,5.18,1.98,1.6,0,5.0,31.0,77.9,34,74,18.4,0.05,3430.0,1,Swimming,58,12.68,138.6,155.9,588.0,7.4,9.7,18.0,18.8,4.0,Morning,6,170,63.4,52.410287523730716,10.989712476269283,10.989712476269283
Monday,50,Female,63.5,175.0,Intermediate,Running,13.76,8.0,98.9,100.0,4.78,1.8,1.42,1,5.0,95.2,71.4,95,70,13.7,0.4,3996.0,0,Rest Day,0,0.0,0.0,0.0,0.0,0.0,0.0,0.0,0.0,0.0,,12,345,63.2,70.91843687469691,-7.718436874696906,7.718436874696906
Friday,23,Male,89.1,177.2,Elite,Swimming,10.77,5.41,69.8,100.0,3.04,1.34,1.02,1,13.7,63.7,67.2,63,68,12.3,-0.31,3414.0,1,Swimming,49,12.91,158.3,178.0,506.0,6.8,10.0,14.7,14.9,2.7,Afternoon,8,216,61.4,63.773931379763674,-2.3739313797636754,2.3739313797636754
Wednesday,33,Female,63.6,168.8,Intermediate,Yoga,13.7,7.46,91.1,100.0,4.38,1.82,1.26,2,5.0,115.8,43.4,115,49,16.4,0.28,3669.0,0,Rest Day,0,0.0,0.0,0.0,0.0,0.0,0.0,0.0,0.0,0.0,,8,221,98.2,80.52882624661153,17.671173753388473,17.671173753388473
Friday,48,Male,73.7,162.4,Beginner,Cycling,12.81,7.62,85.5,100.0,4.37,1.76,1.49,0,5.0,78.7,58.6,88,62,13.7,-0.08,3764.0,0,Rest Day,0,0.0,0.0,0.0,0.0,0.0,0.0,0.0,0.0,0.0,,6,153,73.5,65.11609316335358,8.383906836646418,8.383906836646418
Monday,60,Male,104.5,177.6,Advanced,Weight Training,7.66,8.55,89.6,100.0,4.84,2.07,1.64,0,5.0,126.8,57.1,107,60,17.2,0.62,2914.0,1,Weight Training,69,7.43,118.2,134.2,410.0,11.4,23.9,24.5,7.6,1.6,Morning,7,191,80.1,78.63869858453701,1.4613014154629838,1.4613014154629838
Tuesday,39,Male,86.3,181.7,Advanced,Yoga,13.51,8.41,91.5,100.0,5.33,1.71,1.37,1,5.0,111.6,62.8,106,60,14.5,-0.67,4010.0,1,CrossFit,74,13.32,146.3,164.4,788.0,6.8,16.6,19.6,22.5,8.6,Morning,7,206,52.3,73.55285077499708,-21.252850774997086,21.252850774997086
Wednesday,23,Male,89.1,177.2,Elite,Swimming,11.4,7.06,69.4,100.0,4.35,1.51,1.2,0,5.0,58.2,68.2,63,68,16.0,-0.21,3155.0,1,Walking,52,3.67,136.7,156.4,153.0,21.0,23.8,5.8,1.5,0.0,Afternoon,1,10,68.2,60.874093706185974,7.325906293814029,7.325906293814029
Friday,25,Female,78.7,165.9,Intermediate,Weight Training,6.26,9.14,90.5,100.0,5.55,2.16,1.43,0,5.0,68.0,71.6,77,73,15.4,-0.53,2803.0,0,Rest Day,0,0.0,0.0,0.0,0.0,0.0,0.0,0.0,0.0,0.0,,2,41,59.4,56.2249398872295,3.1750601127704954,3.1750601127704954
Thursday,20,Male,85.0,178.7,Intermediate,Yoga,19.33,7.84,82.5,100.0,4.57,1.91,1.37,1,5.0,20.0,56.4,36,50,16.4,0.3,5192.0,1,Yoga,42,4.13,139.8,159.8,139.0,17.5,14.5,5.7,2.5,1.8,Afternoon,5,138,51.7,56.77187760917107,-5.071877609171068,5.071877609171068
Sunday,51,Male,90.5,176.7,Intermediate,Running,3.22,6.07,80.0,100.0,3.73,1.28,1.07,1,5.0,44.0,52.7,30,57,14.5,-0.96,2403.0,1,Weight Training,49,12.1,134.2,151.1,474.0,2.8,11.0,13.1,15.4,6.7,Evening,11,309,76.5,68.67488757526536,7.825112424734641,7.825112424734641
Thursday,20,Male,85.0,178.7,Intermediate,Yoga,12.1,8.19,88.1,100.0,4.77,2.02,1.41,0,5.0,23.0,54.2,36,50,13.6,-1.11,3372.0,1,Yoga,27,3.31,137.9,157.9,74.0,9.7,11.5,4.4,1.8,0.5,Morning,10,278,47.2,48.923378353344084,-1.7233783533440814,1.7233783533440814
Friday,25,Female,59.3,157.5,Advanced,Weight Training,7.86,7.67,77.0,100.0,4.52,1.67,1.48,0,5.0,55.7,62.0,41,61,13.4,0.21,2949.0,1,Weight Training,56,8.44,146.3,165.8,383.0,9.4,19.3,18.7,8.6,0.6,Afternoon,1,13,47.9,66.43692677895643,-18.536926778956435,18.536926778956435
Wednesday,62,Male,80.2,182.8,Advanced,Weight Training,13.52,7.51,92.3,100.0,4.47,1.67,1.37,0,5.0,28.0,54.0,61,53,16.4,-0.57,3727.0,0,Rest Day,0,0.0,0.0,0.0,0.0,0.0,0.0,0.0,0.0,0.0,,10,277,44.7,57.27912039732688,-12.579120397326875,12.579120397326875
Monday,29,Male,87.4,166.8,Beginner,HIIT,1.92,8.87,94.1,100.0,5.29,2.11,1.46,0,5.0,62.3,53.5,57,52,18.5,0.16,2224.0,0,Rest Day,0,0.0,0.0,0.0,0.0,0.0,0.0,0.0,0.0,0.0,,10,289,34.3,48.64366785482279,-14.34366785482279,14.34366785482279
Monday,46,Male,79.7,179.0,Elite,Weight Training,13.04,7.68,74.0,100.0,4.76,1.55,1.37,0,5.0,93.6,68.7,110,68,15.4,-1.24,3747.0,1,Weight Training,58,8.08,129.8,147.2,375.0,12.8,15.7,16.4,10.4,2.7,Afternoon,2,37,60.1,60.51380834417667,-0.41380834417666534,0.41380834417666534
Sunday,31,Male,61.3,180.4,Intermediate,CrossFit,2.93,6.45,73.3,100.0,3.89,1.53,1.03,0,5.0,111.3,52.7,89,62,14.1,0.83,2367.0,0,Rest Day,0,0.0,0.0,0.0,0.0,0.0,0.0,0.0,0.0,0.0,,1,22,68.8,76.43923446424196,-7.639234464241966,7.639234464241966
Monday,51,Male,90.5,176.7,Intermediate,Running,3.92,7.47,74.0,100.0,4.31,1.75,1.41,0,6.9,27.4,58.6,30,57,18.1,-0.66,2167.0,1,HIIT,40,17.32,144.7,161.6,554.0,1.8,6.8,9.7,13.1,8.6,Evening,11,324,54.8,62.02218309707895,-7.222183097078954,7.222183097078954
Thursday,27,Male,83.9,166.5,Elite,CrossFit,9.37,7.32,81.4,100.0,4.5,1.55,1.27,0,5.0,104.8,60.0,89,64,13.1,0.46,3106.0,0,Rest Day,0,0.0,0.0,0.0,0.0,0.0,0.0,0.0,0.0,0.0,,7,201,88.9,74.72763198622866,14.172368013771347,14.172368013771347
Monday,58,Female,59.9,158.0,Beginner,HIIT,6.55,8.26,97.2,100.0,4.93,1.79,1.54,0,5.0,59.8,43.3,64,49,15.7,-0.61,3303.0,1,HIIT,33,12.23,128.9,145.1,323.0,2.3,5.2,9.8,11.9,3.8,Morning,7,205,75.8,59.64418919847316,16.15581080152684,16.15581080152684
Saturday,36,Female,51.4,174.0,Advanced,Weight Training,6.9,6.46,98.7,100.0,3.64,1.58,1.24,0,5.0,119.3,40.1,119,45,13.2,0.17,2962.0,0,Rest Day,0,0.0,0.0,0.0,0.0,0.0,0.0,0.0,0.0,0.0,,8,238,69.5,71.94687759457999,-2.4468775945799877,2.4468775945799877
Monday,39,Female,57.6,168.5,Advanced,Yoga,4.87,8.49,92.1,100.0,4.86,1.95,1.68,0,5.0,84.7,71.4,75,71,16.4,-0.17,2471.0,1,Yoga,52,3.58,125.4,143.5,150.0,20.1,23.5,7.7,0.0,0.9,Evening,5,135,47.5,53.32420543148723,-5.824205431487229,5.824205431487229
Tuesday,54,Male,101.7,180.3,Intermediate,Cycling,15.9,6.71,72.1,100.0,3.86,1.59,1.26,0,14.9,69.7,68.0,97,68,16.4,0.28,4152.0,1,Cycling,68,12.64,132.9,149.5,687.0,4.6,12.0,22.9,22.4,6.1,Evening,3,66,59.5,65.15795971703864,-5.657959717038636,5.657959717038636
Saturday,64,Female,46.7,164.0,Advanced,Walking,2.69,7.32,82.2,100.0,4.53,1.55,1.24,0,5.0,72.3,63.9,49,73,15.5,0.59,2170.0,1,Walking,53,3.2,107.3,122.9,136.0,18.3,22.3,7.7,4.8,0.0,Morning,10,294,67.1,73.51521122081316,-6.415211220813163,6.415211220813163
Monday,60,Male,104.5,177.6,Advanced,Weight Training,9.11,8.32,91.5,100.0,5.09,1.81,1.42,0,5.0,112.6,56.0,107,60,16.4,0.87,3299.0,1,Weight Training,50,7.87,119.0,135.0,315.0,12.8,13.8,14.8,7.7,0.9,Evening,5,121,58.3,70.44212258793951,-12.142122587939511,12.142122587939511
Sunday,54,Male,71.6,177.2,Advanced,Cycling,14.13,5.24,57.5,100.0,3.27,1.18,0.79,1,14.6,78.2,49.5,76,52,17.2,0.95,4038.0,1,Walking,26,2.99,113.8,130.4,62.0,9.4,10.3,4.1,1.6,0.7,Afternoon,6,169,85.4,77.3258514180896,8.074148581910407,8.074148581910407
Thursday,19,Male,74.0,179.2,Intermediate,Walking,7.65,7.11,79.3,100.0,3.96,1.76,1.4,0,5.0,74.5,63.5,73,62,12.4,-0.54,2834.0,1,Walking,26,1.8,135.0,155.1,38.0,9.6,9.6,4.5,1.6,0.8,Morning,6,173,36.8,57.37843261347588,-20.578432613475883,20.578432613475883
Sunday,52,Male,75.7,173.3,Advanced,HIIT,6.7,7.26,94.3,100.0,4.25,1.76,1.26,0,5.0,48.2,62.8,38,68,13.3,0.22,3018.0,0,Rest Day,0,0.0,0.0,0.0,0.0,0.0,0.0,0.0,0.0,0.0,,9,253,59.4,69.39359760016933,-9.99359760016933,9.99359760016933
Monday,44,Female,44.9,171.7,Intermediate,Running,6.17,7.74,100.0,100.0,4.86,1.66,1.23,0,5.0,48.0,56.4,42,58,15.5,0.0,2788.0,1,Running,33,18.06,152.2,169.8,477.0,1.0,4.2,8.8,12.3,6.7,Morning,10,275,69.5,69.40453391929766,0.09546608070233731,0.09546608070233731
Monday,28,Male,66.1,178.5,Beginner,Running,5.91,8.44,92.7,100.0,4.87,2.02,1.55,0,5.0,75.9,61.4,66,69,16.4,0.12,2730.0,1,Weight Training,69,8.95,145.3,164.5,494.0,15.4,22.6,17.8,11.8,1.4,Evening,5,149,63.9,68.71764867551683,-4.817648675516828,4.817648675516828
Thursday,43,Male,75.0,176.3,Intermediate,Swimming,8.14,8.36,89.5,100.0,5.03,1.98,1.36,0,5.0,61.8,71.8,73,72,16.7,0.77,3078.0,1,Weight Training,41,7.7,131.3,149.0,255.0,6.8,14.1,10.8,8.0,1.7,Morning,8,243,49.4,56.43155029443002,-7.031550294430019,7.031550294430019
Monday,50,Male,87.8,180.1,Intermediate,Cycling,4.22,8.02,69.1,100.0,5.02,1.61,1.39,1,5.0,132.5,56.2,116,57,17.3,-0.97,2337.0,0,Rest Day,0,0.0,0.0,0.0,0.0,0.0,0.0,0.0,0.0,0.0,,5,135,66.9,67.93411096826189,-1.034110968261885,1.034110968261885
Tuesday,45,Female,79.8,163.9,Intermediate,Cycling,17.07,6.93,77.3,100.0,4.06,1.69,1.17,0,5.0,85.7,76.6,81,73,18.6,0.14,4491.0,1,Cycling,62,11.7,138.1,155.6,580.0,7.6,13.1,16.3,19.5,5.5,Evening,2,38,60.3,61.81984887754279,-1.5198488775427919,1.5198488775427919
Sunday,57,Male,80.7,166.4,Elite,Yoga,3.6,8.17,94.0,100.0,5.08,1.8,1.29,0,5.0,52.4,70.0,54,74,16.9,-0.22,2105.0,1,Yoga,59,4.4,114.5,130.8,208.0,22.0,25.7,9.5,1.2,0.6,Afternoon,3,85,64.5,57.73762982768657,6.762370172313432,6.762370172313432
Wednesday,53,Male,79.4,177.4,Advanced,HIIT,9.86,7.78,87.3,100.0,4.64,1.86,1.27,0,5.0,68.4,66.8,64,65,17.2,-0.06,2933.0,0,Rest Day,0,0.0,0.0,0.0,0.0,0.0,0.0,0.0,0.0,0.0,,11,326,51.8,53.306543049994914,-1.5065430499949173,1.5065430499949173
Tuesday,30,Male,67.5,181.0,Advanced,Swimming,13.24,7.0,84.7,100.0,4.18,1.72,1.09,0,5.0,34.6,66.3,58,66,17.6,-0.73,3830.0,1,Swimming,48,15.5,158.6,177.6,595.0,1.5,6.8,13.0,16.3,10.4,Evening,1,10,76.1,63.1788423301847,12.921157669815294,12.921157669815294
Wednesday,58,Female,59.9,158.0,Beginner,HIIT,8.77,8.26,86.0,100.0,4.74,2.01,1.51,0,5.0,43.3,50.5,64,49,17.4,0.2,3116.0,1,HIIT,30,15.59,135.4,151.6,374.0,2.5,5.0,5.9,10.8,5.8,Evening,1,18,53.2,58.234156247543105,-5.034156247543102,5.034156247543102
Friday,26,Male,79.3,171.9,Intermediate,CrossFit,13.2,6.56,80.0,100.0,4.07,1.48,1.01,1,5.0,127.3,60.1,114,66,13.4,0.19,3630.0,1,CrossFit,63,13.72,157.8,177.2,692.0,9.6,13.0,16.9,18.5,5.0,Morning,5,146,82.3,81.61367145969102,0.6863285403089776,0.6863285403089776
Sunday,57,Female,58.7,159.1,Intermediate,Swimming,6.76,7.85,95.7,100.0,4.93,1.71,1.21,2,5.0,109.0,48.5,105,51,14.6,-0.09,2804.0,0,Rest Day,0,0.0,0.0,0.0,0.0,0.0,0.0,0.0,0.0,0.0,,8,218,45.8,58.313409585726056,-12.513409585726059,12.513409585726059
Wednesday,30,Female,54.8,168.6,Intermediate,CrossFit,14.42,5.97,86.6,100.0,3.57,1.27,1.13,0,5.0,48.0,60.3,45,60,13.9,0.87,4097.0,1,CrossFit,70,18.93,166.3,185.3,1060.0,6.1,9.5,17.4,24.8,12.2,Afternoon,3,81,62.7,67.42299831064686,-4.722998310646858,4.722998310646858
Sunday,59,Female,56.5,170.6,Intermediate,HIIT,7.21,8.79,91.6,100.0,5.53,1.8,1.47,0,5.0,140.4,52.8,117,55,14.3,0.09,2785.0,0,Rest Day,0,0.0,0.0,0.0,0.0,0.0,0.0,0.0,0.0,0.0,,10,302,70.9,86.24807735970006,-15.348077359700056,15.348077359700056
Thursday,54,Female,49.6,166.6,Intermediate,HIIT,4.92,8.1,87.6,100.0,4.95,1.9,1.25,0,5.0,75.7,47.0,57,52,17.7,0.34,2585.0,0,Rest Day,0,0.0,0.0,0.0,0.0,0.0,0.0,0.0,0.0,0.0,,1,12,71.2,64.84101175027916,6.358988249720838,6.358988249720838
Friday,22,Female,71.7,163.8,Beginner,Yoga,17.22,7.31,92.9,100.0,4.56,1.64,1.11,0,5.0,20.0,63.9,33,60,16.6,0.55,4272.0,1,Running,78,12.17,157.4,177.2,762.0,9.9,14.2,25.2,24.6,4.4,Afternoon,3,90,46.3,58.29202060131415,-11.992020601314152,11.992020601314152
Monday,31,Male,61.3,180.4,Intermediate,CrossFit,9.88,7.91,74.9,100.0,4.72,1.87,1.32,0,5.0,91.4,60.4,89,62,16.8,0.49,3231.0,0,Rest Day,0,0.0,0.0,0.0,0.0,0.0,0.0,0.0,0.0,0.0,,7,205,73.8,67.76396466389532,6.036035336104675,6.036035336104675
Thursday,29,Female,70.8,162.1,Intermediate,Cycling,11.71,5.59,68.5,100.0,3.25,1.38,0.96,0,5.0,51.5,73.2,59,72,16.9,-0.38,3476.0,0,Rest Day,0,0.0,0.0,0.0,0.0,0.0,0.0,0.0,0.0,0.0,,2,33,57.3,61.33168606561247,-4.031686065612476,4.031686065612476
Saturday,29,Female,77.5,159.9,Intermediate,Walking,16.22,7.0,87.7,100.0,4.31,1.47,1.21,0,5.0,61.2,66.7,79,62,14.7,-0.56,4735.0,0,Rest Day,0,0.0,0.0,0.0,0.0,0.0,0.0,0.0,0.0,0.0,,11,315,54.9,57.09755524531906,-2.1975552453190588,2.1975552453190588
Thursday,63,Female,72.4,169.0,Advanced,Running,21.0,7.08,87.6,100.0,4.29,1.66,1.13,0,10.1,85.3,53.4,99,54,17.4,-0.15,4995.0,1,Running,68,18.58,136.8,152.5,1011.0,4.3,8.5,15.8,24.0,15.4,Evening,10,285,79.2,75.80331804415235,3.3966819558476544,3.3966819558476544
Monday,63,Female,52.0,159.2,Intermediate,Weight Training,6.01,7.72,82.5,100.0,4.84,1.62,1.26,0,5.0,67.8,49.5,66,56,14.8,0.36,2865.0,1,Weight Training,52,9.77,120.3,136.0,406.0,13.8,16.1,14.3,7.1,0.8,Evening,2,37,66.2,64.01584566089237,2.1841543391076357,2.1841543391076357
Saturday,29,Male,89.8,173.0,Elite,Swimming,5.98,7.9,91.9,100.0,4.64,1.8,1.47,0,5.0,85.6,70.5,73,72,16.3,0.19,2468.0,1,Walking,20,2.32,129.4,148.5,37.0,7.7,8.3,3.6,0.4,0.0,Afternoon,8,224,59.3,58.469955109111794,0.8300448908882032,0.8300448908882032
Friday,43,Male,63.0,166.5,Intermediate,Cycling,8.33,7.34,59.0,100.0,4.4,1.54,1.4,0,9.1,62.6,52.0,61,56,15.0,-0.18,3247.0,0,Rest Day,0,0.0,0.0,0.0,0.0,0.0,0.0,0.0,0.0,0.0,,11,314,100.0,67.3255470009514,32.6744529990486,32.6744529990486
Wednesday,57,Male,80.7,166.4,Elite,Yoga,16.38,6.17,87.7,100.0,3.43,1.51,1.23,0,5.0,33.9,79.9,54,74,18.1,0.33,4350.0,1,Yoga,58,2.77,111.3,127.6,128.0,21.0,24.2,10.0,0.2,2.6,Afternoon,1,4,72.8,57.51116202611869,15.288837973881307,15.288837973881307
Monday,56,Female,63.2,152.8,Advanced,Cycling,11.13,7.95,82.7,100.0,4.89,1.59,1.47,0,12.1,93.3,48.8,104,46,14.4,-0.37,3408.0,0,Rest Day,0,0.0,0.0,0.0,0.0,0.0,0.0,0.0,0.0,0.0,,4,114,70.0,57.18362283803536,12.816377161964638,12.816377161964638
Monday,47,Female,66.0,157.5,Intermediate,Swimming,8.05,8.48,92.4,100.0,4.93,1.94,1.61,0,5.0,29.8,71.7,34,74,20.9,-0.1,3090.0,1,Swimming,31,13.6,140.5,157.8,337.0,2.0,7.0,9.9,9.4,2.7,Afternoon,2,51,57.9,56.5618081792597,1.338191820740299,1.338191820740299
Tuesday,50,Female,70.3,176.6,Advanced,Weight Training,12.72,7.58,94.3,100.0,4.78,1.64,1.17,0,5.0,59.5,70.1,75,74,16.4,-0.36,3424.0,1,Cycling,110,11.6,134.0,151.0,1021.0,13.4,25.5,30.8,30.8,9.5,Evening,12,360,73.3,67.80475621412339,5.49524378587661,5.49524378587661
Thursday,62,Male,80.2,182.8,Advanced,Weight Training,9.9,8.85,88.6,100.0,5.5,1.82,1.53,0,5.0,47.3,54.0,61,53,16.8,-0.37,3520.0,1,Weight Training,73,4.91,111.9,127.7,287.0,28.3,29.1,11.0,4.2,0.4,Morning,8,236,57.9,55.860291148498725,2.039708851501274,2.039708851501274
Thursday,43,Male,75.0,176.3,Intermediate,Swimming,13.21,8.53,95.5,100.0,5.0,2.08,1.45,0,5.0,69.9,68.9,73,72,16.5,0.27,3701.0,0,Rest Day,0,0.0,0.0,0.0,0.0,0.0,0.0,0.0,0.0,0.0,,3,68,80.5,63.54245518413348,16.95754481586652,16.95754481586652
Wednesday,20,Male,87.2,194.1,Elite,Running,11.97,7.84,91.6,100.0,4.44,1.92,1.49,1,5.0,26.6,55.6,39,56,16.4,0.15,3352.0,1,Running,69,19.17,175.6,195.6,1058.0,6.4,8.5,15.8,21.7,16.7,Evening,3,67,64.7,62.82079273125301,1.8792072687469954,1.8792072687469954
Saturday,57,Male,72.4,173.8,Intermediate,Walking,4.75,6.06,82.6,100.0,3.58,1.36,1.12,0,6.5,106.0,63.9,105,70,19.4,0.85,2394.0,0,Rest Day,0,0.0,0.0,0.0,0.0,0.0,0.0,0.0,0.0,0.0,,9,252,59.3,52.952444554819785,6.3475554451802125,6.3475554451802125
Saturday,38,Female,55.5,170.3,Elite,Yoga,3.91,5.85,59.9,100.0,3.49,1.24,1.12,0,5.3,51.5,52.8,51,63,15.5,-0.23,2531.0,0,Rest Day,0,0.0,0.0,0.0,0.0,0.0,0.0,0.0,0.0,0.0,,5,147,61.6,69.83443306208117,-8.234433062081173,8.234433062081173
Monday,46,Male,98.1,190.0,Intermediate,Cycling,10.74,7.6,83.0,100.0,4.35,1.75,1.5,0,5.0,57.5,60.3,46,56,18.6,-0.26,3324.0,1,Cycling,74,10.74,135.3,152.7,636.0,8.9,17.0,21.5,20.5,6.1,Morning,9,254,77.4,57.42377258858321,19.976227411416794,19.976227411416794
Monday,38,Female,70.6,163.3,Intermediate,Cycling,13.66,6.09,88.4,100.0,3.56,1.5,1.03,1,5.0,62.7,59.1,75,58,10.8,-0.12,3771.0,0,Rest Day,0,0.0,0.0,0.0,0.0,0.0,0.0,0.0,0.0,0.0,,3,65,47.5,67.41807737591448,-19.91807737591448,19.91807737591448
Friday,51,Male,70.0,168.4,Intermediate,Swimming,5.35,7.58,90.2,100.0,4.63,1.53,1.43,0,5.0,49.6,54.0,34,63,15.7,-0.06,2277.0,1,Swimming,38,11.08,132.1,149.0,337.0,2.7,8.2,11.6,12.6,3.0,Morning,3,83,81.3,73.38471653909815,7.915283460901847,7.915283460901847
Monday,40,Male,76.0,170.1,Advanced,Cycling,8.28,7.13,91.0,100.0,4.31,1.58,1.24,0,5.0,81.6,58.8,87,60,17.1,-0.56,2995.0,0,Rest Day,0,0.0,0.0,0.0,0.0,0.0,0.0,0.0,0.0,0.0,,7,184,52.7,57.093939040355316,-4.393939040355313,4.393939040355313
Saturday,20,Female,68.6,163.8,Intermediate,Running,2.15,8.0,94.1,100.0,4.76,1.99,1.26,0,5.0,108.8,52.5,74,56,18.0,0.78,2350.0,0,Rest Day,0,0.0,0.0,0.0,0.0,0.0,0.0,0.0,0.0,0.0,,2,35,36.7,73.15815415590245,-36.45815415590245,36.45815415590245
Saturday,45,Female,58.0,169.6,Beginner,Running,7.84,8.33,93.0,100.0,5.18,1.86,1.29,1,5.0,66.6,40.0,57,45,18.2,-0.72,3139.0,0,Rest Day,0,0.0,0.0,0.0,0.0,0.0,0.0,0.0,0.0,0.0,,12,343,49.3,57.421733072208866,-8.121733072208869,8.121733072208869
Monday,45,Female,46.2,161.2,Advanced,HIIT,1.06,7.1,50.0,100.0,4.28,1.48,1.34,1,29.3,92.3,55.6,54,68,15.2,0.35,1933.0,1,HIIT,35,19.12,153.6,171.1,535.0,0.5,4.0,10.9,11.7,7.9,Afternoon,11,310,100.0,80.48739265305942,19.512607346940584,19.512607346940584
Thursday,53,Male,79.4,177.4,Advanced,HIIT,19.14,8.03,99.9,100.0,4.83,1.85,1.35,0,5.0,37.7,71.8,64,65,16.5,0.05,4600.0,1,Cycling,75,14.43,137.2,153.9,866.0,4.9,16.7,20.9,24.8,7.7,Afternoon,4,103,55.9,57.61666118716416,-1.7166611871641635,1.7166611871641635
Wednesday,64,Female,61.4,171.8,Intermediate,CrossFit,15.99,6.72,71.5,100.0,4.04,1.42,1.26,0,5.0,33.8,50.9,42,55,16.4,0.96,4023.0,1,Swimming,41,13.64,126.7,142.3,448.0,3.6,8.3,11.1,12.9,5.2,Morning,7,200,100.0,75.15155477309717,24.848445226902825,24.848445226902825
Tuesday,35,Female,71.5,162.4,Beginner,Yoga,7.79,7.34,77.9,100.0,4.27,1.74,1.33,0,5.0,84.5,72.4,75,74,15.1,-0.37,2472.0,0,Rest Day,0,0.0,0.0,0.0,0.0,0.0,0.0,0.0,0.0,0.0,,4,108,65.3,55.21278136459847,10.087218635401527,10.087218635401527
Friday,26,Male,97.2,174.8,Intermediate,Swimming,5.45,7.84,89.8,100.0,4.67,1.85,1.32,0,5.0,71.5,69.2,75,67,18.2,-1.32,2574.0,0,Rest Day,0,0.0,0.0,0.0,0.0,0.0,0.0,0.0,0.0,0.0,,3,83,26.1,52.566974084890724,-26.466974084890722,26.466974084890722
Thursday,64,Female,64.3,158.0,Intermediate,Swimming,15.65,6.96,81.5,100.0,4.21,1.42,1.33,0,5.2,78.4,45.6,81,52,14.2,-0.47,3831.0,1,Swimming,53,12.73,125.0,140.6,540.0,5.2,10.9,18.0,14.0,4.9,Afternoon,3,61,96.8,78.7150926339298,18.084907366070198,18.084907366070198
Sunday,20,Female,68.6,163.8,Intermediate,Running,1.04,8.07,91.2,100.0,4.59,1.98,1.49,0,5.0,102.5,49.7,74,56,18.1,-0.24,1937.0,0,Rest Day,0,0.0,0.0,0.0,0.0,0.0,0.0,0.0,0.0,0.0,,4,99,75.7,70.80630575763143,4.893694242368568,4.893694242368568
Monday,27,Female,67.2,171.1,Intermediate,HIIT,5.56,7.52,90.8,100.0,4.47,1.63,1.43,0,5.0,56.0,52.0,63,60,16.0,-0.29,2732.0,0,Rest Day,0,0.0,0.0,0.0,0.0,0.0,0.0,0.0,0.0,0.0,,7,198,56.1,64.0065516054779,-7.906551605477894,7.906551605477894
Friday,58,Male,77.1,186.3,Intermediate,CrossFit,9.99,7.94,91.3,100.0,5.05,1.59,1.29,0,5.0,41.9,61.7,49,67,15.2,0.14,3293.0,1,CrossFit,53,15.13,134.5,150.7,642.0,1.0,9.8,15.2,18.1,8.8,Morning,12,335,100.0,79.45034064677945,20.549659353220548,20.549659353220548
Monday,28,Female,86.8,151.2,Intermediate,Running,9.82,7.32,86.7,100.0,4.09,1.81,1.42,0,5.0,51.4,60.1,61,63,17.7,-0.08,2878.0,0,Rest Day,0,0.0,0.0,0.0,0.0,0.0,0.0,0.0,0.0,0.0,,2,44,56.6,64.76701141649347,-8.167011416493473,8.167011416493473
Wednesday,51,Male,87.8,175.3,Advanced,Weight Training,12.75,6.74,64.0,100.0,4.19,1.54,1.02,2,8.8,99.1,67.9,113,67,17.0,0.11,3971.0,1,Weight Training,44,11.31,132.6,149.5,399.0,3.9,10.4,13.7,11.3,4.9,Morning,12,354,44.1,59.393192136963656,-15.293192136963654,15.293192136963654
Tuesday,56,Female,63.2,152.8,Advanced,Cycling,13.68,8.04,93.4,100.0,5.11,1.67,1.26,1,5.0,94.5,44.8,104,46,17.4,-0.3,3590.0,0,Rest Day,0,0.0,0.0,0.0,0.0,0.0,0.0,0.0,0.0,0.0,,10,297,61.6,64.51683456505155,-2.916834565051552,2.916834565051552
Tuesday,34,Male,101.8,180.9,Beginner,Running,16.97,8.13,90.6,100.0,4.97,1.88,1.27,0,5.0,73.4,63.4,116,64,20.4,0.38,4098.0,1,Running,64,10.99,145.2,163.8,563.0,4.5,13.1,21.5,17.4,7.4,Evening,1,10,68.5,66.07668532096847,2.4233146790315345,2.4233146790315345
Wednesday,61,Male,75.6,176.3,Advanced,Cycling,12.55,6.26,87.6,100.0,3.82,1.28,1.16,0,5.0,57.6,53.9,69,52,14.0,0.38,3814.0,1,Walking,21,3.86,110.7,126.6,65.0,8.2,7.2,3.9,1.7,0.0,Morning,9,256,54.6,60.18040622981824,-5.580406229818237,5.580406229818237
Monday,53,Male,95.1,180.5,Beginner,CrossFit,7.61,7.04,80.8,100.0,4.52,1.44,1.07,1,5.0,109.9,49.0,93,53,15.9,0.25,2820.0,0,Rest Day,0,0.0,0.0,0.0,0.0,0.0,0.0,0.0,0.0,0.0,,4,93,66.0,69.52811454766488,-3.5281145476648845,3.5281145476648845
Saturday,26,Male,97.2,174.8,Intermediate,Swimming,4.79,7.38,97.0,100.0,4.27,1.78,1.33,0,5.0,83.3,62.2,75,67,13.7,0.12,2382.0,0,Rest Day,0,0.0,0.0,0.0,0.0,0.0,0.0,0.0,0.0,0.0,,11,322,71.5,65.70939129609742,5.790608703902578,5.790608703902578
Monday,56,Female,63.2,152.8,Advanced,Cycling,6.07,7.88,89.9,100.0,4.72,1.82,1.34,0,5.0,125.5,42.6,104,46,14.5,-0.01,2948.0,0,Rest Day,0,0.0,0.0,0.0,0.0,0.0,0.0,0.0,0.0,0.0,,12,352,94.5,78.89896074603688,15.601039253963123,15.601039253963123
Wednesday,37,Male,84.9,189.1,Intermediate,Swimming,10.6,8.45,91.4,100.0,5.26,1.82,1.36,0,5.0,82.9,66.5,78,65,14.9,-0.25,3298.0,0,Rest Day,0,0.0,0.0,0.0,0.0,0.0,0.0,0.0,0.0,0.0,,1,25,80.4,58.64274858131194,21.757251418688064,21.757251418688064
Wednesday,19,Male,76.3,173.4,Intermediate,HIIT,14.67,5.07,64.1,100.0,2.88,1.21,0.98,1,5.0,72.2,52.8,86,47,14.6,-0.2,4038.0,0,Rest Day,0,0.0,0.0,0.0,0.0,0.0,0.0,0.0,0.0,0.0,,12,340,53.6,53.414049708336506,0.1859502916634952,0.1859502916634952
Monday,52,Male,75.7,173.3,Advanced,HIIT,11.0,7.83,76.1,100.0,5.01,1.64,1.18,0,5.0,28.9,63.6,38,68,16.9,0.45,3476.0,1,HIIT,25,13.42,136.0,152.8,268.0,3.2,4.4,6.9,7.4,3.1,Morning,8,226,66.2,71.4425457281722,-5.242545728172203,5.242545728172203
Wednesday,53,Female,70.2,179.8,Advanced,CrossFit,0.0,7.21,88.6,100.0,4.13,1.65,1.43,0,5.0,32.3,70.4,32,72,11.6,-0.39,1472.0,1,CrossFit,47,11.1,130.6,147.3,424.0,4.7,11.3,12.9,15.2,3.6,Evening,5,123,43.7,55.64424316891909,-11.944243168919087,11.944243168919087
Thursday,23,Male,89.1,177.2,Elite,Swimming,9.89,4.77,69.0,100.0,2.86,1.09,0.82,0,5.0,64.6,68.1,63,68,17.5,0.1,3762.0,1,Swimming,36,17.73,169.6,189.3,511.0,0.2,6.1,10.9,12.4,6.4,Morning,2,54,62.8,70.92986959507222,-8.129869595072222,8.129869595072222
Sunday,40,Male,70.6,179.0,Beginner,Yoga,7.25,7.66,69.3,100.0,4.39,1.78,1.49,1,5.0,51.4,58.2,53,58,18.2,-0.12,2957.0,1,CrossFit,60,14.51,148.1,166.1,696.0,4.9,11.3,19.4,17.9,6.4,Morning,6,169,71.9,64.23212172567395,7.667878274326057,7.667878274326057
Sunday,57,Male,64.2,179.1,Beginner,HIIT,4.33,7.43,87.4,100.0,4.44,1.51,1.48,0,5.0,130.7,44.1,100,49,21.5,-0.52,2882.0,0,Rest Day,0,0.0,0.0,0.0,0.0,0.0,0.0,0.0,0.0,0.0,,3,78,55.8,74.17233085112727,-18.372330851127273,18.372330851127273
Sunday,52,Male,79.1,177.1,Beginner,Yoga,10.2,7.53,88.1,100.0,4.44,1.86,1.22,0,5.0,132.5,52.2,117,52,15.6,-0.56,3303.0,0,Rest Day,0,0.0,0.0,0.0,0.0,0.0,0.0,0.0,0.0,0.0,,2,57,84.4,81.36786167123584,3.0321383287641623,3.0321383287641623
Tuesday,56,Male,71.9,187.5,Advanced,Cycling,13.95,7.45,94.1,100.0,4.36,1.77,1.32,0,5.0,81.3,57.9,82,53,16.7,0.28,3848.0,1,Cycling,115,9.69,125.5,141.9,891.0,25.2,34.8,32.5,17.8,4.7,Afternoon,1,24,74.7,60.100275875541854,14.599724124458149,14.599724124458149
Monday,29,Female,70.8,162.1,Intermediate,Cycling,10.03,6.0,77.5,100.0,3.46,1.49,1.05,0,9.0,56.6,68.0,59,72,16.8,-0.71,3239.0,1,HIIT,37,16.47,161.6,180.7,488.0,0.4,4.6,11.2,13.4,7.5,Morning,7,191,99.4,71.08740836431663,28.312591635683376,28.312591635683376
Friday,37,Male,84.9,189.1,Intermediate,Swimming,6.73,7.59,89.6,100.0,4.48,1.84,1.28,0,5.0,83.4,60.5,78,65,18.7,-0.39,2979.0,1,Swimming,54,15.2,152.1,170.4,657.0,0.4,9.6,12.5,18.9,12.6,Morning,3,90,75.1,63.741769072633495,11.358230927366499,11.358230927366499
Monday,34,Male,101.8,180.9,Beginner,Running,6.73,7.83,79.9,100.0,4.76,1.85,1.21,1,5.0,127.0,57.9,116,64,19.0,0.02,2681.0,1,Swimming,34,13.41,150.6,169.2,365.0,2.2,7.7,10.0,10.1,4.0,Evening,1,2,63.3,70.47327459597246,-7.173274595972458,7.173274595972458
Saturday,48,Female,58.5,173.4,Intermediate,Swimming,8.86,6.09,68.3,100.0,3.58,1.3,1.21,0,9.1,67.6,64.7,72,71,15.0,-0.09,3392.0,0,Rest Day,0,0.0,0.0,0.0,0.0,0.0,0.0,0.0,0.0,0.0,,5,133,76.3,69.99510639281456,6.304893607185434,6.304893607185434
Sunday,19,Male,74.0,179.2,Intermediate,Walking,10.53,6.98,75.9,100.0,4.13,1.61,1.24,1,5.0,85.2,54.9,73,62,15.3,-0.4,3544.0,1,CrossFit,68,13.63,163.3,183.4,741.0,5.1,12.3,22.6,21.8,6.2,Evening,11,316,59.3,76.43377281144132,-17.133772811441318,17.133772811441318
Wednesday,20,Female,68.6,167.5,Intermediate,Swimming,5.69,7.55,90.6,100.0,4.59,1.63,1.32,0,5.0,93.5,56.0,92,57,15.3,-0.73,2732.0,0,Rest Day,0,0.0,0.0,0.0,0.0,0.0,0.0,0.0,0.0,0.0,,3,60,60.4,59.532056909138525,0.8679430908614734,0.8679430908614734
Sunday,45,Female,79.8,163.9,Intermediate,Cycling,7.57,6.37,82.1,100.0,3.86,1.31,1.21,0,5.0,80.1,75.4,81,73,15.6,-0.14,3014.0,1,Cycling,104,11.41,137.5,155.0,953.0,13.1,21.4,27.4,33.2,9.2,Morning,9,267,40.0,51.14386165886806,-11.143861658868062,11.143861658868062
Tuesday,45,Female,67.2,172.3,Intermediate,Yoga,0.21,6.87,85.0,100.0,4.13,1.6,1.15,2,5.0,94.1,40.0,64,49,17.4,0.02,1607.0,1,Weight Training,69,7.51,129.4,146.9,414.0,12.5,21.3,26.3,8.2,0.7,Morning,11,311,76.9,75.25244539366224,1.6475546063377635,1.6475546063377635
Friday,44,Female,62.0,165.3,Intermediate,CrossFit,11.58,5.72,87.1,100.0,3.46,1.16,1.09,1,6.4,40.7,54.4,56,52,17.5,0.69,3592.0,0,Rest Day,0,0.0,0.0,0.0,0.0,0.0,0.0,0.0,0.0,0.0,,4,104,33.8,59.443739711469824,-25.643739711469827,25.643739711469827
Thursday,62,Female,45.2,166.6,Intermediate,Running,20.57,8.18,86.5,100.0,4.87,1.83,1.48,0,5.0,58.8,55.1,106,49,17.9,-1.25,4976.0,0,Rest Day,0,0.0,0.0,0.0,0.0,0.0,0.0,0.0,0.0,0.0,,11,334,52.7,52.82724082991674,-0.1272408299167367,0.1272408299167367
Monday,19,Male,74.0,179.2,Intermediate,Walking,4.07,6.37,89.4,100.0,3.67,1.45,1.26,0,6.4,91.6,59.8,73,62,15.4,-0.56,2515.0,0,Rest Day,0,0.0,0.0,0.0,0.0,0.0,0.0,0.0,0.0,0.0,,8,219,68.5,59.85303240273865,8.646967597261352,8.646967597261352
Thursday,32,Male,81.8,168.2,Beginner,Walking,5.78,7.7,82.7,100.0,4.66,1.85,1.2,1,9.7,111.6,41.5,93,46,18.4,0.09,2669.0,1,Cycling,108,12.11,149.3,168.1,1046.0,13.2,18.6,30.1,33.1,13.0,Morning,10,299,51.0,75.54523588392561,-24.545235883925614,24.545235883925614
Monday,62,Female,64.5,167.9,Intermediate,Walking,7.47,6.57,71.3,100.0,3.95,1.39,1.22,0,5.0,97.7,48.5,114,50,18.0,-0.39,3149.0,0,Rest Day,0,0.0,0.0,0.0,0.0,0.0,0.0,0.0,0.0,0.0,,9,247,60.7,51.668314463304576,9.031685536695427,9.031685536695427
Friday,40,Male,70.6,179.0,Beginner,Yoga,9.7,8.11,93.9,100.0,4.71,1.85,1.55,0,5.0,48.0,58.0,53,58,18.1,-0.46,3330.0,0,Rest Day,0,0.0,0.0,0.0,0.0,0.0,0.0,0.0,0.0,0.0,,7,195,58.7,59.9727996110201,-1.2727996110200976,1.2727996110200976
Friday,19,Male,76.3,173.4,Intermediate,HIIT,4.33,6.47,72.9,100.0,3.7,1.55,1.22,0,5.0,81.6,48.0,86,47,16.3,-0.23,2267.0,1,Weight Training,64,8.59,151.2,171.3,445.0,15.8,18.8,19.7,9.8,0.7,Morning,11,314,43.3,48.72186773861933,-5.4218677386193335,5.4218677386193335
Thursday,48,Female,73.0,169.2,Intermediate,CrossFit,14.03,7.27,88.4,100.0,4.49,1.62,1.16,0,5.0,32.0,57.0,56,57,16.7,0.08,4015.0,0,Rest Day,0,0.0,0.0,0.0,0.0,0.0,0.0,0.0,0.0,0.0,,2,54,58.9,63.90719345599169,-5.00719345599169,5.00719345599169
Saturday,57,Male,72.4,173.8,Intermediate,Walking,9.76,5.18,74.5,100.0,3.0,1.24,0.94,0,5.0,96.9,68.5,105,70,16.3,0.24,3459.0,0,Rest Day,0,0.0,0.0,0.0,0.0,0.0,0.0,0.0,0.0,0.0,,3,70,65.9,58.155174551780746,7.74482544821926,7.74482544821926
Saturday,39,Female,57.6,168.5,Advanced,Yoga,7.37,7.07,93.9,100.0,4.32,1.5,1.25,0,5.0,66.0,73.8,75,71,16.9,0.84,2673.0,1,Swimming,41,5.89,130.3,148.4,195.0,6.0,13.7,11.2,7.2,3.2,Morning,2,56,42.0,48.91284945882905,-6.912849458829051,6.912849458829051
Sunday,28,Female,60.3,171.9,Elite,HIIT,7.75,5.81,63.4,100.0,3.39,1.27,1.15,1,5.0,88.5,68.7,83,70,15.1,-0.7,2607.0,1,HIIT,29,15.01,159.1,178.3,348.0,3.0,3.3,6.7,10.4,5.4,Morning,2,50,52.2,70.7405768831139,-18.5405768831139,18.5405768831139
Thursday,23,Female,56.4,171.0,Advanced,Cycling,12.09,7.52,86.9,100.0,4.36,1.7,1.46,0,5.7,59.0,67.1,64,65,15.1,0.16,3378.0,1,Cycling,50,13.26,159.1,178.8,530.0,5.8,9.2,15.0,15.0,5.1,Morning,9,271,61.0,52.773496571023955,8.226503428976045,8.226503428976045
Tuesday,21,Male,59.7,191.2,Advanced,Yoga,11.25,7.78,84.2,100.0,4.97,1.63,1.18,0,5.0,71.3,49.3,67,47,15.8,-0.3,3295.0,1,Yoga,33,5.15,141.5,161.4,136.0,8.4,8.9,10.0,4.2,1.5,Afternoon,1,3,57.2,65.84703771608206,-8.647037716082053,8.647037716082053
Friday,28,Female,65.6,164.9,Elite,HIIT,5.31,7.48,82.2,100.0,4.39,1.8,1.28,1,5.0,67.8,42.5,45,51,17.4,0.23,2335.0,1,HIIT,22,17.56,164.9,184.1,309.0,0.5,3.6,6.0,6.8,5.1,Evening,10,279,100.0,79.18899060771056,20.811009392289435,20.811009392289435
Friday,33,Female,54.7,169.8,Beginner,CrossFit,18.64,8.33,74.9,100.0,5.24,1.82,1.28,0,5.0,46.0,55.1,87,50,15.1,0.44,4751.0,1,CrossFit,64,15.18,155.3,174.0,777.0,4.6,11.9,12.3,20.7,14.5,Afternoon,5,132,53.3,64.20336374431422,-10.90336374431422,10.90336374431422
Friday,21,Male,101.0,174.1,Elite,CrossFit,3.39,8.05,92.6,100.0,4.91,1.79,1.35,0,5.0,62.7,44.6,57,49,17.6,-0.2,2489.0,1,CrossFit,61,15.88,167.0,186.9,775.0,1.8,10.5,16.1,22.6,9.9,Morning,10,293,88.3,74.98345482406891,13.316545175931083,13.316545175931083
Wednesday,51,Male,78.8,181.0,Intermediate,Walking,10.55,7.5,96.7,100.0,4.36,1.77,1.36,0,5.0,124.7,68.0,117,67,17.2,0.12,3448.0,0,Rest Day,0,0.0,0.0,0.0,0.0,0.0,0.0,0.0,0.0,0.0,,10,277,95.9,71.96070669958391,23.939293300416097,23.939293300416097
Saturday,36,Male,75.9,185.8,Advanced,Running,7.58,5.2,60.6,100.0,3.0,1.17,1.04,0,5.0,69.4,43.6,60,50,17.9,-0.81,2996.0,0,Rest Day,0,0.0,0.0,0.0,0.0,0.0,0.0,0.0,0.0,0.0,,9,252,75.6,75.11858119415723,0.48141880584276464,0.48141880584276464
Thursday,62,Female,64.5,167.9,Intermediate,Walking,14.99,6.89,75.8,100.0,4.38,1.44,1.07,0,5.0,91.0,49.5,114,50,15.2,0.34,4044.0,1,Walking,25,2.15,106.7,122.5,43.0,9.0,10.6,3.3,2.3,0.0,Morning,10,292,34.6,63.08291297590023,-28.482912975900227,28.482912975900227
Wednesday,56,Male,105.2,157.5,Beginner,Weight Training,14.51,5.76,86.5,100.0,3.44,1.19,1.13,0,5.0,80.4,61.6,93,63,13.2,-0.09,3966.0,0,Rest Day,0,0.0,0.0,0.0,0.0,0.0,0.0,0.0,0.0,0.0,,1,11,69.3,68.97088879216379,0.3291112078362062,0.3291112078362062
Friday,38,Female,53.6,163.7,Advanced,Cycling,16.49,5.56,74.6,100.0,3.46,1.12,0.98,1,5.0,20.0,46.5,37,50,20.0,-0.07,4090.0,1,Cycling,55,14.68,150.1,168.3,646.0,6.7,12.7,14.3,15.1,6.1,Morning,7,209,56.8,72.37813800099873,-15.578138000998734,15.578138000998734
Saturday,43,Male,63.0,166.5,Intermediate,Cycling,1.61,5.85,59.6,100.0,3.62,1.21,1.02,1,5.0,89.3,50.4,61,56,16.9,0.65,1908.0,0,Rest Day,0,0.0,0.0,0.0,0.0,0.0,0.0,0.0,0.0,0.0,,2,49,81.0,71.58013729573426,9.41986270426574,9.41986270426574
Monday,58,Male,78.3,173.3,Elite,Running,14.84,7.58,96.6,100.0,4.52,1.72,1.35,1,5.0,63.4,49.4,64,48,15.6,-0.36,3798.0,1,Running,62,14.9,134.0,150.2,739.0,7.1,13.4,19.8,17.2,4.5,Morning,9,268,69.2,70.47797124550141,-1.277971245501405,1.277971245501405
Tuesday,38,Male,73.7,167.0,Intermediate,CrossFit,7.51,7.33,79.8,100.0,4.23,1.64,1.46,0,5.0,91.2,56.9,99,57,19.3,-0.04,3058.0,1,Walking,53,5.16,129.5,147.7,219.0,8.4,17.6,17.1,9.4,0.4,Evening,6,164,81.7,59.662299560934734,22.03770043906527,22.03770043906527
Monday,45,Male,58.1,169.8,Intermediate,Swimming,2.83,7.63,90.8,100.0,4.34,1.87,1.42,0,5.0,51.2,58.0,34,63,16.2,-0.2,2319.0,1,Yoga,41,4.81,123.8,141.3,158.0,16.7,16.0,5.9,0.7,1.6,Morning,5,135,72.8,69.52308630263691,3.276913697363085,3.276913697363085
Tuesday,37,Male,78.7,176.1,Intermediate,Yoga,7.44,7.62,60.3,100.0,4.57,1.58,1.47,0,7.5,41.1,58.5,47,62,15.2,-0.59,2935.0,1,Yoga,31,3.29,126.1,144.4,83.0,12.9,11.4,5.0,0.8,1.4,Afternoon,12,360,40.6,63.35845342562452,-22.758453425624516,22.758453425624516
Saturday,60,Male,75.0,195.8,Intermediate,Walking,6.59,7.84,75.9,100.0,5.06,1.59,1.19,0,5.0,92.4,60.5,78,67,16.9,-0.11,2629.0,0,Rest Day,0,0.0,0.0,0.0,0.0,0.0,0.0,0.0,0.0,0.0,,12,364,91.2,73.83640207731285,17.36359792268715,17.36359792268715
Sunday,31,Male,69.3,181.5,Beginner,CrossFit,6.96,4.56,70.1,100.0,2.68,1.11,0.77,1,8.6,74.9,63.0,70,63,14.0,0.22,3074.0,0,Rest Day,0,0.0,0.0,0.0,0.0,0.0,0.0,0.0,0.0,0.0,,12,337,51.6,51.17671039564928,0.42328960435072105,0.42328960435072105
Monday,21,Male,101.0,174.1,Elite,CrossFit,6.22,7.71,76.3,100.0,4.52,1.7,1.48,0,5.0,65.3,46.4,57,49,15.0,-0.42,2735.0,1,CrossFit,53,14.65,164.1,184.0,621.0,3.3,10.9,17.2,17.7,3.9,Afternoon,5,128,81.7,71.00139086040171,10.69860913959829,10.69860913959829
Tuesday,60,Male,75.0,195.8,Intermediate,Walking,3.01,8.01,70.2,100.0,4.47,1.99,1.54,1,5.0,103.3,59.0,78,67,15.2,0.02,2219.0,0,Rest Day,0,0.0,0.0,0.0,0.0,0.0,0.0,0.0,0.0,0.0,,6,164,51.9,70.64209604630531,-18.742096046305313,18.742096046305313
Wednesday,21,Male,86.5,175.3,Advanced,Walking,11.11,6.15,84.7,100.0,3.65,1.36,1.14,0,5.0,32.9,55.4,38,57,15.7,0.63,3144.0,1,Walking,46,3.61,137.9,157.8,133.0,19.4,19.4,6.7,0.5,0.0,Morning,1,10,95.2,67.17847873211416,28.021521267885845,28.021521267885845
Thursday,62,Female,45.2,166.6,Intermediate,Running,16.53,8.06,90.2,100.0,4.85,1.66,1.56,0,5.0,86.7,54.1,106,49,16.4,-0.2,4118.0,1,Running,80,10.95,123.3,139.1,701.0,7.4,15.4,25.8,23.9,7.6,Afternoon,5,145,65.6,53.40017225918775,12.199827740812246,12.199827740812246
Friday,41,Female,71.9,159.2,Beginner,Yoga,1.37,7.68,83.5,100.0,4.48,1.83,1.36,0,5.0,115.8,44.8,66,49,18.2,-0.43,2155.0,0,Rest Day,0,0.0,0.0,0.0,0.0,0.0,0.0,0.0,0.0,0.0,,3,69,68.8,72.78378740339234,-3.9837874033923413,3.9837874033923413
Friday,55,Male,57.5,189.8,Intermediate,Swimming,14.42,6.36,65.9,100.0,3.76,1.57,1.03,2,5.0,29.9,74.0,31,74,12.2,0.05,3825.0,1,CrossFit,54,9.88,126.7,143.2,427.0,8.3,17.8,16.3,7.2,4.4,Afternoon,7,209,64.6,63.65943089549016,0.9405691045098337,0.9405691045098337
Saturday,19,Female,60.8,162.0,Beginner,Yoga,11.25,7.61,99.7,100.0,4.69,1.61,1.32,0,5.0,88.5,47.6,86,48,13.5,-0.6,3752.0,0,Rest Day,0,0.0,0.0,0.0,0.0,0.0,0.0,0.0,0.0,0.0,,2,35,86.0,66.0437829220426,19.956217077957405,19.956217077957405
Sunday,41,Female,63.0,151.4,Elite,Weight Training,9.73,5.34,73.3,100.0,3.17,1.3,0.88,0,11.7,36.5,53.8,44,51,14.2,-0.62,3201.0,1,CrossFit,54,11.31,140.4,158.3,488.0,4.3,13.0,17.6,15.6,3.4,Afternoon,6,169,53.8,49.23224405605296,4.567755943947034,4.567755943947034
Tuesday,47,Female,38.1,179.1,Elite,HIIT,3.79,7.56,70.8,100.0,4.75,1.54,1.27,1,5.0,80.7,65.0,97,73,13.9,0.42,2277.0,1,Weight Training,46,9.69,132.4,149.7,357.0,8.7,13.8,11.5,8.6,3.5,Evening,9,248,74.3,65.66462682892443,8.635373171075571,8.635373171075571
Tuesday,53,Male,95.1,180.5,Beginner,CrossFit,13.24,7.74,67.3,100.0,4.69,1.62,1.43,0,5.0,91.1,49.7,93,53,14.9,-0.76,3676.0,0,Rest Day,0,0.0,0.0,0.0,0.0,0.0,0.0,0.0,0.0,0.0,,4,101,71.5,74.10888811021067,-2.608888110210671,2.608888110210671
Wednesday,50,Female,69.2,171.7,Intermediate,Weight Training,8.37,6.19,73.1,100.0,3.77,1.41,1.02,0,5.8,79.8,49.3,80,55,16.0,-1.1,3155.0,1,Weight Training,45,4.54,119.7,136.7,163.0,18.4,17.1,6.3,3.2,0.0,Afternoon,10,277,100.0,76.64437176684147,23.355628233158527,23.355628233158527
Friday,44,Male,72.6,174.1,Intermediate,HIIT,13.25,6.59,77.8,100.0,4.01,1.44,1.14,1,5.0,64.7,45.2,73,45,15.8,0.24,3514.0,1,HIIT,28,14.6,145.0,162.6,336.0,3.9,5.1,8.4,8.4,3.0,Evening,6,160,47.2,59.92915920544133,-12.729159205441327,12.729159205441327
Saturday,38,Female,76.2,167.2,Intermediate,Yoga,4.49,6.57,77.6,100.0,4.12,1.44,1.01,0,5.4,47.3,70.9,56,74,19.6,-0.58,2542.0,1,CrossFit,47,10.97,142.1,160.3,419.0,3.2,10.0,13.3,16.1,5.1,Afternoon,9,266,49.1,50.95251225077707,-1.8525122507770675,1.8525122507770675
Friday,52,Male,72.6,178.9,Elite,CrossFit,7.87,7.84,92.3,100.0,4.49,1.79,1.56,0,5.0,103.0,54.1,102,56,16.5,-0.47,3249.0,0,Rest Day,0,0.0,0.0,0.0,0.0,0.0,0.0,0.0,0.0,0.0,,8,223,53.3,56.955457345951054,-3.6554573459510564,3.6554573459510564
Thursday,51,Male,70.0,168.4,Intermediate,Swimming,14.45,8.45,93.7,100.0,5.21,1.76,1.48,2,5.0,20.0,60.9,34,63,14.3,-0.36,3818.0,1,Swimming,40,14.45,138.9,155.8,462.0,3.0,7.5,12.4,11.7,5.4,Morning,1,12,69.2,66.59555836344117,2.604441636558832,2.604441636558832
Tuesday,41,Female,71.9,159.2,Beginner,Yoga,11.09,7.08,84.7,100.0,4.28,1.47,1.33,1,5.0,86.0,49.3,66,49,16.1,0.03,3213.0,0,Rest Day,0,0.0,0.0,0.0,0.0,0.0,0.0,0.0,0.0,0.0,,7,192,62.0,58.009214697892375,3.990785302107625,3.990785302107625
Tuesday,29,Male,87.4,166.8,Beginner,HIIT,15.68,7.61,100.0,100.0,4.6,1.56,1.45,0,5.0,58.8,56.8,57,52,14.9,0.1,3770.0,0,Rest Day,0,0.0,0.0,0.0,0.0,0.0,0.0,0.0,0.0,0.0,,2,45,70.9,59.005483515251626,11.89451648474838,11.89451648474838
Monday,42,Male,72.4,185.0,Intermediate,HIIT,12.56,6.91,65.3,100.0,4.01,1.56,1.33,1,9.7,22.4,67.8,30,67,16.8,0.06,3529.0,0,Rest Day,0,0.0,0.0,0.0,0.0,0.0,0.0,0.0,0.0,0.0,,2,51,64.6,68.84742713337509,-4.247427133375098,4.247427133375098
Monday,63,Male,71.4,152.8,Beginner,CrossFit,9.02,8.37,88.9,100.0,5.02,2.07,1.28,0,5.0,30.5,57.9,33,59,17.1,0.64,3259.0,1,CrossFit,47,16.04,132.0,147.7,603.0,0.5,8.5,12.9,16.2,9.0,Afternoon,12,359,63.7,63.841677428201564,-0.14167742820156093,0.14167742820156093
Monday,50,Male,83.1,181.7,Intermediate,Swimming,7.77,5.53,82.5,100.0,3.36,1.26,0.91,1,5.0,92.7,48.9,83,49,13.5,-0.61,3145.0,1,Running,54,16.04,143.0,160.0,693.0,1.3,6.5,16.2,18.2,11.9,Evening,11,331,58.1,64.77348576947249,-6.673485769472485,6.673485769472485
Sunday,38,Female,53.6,163.7,Advanced,Cycling,7.29,6.95,80.9,100.0,4.24,1.48,1.24,0,5.0,50.0,48.5,37,50,18.3,-1.19,2525.0,1,Cycling,53,12.67,145.8,164.0,538.0,7.3,13.2,15.6,13.5,3.5,Morning,8,218,49.8,56.88676004288849,-7.086760042888493,7.086760042888493
Sunday,58,Male,77.1,186.3,Intermediate,CrossFit,14.99,7.52,96.8,100.0,4.41,1.61,1.5,1,5.0,34.1,67.0,49,67,16.0,0.52,4144.0,0,Rest Day,0,0.0,0.0,0.0,0.0,0.0,0.0,0.0,0.0,0.0,,2,50,69.3,71.14565846573468,-1.8456584657346866,1.8456584657346866
Sunday,43,Male,76.7,177.8,Intermediate,Running,10.01,6.75,77.7,100.0,4.06,1.59,1.1,0,5.0,70.8,44.0,73,48,14.5,-0.75,3357.0,0,Rest Day,0,0.0,0.0,0.0,0.0,0.0,0.0,0.0,0.0,0.0,,5,134,71.3,64.88811107431503,6.411888925684963,6.411888925684963
Monday,40,Female,81.1,158.8,Intermediate,Running,16.81,8.1,86.1,100.0,5.02,1.82,1.26,0,5.0,52.8,64.8,49,65,16.4,-0.2,4431.0,0,Rest Day,0,0.0,0.0,0.0,0.0,0.0,0.0,0.0,0.0,0.0,,5,121,79.3,67.53682691701796,11.763173082982036,11.763173082982036
Sunday,56,Female,62.7,164.5,Intermediate,Walking,4.85,8.68,76.7,100.0,5.05,1.98,1.66,0,7.1,60.1,60.3,66,63,14.0,-0.04,3108.0,0,Rest Day,0,0.0,0.0,0.0,0.0,0.0,0.0,0.0,0.0,0.0,,8,218,67.5,55.92725420261782,11.572745797382183,11.572745797382183
Saturday,31,Male,112.0,185.1,Advanced,Walking,7.65,7.25,79.1,100.0,4.47,1.64,1.13,1,5.0,104.8,57.2,93,57,17.1,-1.42,2941.0,0,Rest Day,0,0.0,0.0,0.0,0.0,0.0,0.0,0.0,0.0,0.0,,8,217,45.2,67.00336300885769,-21.803363008857687,21.803363008857687
Sunday,61,Male,69.0,180.3,Intermediate,Cycling,8.15,7.19,90.0,100.0,4.22,1.6,1.37,0,5.0,115.6,51.8,118,55,18.1,-0.79,2997.0,0,Rest Day,0,0.0,0.0,0.0,0.0,0.0,0.0,0.0,0.0,0.0,,2,36,59.8,61.79338015175411,-1.9933801517541099,1.9933801517541099
Monday,60,Female,74.3,164.2,Elite,HIIT,7.53,8.13,92.3,100.0,4.95,1.88,1.29,0,5.0,40.2,51.3,39,53,12.9,-0.72,2680.0,1,HIIT,22,13.03,128.8,144.8,229.0,3.0,4.7,6.3,6.2,1.8,Morning,5,128,54.5,67.9243592379351,-13.424359237935107,13.424359237935107
Tuesday,55,Male,77.7,186.5,Advanced,Yoga,8.46,7.73,74.5,100.0,4.69,1.71,1.33,0,5.0,57.6,52.7,70,53,17.6,0.04,3199.0,1,Weight Training,58,10.81,128.5,145.0,506.0,6.2,14.2,14.5,18.6,5.1,Afternoon,11,332,31.0,56.646453063773414,-25.646453063773414,25.646453063773414
Sunday,51,Female,57.2,167.0,Intermediate,CrossFit,5.51,8.77,87.4,100.0,5.26,1.88,1.62,0,5.0,69.1,40.0,54,49,15.3,0.53,2640.0,0,Rest Day,0,0.0,0.0,0.0,0.0,0.0,0.0,0.0,0.0,0.0,,4,99,86.2,76.52738828722119,9.672611712778817,9.672611712778817
Monday,57,Female,71.1,164.9,Advanced,Weight Training,11.41,5.76,78.6,100.0,3.69,1.16,0.91,1,5.0,32.5,66.2,44,72,16.2,-0.01,3658.0,1,Running,53,13.82,132.8,149.1,586.0,7.7,11.8,13.0,17.7,2.8,Evening,4,100,82.6,70.16634963488681,12.43365036511318,12.43365036511318
Wednesday,50,Male,86.9,172.1,Intermediate,Swimming,15.98,8.52,75.5,100.0,4.75,2.11,1.66,0,5.0,130.5,63.2,110,65,16.5,0.81,3903.0,0,Rest Day,0,0.0,0.0,0.0,0.0,0.0,0.0,0.0,0.0,0.0,,6,172,100.0,81.64921122186551,18.350788778134486,18.350788778134486
Tuesday,60,Male,75.0,195.8,Intermediate,Walking,20.2,5.61,82.4,100.0,3.3,1.21,1.09,0,5.0,69.2,67.2,78,67,13.6,0.23,4848.0,1,Walking,55,2.63,109.0,125.0,116.0,21.6,25.0,7.2,0.3,0.9,Afternoon,7,199,93.4,74.47406587717737,18.92593412282264,18.92593412282264
Tuesday,59,Female,50.7,161.9,Elite,Swimming,17.65,6.84,86.8,100.0,3.95,1.61,1.28,0,5.0,93.3,51.7,107,45,15.8,0.18,4389.0,1,Cycling,96,16.52,136.3,152.4,1269.0,7.2,11.0,24.0,34.0,19.8,Morning,1,17,52.5,68.62384890395968,-16.123848903959683,16.123848903959683
Sunday,54,Male,71.6,177.2,Advanced,Cycling,4.68,6.0,54.6,100.0,3.53,1.32,1.15,4,10.4,97.1,51.4,76,52,14.4,-0.09,2652.0,0,Rest Day,0,0.0,0.0,0.0,0.0,0.0,0.0,0.0,0.0,0.0,,5,134,97.7,67.10362440124288,30.59637559875712,30.59637559875712
Tuesday,33,Male,85.0,187.1,Intermediate,Walking,10.45,7.36,82.4,100.0,4.68,1.55,1.13,1,5.0,55.8,63.3,69,65,15.4,0.19,3792.0,0,Rest Day,0,0.0,0.0,0.0,0.0,0.0,0.0,0.0,0.0,0.0,,11,311,39.0,53.71087319364557,-14.710873193645568,14.710873193645568
Monday,21,Male,83.6,174.2,Intermediate,Weight Training,11.41,8.08,94.3,100.0,4.8,1.88,1.4,0,5.0,76.0,67.7,95,69,17.8,0.13,3891.0,0,Rest Day,0,0.0,0.0,0.0,0.0,0.0,0.0,0.0,0.0,0.0,,9,268,70.3,63.31644618032965,6.983553819670348,6.983553819670348
Monday,23,Female,56.4,171.0,Advanced,Cycling,9.42,7.95,93.8,100.0,4.7,1.85,1.4,0,5.0,72.4,62.3,64,65,17.4,-0.51,3265.0,0,Rest Day,0,0.0,0.0,0.0,0.0,0.0,0.0,0.0,0.0,0.0,,3,72,58.1,62.66828012302446,-4.568280123024458,4.568280123024458
Monday,50,Male,87.8,180.1,Intermediate,Cycling,4.44,7.55,73.5,100.0,4.29,1.88,1.38,0,5.0,114.7,53.9,116,57,11.9,0.38,2496.0,0,Rest Day,0,0.0,0.0,0.0,0.0,0.0,0.0,0.0,0.0,0.0,,12,359,37.3,55.95891890901988,-18.65891890901988,18.65891890901988
Tuesday,37,Female,68.0,168.7,Beginner,Running,17.06,7.29,75.4,100.0,4.56,1.48,1.26,0,5.0,80.7,59.1,89,53,18.9,-0.23,4278.0,1,Running,69,14.78,151.1,169.4,816.0,8.6,16.0,19.2,18.3,7.0,Evening,8,234,63.6,63.48910056368254,0.11089943631746024,0.11089943631746024
Friday,55,Male,57.5,189.8,Intermediate,Swimming,6.31,4.44,67.6,100.0,2.71,0.89,0.84,1,5.7,30.8,68.8,31,74,17.4,0.15,2609.0,0,Rest Day,0,0.0,0.0,0.0,0.0,0.0,0.0,0.0,0.0,0.0,,5,146,81.6,58.15205826950494,23.447941730495053,23.447941730495053
Monday,48,Male,86.5,176.4,Advanced,Swimming,7.23,5.86,91.7,100.0,3.58,1.31,0.97,0,5.0,103.7,58.2,99,64,16.1,0.53,3004.0,1,Swimming,47,13.29,139.0,156.2,500.0,4.8,11.0,14.3,14.4,2.4,Morning,9,268,91.8,73.399065420201,18.400934579799,18.400934579799
Saturday,63,Female,72.3,173.5,Elite,Swimming,6.98,8.41,90.9,100.0,4.73,2.03,1.64,0,5.0,117.2,50.3,103,51,16.0,0.2,3128.0,0,Rest Day,0,0.0,0.0,0.0,0.0,0.0,0.0,0.0,0.0,0.0,,11,322,55.0,63.39831186441475,-8.398311864414751,8.398311864414751
Sunday,23,Female,63.5,158.6,Intermediate,HIIT,4.18,8.05,85.0,100.0,4.61,1.97,1.47,0,5.0,54.5,53.8,38,61,17.0,0.09,2468.0,0,Rest Day,0,0.0,0.0,0.0,0.0,0.0,0.0,0.0,0.0,0.0,,4,113,74.9,72.42925923468073,2.4707407653192774,2.4707407653192774
Tuesday,26,Female,43.6,159.3,Beginner,Swimming,13.29,5.32,77.2,100.0,3.12,1.17,1.03,0,5.1,81.1,66.4,90,70,18.7,-0.12,3402.0,0,Rest Day,0,0.0,0.0,0.0,0.0,0.0,0.0,0.0,0.0,0.0,,2,45,72.1,66.94548365440464,5.154516345595354,5.154516345595354
Wednesday,29,Female,70.8,162.1,Intermediate,Cycling,16.67,6.3,70.2,100.0,3.75,1.5,1.05,0,5.0,25.3,75.1,59,72,12.8,-0.54,4302.0,1,Cycling,81,13.11,154.0,173.1,859.0,7.8,15.9,27.6,25.9,4.7,Afternoon,5,123,39.2,60.55820344350091,-21.358203443500905,21.358203443500905
Wednesday,60,Male,75.0,195.8,Intermediate,Walking,12.07,7.48,83.2,100.0,4.67,1.65,1.15,0,5.0,88.4,63.3,78,67,17.7,0.26,3650.0,1,HIIT,21,17.37,137.1,153.1,292.0,0.6,3.1,5.0,7.4,5.0,Evening,4,109,80.6,77.03746440984915,3.562535590150844,3.562535590150844
Saturday,54,Male,95.9,173.5,Intermediate,HIIT,10.51,7.08,81.3,100.0,4.45,1.46,1.18,1,5.0,93.2,65.2,95,69,14.1,0.26,3715.0,1,HIIT,24,18.98,145.4,162.0,364.0,0.7,3.4,5.7,9.9,4.2,Morning,9,266,86.2,73.08953698744465,13.110463012555357,13.110463012555357
Monday,47,Female,66.0,157.5,Intermediate,Swimming,9.33,7.47,91.7,100.0,4.37,1.83,1.27,0,5.0,50.8,67.9,34,74,16.3,-0.96,2672.0,0,Rest Day,0,0.0,0.0,0.0,0.0,0.0,0.0,0.0,0.0,0.0,,2,44,51.5,67.43526585541264,-15.935265855412638,15.935265855412638
Friday,28,Male,88.8,181.3,Beginner,Cycling,10.59,4.93,82.7,100.0,2.91,1.11,0.91,0,5.0,106.9,64.9,119,64,18.8,-0.45,3501.0,0,Rest Day,0,0.0,0.0,0.0,0.0,0.0,0.0,0.0,0.0,0.0,,4,111,85.4,60.8987599260187,24.501240073981307,24.501240073981307
Tuesday,53,Male,61.6,167.9,Beginner,Walking,1.17,9.13,89.2,100.0,5.37,1.97,1.79,1,5.0,76.4,45.6,40,53,15.2,-0.73,1843.0,0,Rest Day,0,0.0,0.0,0.0,0.0,0.0,0.0,0.0,0.0,0.0,,4,101,97.6,84.02940987834923,13.570590121650767,13.570590121650767
Monday,56,Female,62.7,164.5,Intermediate,Walking,4.59,9.17,97.4,100.0,5.78,2.0,1.39,0,5.0,77.4,63.0,66,63,14.4,-0.37,2593.0,0,Rest Day,0,0.0,0.0,0.0,0.0,0.0,0.0,0.0,0.0,0.0,,4,107,65.7,58.782030262654786,6.917969737345217,6.917969737345217
Friday,56,Female,83.0,169.4,Beginner,Running,11.06,7.91,87.0,100.0,4.63,1.97,1.31,0,5.0,29.6,47.0,44,49,15.8,-0.96,3892.0,1,Walking,32,2.19,110.9,127.3,56.0,14.8,12.2,3.6,1.4,0.0,Afternoon,7,209,52.0,64.51674205196618,-12.516742051966176,12.516742051966176
Saturday,18,Female,66.4,169.5,Advanced,Weight Training,4.48,6.71,76.6,100.0,4.27,1.4,1.05,0,5.0,59.1,68.1,39,72,14.1,0.31,2476.0,1,Weight Training,62,6.24,146.3,166.5,310.0,11.0,20.8,16.9,8.3,5.0,Morning,10,280,44.7,65.4703062155561,-20.770306215556104,20.770306215556104
Thursday,38,Female,82.0,164.7,Elite,Yoga,14.41,5.93,59.1,100.0,3.58,1.43,0.92,0,6.3,54.0,50.7,62,50,17.1,-0.31,3785.0,0,Rest Day,0,0.0,0.0,0.0,0.0,0.0,0.0,0.0,0.0,0.0,,5,131,53.7,59.246330789670544,-5.546330789670542,5.546330789670542
Saturday,44,Male,76.8,179.1,Advanced,Walking,6.73,5.69,61.2,100.0,3.46,1.36,0.88,0,17.5,101.5,63.3,104,70,14.3,0.68,2921.0,0,Rest Day,0,0.0,0.0,0.0,0.0,0.0,0.0,0.0,0.0,0.0,,1,21,82.2,58.35199197857733,23.84800802142267,23.84800802142267
Wednesday,41,Male,75.1,170.1,Intermediate,Swimming,8.56,6.94,77.3,100.0,4.08,1.48,1.38,1,5.0,104.8,62.4,112,61,12.1,0.09,3046.0,1,Swimming,53,10.6,138.9,156.8,449.0,5.5,11.2,14.3,16.3,5.6,Morning,1,18,62.3,57.90819644212743,4.391803557872571,4.391803557872571
Thursday,59,Female,50.7,161.9,Elite,Swimming,16.19,8.15,75.6,100.0,5.01,1.67,1.47,0,10.6,95.9,43.4,107,45,16.5,0.55,4304.0,1,Swimming,37,16.18,135.7,151.8,479.0,0.2,6.1,8.5,13.8,8.4,Morning,11,313,100.0,71.51522961703812,28.484770382961884,28.484770382961884
Wednesday,54,Male,101.7,180.3,Intermediate,Cycling,16.39,7.02,79.0,100.0,4.33,1.4,1.28,0,5.0,77.5,67.2,97,68,12.8,0.01,3988.0,1,Cycling,68,13.45,134.5,151.1,732.0,4.0,16.1,19.5,17.9,10.5,Morning,6,179,79.4,66.74926801240802,12.650731987591982,12.650731987591982
Saturday,50,Female,70.3,176.6,Advanced,Weight Training,10.47,6.99,87.8,100.0,3.98,1.67,1.35,0,5.0,77.8,63.6,75,74,15.3,0.18,3521.0,0,Rest Day,0,0.0,0.0,0.0,0.0,0.0,0.0,0.0,0.0,0.0,,4,91,66.6,83.86898060021362,-17.268980600213624,17.268980600213624
Monday,63,Male,71.4,152.8,Beginner,CrossFit,5.32,8.25,92.9,100.0,5.26,1.75,1.24,0,5.0,49.0,50.0,33,59,16.8,0.63,2378.0,1,Weight Training,58,7.15,115.4,131.1,332.0,11.3,17.5,17.4,8.6,3.2,Evening,2,44,75.0,71.79124238115966,3.2087576188403375,3.2087576188403375
Wednesday,59,Male,68.1,173.7,Advanced,Running,7.9,6.84,89.9,100.0,3.84,1.67,1.33,0,5.0,36.1,71.9,52,71,17.9,-0.43,2898.0,1,CrossFit,40,12.15,127.9,144.0,394.0,5.3,8.9,10.5,11.0,4.8,Morning,8,235,44.4,47.835043530038845,-3.435043530038847,3.435043530038847
Sunday,23,Male,89.1,177.2,Elite,Swimming,7.78,8.01,77.9,100.0,4.9,1.65,1.46,0,5.0,58.5,67.9,63,68,14.3,0.18,3099.0,1,Swimming,28,8.39,147.7,167.4,193.0,5.7,8.6,8.9,5.0,0.6,Evening,9,260,43.1,56.10419829378585,-13.004198293785848,13.004198293785848
Thursday,44,Male,77.7,174.1,Intermediate,HIIT,13.44,8.55,81.8,100.0,4.84,2.02,1.69,0,5.0,124.7,53.7,119,55,16.0,0.98,3834.0,1,HIIT,22,17.38,150.8,168.4,306.0,1.3,3.2,6.6,6.9,4.0,Afternoon,11,320,100.0,86.10573607721463,13.89426392278537,13.89426392278537
Saturday,50,Female,64.0,161.6,Advanced,Yoga,4.96,6.98,89.5,100.0,4.27,1.61,1.1,1,5.0,77.4,48.4,65,53,14.5,0.16,2473.0,1,Walking,40,3.39,117.4,134.4,108.0,14.2,16.4,7.2,0.7,1.4,Morning,12,350,86.5,63.02683816739753,23.47316183260247,23.47316183260247
Friday,56,Male,88.8,184.0,Elite,CrossFit,9.92,5.88,51.9,100.0,3.57,1.19,1.12,2,5.7,83.7,49.3,81,48,19.2,-0.34,3449.0,1,CrossFit,62,15.95,137.7,154.1,791.0,2.8,10.8,16.3,18.9,13.1,Morning,7,202,71.9,61.434355737087365,10.46564426291264,10.46564426291264
Saturday,60,Male,88.3,180.4,Intermediate,HIIT,7.77,7.77,72.2,100.0,4.78,1.71,1.28,0,7.1,106.3,48.3,91,52,15.4,0.63,2818.0,1,HIIT,37,15.25,133.1,149.1,452.0,1.0,4.5,10.5,14.1,6.9,Morning,2,35,71.5,70.25863668420848,1.2413633157915172,1.2413633157915172
Saturday,53,Male,89.0,181.2,Advanced,CrossFit,8.14,7.68,89.7,100.0,4.44,1.75,1.5,0,5.0,132.7,57.5,115,63,15.2,-0.3,3293.0,1,CrossFit,47,14.09,136.6,153.3,530.0,2.5,9.2,14.6,14.2,6.5,Morning,7,182,80.4,83.27831741818623,-2.878317418186228,2.878317418186228
Tuesday,44,Male,76.8,179.1,Advanced,Walking,18.29,7.72,50.0,100.0,4.91,1.58,1.23,0,5.0,70.4,76.1,104,70,16.8,-0.66,4444.0,1,Swimming,36,10.72,136.9,154.5,317.0,2.6,8.1,11.4,12.3,2.6,Evening,2,38,39.9,54.85843646465476,-14.95843646465476,14.95843646465476
Friday,38,Female,48.6,154.4,Intermediate,CrossFit,18.38,7.44,72.3,100.0,4.63,1.53,1.28,0,9.1,95.4,55.7,112,51,16.9,0.57,4745.0,0,Rest Day,0,0.0,0.0,0.0,0.0,0.0,0.0,0.0,0.0,0.0,,8,216,88.6,57.53592303845141,31.064076961548587,31.064076961548587
Wednesday,51,Male,87.8,175.3,Advanced,Weight Training,6.21,8.14,79.2,100.0,4.97,1.89,1.28,1,6.5,125.2,67.6,113,67,16.8,-0.69,2698.0,1,Running,36,14.1,138.2,155.1,416.0,2.5,8.5,11.7,9.9,4.3,Evening,8,214,33.2,60.62406160394802,-27.42406160394802,27.42406160394802
Saturday,61,Female,58.3,160.5,Advanced,Yoga,9.33,5.77,77.9,100.0,3.6,1.25,0.93,2,5.0,107.1,49.1,92,59,15.8,-1.2,3202.0,0,Rest Day,0,0.0,0.0,0.0,0.0,0.0,0.0,0.0,0.0,0.0,,10,301,99.4,85.45797992281449,13.942020077185518,13.942020077185518
Friday,19,Male,76.3,173.4,Intermediate,HIIT,14.8,5.48,78.2,100.0,3.03,1.36,1.08,0,8.2,75.6,43.2,86,47,15.8,-0.09,3951.0,0,Rest Day,0,0.0,0.0,0.0,0.0,0.0,0.0,0.0,0.0,0.0,,3,69,92.8,70.68685929390163,22.113140706098363,22.113140706098363
Friday,50,Male,83.1,181.7,Intermediate,Swimming,13.87,5.0,78.1,100.0,3.12,1.12,0.76,0,5.8,80.1,50.9,83,49,11.5,-0.93,3847.0,1,Swimming,40,14.39,139.6,156.6,460.0,3.0,9.7,12.9,11.7,2.8,Morning,9,244,53.8,60.09626177844236,-6.296261778442364,6.296261778442364
Tuesday,64,Female,47.6,163.8,Advanced,HIIT,7.01,7.6,81.3,100.0,4.62,1.82,1.16,0,5.0,56.5,40.0,46,47,16.2,0.18,2840.0,1,Cycling,74,8.15,116.5,132.1,482.0,13.1,22.3,19.9,13.3,5.3,Afternoon,5,129,100.0,77.55074819400937,22.449251805990627,22.449251805990627
Wednesday,56,Male,105.2,157.5,Beginner,Weight Training,11.54,5.68,81.0,100.0,3.28,1.39,1.0,1,5.0,101.6,62.1,93,63,15.4,-0.29,3531.0,0,Rest Day,0,0.0,0.0,0.0,0.0,0.0,0.0,0.0,0.0,0.0,,3,60,57.1,69.67134485272281,-12.57134485272281,12.57134485272281
Wednesday,35,Male,73.1,181.5,Intermediate,Walking,13.23,6.71,62.4,100.0,3.86,1.56,1.29,2,5.0,111.9,74.3,110,71,17.9,0.31,3850.0,0,Rest Day,0,0.0,0.0,0.0,0.0,0.0,0.0,0.0,0.0,0.0,,12,347,39.2,66.53086368458167,-27.330863684581672,27.330863684581672
Wednesday,35,Male,61.0,176.7,Advanced,Running,16.45,8.23,95.5,100.0,4.78,1.92,1.53,0,5.0,38.4,65.0,61,66,14.9,0.66,4373.0,1,Running,43,12.05,146.8,165.3,415.0,2.7,8.2,12.6,16.7,2.8,Morning,2,53,63.7,59.351269842071744,4.348730157928259,4.348730157928259
Saturday,61,Male,92.2,174.7,Intermediate,Yoga,7.21,6.88,90.7,100.0,3.97,1.63,1.28,0,5.0,119.2,67.5,102,74,17.6,-0.67,2484.0,0,Rest Day,0,0.0,0.0,0.0,0.0,0.0,0.0,0.0,0.0,0.0,,6,161,56.7,73.18796580847095,-16.487965808470946,16.487965808470946
Monday,21,Male,86.5,175.3,Advanced,Walking,8.2,6.55,76.6,100.0,3.85,1.6,1.1,0,5.0,46.0,61.6,38,57,14.9,0.35,2842.0,1,Swimming,33,14.6,163.9,183.8,385.0,2.9,6.8,10.0,11.3,2.0,Evening,11,310,91.0,58.95574916313824,32.04425083686176,32.04425083686176
Friday,54,Female,49.6,166.6,Intermediate,HIIT,17.9,7.58,95.1,100.0,4.7,1.71,1.17,0,5.0,30.5,59.0,57,52,18.2,0.45,4744.0,0,Rest Day,0,0.0,0.0,0.0,0.0,0.0,0.0,0.0,0.0,0.0,,6,174,49.3,56.99077218072407,-7.690772180724075,7.690772180724075
Monday,62,Female,64.5,167.9,Intermediate,Walking,15.57,6.49,73.7,100.0,3.88,1.53,1.08,1,8.7,93.7,52.2,114,50,15.3,-0.14,3985.0,1,CrossFit,51,16.67,134.0,149.8,680.0,0.1,7.0,12.5,18.8,12.6,Afternoon,4,114,64.9,65.08330886088078,-0.18330886088077136,0.18330886088077136
Sunday,54,Male,82.9,171.5,Advanced,Walking,13.24,7.53,86.6,100.0,4.43,1.84,1.26,0,5.0,20.0,41.4,38,46,17.8,0.94,3814.0,1,Walking,49,1.57,111.0,127.6,62.0,21.9,18.4,8.3,0.4,0.0,Afternoon,4,113,96.5,76.17258022883853,20.327419771161473,20.327419771161473
Wednesday,50,Female,63.5,175.0,Intermediate,Running,7.15,7.06,85.5,100.0,4.16,1.52,1.38,0,5.0,78.2,64.5,95,70,14.1,0.26,2911.0,0,Rest Day,0,0.0,0.0,0.0,0.0,0.0,0.0,0.0,0.0,0.0,,5,151,39.1,62.92084904781457,-23.82084904781457,23.82084904781457
Saturday,54,Female,68.5,166.7,Beginner,Weight Training,7.55,8.4,88.4,100.0,4.98,1.94,1.48,1,5.0,47.4,57.3,52,58,15.1,-0.83,2442.0,1,CrossFit,56,16.7,140.9,157.5,748.0,3.8,8.8,14.3,17.8,11.2,Morning,10,294,72.5,63.85255471300459,8.647445286995413,8.647445286995413
Friday,28,Female,78.9,166.0,Beginner,Yoga,3.54,8.84,80.5,100.0,5.12,2.16,1.57,2,9.8,112.4,54.8,86,63,15.4,0.29,2329.0,0,Rest Day,0,0.0,0.0,0.0,0.0,0.0,0.0,0.0,0.0,0.0,,11,307,86.2,79.5059062423764,6.694093757623605,6.694093757623605
Friday,48,Female,73.0,169.2,Intermediate,CrossFit,17.73,7.73,78.0,100.0,4.59,1.82,1.32,0,7.1,34.2,64.6,56,57,16.0,0.59,4730.0,0,Rest Day,0,0.0,0.0,0.0,0.0,0.0,0.0,0.0,0.0,0.0,,4,111,86.0,59.42602426956972,26.573975730430277,26.573975730430277
Friday,58,Male,94.4,171.5,Advanced,Cycling,6.01,8.15,92.1,100.0,4.66,1.93,1.56,1,5.0,79.1,65.4,71,72,16.5,-0.42,2732.0,1,Cycling,91,10.06,124.7,140.9,732.0,10.7,21.0,23.5,27.5,8.3,Morning,10,286,92.9,79.12720505646183,13.772794943538173,13.772794943538173
Friday,31,Male,86.2,180.2,Intermediate,Swimming,8.34,6.37,91.6,100.0,4.03,1.35,0.99,0,5.0,46.1,55.6,64,62,14.5,-0.74,2783.0,0,Rest Day,0,0.0,0.0,0.0,0.0,0.0,0.0,0.0,0.0,0.0,,1,6,55.7,65.3940958491119,-9.694095849111903,9.694095849111903
Thursday,37,Female,64.4,162.7,Intermediate,Walking,10.09,7.42,65.0,100.0,4.59,1.67,1.16,0,5.0,73.6,63.5,65,64,14.5,0.41,3448.0,0,Rest Day,0,0.0,0.0,0.0,0.0,0.0,0.0,0.0,0.0,0.0,,3,68,64.9,63.634927163202,1.265072836798005,1.265072836798005
Monday,57,Male,72.4,173.8,Intermediate,Walking,7.66,7.43,77.4,100.0,4.66,1.53,1.24,1,5.0,117.2,68.2,105,70,15.6,-0.04,3112.0,0,Rest Day,0,0.0,0.0,0.0,0.0,0.0,0.0,0.0,0.0,0.0,,6,163,75.0,61.295579938291596,13.704420061708404,13.704420061708404
Thursday,35,Male,61.0,176.7,Advanced,Running,14.02,8.12,88.5,100.0,4.97,1.83,1.32,1,5.0,50.5,63.4,61,66,17.5,0.79,3773.0,1,Running,81,11.43,145.4,163.9,741.0,10.8,13.2,26.9,23.3,6.9,Evening,8,243,72.5,60.59219329146166,11.907806708538338,11.907806708538338
Tuesday,24,Male,68.4,178.3,Intermediate,Walking,7.71,7.19,82.0,100.0,4.3,1.78,1.11,0,5.0,70.9,71.0,54,69,18.6,-0.39,2794.0,0,Rest Day,0,0.0,0.0,0.0,0.0,0.0,0.0,0.0,0.0,0.0,,9,248,29.9,54.32444220809843,-24.424442208098434,24.424442208098434
Monday,52,Male,75.7,173.3,Advanced,HIIT,16.95,8.05,60.9,100.0,4.7,1.83,1.52,0,5.0,20.0,70.2,38,68,14.6,-0.06,4304.0,1,HIIT,37,15.16,139.5,156.3,449.0,2.5,5.1,9.9,13.3,6.1,Morning,5,128,62.0,68.74966814884934,-6.749668148849338,6.749668148849338
Wednesday,38,Female,76.2,167.2,Intermediate,Yoga,7.28,6.43,88.9,100.0,3.72,1.57,1.14,0,5.0,57.5,75.6,56,74,13.6,-0.6,2694.0,1,Cycling,45,7.86,135.3,153.5,283.0,9.1,15.9,12.3,5.9,1.9,Morning,4,109,56.5,51.80461821363367,4.695381786366333,4.695381786366333
Thursday,59,Female,79.4,170.7,Advanced,Weight Training,16.16,7.56,91.2,100.0,4.65,1.56,1.34,0,5.0,46.5,57.5,65,54,13.0,-0.32,4234.0,0,Rest Day,0,0.0,0.0,0.0,0.0,0.0,0.0,0.0,0.0,0.0,,8,243,48.8,57.09389761490712,-8.293897614907124,8.293897614907124
Monday,45,Male,97.0,175.4,Intermediate,HIIT,7.32,7.47,89.0,100.0,4.28,1.74,1.45,0,5.0,56.7,49.1,50,52,14.3,0.28,2838.0,0,Rest Day,0,0.0,0.0,0.0,0.0,0.0,0.0,0.0,0.0,0.0,,5,142,41.7,58.81202305141924,-17.112023051419236,17.112023051419236
Saturday,38,Female,76.2,167.2,Intermediate,Yoga,1.82,7.48,75.6,100.0,4.22,1.79,1.47,0,5.0,74.8,68.4,56,74,13.9,0.84,2171.0,0,Rest Day,0,0.0,0.0,0.0,0.0,0.0,0.0,0.0,0.0,0.0,,6,154,42.5,64.80147732852596,-22.301477328525962,22.301477328525962
Sunday,48,Male,73.7,162.4,Beginner,Cycling,6.21,7.59,92.0,100.0,4.52,1.79,1.27,0,5.0,75.7,64.0,88,62,14.9,-1.25,2453.0,0,Rest Day,0,0.0,0.0,0.0,0.0,0.0,0.0,0.0,0.0,0.0,,10,288,43.8,48.43329598720971,-4.6332959872097135,4.6332959872097135
Thursday,50,Male,62.0,172.2,Intermediate,HIIT,11.34,7.81,90.9,100.0,4.73,1.75,1.33,0,5.0,79.3,63.0,92,60,15.6,-0.93,3244.0,1,HIIT,26,12.65,136.1,153.1,264.0,2.8,5.6,6.5,8.2,2.9,Afternoon,7,194,47.0,58.46993455798513,-11.469934557985127,11.469934557985127
Saturday,59,Male,68.1,173.7,Advanced,Running,7.47,7.82,91.6,100.0,4.93,1.7,1.19,0,5.0,57.3,73.3,52,71,17.3,0.07,2971.0,1,Walking,21,2.6,109.6,125.7,45.0,9.1,8.4,2.5,1.6,0.0,Evening,12,364,46.1,49.39140363745515,-3.291403637455147,3.291403637455147
Sunday,54,Female,54.4,171.7,Advanced,Walking,4.31,8.2,87.0,100.0,4.95,1.9,1.35,0,5.0,46.8,60.8,34,65,16.8,0.12,2056.0,1,Walking,21,2.77,113.4,130.0,47.0,7.9,8.7,3.1,1.2,0.0,Morning,1,22,61.3,64.05109035361482,-2.7510903536148277,2.7510903536148277
Sunday,40,Male,76.0,170.1,Advanced,Cycling,8.3,8.27,84.3,100.0,4.89,1.99,1.39,0,5.0,86.6,59.0,87,60,15.8,0.29,3100.0,1,CrossFit,57,17.09,153.6,171.6,779.0,4.0,7.7,14.4,21.1,9.8,Evening,5,148,62.3,62.84299537304871,-0.5429953730487114,0.5429953730487114
Tuesday,52,Male,100.0,166.4,Advanced,Walking,8.66,8.57,58.8,100.0,5.27,1.83,1.47,0,5.0,49.8,44.2,63,45,17.3,-0.62,3123.0,1,Walking,47,3.23,115.7,132.5,123.0,16.7,19.6,7.7,2.6,1.0,Morning,9,262,45.5,58.7778198118881,-13.2778198118881,13.2778198118881
Sunday,64,Female,47.6,163.8,Advanced,HIIT,13.67,7.01,90.2,100.0,3.97,1.67,1.37,1,5.0,53.2,51.0,46,47,13.9,0.35,3500.0,1,CrossFit,56,11.32,122.4,138.0,513.0,4.0,10.7,20.3,18.5,3.3,Evening,12,358,41.8,58.60458128985692,-16.80458128985692,16.80458128985692
Saturday,55,Male,77.7,186.5,Advanced,Yoga,8.88,7.15,73.1,100.0,4.23,1.63,1.29,1,5.0,71.9,46.9,70,53,13.9,-0.6,3022.0,1,Swimming,48,11.64,130.1,146.6,447.0,6.7,8.2,14.0,14.0,5.0,Afternoon,7,196,65.3,75.42032239084764,-10.120322390847647,10.120322390847647
Thursday,61,Male,92.2,174.7,Intermediate,Yoga,6.76,7.21,64.6,100.0,4.23,1.75,1.23,0,5.2,121.4,68.3,102,74,14.9,0.61,2781.0,1,Yoga,55,3.94,110.8,126.7,173.0,20.5,20.1,8.5,4.4,1.4,Evening,9,250,73.2,75.24623368186899,-2.0462336818689835,2.0462336818689835
Monday,26,Male,83.9,169.0,Advanced,CrossFit,7.35,7.95,93.8,100.0,4.55,1.85,1.56,0,5.0,46.0,46.9,44,49,15.2,-0.33,2644.0,1,CrossFit,53,15.12,161.0,180.4,642.0,4.8,8.0,11.4,19.6,9.3,Morning,3,72,47.5,69.1555970248535,-21.655597024853506,21.655597024853506
Monday,57,Male,80.7,166.4,Elite,Yoga,9.11,7.4,87.0,100.0,4.54,1.73,1.14,0,8.0,58.6,68.3,54,74,20.8,0.16,3135.0,1,Yoga,36,5.71,117.0,133.3,164.0,8.0,10.6,11.8,4.0,1.7,Afternoon,12,359,83.6,70.37533083512932,13.224669164870676,13.224669164870676
Tuesday,51,Male,90.5,176.7,Intermediate,Running,7.0,6.74,76.8,100.0,3.93,1.65,1.15,1,5.0,35.4,49.3,30,57,17.8,-0.41,2711.0,1,Running,79,12.87,135.8,152.7,814.0,8.8,15.3,26.8,21.8,6.3,Morning,10,276,64.6,73.10671229662276,-8.506712296622766,8.506712296622766
Friday,35,Female,65.6,172.4,Advanced,CrossFit,9.8,7.79,98.7,100.0,4.61,1.87,1.31,0,5.0,70.5,73.9,91,71,17.2,-0.16,3307.0,1,CrossFit,42,11.03,144.5,163.0,373.0,5.3,7.1,10.9,13.9,5.0,Morning,3,76,45.1,54.77400369676749,-9.674003696767485,9.674003696767485
Sunday,63,Male,71.4,152.8,Beginner,CrossFit,8.02,8.16,82.2,100.0,5.21,1.7,1.26,0,5.0,45.6,59.9,33,59,16.6,0.53,2915.0,0,Rest Day,0,0.0,0.0,0.0,0.0,0.0,0.0,0.0,0.0,0.0,,4,120,52.6,57.24740048818446,-4.647400488184459,4.647400488184459
Monday,18,Female,71.3,168.2,Advanced,HIIT,7.43,7.68,90.0,100.0,4.87,1.62,1.18,0,5.0,84.5,56.5,105,55,15.6,-0.01,2649.0,0,Rest Day,0,0.0,0.0,0.0,0.0,0.0,0.0,0.0,0.0,0.0,,9,268,35.9,52.40500243912603,-16.50500243912603,16.50500243912603
Wednesday,21,Female,62.9,158.0,Intermediate,Cycling,17.99,8.6,94.7,100.0,5.09,2.04,1.47,0,5.0,26.9,60.6,42,52,15.4,0.53,4750.0,1,Cycling,67,10.66,154.6,174.5,572.0,8.8,13.7,16.1,19.6,8.8,Morning,9,256,52.3,57.65211641867407,-5.352116418674072,5.352116418674072
Thursday,40,Female,53.5,161.2,Beginner,Cycling,11.02,8.38,92.1,100.0,4.63,2.09,1.67,1,5.0,77.4,46.3,82,50,12.3,-0.31,3280.0,0,Rest Day,0,0.0,0.0,0.0,0.0,0.0,0.0,0.0,0.0,0.0,,7,208,100.0,68.41536730773419,31.584632692265814,31.584632692265814
Friday,24,Male,99.4,168.8,Intermediate,Weight Training,8.47,6.28,86.9,100.0,3.77,1.31,1.2,0,5.0,54.4,51.2,40,53,18.2,0.45,3002.0,0,Rest Day,0,0.0,0.0,0.0,0.0,0.0,0.0,0.0,0.0,0.0,,10,293,54.8,63.22775648235622,-8.427756482356223,8.427756482356223
Saturday,45,Male,52.5,189.6,Advanced,Weight Training,2.38,7.9,89.0,100.0,4.62,1.89,1.38,0,5.0,97.6,48.6,83,55,14.0,-0.39,2251.0,1,Weight Training,66,10.71,136.1,153.6,565.0,7.3,14.4,18.8,21.6,3.9,Afternoon,2,42,52.4,68.31816262869364,-15.918162628693644,15.918162628693644
Wednesday,48,Female,58.5,173.4,Intermediate,Swimming,8.57,7.13,93.7,100.0,4.27,1.63,1.23,0,5.0,75.8,73.9,72,71,18.1,-0.08,2947.0,1,Swimming,43,15.5,143.5,160.7,533.0,3.6,7.5,11.0,13.6,7.3,Afternoon,4,95,60.5,62.83715364823449,-2.337153648234491,2.337153648234491
Saturday,25,Male,81.9,177.6,Intermediate,Walking,6.05,7.19,77.5,100.0,4.35,1.73,1.11,0,5.0,105.9,42.2,107,49,15.4,0.05,2916.0,0,Rest Day,0,0.0,0.0,0.0,0.0,0.0,0.0,0.0,0.0,0.0,,10,301,89.2,70.60259220732146,18.59740779267854,18.59740779267854
Thursday,60,Female,61.5,174.5,Intermediate,HIIT,13.11,6.98,76.1,100.0,4.31,1.56,1.11,1,6.8,36.5,48.8,36,51,15.0,-0.16,3792.0,0,Rest Day,0,0.0,0.0,0.0,0.0,0.0,0.0,0.0,0.0,0.0,,1,12,64.8,65.94325458174914,-1.1432545817491473,1.1432545817491473
Saturday,24,Female,52.6,176.1,Intermediate,Walking,7.45,6.86,78.1,100.0,4.02,1.72,1.13,1,5.0,46.9,61.7,48,65,15.4,-0.42,3043.0,0,Rest Day,0,0.0,0.0,0.0,0.0,0.0,0.0,0.0,0.0,0.0,,4,98,53.9,58.18566834666451,-4.285668346664508,4.285668346664508
Sunday,39,Female,57.6,168.5,Advanced,Yoga,6.25,6.22,71.3,100.0,3.84,1.41,0.97,0,5.0,68.6,68.9,75,71,15.0,0.37,2390.0,1,Yoga,31,5.43,129.3,147.4,135.0,5.7,10.0,10.4,4.7,0.2,Morning,11,323,61.6,52.384329807536325,9.215670192463676,9.215670192463676
Wednesday,27,Female,58.5,165.4,Beginner,Running,10.19,7.79,93.2,100.0,4.75,1.7,1.33,1,5.0,105.2,43.0,104,49,16.2,0.02,3438.0,1,Running,80,9.76,147.9,167.2,625.0,17.3,24.7,20.1,14.4,3.4,Evening,1,25,72.8,72.87290040537967,-0.07290040537967002,0.07290040537967002
Tuesday,55,Female,70.8,175.0,Advanced,Weight Training,13.11,7.94,86.7,100.0,4.61,1.87,1.47,0,5.0,34.5,75.8,37,72,15.9,-0.09,3678.0,1,HIIT,29,15.97,138.6,155.1,370.0,0.2,3.1,6.8,11.6,7.2,Evening,2,59,67.5,63.39509915543132,4.104900844568682,4.104900844568682
Saturday,42,Female,67.8,166.8,Beginner,HIIT,6.7,7.43,83.3,100.0,4.56,1.69,1.18,0,5.0,59.5,62.4,33,66,15.6,0.05,2958.0,0,Rest Day,0,0.0,0.0,0.0,0.0,0.0,0.0,0.0,0.0,0.0,,2,56,100.0,68.41518798809827,31.584812011901732,31.584812011901732
Sunday,31,Male,67.6,186.3,Intermediate,Weight Training,11.11,7.01,66.0,100.0,4.24,1.43,1.33,0,5.0,20.0,59.1,38,56,14.3,-0.14,3317.0,1,Cycling,100,7.58,139.9,158.8,611.0,22.6,26.6,29.3,14.4,7.8,Morning,3,71,42.1,52.63570227926518,-10.53570227926518,10.53570227926518
Sunday,52,Male,79.1,177.1,Beginner,Yoga,3.7,8.0,87.8,100.0,4.7,1.96,1.34,1,5.0,128.8,48.4,117,52,15.1,0.29,2511.0,0,Rest Day,0,0.0,0.0,0.0,0.0,0.0,0.0,0.0,0.0,0.0,,8,225,94.1,79.30700271559216,14.792997284407832,14.792997284407832
Friday,59,Male,87.0,176.0,Intermediate,Yoga,13.56,8.36,88.6,100.0,5.02,2.0,1.34,0,5.0,90.3,58.9,106,61,16.2,1.03,4045.0,1,Running,64,19.03,141.1,157.2,975.0,1.6,9.9,16.2,24.2,12.1,Morning,1,6,62.6,72.50679596786675,-9.90679596786675,9.90679596786675
Thursday,59,Male,82.7,181.0,Advanced,Cycling,13.89,7.37,84.6,100.0,4.5,1.66,1.2,0,7.1,80.7,73.5,101,74,15.1,0.18,4173.0,1,Cycling,103,14.45,132.4,148.5,1191.0,11.4,23.4,33.4,28.8,6.0,Evening,3,82,56.2,66.91912580577747,-10.719125805777466,10.719125805777466
Friday,50,Male,87.8,180.1,Intermediate,Cycling,6.08,6.18,88.7,100.0,3.58,1.39,1.21,0,5.0,136.7,57.0,116,57,17.1,-0.46,2809.0,0,Rest Day,0,0.0,0.0,0.0,0.0,0.0,0.0,0.0,0.0,0.0,,8,230,51.8,72.67766713154116,-20.87766713154116,20.87766713154116
Monday,29,Male,75.4,178.8,Elite,Running,11.21,7.6,92.7,100.0,4.62,1.84,1.15,0,5.0,58.9,59.4,73,58,17.0,-0.57,3647.0,1,Cycling,103,9.11,144.9,164.0,754.0,20.8,29.7,33.8,15.9,3.4,Afternoon,1,30,47.5,57.53322872593829,-10.033228725938287,10.033228725938287
Thursday,29,Male,89.8,173.0,Elite,Swimming,11.51,7.56,88.0,100.0,4.68,1.69,1.19,1,5.0,54.7,71.3,73,72,17.2,0.22,3533.0,1,Swimming,38,15.37,159.1,178.2,467.0,2.5,5.0,8.2,14.6,7.6,Evening,1,19,61.0,65.81648687254149,-4.816486872541489,4.816486872541489
Sunday,21,Male,101.0,174.1,Elite,CrossFit,5.4,9.16,88.6,100.0,5.42,2.02,1.72,0,5.0,68.0,41.2,57,49,14.6,-0.02,2251.0,0,Rest Day,0,0.0,0.0,0.0,0.0,0.0,0.0,0.0,0.0,0.0,,10,274,83.1,77.79506993872474,5.3049300612752575,5.3049300612752575
Tuesday,34,Male,89.2,171.1,Beginner,Cycling,16.44,7.97,80.5,100.0,4.49,1.92,1.56,0,5.3,48.0,51.1,65,55,15.7,0.07,4266.0,1,Cycling,90,11.3,145.9,164.5,813.0,5.9,14.7,31.9,26.8,10.7,Evening,2,45,93.8,69.15808908248864,24.641910917511353,24.641910917511353
Wednesday,56,Male,90.9,171.6,Intermediate,Swimming,16.35,8.06,97.1,100.0,4.69,1.79,1.58,0,5.0,91.2,64.0,103,62,16.9,-0.29,4521.0,0,Rest Day,0,0.0,0.0,0.0,0.0,0.0,0.0,0.0,0.0,0.0,,5,123,45.9,64.12132213516814,-18.221322135168144,18.221322135168144
Monday,56,Male,71.9,187.5,Advanced,Cycling,6.19,6.76,79.2,100.0,3.9,1.69,1.17,0,5.0,83.0,46.6,82,53,16.9,0.59,2379.0,1,Cycling,49,9.07,124.3,140.7,356.0,10.7,12.8,16.8,6.4,2.4,Evening,1,30,56.5,69.57470871983291,-13.074708719832913,13.074708719832913
Saturday,59,Female,79.4,170.7,Advanced,Weight Training,7.68,8.51,96.1,100.0,5.09,1.81,1.61,0,5.0,64.5,55.5,65,54,18.4,0.22,3020.0,1,Weight Training,46,8.41,120.8,136.9,309.0,11.2,13.3,14.2,6.1,1.2,Morning,2,42,67.4,56.86282504259205,10.537174957407956,10.537174957407956
Sunday,18,Female,71.3,168.2,Advanced,HIIT,9.35,6.7,70.9,100.0,3.8,1.65,1.26,1,5.0,122.7,48.5,105,55,16.8,0.19,3404.0,0,Rest Day,0,0.0,0.0,0.0,0.0,0.0,0.0,0.0,0.0,0.0,,4,113,71.9,71.66183625599835,0.2381637440016533,0.2381637440016533
Tuesday,34,Male,89.2,171.1,Beginner,Cycling,6.87,5.51,77.2,100.0,3.34,1.31,0.86,1,5.0,67.5,53.5,65,55,15.7,0.31,2804.0,0,Rest Day,0,0.0,0.0,0.0,0.0,0.0,0.0,0.0,0.0,0.0,,12,339,48.8,56.552901369003855,-7.752901369003858,7.752901369003858
Wednesday,32,Female,53.7,167.4,Advanced,CrossFit,12.08,8.59,79.2,100.0,4.96,2.09,1.53,0,5.0,51.1,59.2,47,56,15.4,-1.42,3506.0,0,Rest Day,0,0.0,0.0,0.0,0.0,0.0,0.0,0.0,0.0,0.0,,11,305,58.5,55.00182670373377,3.4981732962662306,3.4981732962662306
Saturday,30,Female,62.9,175.5,Advanced,Cycling,6.6,6.76,90.9,100.0,3.85,1.59,1.32,1,5.0,121.5,66.4,111,67,17.1,1.19,3054.0,1,Cycling,54,8.14,141.9,160.9,352.0,13.6,16.8,15.4,7.4,0.8,Morning,9,245,57.1,61.691340585704026,-4.591340585704025,4.591340585704025
Monday,58,Male,71.5,182.2,Elite,Yoga,16.66,5.09,86.5,100.0,2.99,1.15,0.94,0,5.0,51.4,47.9,53,45,18.7,0.84,4213.0,1,Running,48,13.0,130.4,146.6,499.0,6.9,8.0,15.2,13.5,4.4,Morning,5,121,89.4,67.65353959198629,21.746460408013718,21.746460408013718
Tuesday,31,Male,112.0,185.1,Advanced,Walking,6.16,6.77,74.3,100.0,4.09,1.38,1.3,0,5.0,97.3,55.3,93,57,14.5,-0.45,2659.0,1,Walking,48,3.18,130.0,148.9,122.0,19.1,17.8,8.0,3.1,0.0,Afternoon,5,143,80.0,62.2478389993938,17.7521610006062,17.7521610006062
Thursday,51,Male,83.5,185.3,Elite,CrossFit,6.77,7.8,84.6,100.0,4.84,1.78,1.18,0,5.0,42.7,59.2,45,61,18.5,0.19,3177.0,1,CrossFit,67,14.29,138.6,155.5,766.0,6.9,11.6,21.1,21.3,6.2,Afternoon,9,257,68.8,70.99371220013845,-2.1937122001384495,2.1937122001384495
Saturday,61,Male,69.0,180.3,Intermediate,Cycling,7.85,7.29,89.5,100.0,4.46,1.49,1.34,0,5.0,128.9,60.7,118,55,16.3,0.55,3145.0,0,Rest Day,0,0.0,0.0,0.0,0.0,0.0,0.0,0.0,0.0,0.0,,9,259,67.0,74.91438622726876,-7.914386227268764,7.914386227268764
Tuesday,26,Female,58.4,160.4,Beginner,Running,13.79,8.14,86.7,100.0,4.94,1.87,1.32,0,5.0,80.8,61.9,83,64,18.3,0.75,3976.0,0,Rest Day,0,0.0,0.0,0.0,0.0,0.0,0.0,0.0,0.0,0.0,,6,157,90.4,69.92558462975404,20.474415370245964,20.474415370245964
Friday,34,Male,89.2,171.1,Beginner,Cycling,10.1,7.03,82.2,100.0,4.51,1.43,1.09,0,5.0,47.6,57.9,65,55,15.5,0.53,3232.0,0,Rest Day,0,0.0,0.0,0.0,0.0,0.0,0.0,0.0,0.0,0.0,,7,188,41.3,55.17065117792524,-13.87065117792524,13.87065117792524
Monday,38,Female,82.0,164.7,Elite,Yoga,8.04,5.41,61.3,100.0,3.34,1.24,0.83,0,5.0,61.9,46.3,62,50,14.3,-1.01,2627.0,0,Rest Day,0,0.0,0.0,0.0,0.0,0.0,0.0,0.0,0.0,0.0,,4,93,50.2,59.42645456413513,-9.226454564135125,9.226454564135125
Sunday,40,Male,70.6,179.0,Beginner,Yoga,6.46,7.05,76.6,100.0,3.99,1.66,1.4,0,5.0,59.6,57.1,53,58,15.7,1.04,2955.0,0,Rest Day,0,0.0,0.0,0.0,0.0,0.0,0.0,0.0,0.0,0.0,,8,232,70.0,64.24768512061975,5.7523148793802505,5.7523148793802505
Monday,26,Male,79.3,171.9,Intermediate,CrossFit,9.12,9.07,86.1,100.0,5.54,1.93,1.6,0,5.0,131.1,58.1,114,66,13.2,-0.28,2943.0,1,CrossFit,54,14.99,160.7,180.1,648.0,7.5,9.3,16.7,13.9,6.6,Morning,9,247,90.4,84.11536257616943,6.284637423830574,6.284637423830574
Sunday,27,Male,83.9,166.5,Elite,CrossFit,8.22,8.39,91.4,100.0,5.17,1.85,1.37,0,5.0,75.4,63.4,89,64,14.4,-0.2,3220.0,0,Rest Day,0,0.0,0.0,0.0,0.0,0.0,0.0,0.0,0.0,0.0,,6,176,63.2,59.90092186753619,3.299078132463812,3.299078132463812
Saturday,38,Female,48.6,154.4,Intermediate,CrossFit,9.01,6.56,86.7,100.0,3.77,1.61,1.19,0,5.0,117.9,52.1,112,51,15.4,0.25,3121.0,0,Rest Day,0,0.0,0.0,0.0,0.0,0.0,0.0,0.0,0.0,0.0,,3,63,71.4,65.28484954895588,6.11515045104413,6.11515045104413
Sunday,50,Male,81.4,178.9,Advanced,HIIT,7.65,7.73,95.1,100.0,4.58,1.71,1.44,0,5.0,81.1,59.4,72,63,18.2,0.01,2940.0,1,HIIT,23,18.53,148.0,165.0,341.0,1.8,3.7,5.6,6.8,5.2,Evening,10,274,79.9,70.26198850007869,9.63801149992132,9.63801149992132
Tuesday,44,Male,77.7,174.1,Intermediate,HIIT,15.58,7.03,93.5,100.0,4.43,1.41,1.19,0,5.0,129.8,50.2,119,55,18.3,-0.66,4343.0,1,Swimming,33,11.36,138.2,155.8,300.0,3.2,5.8,9.6,10.3,4.2,Afternoon,8,213,100.0,86.66390070731717,13.336099292682832,13.336099292682832
Friday,52,Male,100.0,166.4,Advanced,Walking,13.74,6.57,67.9,100.0,4.01,1.36,1.19,1,5.0,66.8,43.4,63,45,13.9,-1.47,3434.0,0,Rest Day,0,0.0,0.0,0.0,0.0,0.0,0.0,0.0,0.0,0.0,,2,48,57.5,69.22652163699816,-11.726521636998157,11.726521636998157
Monday,64,Female,46.7,164.0,Advanced,Walking,0.0,7.7,76.1,100.0,4.64,1.59,1.47,0,5.0,57.9,65.2,49,73,16.2,0.16,1898.0,1,Yoga,38,4.08,109.0,124.6,126.0,15.5,16.2,5.3,1.7,0.0,Morning,7,198,39.7,68.62576231504775,-28.92576231504775,28.92576231504775
Wednesday,37,Female,64.4,162.7,Intermediate,Walking,12.87,6.57,82.7,100.0,4.12,1.36,1.09,1,5.0,48.0,65.4,65,64,19.4,-0.28,3188.0,1,Walking,39,3.04,125.6,143.9,95.0,14.4,15.5,7.1,2.0,0.0,Morning,3,60,59.8,56.52953424908998,3.27046575091002,3.27046575091002
Thursday,32,Female,53.7,167.4,Advanced,CrossFit,4.52,7.72,95.1,100.0,4.86,1.63,1.23,0,5.0,43.1,52.6,47,56,16.5,-0.22,2647.0,0,Rest Day,0,0.0,0.0,0.0,0.0,0.0,0.0,0.0,0.0,0.0,,9,264,23.7,49.431860740782994,-25.731860740782995,25.731860740782995
Wednesday,30,Male,67.5,181.0,Advanced,Swimming,14.92,5.56,69.7,100.0,3.37,1.27,0.91,0,5.3,34.5,72.2,58,66,16.2,0.12,3866.0,1,Swimming,50,14.41,156.1,175.1,581.0,2.6,10.7,15.6,14.7,6.8,Afternoon,5,144,44.3,55.77600401243929,-11.47600401243929,11.47600401243929
Tuesday,26,Male,83.9,169.0,Advanced,CrossFit,15.07,9.02,84.1,100.0,5.68,1.85,1.49,0,5.0,29.5,46.2,44,49,15.4,-0.84,4320.0,0,Rest Day,0,0.0,0.0,0.0,0.0,0.0,0.0,0.0,0.0,0.0,,2,38,57.7,72.74641627197754,-15.046416271977535,15.046416271977535
Saturday,31,Male,77.2,181.7,Advanced,Weight Training,3.98,7.74,91.7,100.0,4.72,1.76,1.26,0,5.0,75.8,47.1,64,53,18.2,1.06,2547.0,0,Rest Day,0,0.0,0.0,0.0,0.0,0.0,0.0,0.0,0.0,0.0,,3,84,39.7,67.28942327455601,-27.58942327455601,27.58942327455601
Sunday,64,Male,95.2,169.6,Intermediate,Running,11.64,4.78,82.3,100.0,2.79,1.06,0.93,2,5.0,69.4,66.7,75,64,14.5,0.63,3366.0,0,Rest Day,0,0.0,0.0,0.0,0.0,0.0,0.0,0.0,0.0,0.0,,2,50,85.4,61.227793194779636,24.17220680522037,24.17220680522037
Wednesday,44,Male,88.6,176.6,Beginner,Weight Training,19.12,6.45,61.2,100.0,3.75,1.57,1.14,1,5.0,52.7,53.3,71,49,17.7,-0.07,4753.0,0,Rest Day,0,0.0,0.0,0.0,0.0,0.0,0.0,0.0,0.0,0.0,,1,18,86.3,60.89614353730761,25.40385646269239,25.40385646269239
Tuesday,55,Male,79.4,168.1,Advanced,Weight Training,12.73,6.55,71.6,100.0,4.13,1.4,1.02,1,5.0,90.8,71.7,88,73,20.2,0.26,3852.0,0,Rest Day,0,0.0,0.0,0.0,0.0,0.0,0.0,0.0,0.0,0.0,,6,157,65.2,67.27593481222577,-2.0759348122257677,2.0759348122257677
Friday,48,Female,51.6,156.5,Advanced,Swimming,5.59,5.86,69.7,100.0,3.47,1.46,0.93,0,5.0,104.4,46.2,88,49,19.2,-0.31,2740.0,1,Yoga,38,3.85,119.7,136.9,117.0,15.3,14.1,6.4,2.3,0.0,Evening,9,272,69.2,63.367440748332974,5.832559251667028,5.832559251667028
Thursday,60,Female,56.4,155.1,Elite,HIIT,15.01,8.3,92.2,100.0,5.18,1.85,1.27,0,5.0,63.3,41.3,57,45,14.7,-0.25,4431.0,1,HIIT,20,16.83,136.1,152.1,269.0,1.4,2.9,5.1,6.8,3.9,Afternoon,12,348,100.0,83.51485605667357,16.485143943326435,16.485143943326435
Tuesday,26,Male,83.9,169.0,Advanced,CrossFit,19.5,8.04,85.6,100.0,4.9,1.82,1.31,2,5.0,34.7,53.7,44,49,14.9,-0.3,4955.0,1,Swimming,52,6.87,142.0,161.4,286.0,9.7,13.2,15.9,10.4,2.8,Afternoon,3,87,68.5,64.56942454349414,3.9305754565058635,3.9305754565058635
Thursday,29,Female,70.8,162.1,Intermediate,Cycling,10.71,6.08,64.5,100.0,3.85,1.27,0.96,2,5.0,35.7,74.1,59,72,16.4,0.08,3366.0,1,Cycling,101,10.58,148.2,167.3,855.0,13.7,15.3,30.2,29.8,12.1,Morning,2,40,54.7,57.00086688477406,-2.3008668847740594,2.3008668847740594
Thursday,46,Male,73.5,182.3,Intermediate,HIIT,10.93,7.27,78.7,100.0,4.47,1.65,1.16,0,5.0,42.6,52.1,46,55,16.3,-0.6,3432.0,1,HIIT,33,16.2,146.7,164.1,428.0,1.0,4.9,6.7,12.5,7.9,Afternoon,6,159,66.4,70.48616797601203,-4.086167976012021,4.086167976012021
Tuesday,64,Female,47.6,163.8,Advanced,HIIT,12.51,7.96,88.9,100.0,4.91,1.65,1.4,1,5.0,45.4,50.8,46,47,14.9,0.01,3691.0,1,HIIT,30,13.26,126.0,141.6,325.0,4.0,4.5,8.8,9.6,3.6,Afternoon,1,31,37.3,59.74227257499627,-22.442272574996274,22.442272574996274
Friday,57,Female,71.1,164.9,Advanced,Weight Training,17.4,6.74,81.0,100.0,4.09,1.51,1.13,0,5.0,46.3,70.7,44,72,18.8,-0.34,4610.0,1,Weight Training,54,10.13,125.6,141.9,438.0,3.2,8.7,17.7,16.6,7.7,Evening,9,258,46.1,72.05338648289616,-25.953386482896157,25.953386482896157
Monday,38,Female,48.6,154.4,Intermediate,CrossFit,9.83,5.24,69.0,100.0,3.17,1.13,0.94,0,5.0,111.4,42.8,112,51,17.4,0.14,2986.0,1,Running,69,12.52,145.4,163.6,691.0,5.9,15.4,19.2,20.6,7.9,Evening,7,191,100.0,79.84413248662523,20.155867513374773,20.155867513374773
Thursday,50,Female,64.0,161.6,Advanced,Yoga,21.0,6.26,73.4,100.0,3.57,1.52,1.17,0,5.0,46.5,51.8,65,53,14.1,0.37,4857.0,1,Cycling,117,10.27,131.3,148.3,961.0,8.1,21.1,30.9,41.2,15.8,Evening,9,264,97.2,70.08595712035533,27.11404287964467,27.11404287964467
Monday,20,Male,77.7,158.7,Advanced,Running,9.15,8.12,84.1,100.0,5.11,1.7,1.3,0,5.0,44.4,53.0,57,63,16.5,-0.09,2569.0,1,Running,71,12.18,159.0,179.0,692.0,6.4,15.0,21.6,23.5,4.6,Afternoon,2,44,66.9,69.28439249654382,-2.3843924965438106,2.3843924965438106
Monday,44,Female,51.1,170.1,Intermediate,Running,14.02,7.59,92.8,100.0,4.6,1.76,1.23,0,5.0,61.8,54.5,68,56,17.9,-0.35,3770.0,1,Running,36,10.7,136.8,154.4,308.0,5.1,7.5,9.9,11.7,1.8,Afternoon,1,1,34.1,64.22062259094422,-30.120622590944215,30.120622590944215
Friday,25,Female,49.8,157.3,Beginner,Running,11.72,7.83,97.3,100.0,4.72,1.75,1.36,0,5.0,83.8,65.2,86,68,15.0,0.41,3905.0,0,Rest Day,0,0.0,0.0,0.0,0.0,0.0,0.0,0.0,0.0,0.0,,9,244,51.1,64.13130300007475,-13.03130300007475,13.03130300007475
Sunday,47,Female,38.1,179.1,Elite,HIIT,3.0,5.91,81.3,100.0,3.59,1.33,0.99,1,5.0,115.6,63.2,97,73,16.9,-0.45,2282.0,0,Rest Day,0,0.0,0.0,0.0,0.0,0.0,0.0,0.0,0.0,0.0,,3,78,86.0,70.99339065074905,15.006609349250951,15.006609349250951
Thursday,28,Female,78.9,166.0,Beginner,Yoga,18.88,7.55,93.2,100.0,4.55,1.84,1.16,1,5.0,84.0,63.3,86,63,16.2,0.42,4650.0,0,Rest Day,0,0.0,0.0,0.0,0.0,0.0,0.0,0.0,0.0,0.0,,7,208,98.2,73.71198669984386,24.48801330015614,24.48801330015614
Wednesday,64,Female,64.3,158.0,Intermediate,Swimming,2.79,7.09,91.7,100.0,4.54,1.44,1.11,0,5.0,113.2,45.4,81,52,15.0,-0.91,2264.0,0,Rest Day,0,0.0,0.0,0.0,0.0,0.0,0.0,0.0,0.0,0.0,,7,200,78.0,72.67305174244002,5.326948257559977,5.326948257559977
Thursday,64,Male,78.0,179.0,Elite,Cycling,16.05,6.32,78.1,100.0,3.72,1.51,1.09,1,6.2,64.2,60.3,79,63,11.9,-0.09,4272.0,1,Walking,25,2.51,106.1,121.7,50.0,9.5,9.4,4.3,1.7,0.0,Morning,1,12,62.5,65.06224160624065,-2.5622416062406472,2.5622416062406472
Friday,42,Male,89.4,185.8,Intermediate,Yoga,7.39,8.64,82.5,100.0,5.13,1.8,1.7,0,5.0,54.0,56.2,51,57,16.6,0.42,3216.0,1,Yoga,43,2.85,121.7,139.5,98.0,14.7,18.4,5.6,3.4,0.9,Afternoon,6,174,50.1,61.41884268767055,-11.318842687670546,11.318842687670546
Sunday,21,Female,62.9,158.0,Intermediate,Cycling,6.64,9.27,81.3,100.0,5.6,2.19,1.48,0,5.2,45.7,53.6,42,52,15.2,0.24,2529.0,0,Rest Day,0,0.0,0.0,0.0,0.0,0.0,0.0,0.0,0.0,0.0,,1,1,63.6,52.998896530484316,10.601103469515685,10.601103469515685
Friday,23,Male,89.9,184.6,Intermediate,Walking,9.83,7.32,83.8,100.0,4.58,1.58,1.16,0,5.0,77.7,43.1,76,46,17.3,0.49,3152.0,0,Rest Day,0,0.0,0.0,0.0,0.0,0.0,0.0,0.0,0.0,0.0,,9,265,72.8,75.82601940692821,-3.0260194069282136,3.0260194069282136
Friday,37,Female,55.8,167.2,Elite,Running,8.22,7.38,73.9,100.0,4.62,1.6,1.16,0,5.0,112.3,51.8,113,53,15.1,0.26,2984.0,1,Running,33,11.65,144.3,162.6,308.0,2.9,6.2,8.4,11.5,3.9,Morning,1,20,56.1,62.67790132244715,-6.577901322447147,6.577901322447147
Saturday,52,Male,72.6,178.9,Elite,CrossFit,2.98,8.33,87.5,100.0,4.84,1.9,1.59,0,6.7,115.1,47.8,102,56,15.4,-0.0,1962.0,1,Swimming,33,9.72,128.6,145.4,257.0,7.3,9.2,9.8,4.6,2.1,Morning,4,91,78.3,63.08766053360669,15.21233946639331,15.21233946639331
Sunday,51,Male,83.5,185.3,Elite,CrossFit,6.06,7.28,88.1,100.0,4.34,1.77,1.17,0,5.0,45.9,57.1,45,61,13.7,0.68,2842.0,1,CrossFit,71,13.51,137.0,153.9,767.0,4.2,16.6,23.8,17.7,8.8,Afternoon,9,253,60.0,71.63605132716492,-11.636051327164921,11.636051327164921
Wednesday,32,Male,65.8,180.0,Advanced,Running,14.91,7.35,78.4,100.0,4.47,1.7,1.18,2,5.0,105.0,48.3,112,57,14.0,0.19,3728.0,1,Cycling,93,10.52,145.8,164.6,783.0,8.5,20.0,29.9,28.3,6.4,Morning,7,186,78.3,75.16767486666328,3.132325133336721,3.132325133336721
Wednesday,28,Female,58.9,172.0,Beginner,Running,4.46,7.25,80.1,100.0,4.33,1.65,1.27,0,10.2,104.2,48.3,96,59,13.0,0.03,2648.0,1,Running,39,12.73,153.9,173.1,397.0,3.5,8.6,11.0,11.9,4.1,Morning,8,221,90.1,74.48053015422754,15.619469845772457,15.619469845772457
Friday,24,Female,61.0,167.7,Beginner,HIIT,14.73,6.59,96.4,100.0,4.15,1.4,1.04,0,5.0,20.0,57.2,37,57,16.0,0.06,4142.0,0,Rest Day,0,0.0,0.0,0.0,0.0,0.0,0.0,0.0,0.0,0.0,,3,90,56.5,63.03383980519932,-6.533839805199321,6.533839805199321
Wednesday,42,Female,67.8,166.8,Beginner,HIIT,12.45,7.57,63.9,100.0,4.55,1.8,1.22,1,5.0,40.1,62.9,33,66,11.8,-0.16,3846.0,1,HIIT,37,14.3,146.0,163.8,423.0,2.6,8.2,9.2,12.1,4.9,Morning,4,109,51.3,71.79427412679081,-20.494274126790813,20.494274126790813
Thursday,63,Female,72.4,169.0,Advanced,Running,4.07,6.64,76.8,100.0,3.7,1.65,1.29,1,8.5,118.7,46.0,99,54,14.7,-0.6,2607.0,1,Yoga,51,4.85,111.1,126.8,198.0,20.2,18.4,7.7,2.5,2.2,Evening,12,362,78.9,81.42195092058785,-2.521950920587841,2.521950920587841
Monday,30,Female,54.8,168.6,Intermediate,CrossFit,8.03,6.52,89.3,100.0,3.92,1.35,1.25,0,5.0,26.3,56.1,45,60,15.0,-0.56,2978.0,0,Rest Day,0,0.0,0.0,0.0,0.0,0.0,0.0,0.0,0.0,0.0,,1,2,56.5,55.45239785198926,1.0476021480107391,1.0476021480107391
Saturday,20,Female,68.6,167.5,Intermediate,Swimming,5.76,7.38,90.2,100.0,4.3,1.84,1.23,0,5.0,104.5,50.2,92,57,16.1,-0.21,2524.0,0,Rest Day,0,0.0,0.0,0.0,0.0,0.0,0.0,0.0,0.0,0.0,,5,147,84.6,72.75588317788554,11.844116822114458,11.844116822114458
Wednesday,31,Female,69.7,175.0,Advanced,Swimming,9.97,8.49,84.5,100.0,5.26,1.72,1.52,1,5.0,33.7,53.5,30,55,15.9,-0.12,3223.0,1,HIIT,40,16.55,160.1,179.0,530.0,3.8,7.5,7.8,12.0,8.8,Morning,2,46,67.3,65.77362193441827,1.5263780655817243,1.5263780655817243
Wednesday,33,Male,57.4,191.7,Elite,Walking,10.01,7.23,88.5,100.0,4.36,1.65,1.22,0,5.0,65.7,62.1,79,59,19.0,-0.93,3219.0,1,HIIT,23,14.2,153.2,171.9,261.0,1.6,5.0,7.1,6.7,2.7,Morning,3,67,54.3,55.429567976503364,-1.1295679765033668,1.1295679765033668
Friday,26,Male,79.3,171.9,Intermediate,CrossFit,9.02,6.85,75.9,100.0,4.15,1.38,1.32,1,5.0,123.6,59.0,114,66,16.2,0.34,3635.0,0,Rest Day,0,0.0,0.0,0.0,0.0,0.0,0.0,0.0,0.0,0.0,,9,258,74.8,75.20031396921839,-0.4003139692183879,0.4003139692183879
Friday,35,Male,93.9,169.2,Advanced,Weight Training,9.8,5.02,55.1,100.0,2.89,1.14,0.98,0,5.0,91.2,47.7,105,52,15.7,0.37,3122.0,1,Weight Training,66,10.03,142.3,160.8,530.0,8.2,14.6,17.3,17.1,8.7,Evening,10,286,63.5,73.6885351911213,-10.188535191121304,10.188535191121304
Wednesday,50,Male,102.4,173.8,Intermediate,Running,7.3,5.51,61.0,100.0,3.14,1.37,1.01,1,5.0,94.3,55.0,76,61,14.0,0.12,3225.0,1,Weight Training,70,12.7,136.2,153.2,711.0,6.0,16.8,21.0,22.0,4.2,Evening,3,81,91.9,75.88933032187988,16.010669678120124,16.010669678120124
Monday,35,Male,93.9,169.2,Advanced,Weight Training,17.02,5.87,69.5,100.0,3.71,1.28,0.88,0,5.0,90.1,53.2,105,52,16.5,-0.21,4248.0,1,HIIT,25,15.6,154.6,173.1,312.0,1.2,3.0,6.0,9.2,5.6,Evening,3,86,64.2,69.55191498025661,-5.351914980256609,5.351914980256609
Sunday,62,Female,64.5,167.9,Intermediate,Walking,12.28,7.91,84.7,100.0,4.42,1.91,1.58,0,5.0,99.5,49.3,114,50,15.6,0.04,3482.0,0,Rest Day,0,0.0,0.0,0.0,0.0,0.0,0.0,0.0,0.0,0.0,,3,78,53.7,60.50078090266809,-6.800780902668087,6.800780902668087
Thursday,51,Male,83.5,185.3,Elite,CrossFit,13.16,8.15,84.0,100.0,5.11,1.74,1.31,0,5.0,37.4,59.4,45,61,15.4,0.18,3902.0,1,Swimming,40,15.43,140.9,157.8,494.0,1.7,7.6,11.2,12.3,7.2,Morning,3,75,60.6,71.99961416289551,-11.39961416289551,11.39961416289551
Friday,49,Male,74.0,163.1,Intermediate,Running,4.53,8.48,83.7,100.0,4.9,1.93,1.65,0,5.0,66.7,55.0,65,62,12.3,0.19,2695.0,1,Running,71,7.82,127.1,144.2,444.0,11.9,25.5,19.5,12.1,2.0,Morning,10,286,66.6,70.17179881088542,-3.5717988108854257,3.5717988108854257
Wednesday,54,Male,95.9,173.5,Intermediate,HIIT,16.45,7.46,67.8,100.0,4.65,1.51,1.3,1,5.0,88.6,74.6,95,69,19.3,0.95,4079.0,0,Rest Day,0,0.0,0.0,0.0,0.0,0.0,0.0,0.0,0.0,0.0,,11,319,52.9,62.398507660016506,-9.498507660016507,9.498507660016507
Tuesday,52,Male,79.1,177.1,Beginner,Yoga,16.55,7.82,89.0,100.0,4.44,1.91,1.46,2,5.0,89.5,49.7,117,52,18.1,-0.74,4459.0,0,Rest Day,0,0.0,0.0,0.0,0.0,0.0,0.0,0.0,0.0,0.0,,8,234,81.0,75.73643385921551,5.263566140784491,5.263566140784491
Wednesday,54,Male,82.9,171.5,Advanced,Walking,14.27,7.2,94.9,100.0,4.32,1.68,1.2,0,5.0,41.8,43.8,38,46,17.1,-0.12,4257.0,1,Walking,55,2.37,112.6,129.2,104.0,21.5,24.3,7.8,1.0,0.4,Afternoon,5,137,92.1,75.81392195535011,16.286078044649884,16.286078044649884
Thursday,54,Male,101.7,180.3,Intermediate,Cycling,16.13,7.66,83.3,100.0,4.27,1.87,1.52,0,5.0,81.2,74.4,97,68,16.0,0.33,4411.0,0,Rest Day,0,0.0,0.0,0.0,0.0,0.0,0.0,0.0,0.0,0.0,,7,201,52.2,55.66196015747114,-3.4619601574711396,3.4619601574711396
Monday,50,Female,70.3,176.6,Advanced,Weight Training,8.92,7.86,84.8,100.0,4.49,1.81,1.56,0,5.2,77.9,64.3,75,74,17.2,0.1,2986.0,1,Weight Training,63,7.52,125.7,142.7,379.0,15.9,17.8,16.6,10.0,2.7,Evening,12,338,64.6,82.40586050438003,-17.805860504380036,17.805860504380036
Saturday,43,Male,75.0,176.3,Intermediate,Swimming,8.0,9.16,89.0,100.0,5.57,1.87,1.73,0,5.0,85.2,72.2,73,72,17.8,-0.39,2974.0,1,Swimming,42,8.86,133.7,151.4,298.0,8.0,14.1,14.2,4.8,0.9,Afternoon,9,259,60.8,59.965497004768714,0.8345029952312828,0.8345029952312828
Friday,58,Male,77.1,186.3,Intermediate,CrossFit,4.03,7.77,87.4,100.0,4.76,1.62,1.39,0,5.0,75.1,62.6,49,67,20.2,0.1,2250.0,0,Rest Day,0,0.0,0.0,0.0,0.0,0.0,0.0,0.0,0.0,0.0,,1,27,72.9,72.69951077925577,0.20048922074423103,0.20048922074423103
Tuesday,32,Male,65.8,180.0,Advanced,Running,8.98,7.38,80.4,100.0,4.21,1.83,1.33,3,5.0,101.5,50.1,112,57,16.6,-1.12,2982.0,1,Running,78,11.87,148.8,167.6,741.0,4.8,17.7,21.8,23.9,9.7,Morning,7,206,72.6,66.65721864340605,5.94278135659394,5.94278135659394
Friday,38,Female,59.7,168.0,Beginner,Swimming,13.49,7.02,52.4,100.0,4.25,1.62,1.15,0,7.8,29.0,55.6,32,52,13.5,0.46,4001.0,1,Swimming,39,13.99,148.6,166.8,437.0,4.4,6.1,10.2,12.8,5.6,Morning,6,153,50.2,61.97788410484238,-11.777884104842379,11.777884104842379
Wednesday,60,Female,61.5,174.5,Intermediate,HIIT,11.22,5.59,74.4,100.0,3.32,1.21,1.07,0,5.0,26.3,50.1,36,51,13.4,-0.45,3341.0,0,Rest Day,0,0.0,0.0,0.0,0.0,0.0,0.0,0.0,0.0,0.0,,9,249,49.1,54.05319394380354,-4.953193943803541,4.953193943803541
Monday,53,Male,89.0,181.2,Advanced,CrossFit,4.83,7.37,94.8,100.0,4.39,1.63,1.35,0,5.0,150.0,53.4,115,63,16.2,0.62,2583.0,1,CrossFit,45,13.64,135.7,152.4,491.0,2.6,10.3,12.0,14.4,5.7,Morning,12,345,100.0,82.81238848751656,17.187611512483443,17.187611512483443
Tuesday,60,Female,72.7,169.5,Intermediate,Cycling,11.51,6.73,69.2,100.0,4.1,1.4,1.23,0,10.6,40.6,68.0,45,66,11.5,-0.08,3658.0,0,Rest Day,0,0.0,0.0,0.0,0.0,0.0,0.0,0.0,0.0,0.0,,2,59,54.7,57.578985753636296,-2.878985753636293,2.878985753636293
Wednesday,20,Male,58.2,183.9,Beginner,CrossFit,6.41,7.89,96.5,100.0,4.82,1.78,1.29,0,5.0,32.0,55.2,45,55,15.2,-0.04,2948.0,0,Rest Day,0,0.0,0.0,0.0,0.0,0.0,0.0,0.0,0.0,0.0,,6,179,60.8,51.898637749981035,8.901362250018963,8.901362250018963
Saturday,28,Female,78.9,166.0,Beginner,Yoga,7.35,8.3,91.0,100.0,4.91,1.84,1.55,0,5.0,102.7,60.0,86,63,14.9,-0.07,2677.0,1,Yoga,38,4.73,135.6,154.8,144.0,14.9,16.5,4.5,2.1,0.0,Morning,5,133,78.9,68.91309833350766,9.986901666492344,9.986901666492344
Sunday,57,Male,64.2,179.1,Beginner,HIIT,3.97,9.1,97.9,100.0,5.62,1.91,1.56,0,5.0,117.0,47.0,100,49,15.5,-0.41,2196.0,1,HIIT,31,15.41,135.8,152.1,382.0,2.1,4.3,6.5,11.4,6.7,Afternoon,10,274,59.4,73.35383939190383,-13.953839391903834,13.953839391903834
Thursday,58,Male,93.7,181.0,Beginner,Cycling,14.28,8.03,92.0,100.0,5.1,1.68,1.25,0,5.0,31.2,53.3,36,52,15.6,-0.74,3777.0,0,Rest Day,0,0.0,0.0,0.0,0.0,0.0,0.0,0.0,0.0,0.0,,10,292,72.5,68.23159075426177,4.268409245738226,4.268409245738226
Monday,47,Male,83.6,163.7,Beginner,Walking,6.05,7.84,95.8,100.0,4.42,1.91,1.52,0,5.0,51.6,50.8,56,53,15.0,-0.01,2715.0,0,Rest Day,0,0.0,0.0,0.0,0.0,0.0,0.0,0.0,0.0,0.0,,5,149,48.3,53.407237375683124,-5.107237375683127,5.107237375683127
Sunday,20,Male,58.2,183.9,Beginner,CrossFit,3.73,8.72,95.4,100.0,5.43,1.89,1.4,0,5.0,56.8,50.0,45,55,12.7,-0.54,2368.0,0,Rest Day,0,0.0,0.0,0.0,0.0,0.0,0.0,0.0,0.0,0.0,,1,29,84.0,63.881804923560594,20.118195076439406,20.118195076439406
Friday,24,Female,61.0,167.7,Beginner,HIIT,15.53,7.25,84.7,100.0,4.56,1.47,1.21,0,7.0,26.3,63.6,37,57,12.6,-0.23,4136.0,0,Rest Day,0,0.0,0.0,0.0,0.0,0.0,0.0,0.0,0.0,0.0,,11,328,41.7,57.94404800497341,-16.244048004973408,16.244048004973408
Friday,56,Male,88.8,184.0,Elite,CrossFit,6.78,5.99,72.0,100.0,3.53,1.43,1.03,1,26.6,74.4,51.2,81,48,15.0,-0.64,2994.0,0,Rest Day,0,0.0,0.0,0.0,0.0,0.0,0.0,0.0,0.0,0.0,,1,20,29.6,46.55581910622934,-16.95581910622934,16.95581910622934
Friday,35,Female,65.6,172.4,Advanced,CrossFit,11.91,8.17,94.2,100.0,4.92,1.83,1.43,0,5.0,86.2,66.9,91,71,13.8,-0.17,3942.0,1,CrossFit,70,17.11,157.9,176.4,958.0,6.0,12.7,15.0,24.8,11.6,Evening,12,349,84.8,74.65630897164974,10.143691028350261,10.143691028350261
Monday,25,Female,59.3,157.5,Advanced,Weight Training,9.14,7.77,80.8,100.0,4.88,1.63,1.26,0,5.0,48.1,53.1,41,61,21.6,-1.2,2797.0,1,Weight Training,55,12.36,155.4,174.9,544.0,3.4,10.2,18.5,15.3,7.6,Afternoon,6,163,85.8,75.46548203799854,10.334517962001456,10.334517962001456
Tuesday,31,Male,69.3,181.5,Beginner,CrossFit,9.19,6.21,76.7,100.0,3.98,1.3,0.94,0,5.0,70.0,60.8,70,63,14.1,0.21,2924.0,0,Rest Day,0,0.0,0.0,0.0,0.0,0.0,0.0,0.0,0.0,0.0,,9,248,46.5,56.95850631753642,-10.458506317536418,10.458506317536418
Tuesday,29,Female,51.8,166.5,Beginner,HIIT,16.29,5.55,84.4,100.0,3.3,1.16,1.09,1,5.0,101.6,73.7,111,73,17.6,1.33,4453.0,0,Rest Day,0,0.0,0.0,0.0,0.0,0.0,0.0,0.0,0.0,0.0,,8,234,69.2,63.09296682036062,6.10703317963938,6.10703317963938
Thursday,52,Male,79.1,177.1,Beginner,Yoga,13.88,8.65,94.9,100.0,5.22,1.89,1.53,0,5.0,135.5,49.0,117,52,13.8,0.16,4187.0,0,Rest Day,0,0.0,0.0,0.0,0.0,0.0,0.0,0.0,0.0,0.0,,2,40,91.0,83.01017907992491,7.98982092007509,7.98982092007509
Wednesday,50,Male,86.9,172.1,Intermediate,Swimming,15.08,7.92,84.8,100.0,4.68,1.66,1.58,0,5.0,105.6,66.2,110,65,16.2,-0.27,4214.0,0,Rest Day,0,0.0,0.0,0.0,0.0,0.0,0.0,0.0,0.0,0.0,,3,60,67.9,70.01614192730925,-2.1161419273092434,2.1161419273092434
Saturday,26,Male,79.3,171.9,Intermediate,CrossFit,12.38,7.92,67.9,100.0,4.8,1.68,1.45,0,10.2,103.7,65.7,114,66,19.7,-0.36,3687.0,1,Walking,53,2.94,132.9,152.3,124.0,18.5,21.5,10.1,2.9,0.0,Morning,5,140,58.2,66.82844276973694,-8.628442769736935,8.628442769736935
Thursday,21,Male,86.5,175.3,Advanced,Walking,13.53,7.34,82.7,100.0,4.42,1.47,1.45,0,7.9,20.0,57.2,38,57,16.6,0.24,3764.0,0,Rest Day,0,0.0,0.0,0.0,0.0,0.0,0.0,0.0,0.0,0.0,,1,19,56.0,62.129295669896045,-6.129295669896045,6.129295669896045
Monday,54,Female,68.5,166.7,Beginner,Weight Training,5.68,8.34,88.2,100.0,5.01,1.8,1.53,0,5.0,59.1,59.8,52,58,15.2,-0.69,2831.0,1,CrossFit,51,14.76,137.1,153.7,602.0,4.6,10.9,12.4,16.3,6.9,Morning,8,233,60.9,62.09761572487915,-1.1976157248791495,1.1976157248791495
Saturday,46,Male,73.5,182.3,Intermediate,HIIT,5.39,8.62,78.9,100.0,5.25,1.93,1.44,3,5.0,42.9,51.1,46,55,13.9,-0.86,2634.0,1,Walking,21,2.19,117.6,135.0,37.0,9.1,7.5,3.7,0.2,0.4,Morning,4,105,57.3,65.87334790063693,-8.573347900636932,8.573347900636932
Friday,35,Female,65.6,172.4,Advanced,CrossFit,6.51,7.89,100.0,100.0,4.71,1.9,1.28,0,5.0,104.5,64.1,91,71,12.4,-0.46,2962.0,1,CrossFit,65,11.18,144.9,163.4,581.0,3.5,10.3,20.8,21.0,9.3,Morning,8,216,100.0,74.92498463808104,25.075015361918958,25.075015361918958
Monday,40,Male,96.2,167.4,Beginner,Weight Training,8.28,8.27,99.3,100.0,4.82,1.84,1.6,0,5.0,92.4,69.2,93,72,21.4,-0.27,2861.0,0,Rest Day,0,0.0,0.0,0.0,0.0,0.0,0.0,0.0,0.0,0.0,,1,16,64.7,62.932751434377735,1.7672485656222676,1.7672485656222676
Wednesday,28,Male,66.1,178.5,Beginner,Running,13.83,8.03,84.0,100.0,4.92,1.67,1.44,0,5.0,71.8,61.5,66,69,15.8,0.37,4043.0,0,Rest Day,0,0.0,0.0,0.0,0.0,0.0,0.0,0.0,0.0,0.0,,7,200,78.3,72.16588575629386,6.1341142437061364,6.1341142437061364
Friday,58,Male,73.6,180.0,Intermediate,Swimming,9.95,7.09,86.0,100.0,4.28,1.55,1.26,1,5.0,77.1,40.0,103,46,15.0,-0.72,3564.0,0,Rest Day,0,0.0,0.0,0.0,0.0,0.0,0.0,0.0,0.0,0.0,,7,188,48.0,63.92729857834181,-15.927298578341812,15.927298578341812
Wednesday,28,Male,93.7,167.0,Intermediate,Running,9.83,7.88,94.6,100.0,4.81,1.65,1.43,0,5.0,37.8,48.4,38,50,13.4,0.46,3186.0,0,Rest Day,0,0.0,0.0,0.0,0.0,0.0,0.0,0.0,0.0,0.0,,9,256,73.2,65.74008739911042,7.459912600889581,7.459912600889581
Tuesday,43,Male,75.0,176.3,Intermediate,Swimming,8.65,8.1,86.2,100.0,4.94,1.89,1.27,1,5.0,77.2,64.4,73,72,14.3,0.33,3087.0,1,Swimming,45,14.56,145.7,163.4,524.0,3.3,8.7,13.9,16.0,3.1,Evening,4,115,66.9,75.01678806801196,-8.116788068011957,8.116788068011957
Wednesday,59,Female,79.4,170.7,Advanced,Weight Training,13.78,8.31,89.5,100.0,5.11,1.74,1.45,0,5.0,56.5,54.8,65,54,14.2,-0.41,3498.0,1,Weight Training,49,12.53,128.7,144.8,491.0,6.1,10.0,14.3,13.3,5.2,Evening,12,340,50.5,61.17011926870347,-10.670119268703473,10.670119268703473
Tuesday,56,Male,90.9,171.6,Intermediate,Swimming,14.41,8.03,87.3,100.0,5.06,1.76,1.21,0,5.0,96.8,60.7,103,62,18.3,0.36,3873.0,0,Rest Day,0,0.0,0.0,0.0,0.0,0.0,0.0,0.0,0.0,0.0,,4,101,63.0,66.193676891035,-3.193676891034997,3.193676891034997
Thursday,64,Female,47.6,163.8,Advanced,HIIT,4.74,7.6,83.2,100.0,4.57,1.7,1.33,0,5.0,55.2,47.6,46,47,17.9,0.09,2113.0,1,HIIT,23,13.93,127.3,142.9,256.0,3.2,3.6,7.0,7.0,2.2,Morning,9,250,83.2,54.63811304463472,28.56188695536528,28.56188695536528
Friday,32,Male,103.8,183.1,Advanced,Running,7.83,8.56,70.2,100.0,5.22,1.82,1.52,1,5.0,63.1,69.8,46,72,13.7,-0.46,3318.0,1,Running,86,11.83,148.7,167.5,814.0,12.0,14.9,29.0,22.3,7.7,Morning,10,286,68.8,71.29545296313233,-2.4954529631323368,2.4954529631323368
Tuesday,29,Male,89.8,173.0,Elite,Swimming,8.96,8.02,87.8,100.0,4.76,1.76,1.5,0,5.0,80.5,71.1,73,72,16.5,0.26,3389.0,1,Swimming,59,12.52,152.6,171.7,591.0,8.4,10.8,20.3,16.4,3.2,Evening,3,87,78.4,67.21892519339394,11.181074806606063,11.181074806606063
Sunday,27,Female,58.5,165.4,Beginner,Running,6.75,8.58,95.1,100.0,4.88,2.07,1.63,0,5.0,110.0,47.8,104,49,14.6,-0.95,2685.0,0,Rest Day,0,0.0,0.0,0.0,0.0,0.0,0.0,0.0,0.0,0.0,,9,246,61.7,60.114157383089875,1.5858426169101278,1.5858426169101278
Friday,45,Female,58.0,169.6,Beginner,Running,9.26,7.78,83.9,100.0,4.84,1.77,1.17,0,5.0,73.8,40.0,57,45,17.0,-0.53,3413.0,0,Rest Day,0,0.0,0.0,0.0,0.0,0.0,0.0,0.0,0.0,0.0,,6,174,81.3,59.3324859182651,21.967514081734898,21.967514081734898
Sunday,47,Male,83.6,163.7,Beginner,Walking,9.36,8.02,85.9,100.0,4.65,1.96,1.41,0,5.0,49.6,52.5,56,53,18.3,0.16,3067.0,1,Walking,48,3.35,119.3,136.6,130.0,18.9,20.3,6.0,2.1,1.4,Afternoon,4,113,47.5,57.10797141240897,-9.607971412408972,9.607971412408972
Saturday,51,Male,90.5,176.7,Intermediate,Running,5.46,6.52,83.9,100.0,3.97,1.43,1.11,0,5.0,25.9,53.9,30,57,11.8,0.33,2379.0,0,Rest Day,0,0.0,0.0,0.0,0.0,0.0,0.0,0.0,0.0,0.0,,10,294,34.4,58.43620757972099,-24.036207579720994,24.036207579720994
Thursday,63,Female,72.4,169.0,Advanced,Running,8.46,7.23,90.0,100.0,4.09,1.79,1.36,0,5.0,94.6,52.4,99,54,16.8,0.29,3266.0,0,Rest Day,0,0.0,0.0,0.0,0.0,0.0,0.0,0.0,0.0,0.0,,11,327,91.9,68.88576567118133,23.014234328818674,23.014234328818674
Sunday,51,Male,83.5,185.3,Elite,CrossFit,6.92,7.95,88.5,100.0,4.79,1.8,1.36,0,5.0,51.7,59.3,45,61,15.2,-0.65,3001.0,1,HIIT,36,15.92,141.9,158.8,459.0,1.2,4.6,10.5,14.0,5.6,Morning,3,71,56.4,71.36287502342915,-14.962875023429156,14.962875023429156
Sunday,60,Male,75.0,195.8,Intermediate,Walking,1.59,6.76,62.5,100.0,4.1,1.54,1.12,0,5.9,118.7,59.5,78,67,17.1,-0.79,2048.0,0,Rest Day,0,0.0,0.0,0.0,0.0,0.0,0.0,0.0,0.0,0.0,,7,211,81.1,76.82912829505499,4.270871704945009,4.270871704945009
Wednesday,19,Male,74.0,179.2,Intermediate,Walking,21.0,6.36,83.1,100.0,3.81,1.33,1.22,0,5.0,32.9,65.2,73,62,14.7,-0.33,4857.0,0,Rest Day,0,0.0,0.0,0.0,0.0,0.0,0.0,0.0,0.0,0.0,,6,172,50.5,58.49102559783595,-7.99102559783595,7.99102559783595
Wednesday,45,Female,77.4,164.8,Beginner,Yoga,19.02,7.64,94.5,100.0,4.56,1.8,1.28,0,5.0,20.2,64.4,64,57,16.9,-0.12,4682.0,0,Rest Day,0,0.0,0.0,0.0,0.0,0.0,0.0,0.0,0.0,0.0,,3,88,41.7,56.99020226486145,-15.290202264861449,15.290202264861449
Monday,33,Male,76.8,178.4,Intermediate,Swimming,15.67,5.77,76.6,100.0,3.32,1.33,1.11,1,6.0,68.2,78.6,75,69,16.0,0.16,4313.0,0,Rest Day,0,0.0,0.0,0.0,0.0,0.0,0.0,0.0,0.0,0.0,,8,240,37.9,52.10167035772369,-14.201670357723692,14.201670357723692
Friday,40,Male,64.3,173.9,Advanced,Weight Training,13.18,4.84,50.0,100.0,3.04,1.01,0.8,1,7.1,85.3,58.0,94,62,16.7,0.01,3925.0,0,Rest Day,0,0.0,0.0,0.0,0.0,0.0,0.0,0.0,0.0,0.0,,1,5,65.6,72.97733239794944,-7.377332397949445,7.377332397949445
Friday,24,Female,52.6,176.1,Intermediate,Walking,12.02,8.11,91.9,100.0,5.17,1.72,1.22,0,5.0,51.0,70.2,48,65,14.5,-0.14,3684.0,1,Running,89,18.03,169.5,189.1,1284.0,1.3,18.4,23.8,30.9,14.7,Morning,2,48,60.6,63.43506339053579,-2.8350633905357867,2.8350633905357867
Wednesday,30,Female,62.9,175.5,Advanced,Cycling,14.51,6.89,69.3,100.0,4.19,1.43,1.26,1,5.0,129.0,65.5,111,67,15.9,0.1,3986.0,1,Walking,28,2.69,129.6,148.6,60.0,11.0,9.8,4.8,2.4,0.0,Morning,8,235,51.3,75.83778185648492,-24.537781856484926,24.537781856484926
Saturday,20,Female,68.6,163.8,Intermediate,Running,7.17,7.63,95.0,100.0,4.67,1.76,1.2,0,5.0,67.3,50.9,74,56,16.7,0.89,2685.0,0,Rest Day,0,0.0,0.0,0.0,0.0,0.0,0.0,0.0,0.0,0.0,,7,189,82.3,61.86997404334462,20.430025956655378,20.430025956655378
Sunday,24,Male,68.4,178.3,Intermediate,Walking,5.69,6.23,83.8,100.0,3.85,1.38,1.0,0,5.0,78.3,74.3,54,69,16.5,-0.42,2877.0,0,Rest Day,0,0.0,0.0,0.0,0.0,0.0,0.0,0.0,0.0,0.0,,3,64,45.4,50.200732165247224,-4.800732165247226,4.800732165247226
Sunday,62,Female,64.5,167.9,Intermediate,Walking,3.48,6.29,74.4,100.0,3.83,1.41,1.05,0,5.0,130.6,43.6,114,50,13.5,-0.46,2318.0,1,Walking,50,3.02,108.4,124.2,122.0,18.1,18.5,10.0,2.7,1.1,Evening,9,260,42.5,75.82165531918002,-33.321655319180024,33.321655319180024
Thursday,41,Female,62.7,164.5,Intermediate,Running,21.0,7.74,92.6,100.0,4.6,1.83,1.31,0,5.0,69.4,51.2,73,52,13.0,-0.29,4750.0,0,Rest Day,0,0.0,0.0,0.0,0.0,0.0,0.0,0.0,0.0,0.0,,2,33,83.2,70.24749403024379,12.952505969756217,12.952505969756217
Tuesday,53,Female,67.4,166.0,Advanced,Swimming,5.03,6.61,70.0,100.0,3.71,1.61,1.29,1,5.0,73.6,47.6,63,51,19.6,-0.12,2450.0,1,Swimming,51,10.99,130.4,147.1,451.0,4.0,12.3,13.7,16.4,4.9,Morning,6,178,45.6,57.37383176951043,-11.77383176951043,11.77383176951043
Thursday,47,Male,83.6,163.7,Beginner,Walking,16.66,8.03,85.5,100.0,4.54,2.0,1.49,0,5.0,54.8,60.3,56,53,12.9,0.44,4009.0,1,Walking,22,2.08,116.7,134.0,37.0,8.1,9.4,3.9,1.1,0.0,Morning,5,138,47.2,54.812592982694596,-7.6125929826945935,7.6125929826945935
Thursday,33,Female,54.7,169.8,Beginner,CrossFit,5.92,7.45,95.6,100.0,4.77,1.52,1.17,0,5.0,88.9,51.1,87,50,18.5,1.24,2638.0,1,CrossFit,57,12.34,149.0,167.7,569.0,8.0,9.7,15.7,17.9,6.4,Evening,10,299,46.1,48.903738559696386,-2.8037385596963844,2.8037385596963844
Friday,28,Female,58.9,172.0,Beginner,Running,11.9,5.64,84.2,100.0,3.54,1.19,0.91,0,9.0,110.1,57.6,96,59,16.2,0.92,3368.0,1,Running,78,13.48,155.6,174.8,841.0,10.7,15.8,22.9,23.2,5.4,Morning,1,20,89.2,76.86610825738063,12.333891742619372,12.333891742619372
Saturday,48,Male,86.5,176.4,Advanced,Swimming,3.87,6.89,84.3,100.0,4.24,1.42,1.23,0,5.0,113.5,58.3,99,64,15.4,0.66,2345.0,0,Rest Day,0,0.0,0.0,0.0,0.0,0.0,0.0,0.0,0.0,0.0,,5,147,98.2,73.1859890620146,25.014010937985404,25.014010937985404
Sunday,47,Female,66.0,157.5,Intermediate,Swimming,0.45,7.57,94.8,100.0,4.64,1.75,1.18,0,5.0,66.4,69.1,34,74,13.8,0.4,1750.0,0,Rest Day,0,0.0,0.0,0.0,0.0,0.0,0.0,0.0,0.0,0.0,,11,309,44.7,62.04432036487391,-17.34432036487391,17.34432036487391
Friday,44,Male,72.6,174.1,Intermediate,HIIT,13.02,6.84,73.4,100.0,4.05,1.54,1.26,0,5.0,81.8,40.9,73,45,14.9,0.54,3929.0,0,Rest Day,0,0.0,0.0,0.0,0.0,0.0,0.0,0.0,0.0,0.0,,6,174,68.7,71.29369663194693,-2.5936966319469263,2.5936966319469263
Tuesday,54,Female,54.4,171.7,Advanced,Walking,10.26,6.68,89.0,100.0,3.93,1.5,1.25,1,5.0,45.9,60.2,34,65,13.6,0.04,3119.0,1,Walking,59,2.39,112.6,129.2,113.0,23.3,20.5,9.8,5.3,0.0,Afternoon,5,143,99.3,73.12115427413515,26.178845725864846,26.178845725864846
Sunday,28,Male,70.7,168.7,Advanced,HIIT,2.81,6.63,77.7,100.0,4.18,1.44,1.0,2,5.0,52.0,51.8,36,57,20.2,-0.44,2155.0,1,HIIT,23,16.47,162.4,181.6,303.0,1.1,3.4,6.2,7.7,4.6,Evening,4,99,100.0,74.62547868199069,25.374521318009315,25.374521318009315
Saturday,43,Male,82.2,187.5,Advanced,Swimming,7.42,6.9,75.2,100.0,4.04,1.56,1.29,0,7.3,82.1,51.9,65,55,18.4,0.36,3019.0,0,Rest Day,0,0.0,0.0,0.0,0.0,0.0,0.0,0.0,0.0,0.0,,6,168,63.4,68.93685074618955,-5.53685074618955,5.53685074618955
Saturday,27,Female,58.5,165.4,Beginner,Running,14.23,7.86,97.8,100.0,4.51,1.88,1.46,0,5.0,83.1,54.2,104,49,15.5,-0.02,3654.0,0,Rest Day,0,0.0,0.0,0.0,0.0,0.0,0.0,0.0,0.0,0.0,,1,28,75.4,52.27830711359754,23.121692886402464,23.121692886402464
Sunday,41,Female,63.0,151.4,Elite,Weight Training,3.81,7.11,60.4,100.0,4.27,1.56,1.29,0,5.0,63.1,47.5,44,51,19.3,0.38,2145.0,1,Weight Training,54,8.3,134.0,151.9,359.0,8.7,19.7,17.4,5.9,2.3,Evening,9,253,46.5,50.454057092622726,-3.954057092622726,3.954057092622726
Sunday,46,Male,98.1,190.0,Intermediate,Cycling,10.04,8.14,87.9,100.0,5.25,1.67,1.22,0,5.0,58.1,51.9,46,56,15.3,0.95,3300.0,1,Cycling,110,8.89,131.5,148.9,782.0,20.8,34.1,31.8,18.1,5.3,Morning,10,288,100.0,78.23870886932151,21.761291130678487,21.761291130678487
Monday,31,Male,61.3,180.4,Intermediate,CrossFit,7.14,8.79,73.6,100.0,5.24,2.19,1.37,2,5.3,92.6,66.8,89,62,13.3,0.08,2989.0,0,Rest Day,0,0.0,0.0,0.0,0.0,0.0,0.0,0.0,0.0,0.0,,10,296,80.4,54.410023463678684,25.989976536321322,25.989976536321322
Monday,62,Female,45.2,166.6,Intermediate,Running,5.88,7.69,87.1,100.0,4.63,1.84,1.22,2,5.0,107.2,48.9,106,49,13.6,-1.45,2502.0,0,Rest Day,0,0.0,0.0,0.0,0.0,0.0,0.0,0.0,0.0,0.0,,1,23,63.5,58.295278407023204,5.204721592976796,5.204721592976796
Tuesday,59,Male,68.1,173.7,Advanced,Running,17.31,7.74,76.5,100.0,4.82,1.56,1.37,1,5.0,23.0,71.5,52,71,16.1,0.09,3908.0,1,HIIT,22,15.79,134.9,151.0,278.0,1.2,2.5,5.3,8.5,4.5,Morning,4,108,60.0,64.96041163991706,-4.960411639917055,4.960411639917055
Saturday,41,Female,71.9,159.2,Beginner,Yoga,6.02,6.17,72.5,100.0,3.63,1.33,1.21,0,5.0,75.4,51.2,66,49,15.8,-0.32,2758.0,0,Rest Day,0,0.0,0.0,0.0,0.0,0.0,0.0,0.0,0.0,0.0,,7,189,63.5,46.87318503052148,16.626814969478517,16.626814969478517
Saturday,21,Female,62.9,158.0,Intermediate,Cycling,4.31,7.46,86.1,100.0,4.76,1.55,1.15,0,5.0,45.3,47.8,42,52,22.4,0.0,2209.0,0,Rest Day,0,0.0,0.0,0.0,0.0,0.0,0.0,0.0,0.0,0.0,,4,105,50.4,68.22832107668991,-17.82832107668991,17.82832107668991
Wednesday,45,Male,58.1,169.8,Intermediate,Swimming,8.17,7.98,95.9,100.0,4.96,1.63,1.38,0,5.0,20.4,60.5,34,63,15.5,0.4,2638.0,0,Rest Day,0,0.0,0.0,0.0,0.0,0.0,0.0,0.0,0.0,0.0,,5,151,61.5,59.33262797828417,2.1673720217158277,2.1673720217158277
Monday,43,Male,82.2,187.5,Advanced,Swimming,7.92,6.15,81.3,100.0,3.65,1.48,1.02,0,5.0,55.0,50.6,65,55,17.6,0.95,3059.0,0,Rest Day,0,0.0,0.0,0.0,0.0,0.0,0.0,0.0,0.0,0.0,,12,345,63.1,60.71523473233285,2.3847652676671487,2.3847652676671487
Thursday,38,Male,115.0,187.4,Advanced,HIIT,17.23,8.48,85.6,100.0,5.29,1.72,1.47,1,5.0,34.9,66.5,64,62,17.1,-0.39,4332.0,1,Running,45,11.85,144.0,162.2,427.0,4.6,9.0,14.0,12.3,5.1,Afternoon,1,12,53.0,56.29799328376011,-3.297993283760107,3.297993283760107
Tuesday,64,Female,64.3,158.0,Intermediate,Swimming,9.38,7.95,67.3,100.0,4.82,1.68,1.44,0,5.0,62.5,59.1,81,52,16.7,0.23,3140.0,1,Cycling,68,11.02,121.9,137.5,603.0,5.6,15.6,19.9,21.7,5.7,Morning,8,220,43.0,54.43602118408093,-11.436021184080928,11.436021184080928
Friday,47,Male,83.6,163.7,Beginner,Walking,17.24,8.2,95.7,100.0,4.75,1.87,1.58,0,5.0,56.6,58.1,56,53,16.0,0.32,4532.0,0,Rest Day,0,0.0,0.0,0.0,0.0,0.0,0.0,0.0,0.0,0.0,,8,237,62.0,59.58918316192883,2.4108168380711703,2.4108168380711703
Saturday,24,Male,68.4,178.3,Intermediate,Walking,4.73,6.39,83.3,100.0,3.86,1.41,1.12,1,5.4,57.5,64.4,54,69,17.5,0.37,2930.0,1,Walking,32,3.75,136.2,155.8,96.0,13.5,11.6,6.2,0.5,0.1,Morning,8,224,73.1,65.52529846349573,7.574701536504264,7.574701536504264
Friday,57,Female,58.7,159.1,Intermediate,Swimming,8.13,8.15,96.0,100.0,5.07,1.64,1.44,0,5.0,127.9,47.8,105,51,15.6,-0.38,3349.0,0,Rest Day,0,0.0,0.0,0.0,0.0,0.0,0.0,0.0,0.0,0.0,,8,216,55.4,84.99765312443412,-29.597653124434125,29.597653124434125
Thursday,45,Male,52.5,189.6,Advanced,Weight Training,12.44,7.34,92.7,100.0,4.33,1.55,1.46,0,5.0,63.8,60.2,83,55,19.0,-0.61,3578.0,1,Yoga,36,4.36,122.8,140.3,126.0,13.1,14.2,6.0,1.6,1.0,Morning,1,19,70.6,52.211439858826004,18.38856014117399,18.38856014117399
Sunday,52,Male,72.6,178.9,Elite,CrossFit,7.06,7.81,87.4,100.0,4.78,1.63,1.39,0,5.0,113.9,53.2,102,56,13.4,-0.51,2980.0,1,CrossFit,45,12.32,133.8,150.6,443.0,3.4,9.2,15.6,13.6,3.3,Morning,5,148,48.9,65.74146264279815,-16.841462642798156,16.841462642798156
Saturday,53,Male,79.4,177.4,Advanced,HIIT,11.62,7.72,97.6,100.0,4.58,1.7,1.45,0,5.0,66.7,66.5,64,65,14.8,-0.63,3471.0,0,Rest Day,0,0.0,0.0,0.0,0.0,0.0,0.0,0.0,0.0,0.0,,5,126,60.9,58.57073981758061,2.3292601824193895,2.3292601824193895
Tuesday,46,Male,73.5,182.3,Intermediate,HIIT,2.77,6.6,87.4,100.0,3.84,1.62,1.14,0,5.0,53.5,52.3,46,55,17.5,0.01,2244.0,1,HIIT,43,19.23,152.9,170.3,661.0,0.9,8.3,10.2,16.0,7.7,Evening,10,297,100.0,70.36948743773205,29.630512562267953,29.630512562267953
Wednesday,50,Female,63.5,175.0,Intermediate,Running,13.16,7.94,95.9,100.0,4.85,1.6,1.5,0,5.0,84.7,69.2,95,70,15.2,-0.4,3551.0,1,Swimming,35,8.07,126.8,143.8,226.0,7.3,9.6,10.4,5.7,2.0,Evening,1,10,67.9,65.99252877835013,1.907471221649871,1.907471221649871
Friday,53,Male,95.1,180.5,Beginner,CrossFit,2.87,7.02,77.1,100.0,3.95,1.7,1.37,0,5.0,106.6,52.4,93,53,15.8,0.38,2237.0,1,Running,30,8.71,125.9,142.6,209.0,6.1,7.3,9.3,4.8,2.5,Afternoon,1,27,56.4,63.13804634447276,-6.738046344472764,6.738046344472764
Saturday,35,Female,71.5,162.4,Beginner,Yoga,6.39,6.02,78.5,100.0,3.62,1.37,1.03,0,5.0,89.5,74.7,75,74,15.4,0.85,2647.0,0,Rest Day,0,0.0,0.0,0.0,0.0,0.0,0.0,0.0,0.0,0.0,,5,147,57.7,51.87384056040183,5.826159439598172,5.826159439598172
Sunday,56,Male,71.9,187.5,Advanced,Cycling,7.02,8.43,90.5,100.0,5.19,1.86,1.37,1,5.0,77.3,51.9,82,53,15.7,-0.24,2709.0,1,Cycling,51,10.26,126.6,143.0,419.0,3.3,9.3,18.8,15.7,3.9,Morning,9,253,67.9,59.6206049081112,8.279395091888809,8.279395091888809
Thursday,37,Male,67.3,179.3,Advanced,CrossFit,21.0,6.6,95.2,100.0,4.12,1.44,1.04,0,5.0,59.4,64.2,77,58,16.4,-0.89,5245.0,1,CrossFit,45,17.79,157.7,176.0,640.0,1.7,6.4,11.7,16.1,9.1,Morning,6,180,63.2,64.61038803321189,-1.4103880332118877,1.4103880332118877
Monday,38,Male,96.3,177.6,Beginner,Weight Training,10.39,6.36,86.7,100.0,3.9,1.38,1.08,0,5.0,76.7,54.6,77,52,18.3,0.73,2959.0,1,Weight Training,60,9.82,139.6,157.8,471.0,14.6,18.3,16.7,7.4,3.0,Afternoon,2,37,53.2,61.996096468415374,-8.79609646841537,8.79609646841537
Saturday,63,Female,52.0,159.2,Intermediate,Weight Training,8.22,8.11,92.8,100.0,4.97,1.75,1.39,0,5.0,65.7,52.1,66,56,15.6,-0.99,3174.0,0,Rest Day,0,0.0,0.0,0.0,0.0,0.0,0.0,0.0,0.0,0.0,,10,294,71.1,64.90147730479615,6.198522695203849,6.198522695203849
Saturday,61,Male,60.9,176.7,Advanced,Running,9.91,6.05,80.3,100.0,3.88,1.26,0.91,0,11.6,56.6,63.0,37,66,16.6,-0.21,3471.0,0,Rest Day,0,0.0,0.0,0.0,0.0,0.0,0.0,0.0,0.0,0.0,,6,168,89.8,72.39367812588587,17.406321874114127,17.406321874114127
Tuesday,47,Female,77.6,151.3,Intermediate,Cycling,19.03,5.59,75.0,100.0,3.4,1.15,1.03,0,14.9,26.7,65.4,57,55,14.6,-0.25,4775.0,1,Weight Training,68,8.34,129.6,146.9,454.0,11.2,18.0,21.2,12.5,5.1,Afternoon,7,192,67.1,56.765019905031075,10.33498009496892,10.33498009496892
Tuesday,46,Male,98.1,190.0,Intermediate,Cycling,21.0,8.56,89.4,100.0,4.9,1.97,1.69,0,5.2,29.0,59.0,46,56,15.9,0.28,4675.0,0,Rest Day,0,0.0,0.0,0.0,0.0,0.0,0.0,0.0,0.0,0.0,,1,10,71.9,65.47080313702793,6.429196862972077,6.429196862972077
Saturday,37,Female,55.8,167.2,Elite,Running,2.43,7.63,79.1,100.0,4.78,1.53,1.31,1,5.5,127.7,48.6,113,53,15.7,-0.23,2170.0,0,Rest Day,0,0.0,0.0,0.0,0.0,0.0,0.0,0.0,0.0,0.0,,7,210,73.1,77.54375287852183,-4.443752878521835,4.443752878521835
Tuesday,61,Male,69.0,180.3,Intermediate,Cycling,10.02,8.67,80.9,100.0,5.32,1.97,1.39,1,11.0,116.9,49.3,118,55,13.6,0.25,3152.0,0,Rest Day,0,0.0,0.0,0.0,0.0,0.0,0.0,0.0,0.0,0.0,,1,17,74.7,64.63572788099586,10.064272119004144,10.064272119004144
Wednesday,56,Male,88.8,184.0,Elite,CrossFit,13.56,4.0,72.5,100.0,2.45,0.83,0.72,0,5.0,69.4,50.4,81,48,18.4,0.44,3963.0,1,Yoga,45,2.7,111.9,128.3,99.0,20.4,17.8,7.6,0.1,0.0,Evening,7,200,45.3,57.05170331493071,-11.751703314930715,11.751703314930715
Tuesday,41,Female,72.0,149.4,Intermediate,HIIT,8.49,8.35,69.1,100.0,4.83,2.0,1.53,2,5.0,113.1,43.7,99,53,20.1,-0.66,3127.0,1,Walking,38,0.29,117.0,134.9,9.0,17.3,14.5,5.1,1.1,0.0,Morning,4,108,82.3,75.0123118689027,7.287688131097298,7.287688131097298
Friday,47,Male,96.4,192.4,Beginner,Cycling,13.34,6.2,85.6,100.0,3.6,1.52,1.09,0,8.1,90.7,58.9,87,66,15.0,0.06,3855.0,0,Rest Day,0,0.0,0.0,0.0,0.0,0.0,0.0,0.0,0.0,0.0,,2,41,100.0,71.54632563499632,28.45367436500368,28.45367436500368
Sunday,27,Male,76.8,186.5,Intermediate,Yoga,4.58,6.07,89.3,100.0,3.7,1.3,1.07,0,5.0,25.1,63.1,30,66,18.5,-0.5,2412.0,0,Rest Day,0,0.0,0.0,0.0,0.0,0.0,0.0,0.0,0.0,0.0,,5,134,39.8,55.42660056281825,-15.626600562818254,15.626600562818254
Monday,31,Male,77.2,181.7,Advanced,Weight Training,10.67,8.4,94.8,100.0,5.03,2.02,1.34,0,5.0,72.4,48.2,64,53,19.8,-0.12,3296.0,1,Weight Training,50,12.32,150.6,169.5,493.0,6.6,8.8,14.1,16.6,3.8,Afternoon,8,240,75.9,76.57746413536681,-0.6774641353668045,0.6774641353668045
Monday,64,Female,64.3,158.0,Intermediate,Swimming,6.76,6.71,81.7,100.0,3.88,1.56,1.27,0,5.0,77.6,50.7,81,52,14.7,-0.58,2737.0,1,Swimming,43,10.41,120.7,136.3,358.0,2.6,6.9,14.7,14.8,3.9,Afternoon,3,86,58.8,58.03700693218163,0.7629930678183641,0.7629930678183641
Friday,63,Female,52.0,159.2,Intermediate,Weight Training,13.09,8.0,93.5,100.0,4.97,1.69,1.34,0,5.0,54.4,54.7,66,56,17.6,0.09,3623.0,1,Weight Training,48,9.79,120.3,136.0,376.0,11.7,14.1,12.3,8.8,1.1,Afternoon,12,335,68.3,58.531944554940054,9.768055445059943,9.768055445059943
Tuesday,55,Male,73.4,182.4,Beginner,Swimming,1.89,6.84,84.3,100.0,3.97,1.67,1.19,1,5.0,105.6,66.4,84,71,17.7,-0.47,1853.0,0,Rest Day,0,0.0,0.0,0.0,0.0,0.0,0.0,0.0,0.0,0.0,,4,101,58.2,66.16437728193834,-7.96437728193834,7.96437728193834
Sunday,35,Male,73.1,181.5,Intermediate,Walking,4.17,6.03,73.3,100.0,3.63,1.36,1.04,1,5.4,150.0,67.8,110,71,18.5,-0.45,2124.0,1,HIIT,36,16.38,156.3,174.8,472.0,2.5,6.5,8.9,13.1,5.0,Afternoon,3,71,83.2,68.96035303206232,14.239646967937688,14.239646967937688
Monday,28,Female,60.3,171.9,Elite,HIIT,18.95,6.11,62.9,100.0,3.86,1.3,0.95,1,5.0,79.9,68.6,83,70,13.9,-0.84,4634.0,0,Rest Day,0,0.0,0.0,0.0,0.0,0.0,0.0,0.0,0.0,0.0,,10,282,92.8,76.32129586654212,16.47870413345788,16.47870413345788
Monday,18,Female,66.4,169.5,Advanced,Weight Training,11.79,6.0,73.4,100.0,3.55,1.25,1.2,1,5.0,33.2,74.3,39,72,16.2,0.56,3438.0,1,Weight Training,45,8.5,151.7,171.9,306.0,9.3,13.1,13.3,7.4,1.8,Morning,10,275,57.8,54.97735683779727,2.8226431622027306,2.8226431622027306
Sunday,58,Male,93.7,181.0,Beginner,Cycling,10.54,7.89,84.8,100.0,4.67,1.76,1.46,0,5.0,45.3,46.0,36,52,19.4,-0.12,3410.0,1,Cycling,71,13.71,131.7,147.9,779.0,8.5,16.7,21.7,19.6,4.5,Evening,8,218,88.0,86.80938978139422,1.1906102186057836,1.1906102186057836
Monday,50,Male,62.0,172.2,Intermediate,HIIT,16.29,8.31,88.5,100.0,4.88,1.9,1.53,0,5.0,88.2,60.5,92,60,16.9,-0.26,4152.0,0,Rest Day,0,0.0,0.0,0.0,0.0,0.0,0.0,0.0,0.0,0.0,,5,149,65.7,68.9232352629126,-3.2232352629125955,3.2232352629125955
Thursday,23,Female,56.4,171.0,Advanced,Cycling,13.4,8.72,84.1,100.0,5.0,2.14,1.58,1,5.0,44.8,66.7,64,65,16.9,0.25,3545.0,1,Cycling,91,11.29,154.5,174.2,822.0,5.7,15.3,32.3,24.1,13.6,Afternoon,3,68,52.6,56.4981389610693,-3.8981389610693,3.8981389610693
Friday,59,Male,87.0,176.0,Intermediate,Yoga,7.77,8.39,92.1,100.0,4.77,2.0,1.62,0,5.0,97.6,59.6,106,61,20.2,0.49,2929.0,1,Yoga,45,3.46,111.3,127.4,124.0,16.5,18.6,5.6,2.7,1.6,Morning,8,216,56.4,59.53720709116098,-3.137207091160981,3.137207091160981
Tuesday,29,Female,50.3,159.3,Elite,CrossFit,3.31,6.96,72.1,100.0,4.21,1.63,1.12,1,9.2,87.0,42.6,62,52,14.7,-0.11,2122.0,1,Cycling,56,13.19,154.1,173.2,591.0,3.4,11.5,17.2,17.5,6.4,Morning,4,115,91.1,78.19591908311764,12.90408091688235,12.90408091688235
Monday,44,Female,51.1,170.1,Intermediate,Running,5.22,7.75,90.6,100.0,4.51,1.72,1.51,1,5.0,59.9,51.7,68,56,17.3,0.01,2733.0,0,Rest Day,0,0.0,0.0,0.0,0.0,0.0,0.0,0.0,0.0,0.0,,5,128,36.4,51.91261474843451,-15.512614748434508,15.512614748434508
Wednesday,60,Female,56.4,155.1,Elite,HIIT,9.01,7.62,89.7,100.0,4.48,1.81,1.33,0,5.0,51.0,42.7,57,45,20.1,-0.78,3367.0,1,HIIT,23,15.56,133.6,149.6,286.0,1.3,3.2,6.1,8.2,4.2,Evening,11,333,81.2,73.3708462644508,7.829153735549198,7.829153735549198
Wednesday,41,Male,55.3,172.6,Intermediate,Weight Training,8.11,8.33,89.5,100.0,5.05,1.7,1.57,0,5.0,102.3,46.6,86,54,14.8,0.1,3066.0,1,Yoga,43,3.1,123.0,140.9,107.0,18.3,17.3,6.0,1.3,0.0,Morning,4,102,100.0,73.96324940171526,26.03675059828474,26.03675059828474
Friday,41,Female,62.7,164.5,Intermediate,Running,5.14,8.31,90.1,100.0,4.93,2.05,1.33,0,5.0,97.2,45.9,73,52,17.2,-0.21,2344.0,1,Walking,52,1.32,119.2,137.1,55.0,20.0,18.5,7.2,4.5,1.8,Afternoon,1,13,67.5,69.33759879949069,-1.8375987994906922,1.8375987994906922
Friday,59,Female,79.4,170.7,Advanced,Weight Training,6.23,8.22,91.1,100.0,4.87,1.82,1.53,0,5.0,79.9,51.2,65,54,14.2,-0.49,2764.0,1,Weight Training,46,12.15,127.9,144.0,447.0,5.6,8.2,16.2,12.2,3.7,Evening,10,293,55.1,63.337715914199855,-8.237715914199853,8.237715914199853
Monday,38,Female,48.6,154.4,Intermediate,CrossFit,21.0,6.92,100.0,100.0,3.94,1.67,1.31,0,5.0,85.5,52.8,112,51,15.6,0.01,5118.0,0,Rest Day,0,0.0,0.0,0.0,0.0,0.0,0.0,0.0,0.0,0.0,,7,184,81.9,62.58067534993029,19.319324650069717,19.319324650069717
Sunday,33,Male,85.0,187.1,Intermediate,Walking,2.58,8.38,86.1,100.0,4.93,1.8,1.66,0,5.0,86.9,57.7,69,65,17.3,0.65,1988.0,0,Rest Day,0,0.0,0.0,0.0,0.0,0.0,0.0,0.0,0.0,0.0,,3,71,63.1,65.02215776124933,-1.9221577612493306,1.9221577612493306
Wednesday,55,Male,73.4,182.4,Beginner,Swimming,12.29,7.51,76.6,100.0,4.44,1.87,1.2,0,6.8,71.5,71.8,84,71,18.2,-0.67,3618.0,1,Swimming,59,13.93,134.6,151.1,658.0,6.2,12.1,17.7,18.6,4.4,Evening,3,67,63.5,59.36159197111712,4.138408028882878,4.138408028882878
Wednesday,26,Female,59.9,163.3,Beginner,Walking,1.23,7.63,86.5,100.0,4.44,1.77,1.42,1,5.0,79.1,49.0,64,55,16.6,0.74,2074.0,0,Rest Day,0,0.0,0.0,0.0,0.0,0.0,0.0,0.0,0.0,0.0,,2,46,73.0,65.8339581070577,7.166041892942303,7.166041892942303
Saturday,35,Male,93.9,169.2,Advanced,Weight Training,10.08,4.93,78.2,100.0,2.85,1.2,0.88,0,5.0,116.4,51.5,105,52,16.8,0.75,3457.0,1,Weight Training,59,8.34,138.6,157.1,394.0,13.4,14.4,17.9,10.8,2.5,Evening,1,20,90.4,67.2393566879435,23.160643312056507,23.160643312056507
Wednesday,25,Female,49.9,182.1,Intermediate,Walking,19.44,6.29,75.5,100.0,3.86,1.31,1.13,1,5.0,103.8,76.4,100,72,17.2,1.16,4688.0,0,Rest Day,0,0.0,0.0,0.0,0.0,0.0,0.0,0.0,0.0,0.0,,8,214,98.0,65.5534337556351,32.4465662443649,32.4465662443649
Friday,61,Female,66.4,159.7,Intermediate,Yoga,11.78,7.69,96.2,100.0,4.55,1.75,1.4,0,5.0,33.3,68.2,38,72,13.2,-0.06,3549.0,0,Rest Day,0,0.0,0.0,0.0,0.0,0.0,0.0,0.0,0.0,0.0,,1,6,70.6,67.62127308846267,2.978726911537322,2.978726911537322
Tuesday,60,Male,104.5,177.6,Advanced,Weight Training,8.24,8.53,90.6,100.0,5.31,1.81,1.41,0,5.0,116.3,49.3,107,60,11.9,0.2,3116.0,1,Swimming,42,10.66,124.3,140.3,358.0,2.9,10.1,12.2,12.0,4.7,Morning,9,262,100.0,71.91696194633404,28.08303805366596,28.08303805366596
Saturday,18,Female,66.4,169.5,Advanced,Weight Training,5.52,6.31,82.7,100.0,3.97,1.32,1.02,0,5.0,48.8,69.8,39,72,15.3,-1.02,2679.0,0,Rest Day,0,0.0,0.0,0.0,0.0,0.0,0.0,0.0,0.0,0.0,,9,273,67.4,56.54947073114178,10.850529268858224,10.850529268858224
Monday,61,Male,92.2,174.7,Intermediate,Yoga,13.76,7.06,90.4,100.0,4.31,1.59,1.16,0,5.0,104.7,74.7,102,74,15.6,-0.16,3895.0,1,CrossFit,48,15.07,131.9,147.8,579.0,3.5,9.0,11.2,14.5,9.8,Morning,10,289,65.3,67.67223862693926,-2.3722386269392643,2.3722386269392643
Sunday,32,Male,81.8,168.2,Beginner,Walking,8.48,9.04,86.6,100.0,5.33,1.93,1.78,1,5.0,109.9,40.0,93,46,20.5,-0.28,3073.0,0,Rest Day,0,0.0,0.0,0.0,0.0,0.0,0.0,0.0,0.0,0.0,,10,295,86.5,75.59653483854377,10.903465161456225,10.903465161456225
Thursday,42,Male,89.4,185.8,Intermediate,Yoga,11.92,7.3,74.1,100.0,4.48,1.65,1.17,1,5.0,57.8,50.8,51,57,12.6,-0.2,3936.0,1,Yoga,55,4.44,125.1,142.9,195.0,22.2,21.6,8.8,2.4,0.0,Evening,9,257,100.0,84.35010266194155,15.649897338058452,15.649897338058452
Tuesday,58,Male,77.1,186.3,Intermediate,CrossFit,15.38,7.7,90.8,100.0,4.49,1.82,1.39,0,5.0,44.1,68.8,49,67,15.3,-0.23,4602.0,1,CrossFit,66,13.09,130.5,146.7,691.0,7.8,13.7,19.8,18.8,5.9,Morning,5,136,79.2,71.9639314578422,7.23606854215781,7.23606854215781
Monday,28,Female,86.8,151.2,Intermediate,Running,2.57,7.98,100.0,100.0,4.66,1.94,1.38,0,5.0,84.3,54.7,61,63,16.5,-0.03,1768.0,1,Running,86,7.52,142.0,161.2,518.0,15.6,25.9,27.7,12.0,4.8,Afternoon,4,114,100.0,75.00301444499131,24.996985555008692,24.996985555008692
Monday,54,Female,68.5,166.7,Beginner,Weight Training,10.41,7.9,86.7,100.0,4.75,1.77,1.38,0,5.0,52.4,54.1,52,58,14.6,0.83,3371.0,0,Rest Day,0,0.0,0.0,0.0,0.0,0.0,0.0,0.0,0.0,0.0,,8,219,82.8,70.48388142244855,12.31611857755145,12.31611857755145
Saturday,44,Female,51.1,170.1,Intermediate,Running,6.07,7.83,84.6,100.0,4.54,1.88,1.41,0,5.0,70.6,52.6,68,56,18.6,-0.31,2664.0,0,Rest Day,0,0.0,0.0,0.0,0.0,0.0,0.0,0.0,0.0,0.0,,1,13,56.5,56.344969350608054,0.15503064939194644,0.15503064939194644
Sunday,24,Male,75.0,169.8,Advanced,Swimming,8.22,5.57,81.2,100.0,3.43,1.22,0.92,0,5.0,109.6,59.3,97,63,17.2,-0.71,3055.0,0,Rest Day,0,0.0,0.0,0.0,0.0,0.0,0.0,0.0,0.0,0.0,,3,85,83.8,70.76448647094635,13.035513529053645,13.035513529053645
Friday,59,Female,56.5,170.6,Intermediate,HIIT,12.02,7.37,94.8,100.0,4.43,1.67,1.27,0,5.0,122.8,56.6,117,55,20.0,-0.14,3416.0,0,Rest Day,0,0.0,0.0,0.0,0.0,0.0,0.0,0.0,0.0,0.0,,2,41,54.0,69.59911990672366,-15.599119906723658,15.599119906723658
Saturday,58,Male,77.1,186.3,Intermediate,CrossFit,3.66,7.48,90.2,100.0,4.53,1.74,1.22,0,5.0,59.2,60.8,49,67,15.7,-0.43,2441.0,1,CrossFit,45,17.62,139.3,155.5,634.0,3.4,5.8,12.5,13.9,9.5,Evening,12,343,90.8,77.6174422673739,13.182557732626094,13.182557732626094
Saturday,38,Female,59.7,168.0,Beginner,Swimming,9.69,5.73,66.3,100.0,3.35,1.35,1.03,1,12.9,43.9,52.1,32,52,12.6,0.26,3374.0,0,Rest Day,0,0.0,0.0,0.0,0.0,0.0,0.0,0.0,0.0,0.0,,4,91,56.9,68.62100264515365,-11.721002645153654,11.721002645153654
Saturday,32,Male,65.8,180.0,Advanced,Running,0.99,6.7,80.9,100.0,3.99,1.53,1.18,0,5.0,120.8,45.8,112,57,14.8,-0.04,1987.0,0,Rest Day,0,0.0,0.0,0.0,0.0,0.0,0.0,0.0,0.0,0.0,,3,77,78.8,67.22469147261899,11.575308527381011,11.575308527381011
Tuesday,37,Female,72.1,164.5,Elite,Cycling,17.35,6.6,80.0,100.0,3.99,1.43,1.17,0,5.0,53.6,51.5,92,49,14.4,-0.26,4382.0,1,Cycling,90,10.43,141.7,160.0,751.0,11.9,13.2,27.3,27.3,10.3,Evening,9,262,45.7,57.76746534422634,-12.067465344226335,12.067465344226335
Sunday,62,Male,80.2,182.8,Advanced,Weight Training,10.02,8.55,97.3,100.0,5.1,2.07,1.38,0,5.0,63.1,51.2,61,53,14.6,-0.01,3179.0,0,Rest Day,0,0.0,0.0,0.0,0.0,0.0,0.0,0.0,0.0,0.0,,9,253,81.9,64.88390183792839,17.016098162071614,17.016098162071614
Wednesday,44,Male,76.8,179.1,Advanced,Walking,16.24,6.06,59.0,100.0,3.77,1.27,1.02,0,5.0,71.0,70.7,104,70,15.8,-0.09,4283.0,1,HIIT,27,13.47,142.6,160.2,291.0,3.3,4.7,7.7,7.7,3.6,Afternoon,2,53,49.6,61.66285204069588,-12.06285204069588,12.06285204069588
Sunday,48,Male,73.7,162.4,Beginner,Cycling,7.26,7.73,93.1,100.0,4.71,1.79,1.23,0,5.0,81.5,54.1,88,62,16.6,-0.87,2784.0,1,Cycling,57,11.52,135.4,152.6,525.0,4.2,13.7,16.1,18.9,4.0,Afternoon,8,225,65.9,66.86800595604906,-0.9680059560490548,0.9680059560490548
Wednesday,46,Female,64.1,155.2,Intermediate,CrossFit,8.64,7.35,90.3,100.0,4.19,1.78,1.38,0,5.0,77.5,40.0,76,45,17.0,-0.52,2979.0,0,Rest Day,0,0.0,0.0,0.0,0.0,0.0,0.0,0.0,0.0,0.0,,10,284,91.0,71.66531920936887,19.334680790631126,19.334680790631126
Sunday,50,Male,81.4,178.9,Advanced,HIIT,5.27,7.46,94.5,100.0,4.7,1.6,1.15,0,5.0,73.3,58.6,72,63,17.9,0.36,2538.0,1,HIIT,30,14.8,140.4,157.4,355.0,3.1,5.9,9.4,10.0,1.6,Afternoon,1,8,59.2,63.40808562710059,-4.208085627100587,4.208085627100587
Thursday,28,Male,88.8,181.3,Beginner,Cycling,10.6,6.31,83.4,100.0,3.69,1.37,1.25,0,5.7,113.8,60.4,119,64,18.2,0.41,3615.0,0,Rest Day,0,0.0,0.0,0.0,0.0,0.0,0.0,0.0,0.0,0.0,,1,12,78.7,63.51931552726911,15.180684472730896,15.180684472730896
Tuesday,56,Male,90.9,171.6,Intermediate,Swimming,17.11,8.13,95.5,100.0,4.74,1.85,1.54,0,5.0,81.5,62.9,103,62,18.4,0.05,4499.0,1,Yoga,57,3.49,113.4,129.8,159.0,21.4,25.0,5.8,4.8,0.0,Afternoon,2,38,56.1,67.1584491757368,-11.058449175736804,11.058449175736804
Tuesday,57,Female,71.1,164.9,Advanced,Weight Training,14.47,6.62,63.5,100.0,4.02,1.59,1.01,0,6.5,27.7,75.4,44,72,15.2,0.29,3904.0,1,Yoga,44,4.55,114.8,131.1,160.0,19.7,18.1,5.5,0.7,0.0,Evening,10,276,74.0,57.73604931198276,16.26395068801724,16.26395068801724
Wednesday,59,Male,68.1,173.7,Advanced,Running,12.85,5.31,71.8,100.0,3.05,1.25,1.01,1,5.0,39.8,75.7,52,71,15.8,-0.15,4076.0,1,Running,66,15.8,134.9,151.0,834.0,2.5,8.2,19.1,21.9,14.3,Evening,8,214,65.0,63.355435859470575,1.6445641405294253,1.6445641405294253
Monday,31,Male,67.6,186.3,Intermediate,Weight Training,6.99,6.88,84.3,100.0,3.91,1.65,1.32,0,5.0,33.7,51.7,38,56,16.1,1.12,2923.0,1,Yoga,53,4.1,132.1,151.0,174.0,24.1,21.2,6.3,1.0,0.4,Morning,1,2,76.6,60.08853588162322,16.51146411837677,16.51146411837677
Sunday,64,Female,47.6,163.8,Advanced,HIIT,10.61,7.39,88.9,100.0,4.57,1.6,1.22,0,5.0,54.5,46.7,46,47,16.0,0.22,3511.0,1,HIIT,36,10.77,121.4,137.0,310.0,4.0,5.8,12.8,10.7,2.7,Evening,1,22,63.2,64.61856845533356,-1.4185684553335562,1.4185684553335562
Sunday,55,Male,77.7,186.5,Advanced,Yoga,11.51,7.16,94.0,100.0,4.34,1.48,1.33,0,5.0,43.0,55.4,70,53,15.6,0.88,3512.0,0,Rest Day,0,0.0,0.0,0.0,0.0,0.0,0.0,0.0,0.0,0.0,,1,29,41.9,54.505486920863525,-12.605486920863527,12.605486920863527
Friday,46,Male,79.7,179.0,Elite,Weight Training,8.38,7.12,75.1,100.0,4.31,1.5,1.31,0,5.0,117.4,70.7,110,68,15.9,-0.2,2849.0,1,Walking,52,2.48,118.2,135.6,103.0,24.0,19.9,6.9,0.9,0.5,Morning,4,111,44.1,60.4736796172514,-16.373679617251398,16.373679617251398
Tuesday,28,Female,78.9,166.0,Beginner,Yoga,12.86,8.02,96.5,100.0,4.59,1.88,1.54,0,5.0,100.9,60.3,86,63,16.1,-0.61,3848.0,0,Rest Day,0,0.0,0.0,0.0,0.0,0.0,0.0,0.0,0.0,0.0,,7,206,100.0,76.59562465269936,23.404375347300643,23.404375347300643
Monday,51,Male,70.0,168.4,Intermediate,Swimming,15.28,8.25,85.2,100.0,4.85,1.83,1.57,0,5.0,20.0,66.1,34,63,16.4,-0.73,4147.0,1,Swimming,50,15.69,141.4,158.3,628.0,4.4,8.8,9.8,18.8,8.1,Morning,10,282,62.8,65.5997946383633,-2.799794638363309,2.799794638363309
Thursday,44,Male,77.7,174.1,Intermediate,HIIT,17.89,7.9,86.9,100.0,4.72,1.95,1.23,1,5.0,108.9,49.8,119,55,19.7,0.19,4603.0,0,Rest Day,0,0.0,0.0,0.0,0.0,0.0,0.0,0.0,0.0,0.0,,4,103,100.0,77.8743878647023,22.1256121352977,22.1256121352977
Friday,40,Female,81.1,158.8,Intermediate,Running,8.06,6.96,83.0,100.0,4.19,1.71,1.06,0,5.0,65.3,61.6,49,65,18.4,0.22,3322.0,0,Rest Day,0,0.0,0.0,0.0,0.0,0.0,0.0,0.0,0.0,0.0,,6,160,81.0,67.82824346065327,13.171756539346731,13.171756539346731
Friday,30,Male,67.7,162.3,Intermediate,Walking,8.19,8.08,84.7,100.0,4.87,1.9,1.31,0,5.0,90.3,69.0,82,74,15.3,0.38,2958.0,1,Walking,38,4.32,133.3,152.3,131.0,13.8,15.9,5.0,2.2,1.1,Afternoon,7,195,100.0,70.37610288356625,29.623897116433753,29.623897116433753
Tuesday,61,Female,66.4,159.7,Intermediate,Yoga,11.91,7.23,84.5,100.0,4.35,1.52,1.36,0,6.6,39.7,67.4,38,72,16.3,0.47,3594.0,1,Running,74,14.86,131.5,147.4,880.0,9.8,16.6,19.6,23.2,4.8,Evening,1,31,82.0,69.75518249018326,12.244817509816741,12.244817509816741
Tuesday,35,Female,71.5,162.4,Beginner,Yoga,15.77,6.89,80.5,100.0,4.34,1.49,1.06,0,5.0,60.5,75.5,75,74,16.4,1.41,4446.0,1,Yoga,46,3.52,128.0,146.5,130.0,16.8,16.1,8.6,2.5,2.0,Morning,7,185,54.0,54.87065218920858,-0.8706521892085775,0.8706521892085775
Friday,61,Male,75.6,176.3,Advanced,Cycling,17.81,6.58,68.6,100.0,3.93,1.42,1.23,2,10.3,59.0,57.6,69,52,17.5,0.26,4667.0,1,CrossFit,62,13.89,129.6,145.5,689.0,3.3,14.1,16.2,21.9,6.4,Evening,10,286,84.6,63.63912402487934,20.960875975120658,20.960875975120658
Monday,22,Female,57.3,152.4,Beginner,HIIT,6.12,9.06,87.6,100.0,5.63,1.84,1.6,0,5.0,70.7,49.5,65,51,18.5,-0.12,2732.0,0,Rest Day,0,0.0,0.0,0.0,0.0,0.0,0.0,0.0,0.0,0.0,,1,16,58.8,56.48592149784301,2.3140785021569883,2.3140785021569883
Thursday,47,Female,38.1,179.1,Elite,HIIT,11.76,7.97,78.7,100.0,5.0,1.67,1.3,0,5.0,112.7,70.6,97,73,14.8,-0.38,3472.0,1,HIIT,44,15.35,144.1,161.4,540.0,1.9,5.7,9.9,15.0,11.5,Morning,10,299,76.6,85.07043848210321,-8.47043848210322,8.47043848210322
Thursday,51,Male,83.5,181.8,Intermediate,Swimming,11.27,8.54,89.6,100.0,5.15,2.1,1.29,0,5.0,67.9,71.2,70,72,18.2,-0.56,3615.0,1,HIIT,27,15.03,140.1,157.0,325.0,0.3,3.4,7.1,10.7,5.4,Morning,3,75,53.6,70.3582290049932,-16.758229004993204,16.758229004993204
Monday,28,Female,78.9,166.0,Beginner,Yoga,18.11,7.88,92.0,100.0,4.86,1.7,1.32,0,5.0,73.8,70.2,86,63,17.0,0.09,4543.0,1,Yoga,58,4.87,135.9,155.1,226.0,23.0,22.8,6.0,3.6,2.6,Morning,12,338,74.9,61.5698444778669,13.330155522133104,13.330155522133104
Monday,58,Male,77.1,186.3,Intermediate,CrossFit,16.57,7.61,85.9,100.0,4.44,1.88,1.29,0,5.0,46.7,72.4,49,67,14.3,-0.34,3892.0,1,CrossFit,64,18.96,141.9,158.1,971.0,1.8,12.2,16.6,22.2,11.1,Evening,6,177,100.0,68.83596916545206,31.164030834547944,31.164030834547944
Saturday,36,Male,75.2,169.2,Advanced,CrossFit,9.48,7.09,90.0,100.0,4.38,1.51,1.2,0,5.0,102.8,57.3,87,60,15.8,-0.23,2955.0,0,Rest Day,0,0.0,0.0,0.0,0.0,0.0,0.0,0.0,0.0,0.0,,3,84,53.0,65.94386369947011,-12.943863699470114,12.943863699470114
Monday,31,Male,77.2,181.7,Advanced,Weight Training,13.4,8.1,89.0,100.0,4.79,1.9,1.41,0,5.0,59.7,51.3,64,53,15.1,-0.1,3606.0,1,Weight Training,55,9.78,144.9,163.8,430.0,12.6,14.9,15.2,9.8,2.4,Evening,2,58,70.2,64.28002737178886,5.919972628211141,5.919972628211141
Friday,28,Male,88.8,181.3,Beginner,Cycling,10.35,7.03,72.3,100.0,3.91,1.74,1.38,0,6.3,100.0,59.5,119,64,16.5,-0.32,3453.0,0,Rest Day,0,0.0,0.0,0.0,0.0,0.0,0.0,0.0,0.0,0.0,,1,5,65.7,59.996948881206535,5.703051118793468,5.703051118793468
Saturday,52,Male,72.6,178.9,Elite,CrossFit,8.85,8.0,92.5,100.0,4.95,1.63,1.42,1,5.0,99.7,55.1,102,56,16.3,-0.41,2976.0,0,Rest Day,0,0.0,0.0,0.0,0.0,0.0,0.0,0.0,0.0,0.0,,1,6,42.6,54.97919940573863,-12.379199405738632,12.379199405738632
Wednesday,62,Female,64.5,167.9,Intermediate,Walking,13.43,6.79,69.3,100.0,3.87,1.59,1.34,1,11.3,91.6,50.6,114,50,16.1,0.3,3553.0,1,Cycling,116,11.54,124.4,140.2,1071.0,12.5,19.9,35.3,33.3,15.0,Evening,6,179,57.6,57.674580520030055,-0.07458052003005378,0.07458052003005378
Wednesday,28,Female,65.6,164.9,Elite,HIIT,5.97,6.78,69.7,100.0,3.95,1.66,1.17,0,5.0,58.8,46.7,45,51,13.4,0.41,2704.0,1,Yoga,43,4.69,135.5,154.7,161.0,18.2,15.8,7.7,1.3,0.0,Evening,10,291,68.2,60.73653555546373,7.463464444536271,7.463464444536271
Tuesday,58,Male,93.7,181.0,Beginner,Cycling,6.66,7.51,95.2,100.0,4.46,1.78,1.27,0,5.0,46.1,49.9,36,52,12.7,0.79,2743.0,0,Rest Day,0,0.0,0.0,0.0,0.0,0.0,0.0,0.0,0.0,0.0,,5,122,76.9,70.11086090209167,6.789139097908333,6.789139097908333
Sunday,55,Female,70.8,175.0,Advanced,Weight Training,6.15,8.04,84.7,100.0,5.02,1.73,1.29,1,5.0,58.2,67.4,37,72,15.5,-0.29,2549.0,1,Yoga,41,3.75,114.6,131.1,123.0,16.2,16.9,5.0,3.0,0.0,Afternoon,2,50,59.0,69.11213736502,-10.112137365020004,10.112137365020004
Tuesday,29,Male,83.7,183.6,Intermediate,Yoga,18.42,6.58,72.0,100.0,4.18,1.38,1.02,0,5.0,43.6,76.3,56,72,17.0,-0.65,4674.0,0,Rest Day,0,0.0,0.0,0.0,0.0,0.0,0.0,0.0,0.0,0.0,,5,129,75.8,60.17269057279924,15.627309427200757,15.627309427200757
Friday,23,Female,63.5,158.6,Intermediate,HIIT,6.11,8.53,86.8,100.0,5.11,1.97,1.46,0,5.0,30.0,54.2,38,61,15.4,0.07,2718.0,1,HIIT,31,14.02,160.9,180.6,348.0,4.5,5.5,8.4,10.7,1.9,Evening,8,216,52.8,64.81176527729026,-12.011765277290266,12.011765277290266
Thursday,57,Male,72.4,173.8,Intermediate,Walking,15.11,5.8,72.1,100.0,3.46,1.25,1.09,0,5.0,86.1,70.9,105,70,16.9,-0.05,4057.0,1,Cycling,93,12.04,129.3,145.6,895.0,10.1,14.7,30.2,24.8,13.3,Evening,8,215,63.5,62.80452708055048,0.6954729194495215,0.6954729194495215
Thursday,50,Female,69.2,171.7,Intermediate,Weight Training,20.9,8.5,90.1,100.0,5.13,1.97,1.4,1,5.0,78.3,53.3,80,55,12.1,-0.06,4792.0,1,Weight Training,56,9.23,129.2,146.2,413.0,12.5,15.4,16.1,7.9,4.1,Morning,11,306,95.8,75.3458304132127,20.4541695867873,20.4541695867873
Friday,31,Male,69.3,181.5,Beginner,CrossFit,11.41,5.69,55.9,100.0,3.53,1.23,0.93,1,5.0,56.9,63.3,70,63,17.2,-0.24,3587.0,0,Rest Day,0,0.0,0.0,0.0,0.0,0.0,0.0,0.0,0.0,0.0,,9,258,43.3,54.80323354856784,-11.503233548567842,11.503233548567842
Friday,56,Female,63.2,152.8,Advanced,Cycling,7.31,8.22,91.8,100.0,5.1,1.69,1.43,0,5.0,111.9,46.8,104,46,13.6,-0.31,3300.0,0,Rest Day,0,0.0,0.0,0.0,0.0,0.0,0.0,0.0,0.0,0.0,,7,209,60.4,62.1151137844224,-1.7151137844223996,1.7151137844223996
Thursday,31,Male,67.6,186.3,Intermediate,Weight Training,13.31,6.87,98.3,100.0,4.04,1.68,1.15,1,5.0,33.1,54.3,38,56,17.6,0.41,3538.0,1,Weight Training,49,10.27,146.0,164.9,403.0,5.2,10.7,15.3,14.9,2.9,Morning,12,362,57.8,57.769603517544404,0.030396482455593343,0.030396482455593343
Tuesday,62,Male,80.2,182.8,Advanced,Weight Training,8.1,8.01,97.5,100.0,4.61,1.88,1.52,0,5.0,47.3,51.0,61,53,19.8,-0.23,3151.0,1,Weight Training,54,7.55,116.9,132.7,331.0,10.9,16.1,18.9,8.2,0.7,Evening,9,262,49.0,57.00870254844618,-8.00870254844618,8.00870254844618
Monday,51,Female,65.7,155.6,Advanced,Yoga,14.71,7.88,94.0,100.0,4.53,1.89,1.45,0,5.0,76.0,43.2,92,45,17.9,0.28,4091.0,1,Yoga,32,4.66,119.2,136.1,119.0,12.3,13.0,4.7,0.9,1.1,Morning,8,219,53.8,65.08096737049961,-11.28096737049961,11.28096737049961
Tuesday,51,Male,83.5,185.3,Elite,CrossFit,6.95,8.63,91.6,100.0,5.11,2.07,1.45,0,5.0,63.9,57.4,45,61,18.1,-0.13,2903.0,1,CrossFit,49,15.56,141.2,158.1,610.0,4.4,5.1,13.1,15.5,10.9,Morning,2,45,91.2,74.58384365936453,16.61615634063547,16.61615634063547
Saturday,56,Female,83.0,169.4,Beginner,Running,7.41,7.89,86.3,100.0,4.88,1.65,1.36,2,5.0,44.4,49.6,44,49,14.2,0.55,3278.0,0,Rest Day,0,0.0,0.0,0.0,0.0,0.0,0.0,0.0,0.0,0.0,,10,280,70.9,57.21848861360577,13.681511386394234,13.681511386394234
Monday,46,Male,73.5,182.3,Intermediate,HIIT,9.35,7.51,79.2,100.0,4.39,1.81,1.31,0,5.0,57.3,53.8,46,55,13.0,-0.61,2899.0,0,Rest Day,0,0.0,0.0,0.0,0.0,0.0,0.0,0.0,0.0,0.0,,1,23,72.8,66.98302615741659,5.816973842583408,5.816973842583408
Friday,33,Female,54.7,169.8,Beginner,CrossFit,9.85,6.41,69.6,100.0,3.84,1.37,1.19,0,5.0,76.6,45.0,87,50,19.2,-0.13,3327.0,0,Rest Day,0,0.0,0.0,0.0,0.0,0.0,0.0,0.0,0.0,0.0,,11,328,49.6,62.512351911293166,-12.912351911293165,12.912351911293165
Friday,50,Male,81.4,178.9,Advanced,HIIT,8.0,8.08,86.6,100.0,4.63,1.94,1.51,0,5.0,75.8,59.5,72,63,14.0,0.67,3202.0,0,Rest Day,0,0.0,0.0,0.0,0.0,0.0,0.0,0.0,0.0,0.0,,3,62,53.7,63.15712134250222,-9.45712134250222,9.45712134250222
Tuesday,63,Female,49.6,165.6,Advanced,Yoga,11.67,7.28,83.1,100.0,4.47,1.54,1.27,0,5.0,38.9,56.3,39,60,17.3,-0.46,3555.0,1,Yoga,52,2.86,107.4,123.1,119.0,21.0,19.7,7.8,3.4,0.0,Evening,7,199,85.0,69.4576647298123,15.542335270187706,15.542335270187706
Friday,55,Male,73.4,182.4,Beginner,Swimming,2.52,7.13,88.0,100.0,4.2,1.57,1.36,0,5.0,95.6,69.2,84,71,15.9,0.21,2472.0,0,Rest Day,0,0.0,0.0,0.0,0.0,0.0,0.0,0.0,0.0,0.0,,9,244,40.9,53.274225691901194,-12.374225691901195,12.374225691901195
Wednesday,47,Male,73.1,178.7,Intermediate,HIIT,15.72,6.74,87.6,100.0,4.27,1.36,1.11,0,5.0,20.0,61.9,30,62,14.1,-0.86,4287.0,1,HIIT,31,14.79,142.9,160.2,367.0,1.8,6.6,10.7,9.8,2.0,Morning,1,25,63.7,68.67638526110244,-4.976385261102436,4.976385261102436
Saturday,59,Male,82.7,181.0,Advanced,Cycling,8.47,8.54,84.1,100.0,5.07,2.02,1.44,0,5.0,102.8,67.1,101,74,11.8,-0.55,2962.0,1,Walking,39,3.49,111.3,127.4,109.0,17.3,14.0,7.3,0.4,0.0,Evening,4,105,100.0,74.60990501343707,25.39009498656293,25.39009498656293
Sunday,27,Male,83.9,166.5,Elite,CrossFit,8.19,8.04,91.0,100.0,5.09,1.73,1.23,0,5.0,103.4,58.9,89,64,16.2,-0.43,3103.0,1,Running,80,11.28,151.4,170.7,722.0,6.2,20.1,23.4,24.1,6.3,Morning,10,295,78.5,73.85654627396221,4.643453726037791,4.643453726037791
Sunday,50,Female,58.9,153.9,Intermediate,Running,10.21,8.34,95.8,100.0,4.95,1.88,1.51,0,5.0,101.6,53.1,96,53,16.3,0.07,3378.0,0,Rest Day,0,0.0,0.0,0.0,0.0,0.0,0.0,0.0,0.0,0.0,,2,57,42.3,62.72423274080026,-20.424232740800264,20.424232740800264
Thursday,44,Female,62.0,165.3,Intermediate,CrossFit,10.79,6.2,54.4,100.0,3.78,1.31,1.1,1,5.0,68.3,51.1,56,52,12.8,0.78,3149.0,0,Rest Day,0,0.0,0.0,0.0,0.0,0.0,0.0,0.0,0.0,0.0,,4,96,71.8,63.482418496074075,8.317581503925922,8.317581503925922
Thursday,32,Male,103.8,183.1,Advanced,Running,10.86,6.84,77.0,100.0,4.11,1.37,1.35,1,5.0,60.0,67.0,46,72,20.0,0.14,3115.0,1,Cycling,106,10.74,146.2,165.0,911.0,9.1,23.8,30.2,31.3,11.5,Morning,6,152,94.1,76.75381293591207,17.34618706408793,17.34618706408793
Friday,40,Female,81.1,158.8,Intermediate,Running,12.52,6.5,82.4,100.0,3.95,1.54,1.02,0,5.0,29.9,66.8,49,65,16.0,-0.34,3756.0,0,Rest Day,0,0.0,0.0,0.0,0.0,0.0,0.0,0.0,0.0,0.0,,1,27,46.9,60.61359071727686,-13.713590717276858,13.713590717276858
Friday,41,Male,75.1,170.1,Intermediate,Swimming,4.28,6.48,77.5,100.0,3.6,1.61,1.27,0,5.0,119.8,59.6,112,61,15.7,-0.92,2178.0,0,Rest Day,0,0.0,0.0,0.0,0.0,0.0,0.0,0.0,0.0,0.0,,6,153,65.1,61.65800546364076,3.441994536359232,3.441994536359232
Thursday,50,Male,102.4,173.8,Intermediate,Running,15.65,7.05,88.6,100.0,4.31,1.48,1.26,0,5.0,92.5,62.0,76,61,16.5,0.32,4342.0,1,Swimming,42,12.58,136.0,153.0,423.0,4.0,9.9,11.6,12.6,4.0,Evening,10,292,100.0,73.15040501681788,26.849594983182115,26.849594983182115
Thursday,38,Female,53.6,163.7,Advanced,Cycling,3.99,7.52,60.4,100.0,4.49,1.8,1.23,2,5.0,61.2,45.4,37,50,14.0,0.06,2192.0,1,CrossFit,56,11.08,142.3,160.5,496.0,5.7,11.3,16.2,18.5,4.2,Afternoon,6,173,69.8,61.57355135935826,8.226448640641735,8.226448640641735
Sunday,59,Male,68.1,173.7,Advanced,Running,8.64,6.92,80.1,100.0,4.17,1.45,1.3,0,5.0,50.2,67.5,52,71,16.3,-0.67,2998.0,1,Running,40,17.4,138.0,154.1,557.0,1.3,5.9,9.1,15.9,7.8,Morning,9,246,62.0,64.28767372428744,-2.287673724287444,2.287673724287444
Friday,63,Female,72.4,169.0,Advanced,Running,19.43,7.37,70.4,100.0,4.53,1.55,1.29,2,5.0,79.2,58.6,99,54,16.3,-0.66,4680.0,1,Running,49,16.81,133.5,149.2,659.0,0.3,8.6,13.7,18.4,8.0,Morning,3,76,67.0,67.42920518154719,-0.42920518154718934,0.42920518154718934
Sunday,35,Male,73.1,181.5,Intermediate,Walking,4.48,6.06,77.4,100.0,3.76,1.36,0.93,2,7.8,113.7,61.7,110,71,15.6,0.07,2685.0,0,Rest Day,0,0.0,0.0,0.0,0.0,0.0,0.0,0.0,0.0,0.0,,2,57,52.5,57.71819044923985,-5.218190449239849,5.218190449239849
Wednesday,35,Male,93.9,169.2,Advanced,Weight Training,16.7,4.22,77.0,100.0,2.4,1.04,0.79,0,6.4,82.4,50.5,105,52,15.0,-0.4,4607.0,1,Weight Training,57,14.04,151.2,169.7,640.0,7.6,12.7,16.5,13.7,6.6,Morning,5,137,63.5,69.48485372491342,-5.984853724913421,5.984853724913421
Monday,47,Male,73.1,178.7,Intermediate,HIIT,8.21,9.21,88.8,100.0,5.68,2.07,1.46,0,5.0,32.3,61.3,30,62,14.9,0.39,2730.0,1,CrossFit,50,12.18,137.5,154.8,487.0,3.9,9.3,14.5,17.7,4.5,Evening,4,100,54.5,59.57001829152614,-5.070018291526139,5.070018291526139
Sunday,44,Female,51.1,170.1,Intermediate,Running,8.32,9.0,93.3,100.0,5.08,2.13,1.79,0,5.0,82.1,53.7,68,56,16.6,-0.94,2992.0,1,Running,76,11.15,137.8,155.4,678.0,10.6,11.6,20.8,23.2,9.8,Morning,12,358,55.1,60.255673919098626,-5.155673919098625,5.155673919098625
Tuesday,28,Female,65.6,164.9,Elite,HIIT,5.87,8.25,86.2,100.0,4.67,2.0,1.57,1,5.0,57.5,48.2,45,51,14.5,-0.76,2848.0,1,Cycling,87,14.25,157.4,176.6,992.0,7.9,16.9,27.3,28.7,6.3,Evening,1,31,67.4,67.80565691625388,-0.405656916253875,0.405656916253875
Friday,48,Female,73.0,169.2,Intermediate,CrossFit,12.83,7.52,86.6,100.0,4.2,1.81,1.5,0,5.0,36.2,53.0,56,57,8.8,0.65,4012.0,1,Walking,57,4.26,120.5,137.7,194.0,23.1,20.0,10.3,3.0,0.6,Morning,1,20,54.6,74.7240221523544,-20.124022152354392,20.124022152354392
Sunday,45,Female,46.2,161.2,Advanced,HIIT,5.76,4.97,72.7,100.0,2.93,1.16,0.88,1,7.0,72.4,63.0,54,68,17.3,-0.87,3144.0,0,Rest Day,0,0.0,0.0,0.0,0.0,0.0,0.0,0.0,0.0,0.0,,12,344,73.3,77.2631633386598,-3.963163338659797,3.963163338659797
Monday,29,Male,75.4,178.8,Elite,Running,10.43,7.64,78.0,100.0,4.48,1.75,1.41,0,5.0,62.7,57.3,73,58,16.8,-0.55,3692.0,1,Running,83,15.49,159.4,178.5,1028.0,4.1,10.5,19.7,29.4,19.2,Afternoon,9,261,56.6,61.12815936285692,-4.528159362856918,4.528159362856918
Saturday,38,Male,96.3,177.6,Beginner,Weight Training,6.43,6.86,75.5,100.0,4.1,1.45,1.31,1,5.0,94.1,47.3,77,52,15.7,-0.15,3020.0,0,Rest Day,0,0.0,0.0,0.0,0.0,0.0,0.0,0.0,0.0,0.0,,11,329,91.3,80.53976741699876,10.76023258300124,10.76023258300124
Monday,42,Male,72.4,185.0,Intermediate,HIIT,7.8,5.36,65.9,100.0,3.06,1.26,1.04,0,6.0,34.6,64.3,30,67,15.0,0.14,2885.0,0,Rest Day,0,0.0,0.0,0.0,0.0,0.0,0.0,0.0,0.0,0.0,,1,30,66.5,69.69736362284543,-3.1973636228454296,3.1973636228454296
Tuesday,28,Male,70.7,168.7,Advanced,HIIT,8.72,6.69,85.4,100.0,4.08,1.44,1.18,0,5.0,34.5,51.5,36,57,14.7,0.1,3365.0,1,Swimming,41,8.85,145.0,164.2,290.0,8.4,11.9,12.6,7.4,0.8,Morning,10,290,59.4,72.00834603695523,-12.608346036955233,12.608346036955233
Friday,60,Female,72.7,169.5,Intermediate,Cycling,7.35,6.39,90.3,100.0,3.65,1.49,1.24,0,5.0,38.3,63.1,45,66,17.7,0.37,2874.0,1,Cycling,48,12.56,127.9,143.9,482.0,6.5,12.1,12.5,12.6,4.3,Afternoon,6,167,51.7,59.27189153166663,-7.57189153166663,7.57189153166663
Monday,44,Female,51.1,170.1,Intermediate,Running,9.59,7.53,84.1,100.0,4.39,1.87,1.26,1,5.0,66.5,49.1,68,56,13.0,0.76,3443.0,0,Rest Day,0,0.0,0.0,0.0,0.0,0.0,0.0,0.0,0.0,0.0,,1,2,56.4,69.17022944320361,-12.770229443203611,12.770229443203611
Wednesday,35,Male,93.9,169.2,Advanced,Weight Training,19.55,5.32,77.1,100.0,3.12,1.22,0.99,0,5.0,84.5,60.3,105,52,17.0,0.82,4662.0,1,CrossFit,48,17.84,159.5,178.0,685.0,2.7,5.3,15.0,16.0,9.0,Evening,8,221,52.2,66.47547979151213,-14.275479791512126,14.275479791512126
Wednesday,43,Male,82.2,187.5,Advanced,Swimming,18.31,6.09,79.9,100.0,3.6,1.33,1.16,0,5.3,38.8,61.7,65,55,16.0,0.16,4512.0,1,Swimming,34,9.85,135.8,153.5,269.0,5.7,10.0,11.2,5.7,1.6,Evening,1,18,45.5,55.61857050056805,-10.118570500568048,10.118570500568048
Friday,51,Female,75.5,162.3,Advanced,Swimming,11.4,7.88,72.7,100.0,4.94,1.69,1.25,0,5.0,112.5,47.0,94,55,13.9,0.4,3580.0,1,Swimming,30,16.05,142.1,159.0,385.0,1.0,3.9,8.2,10.0,6.9,Afternoon,5,125,79.8,82.8312697630696,-3.031269763069602,3.031269763069602
Saturday,37,Male,78.7,176.1,Intermediate,Yoga,6.45,6.81,50.0,100.0,4.32,1.41,1.08,1,5.0,56.8,54.8,47,62,17.3,0.03,2904.0,0,Rest Day,0,0.0,0.0,0.0,0.0,0.0,0.0,0.0,0.0,0.0,,11,322,62.3,74.7652496941643,-12.4652496941643,12.4652496941643
Wednesday,51,Male,87.8,175.3,Advanced,Weight Training,9.76,7.44,75.5,100.0,4.42,1.53,1.48,1,5.7,123.8,70.4,113,67,13.9,0.65,2827.0,1,Weight Training,41,11.87,133.7,150.6,393.0,3.8,7.1,12.3,15.0,3.2,Afternoon,4,109,39.0,59.957230052859884,-20.957230052859884,20.957230052859884
Thursday,23,Male,77.7,174.1,Beginner,Walking,1.44,7.47,80.3,100.0,4.52,1.79,1.15,1,5.7,82.1,46.4,78,55,18.4,-0.15,2112.0,0,Rest Day,0,0.0,0.0,0.0,0.0,0.0,0.0,0.0,0.0,0.0,,8,222,22.8,72.48039573930164,-49.680395739301645,49.680395739301645
Monday,60,Male,104.5,177.6,Advanced,Weight Training,5.64,7.31,93.2,100.0,4.18,1.73,1.4,0,5.0,132.8,54.6,107,60,15.9,-0.45,2502.0,1,Weight Training,45,9.35,121.8,137.8,337.0,9.7,13.5,11.3,7.0,3.5,Afternoon,11,310,100.0,80.0301081784685,19.969891821531505,19.969891821531505
Tuesday,23,Female,56.4,171.0,Advanced,Cycling,4.68,7.73,92.7,100.0,4.65,1.79,1.29,0,5.0,75.8,63.3,64,65,17.7,0.36,2487.0,1,Cycling,46,12.2,156.7,176.4,449.0,5.5,10.2,12.9,13.2,4.2,Morning,10,304,54.0,49.77464988594067,4.2253501140593315,4.2253501140593315
Sunday,40,Male,85.2,181.0,Advanced,Walking,11.05,7.1,59.8,100.0,4.39,1.64,1.07,1,5.0,95.4,68.6,88,68,16.2,-0.31,3579.0,0,Rest Day,0,0.0,0.0,0.0,0.0,0.0,0.0,0.0,0.0,0.0,,3,78,60.1,67.52033519310926,-7.42033519310926,7.42033519310926
Monday,51,Female,75.5,162.3,Advanced,Swimming,3.95,8.22,80.9,100.0,5.03,1.78,1.4,1,5.0,93.2,49.1,94,55,16.2,0.03,2374.0,1,Swimming,54,8.66,127.3,144.2,374.0,10.8,16.5,15.4,9.2,2.2,Evening,10,282,53.8,62.02547007758428,-8.225470077584284,8.225470077584284
Thursday,20,Female,68.6,163.8,Intermediate,Running,18.18,6.8,84.0,100.0,4.14,1.38,1.28,0,5.0,45.1,56.2,74,56,19.8,0.24,4723.0,0,Rest Day,0,0.0,0.0,0.0,0.0,0.0,0.0,0.0,0.0,0.0,,2,47,83.0,60.17254871298908,22.827451287010923,22.827451287010923
Wednesday,58,Male,73.6,180.0,Intermediate,Swimming,11.21,8.13,100.0,100.0,4.78,1.74,1.62,0,5.0,88.9,45.6,103,46,18.4,-0.2,3656.0,1,Yoga,41,4.22,113.4,129.6,140.0,17.7,17.8,4.9,0.7,0.3,Evening,1,18,39.9,61.51311046635948,-21.61311046635948,21.61311046635948
Wednesday,58,Female,59.9,158.0,Beginner,HIIT,16.96,7.56,87.5,100.0,4.25,1.85,1.46,1,5.0,41.4,54.9,64,49,17.7,-0.04,4681.0,0,Rest Day,0,0.0,0.0,0.0,0.0,0.0,0.0,0.0,0.0,0.0,,4,116,47.4,53.13021110857758,-5.730211108577585,5.730211108577585
Monday,24,Male,69.8,177.0,Advanced,Yoga,10.53,7.93,96.0,100.0,4.38,1.98,1.57,0,5.0,72.4,43.6,70,47,14.4,0.35,3647.0,1,Yoga,36,3.85,136.4,156.0,111.0,14.7,14.3,4.7,2.3,0.0,Morning,8,240,55.3,71.34387378312542,-16.04387378312542,16.04387378312542
Monday,60,Male,88.3,180.4,Intermediate,HIIT,4.84,6.01,75.3,100.0,3.58,1.39,1.04,0,20.3,105.6,46.6,91,52,14.4,-0.14,2943.0,1,Weight Training,46,10.2,123.4,139.4,376.0,5.3,10.2,13.0,15.1,2.5,Morning,1,23,57.2,70.79475283628673,-13.59475283628673,13.59475283628673
Saturday,60,Female,56.4,155.1,Elite,HIIT,8.05,7.86,94.2,100.0,4.55,1.75,1.56,0,5.0,58.2,43.3,57,45,15.3,-0.42,2976.0,0,Rest Day,0,0.0,0.0,0.0,0.0,0.0,0.0,0.0,0.0,0.0,,1,7,65.8,68.20700480794243,-2.407004807942428,2.407004807942428
Wednesday,31,Female,77.4,158.2,Intermediate,Weight Training,10.97,6.94,64.3,100.0,4.14,1.57,1.23,2,5.0,84.4,43.5,80,45,15.4,-0.81,3361.0,0,Rest Day,0,0.0,0.0,0.0,0.0,0.0,0.0,0.0,0.0,0.0,,9,270,48.1,63.76352901006155,-15.663529010061552,15.663529010061552
Sunday,53,Male,89.0,181.2,Advanced,CrossFit,11.28,8.07,83.0,100.0,4.77,1.94,1.36,1,5.0,101.9,65.2,115,63,12.8,-0.16,3554.0,0,Rest Day,0,0.0,0.0,0.0,0.0,0.0,0.0,0.0,0.0,0.0,,1,29,57.7,60.52409956207443,-2.82409956207443,2.82409956207443
