Actual,Predicted,Residual,Absolute_Error
69.0,70.27197100769143,-1.271971007691434,1.271971007691434
81.6,68.84642281597081,12.753577184029183,12.753577184029183
63.1,76.48854075332542,-13.388540753325422,13.388540753325422
89.3,83.4291494529923,5.8708505470076915,5.8708505470076915
49.6,51.72420266493549,-2.1242026649354884,2.1242026649354884
44.5,42.23001296622755,2.269987033772452,2.269987033772452
63.5,66.92571151389666,-3.4257115138966583,3.4257115138966583
74.6,84.67452981018434,-10.074529810184345,10.074529810184345
54.6,58.533002829378944,-3.9330028293789425,3.9330028293789425
84.3,62.62567298953243,21.674327010467564,21.674327010467564
98.1,73.63719411346239,24.46280588653761,24.46280588653761
64.8,67.94233718993337,-3.1423371899333716,3.1423371899333716
45.4,59.41921663086276,-14.019216630862765,14.019216630862765
48.0,73.98989376946554,-25.98989376946554,25.98989376946554
58.3,62.213414955006726,-3.913414955006729,3.913414955006729
26.4,64.98024696440342,-38.58024696440342,38.58024696440342
66.9,75.00308696751998,-8.103086967519971,8.103086967519971
52.9,54.86144939154789,-1.9614493915478945,1.9614493915478945
64.5,70.87673035062467,-6.376730350624669,6.376730350624669
46.6,45.32311895822659,1.2768810417734144,1.2768810417734144
66.5,62.90920796912093,3.590792030879072,3.590792030879072
41.3,47.06537813678011,-5.7653781367801145,5.7653781367801145
40.5,75.49922923562542,-34.99922923562542,34.99922923562542
90.8,83.12029162928121,7.679708370718785,7.679708370718785
74.2,80.22916035747835,-6.0291603574783466,6.0291603574783466
99.4,78.42278837680908,20.977211623190925,20.977211623190925
68.1,85.5231279843099,-17.4231279843099,17.4231279843099
40.0,49.33303426944087,-9.333034269440873,9.333034269440873
58.4,59.44787458874123,-1.0478745887412302,1.0478745887412302
63.6,66.58094374324321,-2.980943743243209,2.980943743243209
75.1,68.22673410083229,6.873265899167706,6.873265899167706
72.8,65.84054745127327,6.9594525487267305,6.9594525487267305
46.4,65.79065817581971,-19.390658175819716,19.390658175819716
50.9,57.32926901713415,-6.429269017134153,6.429269017134153
66.0,56.75645582263326,9.243544177366743,9.243544177366743
63.0,76.03011645744482,-13.03011645744482,13.03011645744482
80.2,79.98752148808506,0.21247851191493794,0.21247851191493794
75.2,61.445183343642036,13.754816656357967,13.754816656357967
63.5,77.93422433492867,-14.434224334928672,14.434224334928672
37.0,30.79566644322435,6.2043335567756515,6.2043335567756515
54.7,61.38684248243055,-6.686842482430549,6.686842482430549
67.9,58.231497434774326,9.66850256522568,9.66850256522568
84.8,77.67443103181027,7.125568968189725,7.125568968189725
73.1,55.510961935091814,17.58903806490818,17.58903806490818
99.1,93.64765798836731,5.45234201163268,5.45234201163268
72.2,64.07811384807377,8.121886151926233,8.121886151926233
93.9,72.74331523474427,21.156684765255733,21.156684765255733
68.8,58.002653037994946,10.79734696200505,10.79734696200505
61.8,63.70144191881296,-1.9014419188129636,1.9014419188129636
39.5,65.00038511758652,-25.500385117586518,25.500385117586518
53.9,51.9868130796105,1.9131869203894993,1.9131869203894993
55.7,64.25630810423075,-8.556308104230752,8.556308104230752
46.8,44.50594255778765,2.294057442212349,2.294057442212349
94.1,81.97286665130932,12.127133348690677,12.127133348690677
56.2,66.3565320045268,-10.156532004526795,10.156532004526795
75.3,63.17008136886341,12.12991863113659,12.12991863113659
83.9,86.54971239366796,-2.6497123936679543,2.6497123936679543
65.3,58.50023189493686,6.799768105063137,6.799768105063137
71.5,68.43437276049059,3.0656272395094106,3.0656272395094106
73.5,53.60976499085632,19.89023500914368,19.89023500914368
40.5,53.7322019197224,-13.2322019197224,13.2322019197224
28.7,50.828782725962526,-22.128782725962527,22.128782725962527
35.3,44.204680302501174,-8.904680302501177,8.904680302501177
82.2,84.05136429487527,-1.8513642948752675,1.8513642948752675
39.3,53.03242863297942,-13.73242863297942,13.73242863297942
83.8,82.2133243651624,1.58667563483759,1.58667563483759
67.4,62.44430703975985,4.955692960240157,4.955692960240157
33.2,39.35282057271002,-6.15282057271002,6.15282057271002
49.5,63.784463186361904,-14.284463186361904,14.284463186361904
47.1,43.24060269473679,3.859397305263208,3.859397305263208
71.0,54.95624331638521,16.043756683614788,16.043756683614788
75.5,75.7377725545681,-0.23777255456809598,0.23777255456809598
74.1,77.57078553635449,-3.470785536354498,3.470785536354498
82.5,56.59878210508043,25.90121789491957,25.90121789491957
84.1,72.78053139317711,11.31946860682288,11.31946860682288
38.5,69.20376650693282,-30.703766506932823,30.703766506932823
87.6,85.19570329609974,2.4042967039002576,2.4042967039002576
48.8,74.95996131504512,-26.159961315045123,26.159961315045123
78.2,70.5423744210679,7.657625578932098,7.657625578932098
74.9,74.18729752403846,0.7127024759615495,0.7127024759615495
42.9,49.806678955575705,-6.906678955575707,6.906678955575707
66.7,76.36545098333369,-9.665450983333685,9.665450983333685
86.5,84.91279022046973,1.5872097795302693,1.5872097795302693
74.9,69.61189072529962,5.288109274700389,5.288109274700389
68.6,69.11814371011792,-0.5181437101179256,0.5181437101179256
45.8,51.72084917736686,-5.920849177366861,5.920849177366861
59.7,63.31558357488518,-3.6155835748851786,3.6155835748851786
63.8,52.179865450588295,11.620134549411702,11.620134549411702
38.3,53.14550484666455,-14.845504846664554,14.845504846664554
54.1,74.1820216662594,-20.0820216662594,20.0820216662594
41.2,64.96863607494265,-23.76863607494265,23.76863607494265
62.4,79.39094108290169,-16.990941082901692,16.990941082901692
44.6,60.858194237110126,-16.258194237110125,16.258194237110125
44.8,51.20988588097771,-6.409885880977711,6.409885880977711
38.4,58.71159975319398,-20.31159975319398,20.31159975319398
76.2,73.68571257124302,2.5142874287569867,2.5142874287569867
61.0,78.63653771230861,-17.63653771230861,17.63653771230861
71.5,82.17451963363021,-10.674519633630212,10.674519633630212
86.2,69.22864017899249,16.97135982100751,16.97135982100751
65.1,76.01299748974233,-10.912997489742338,10.912997489742338
79.6,65.80329128588323,13.796708714116761,13.796708714116761
83.6,78.86093400176549,4.7390659982345085,4.7390659982345085
58.2,77.56449216735098,-19.364492167350974,19.364492167350974
83.0,83.8172757142404,-0.8172757142403952,0.8172757142403952
82.6,75.93824407554656,6.661755924453431,6.661755924453431
53.8,58.24701922013833,-4.44701922013833,4.44701922013833
31.1,63.88106901290848,-32.78106901290848,32.78106901290848
49.4,53.16162490176316,-3.761624901763163,3.761624901763163
64.4,64.82840099214837,-0.4284009921483687,0.4284009921483687
37.6,57.58072802755481,-19.98072802755481,19.98072802755481
65.3,75.50906391319523,-10.209063913195237,10.209063913195237
70.5,67.63824563482882,2.86175436517118,2.86175436517118
99.6,58.60350495660691,40.99649504339308,40.99649504339308
61.3,60.70979471599878,0.5902052840012146,0.5902052840012146
71.8,51.00361459753941,20.796385402460587,20.796385402460587
74.3,71.00613730571445,3.2938626942855507,3.2938626942855507
66.7,75.1039770131805,-8.403977013180494,8.403977013180494
72.7,66.78323053551719,5.916769464482812,5.916769464482812
56.1,54.763941136510596,1.3360588634894057,1.3360588634894057
46.6,53.403247151965445,-6.803247151965444,6.803247151965444
53.9,62.48768826769867,-8.587688267698674,8.587688267698674
42.0,50.54447977978697,-8.544479779786968,8.544479779786968
65.2,62.54184036650014,2.6581596334998636,2.6581596334998636
98.9,64.43493873153028,34.465061268469725,34.465061268469725
72.2,67.55219483409888,4.647805165901119,4.647805165901119
93.1,94.0103994470536,-0.9103994470536065,0.9103994470536065
51.6,63.29941159884595,-11.699411598845948,11.699411598845948
70.3,67.24069944453845,3.0593005554615473,3.0593005554615473
60.8,64.23720475769443,-3.437204757694431,3.437204757694431
32.9,56.31971829467466,-23.41971829467466,23.41971829467466
87.3,56.55595517538811,30.74404482461189,30.74404482461189
46.6,66.56654838528823,-19.966548385288228,19.966548385288228
88.0,83.09934552213053,4.900654477869466,4.900654477869466
50.5,61.97284539875034,-11.472845398750337,11.472845398750337
88.5,78.9431530932726,9.556846906727401,9.556846906727401
34.2,48.150867729756726,-13.950867729756723,13.950867729756723
68.2,65.7231450845663,2.476854915433705,2.476854915433705
55.4,71.08625398724433,-15.686253987244335,15.686253987244335
65.5,73.07257336317701,-7.572573363177014,7.572573363177014
55.6,60.319501431254594,-4.719501431254592,4.719501431254592
62.8,82.43971269472695,-19.639712694726953,19.639712694726953
81.4,68.84559761048746,12.554402389512546,12.554402389512546
66.4,57.549842908966696,8.85015709103331,8.85015709103331
51.4,52.866299674421555,-1.4662996744215562,1.4662996744215562
50.7,66.36945209686428,-15.669452096864276,15.669452096864276
59.0,63.945054785124256,-4.945054785124256,4.945054785124256
63.1,67.35088592030212,-4.250885920302117,4.250885920302117
100.0,84.76760836339218,15.232391636607815,15.232391636607815
65.5,56.87410986247892,8.625890137521083,8.625890137521083
79.3,69.14278542889502,10.157214571104973,10.157214571104973
69.9,64.6496172145217,5.250382785478308,5.250382785478308
57.6,61.23273562340336,-3.632735623403356,3.632735623403356
61.2,70.89576992716803,-9.69576992716803,9.69576992716803
52.3,61.22547179057358,-8.925471790573582,8.925471790573582
53.1,65.5401302643512,-12.440130264351204,12.440130264351204
50.4,57.343552378043796,-6.9435523780437975,6.9435523780437975
88.4,66.52603654322422,21.873963456775783,21.873963456775783
87.1,78.70905962155223,8.390940378447766,8.390940378447766
44.5,57.228776916224604,-12.728776916224604,12.728776916224604
62.8,61.00937335884561,1.7906266411543896,1.7906266411543896
68.7,61.33528529727067,7.36471470272933,7.36471470272933
82.2,66.52238894433157,15.677611055668436,15.677611055668436
80.1,79.34490393995003,0.755096060049965,0.755096060049965
94.1,75.11584896972028,18.98415103027972,18.98415103027972
79.5,71.95075579818467,7.549244201815327,7.549244201815327
62.7,68.45583310240698,-5.7558331024069815,5.7558331024069815
100.0,71.6617441057233,28.3382558942767,28.3382558942767
58.3,70.45542226372243,-12.155422263722429,12.155422263722429
78.4,76.7794052384188,1.6205947615812022,1.6205947615812022
77.5,65.62987187944736,11.870128120552636,11.870128120552636
39.5,70.75625456492816,-31.256254564928156,31.256254564928156
71.2,65.73169706647423,5.468302933525777,5.468302933525777
73.4,81.04316041456536,-7.643160414565358,7.643160414565358
97.7,75.52830074761289,22.171699252387114,22.171699252387114
81.8,75.12301151923396,6.676988480766042,6.676988480766042
66.4,73.07448539541906,-6.674485395419055,6.674485395419055
56.0,62.59781458634103,-6.5978145863410305,6.5978145863410305
57.9,65.12998141320242,-7.229981413202417,7.229981413202417
72.6,76.625165182057,-4.025165182057009,4.025165182057009
52.6,57.68766012608728,-5.087660126087279,5.087660126087279
62.6,63.17521408193389,-0.5752140819338862,0.5752140819338862
55.6,54.39791198155535,1.2020880184446483,1.2020880184446483
54.6,73.36239820431047,-18.762398204310465,18.762398204310465
64.8,74.82803832734118,-10.028038327341179,10.028038327341179
72.3,74.20487654813184,-1.9048765481318384,1.9048765481318384
85.2,60.93901782014581,24.260982179854196,24.260982179854196
50.2,66.81436464087676,-16.614364640876758,16.614364640876758
60.7,64.06974680571949,-3.369746805719487,3.369746805719487
61.3,65.60616826697424,-4.30616826697424,4.30616826697424
49.8,61.76651166726208,-11.966511667262083,11.966511667262083
73.9,59.69598254285813,14.204017457141873,14.204017457141873
41.0,48.64591696319678,-7.6459169631967825,7.6459169631967825
79.2,56.43632303304287,22.763676966957135,22.763676966957135
49.0,53.19625689544793,-4.196256895447931,4.196256895447931
73.2,80.76212484224422,-7.562124842244216,7.562124842244216
67.8,51.68284089103764,16.117159108962355,16.117159108962355
56.5,79.05806544386425,-22.55806544386425,22.55806544386425
88.3,60.68352226239986,27.616477737600135,27.616477737600135
53.9,70.33010245562184,-16.430102455621842,16.430102455621842
92.0,69.28662855549646,22.713371444503537,22.713371444503537
100.0,94.16396524326649,5.836034756733511,5.836034756733511
66.3,75.78339964938107,-9.48339964938107,9.48339964938107
79.8,61.64722885380877,18.152771146191228,18.152771146191228
95.9,85.51006848405859,10.389931515941413,10.389931515941413
55.4,59.08282860648734,-3.682828606487341,3.682828606487341
60.5,70.43758377351242,-9.937583773512415,9.937583773512415
50.3,50.94127130301541,-0.6412713030154151,0.6412713030154151
95.1,78.60018995901817,16.499810040981828,16.499810040981828
57.2,55.00474920008804,2.1952507999119604,2.1952507999119604
57.4,74.48513081232804,-17.08513081232804,17.08513081232804
65.5,60.158709186928434,5.341290813071566,5.341290813071566
93.4,64.51740807060426,28.882591929395744,28.882591929395744
39.3,58.73149615670269,-19.431496156702693,19.431496156702693
36.5,56.16556031888865,-19.66556031888865,19.66556031888865
84.2,80.90183732787949,3.2981626721205117,3.2981626721205117
61.2,57.26492596283765,3.9350740371623516,3.9350740371623516
73.3,55.4444142806081,17.855585719391897,17.855585719391897
44.6,59.444872301527994,-14.844872301527992,14.844872301527992
47.2,62.54481792700956,-15.344817927009558,15.344817927009558
81.5,73.57788764475409,7.922112355245915,7.922112355245915
45.7,63.88443031197744,-18.184430311977437,18.184430311977437
72.9,56.68723349582456,16.21276650417545,16.21276650417545
95.5,79.26579647543821,16.234203524561792,16.234203524561792
85.2,59.70306875681007,25.496931243189934,25.496931243189934
34.5,60.32271414394927,-25.82271414394927,25.82271414394927
40.0,36.832704972457776,3.167295027542224,3.167295027542224
86.0,76.50455092063294,9.495449079367063,9.495449079367063
56.5,53.50742475542012,2.992575244579882,2.992575244579882
90.5,70.07267123578288,20.427328764217123,20.427328764217123
52.9,47.26442812755272,5.635571872447279,5.635571872447279
90.9,78.89125498765355,12.008745012346452,12.008745012346452
70.3,75.41157956083146,-5.1115795608314585,5.1115795608314585
46.5,49.15113925896908,-2.6511392589690814,2.6511392589690814
80.7,51.26070675536607,29.43929324463393,29.43929324463393
70.7,71.17430790974532,-0.47430790974532044,0.47430790974532044
74.8,68.13200745973995,6.667992540260045,6.667992540260045
45.7,57.16487970691787,-11.46487970691787,11.46487970691787
100.0,73.47516180116688,26.524838198833123,26.524838198833123
61.0,63.84989198408607,-2.849891984086071,2.849891984086071
78.4,75.77255648161395,2.627443518386059,2.627443518386059
73.0,72.51592115062022,0.4840788493797845,0.4840788493797845
49.9,54.85921260270874,-4.959212602708739,4.959212602708739
64.4,67.21472648255224,-2.8147264825522313,2.8147264825522313
94.3,76.66534953111125,17.63465046888875,17.63465046888875
54.0,58.634137333341755,-4.634137333341755,4.634137333341755
55.3,78.84730928958805,-23.547309289588057,23.547309289588057
81.8,83.39774542693249,-1.5977454269324909,1.5977454269324909
78.1,71.8828155312346,6.217184468765396,6.217184468765396
83.0,85.90168715029154,-2.9016871502915365,2.9016871502915365
59.3,62.923809961076756,-3.623809961076759,3.623809961076759
42.8,46.11247604475261,-3.3124760447526143,3.3124760447526143
72.8,71.3099253365412,1.490074663458799,1.490074663458799
69.5,66.96209775641552,2.537902243584483,2.537902243584483
52.2,55.814244545706856,-3.6142445457068533,3.6142445457068533
67.1,69.80166084908194,-2.7016608490819465,2.7016608490819465
73.5,56.20600577632001,17.293994223679988,17.293994223679988
63.0,63.378136725869126,-0.37813672586912617,0.37813672586912617
47.8,49.15015804097936,-1.350158040979366,1.350158040979366
100.0,98.16001561300249,1.8399843869975143,1.8399843869975143
64.5,53.562731091477986,10.937268908522014,10.937268908522014
50.5,56.87923536547703,-6.3792353654770295,6.3792353654770295
74.8,80.47310345202328,-5.673103452023284,5.673103452023284
85.0,71.20499161995194,13.79500838004806,13.79500838004806
81.1,83.0587047183492,-1.9587047183492103,1.9587047183492103
100.0,69.4598862105911,30.540113789408906,30.540113789408906
44.5,56.58365984537534,-12.083659845375337,12.083659845375337
42.4,49.12202094487185,-6.722020944871851,6.722020944871851
91.0,79.6330923841582,11.366907615841797,11.366907615841797
51.4,53.994523627752244,-2.5945236277522454,2.5945236277522454
100.0,75.49333284005206,24.506667159947938,24.506667159947938
69.1,78.81958908813823,-9.719589088138235,9.719589088138235
81.3,78.75762250366404,2.542377496335959,2.542377496335959
51.8,68.32682693355929,-16.526826933559292,16.526826933559292
45.6,44.076563952661274,1.523436047338727,1.523436047338727
54.9,53.577666802813724,1.3223331971862748,1.3223331971862748
79.4,77.02027169639842,2.3797283036015813,2.3797283036015813
70.5,72.24537378480005,-1.7453737848000515,1.7453737848000515
72.2,67.99393763751898,4.2060623624810205,4.2060623624810205
97.4,79.01772946791573,18.382270532084277,18.382270532084277
65.8,56.51579317630228,9.284206823697716,9.284206823697716
37.5,51.91126811986874,-14.411268119868737,14.411268119868737
49.0,44.25772667159859,4.74227332840141,4.74227332840141
66.1,64.93707914779452,1.162920852205474,1.162920852205474
47.5,71.84032445684988,-24.340324456849885,24.340324456849885
86.3,80.60673131564863,5.6932686843513665,5.6932686843513665
76.8,75.17127424213834,1.628725757861659,1.628725757861659
71.2,77.67056266232026,-6.470562662320262,6.470562662320262
31.1,62.081315747339545,-30.981315747339544,30.981315747339544
64.3,63.07610777969268,1.2238922203073201,1.2238922203073201
67.3,60.51444663945887,6.78555336054113,6.78555336054113
95.8,66.16477799450576,29.635222005494242,29.635222005494242
95.4,64.79469015078683,30.60530984921317,30.60530984921317
65.7,57.20409037616065,8.495909623839353,8.495909623839353
22.5,46.75510990264104,-24.25510990264104,24.25510990264104
93.4,79.91869501756372,13.481304982436285,13.481304982436285
63.9,70.08795918026959,-6.187959180269594,6.187959180269594
61.1,74.16160415245173,-13.061604152451729,13.061604152451729
61.5,46.17179514912908,15.328204850870918,15.328204850870918
59.2,54.833734717150605,4.3662652828493975,4.3662652828493975
71.8,69.79208763309853,2.007912366901465,2.007912366901465
62.3,58.17011330248806,4.129886697511935,4.129886697511935
35.0,38.25574542195136,-3.25574542195136,3.25574542195136
65.2,62.97428369337911,2.225716306620896,2.225716306620896
83.6,62.50760852288971,21.092391477110283,21.092391477110283
100.0,72.18804532290295,27.81195467709705,27.81195467709705
72.3,62.657003399201585,9.642996600798412,9.642996600798412
72.0,77.49563555843179,-5.495635558431786,5.495635558431786
56.3,65.50479133870704,-9.20479133870704,9.20479133870704
78.4,74.82300757380023,3.57699242619978,3.57699242619978
81.2,84.91398730297198,-3.7139873029719723,3.7139873029719723
33.6,50.24457197218413,-16.64457197218413,16.64457197218413
61.4,70.31224565078594,-8.912245650785941,8.912245650785941
88.3,62.428795772745275,25.871204227254722,25.871204227254722
62.8,71.54704591729336,-8.747045917293363,8.747045917293363
61.9,69.57263302583124,-7.672633025831239,7.672633025831239
45.6,54.8387451527214,-9.2387451527214,9.2387451527214
29.2,46.003193528416034,-16.803193528416035,16.803193528416035
78.1,82.68975819665451,-4.589758196654515,4.589758196654515
53.0,62.299359183186894,-9.299359183186894,9.299359183186894
51.7,62.770993600568204,-11.070993600568201,11.070993600568201
71.8,74.04460887770131,-2.2446088777013102,2.2446088777013102
49.5,25.43294152988085,24.06705847011915,24.06705847011915
62.1,74.0371448402031,-11.937144840203096,11.937144840203096
64.1,58.99058821689084,5.109411783109152,5.109411783109152
55.6,55.0334832249647,0.5665167750353035,0.5665167750353035
89.5,83.60617851378436,5.893821486215643,5.893821486215643
46.0,51.15356827983601,-5.1535682798360085,5.1535682798360085
80.7,77.55300498358565,3.146995016414351,3.146995016414351
84.7,74.49453801840536,10.205461981594638,10.205461981594638
64.4,60.71468824978638,3.6853117502136286,3.6853117502136286
55.8,71.16080971234305,-15.360809712343055,15.360809712343055
83.9,72.29780794112708,11.60219205887293,11.60219205887293
49.1,64.10304254484703,-15.003042544847027,15.003042544847027
85.2,67.14490968318594,18.05509031681406,18.05509031681406
58.4,59.2749256048927,-0.8749256048927023,0.8749256048927023
81.8,66.81005963373934,14.989940366260655,14.989940366260655
63.0,71.11917893783647,-8.119178937836466,8.119178937836466
46.2,49.340776103055546,-3.1407761030555434,3.1407761030555434
42.5,55.6607472999853,-13.160747299985303,13.160747299985303
58.4,68.73624078777624,-10.33624078777624,10.33624078777624
80.7,68.3351857350911,12.364814264908901,12.364814264908901
62.6,63.090406228325776,-0.4904062283257744,0.4904062283257744
72.8,80.37405326163065,-7.574053261630652,7.574053261630652
61.0,57.98530484880553,3.0146951511944735,3.0146951511944735
50.9,63.36212644765544,-12.462126447655443,12.462126447655443
99.9,72.89683984220909,27.003160157790916,27.003160157790916
40.7,43.81136647982254,-3.111366479822536,3.111366479822536
49.1,51.556486407934926,-2.456486407934925,2.456486407934925
100.0,59.94050290668838,40.05949709331162,40.05949709331162
50.2,69.36943523914272,-19.169435239142715,19.169435239142715
51.7,63.22007580643435,-11.520075806434349,11.520075806434349
69.0,69.42060132746155,-0.4206013274615543,0.4206013274615543
89.9,71.22581831309776,18.674181686902244,18.674181686902244
64.9,67.9223397638138,-3.0223397638137897,3.0223397638137897
37.1,53.93170539700992,-16.83170539700992,16.83170539700992
50.7,48.583264410765366,2.1167355892346364,2.1167355892346364
71.1,72.54857897040014,-1.448578970400149,1.448578970400149
57.4,61.07667917555224,-3.6766791755522448,3.6766791755522448
100.0,91.2886640672831,8.711335932716906,8.711335932716906
44.1,59.442532629157824,-15.342532629157823,15.342532629157823
73.6,70.75566629804513,2.8443337019548665,2.8443337019548665
45.5,48.15959526944272,-2.6595952694427183,2.6595952694427183
71.8,57.55880699156637,14.241193008433626,14.241193008433626
54.2,59.07226374343077,-4.872263743430764,4.872263743430764
78.6,61.82705140786163,16.772948592138363,16.772948592138363
67.3,80.76750497738578,-13.467504977385786,13.467504977385786
63.6,68.40341365088955,-4.803413650889546,4.803413650889546
60.0,75.97219287557675,-15.972192875576752,15.972192875576752
55.8,57.3355844138344,-1.5355844138343997,1.5355844138343997
30.4,62.90556099451658,-32.50556099451658,32.50556099451658
64.4,66.47372344330006,-2.0737234433000538,2.0737234433000538
89.7,85.2992053009811,4.400794699018903,4.400794699018903
71.8,76.82071641535924,-5.020716415359246,5.020716415359246
80.6,68.0711941685048,12.528805831495191,12.528805831495191
78.4,64.71836083569815,13.681639164301856,13.681639164301856
60.4,66.88265860009267,-6.48265860009267,6.48265860009267
100.0,76.49314018423257,23.506859815767427,23.506859815767427
47.3,53.9211494320524,-6.621149432052405,6.621149432052405
79.7,79.9196689723234,-0.21966897232339022,0.21966897232339022
66.5,67.75133511748817,-1.2513351174881677,1.2513351174881677
72.5,49.100626527935674,23.399373472064326,23.399373472064326
46.4,53.869658111787146,-7.4696581117871474,7.4696581117871474
89.1,81.87471923672672,7.225280763273275,7.225280763273275
83.0,68.24456505996756,14.755434940032444,14.755434940032444
66.3,61.91199336567638,4.388006634323617,4.388006634323617
83.7,73.28208177997021,10.41791822002979,10.41791822002979
83.4,85.75821014034855,-2.3582101403485467,2.3582101403485467
64.2,59.273261036584074,4.926738963415929,4.926738963415929
100.0,75.4002269001914,24.5997730998086,24.5997730998086
69.2,60.83494923544737,8.365050764552635,8.365050764552635
76.5,69.93780824796653,6.5621917520334705,6.5621917520334705
53.9,75.30603571539524,-21.40603571539524,21.40603571539524
65.8,76.27256260451583,-10.47256260451583,10.47256260451583
78.7,66.73908937603608,11.960910623963926,11.960910623963926
66.4,67.39106091865335,-0.9910609186533463,0.9910609186533463
67.2,57.0757424683286,10.124257531671404,10.124257531671404
83.2,70.74717135322169,12.452828646778315,12.452828646778315
83.0,64.06224548120275,18.93775451879725,18.93775451879725
69.4,68.91545498698702,0.48454501301299047,0.48454501301299047
52.6,71.80034021301566,-19.200340213015657,19.200340213015657
63.0,70.91181661531363,-7.911816615313626,7.911816615313626
83.2,66.2307091483139,16.969290851686097,16.969290851686097
74.0,70.4980334698646,3.5019665301354053,3.5019665301354053
94.8,80.74695775291343,14.053042247086566,14.053042247086566
59.2,45.37746993752134,13.822530062478663,13.822530062478663
38.4,62.52684446353794,-24.126844463537942,24.126844463537942
62.0,67.05950925705736,-5.059509257057357,5.059509257057357
34.2,30.037683408095347,4.162316591904656,4.162316591904656
63.1,75.16298603373261,-12.062986033732606,12.062986033732606
89.4,75.03512092573669,14.364879074263314,14.364879074263314
28.3,53.653960556484094,-25.353960556484093,25.353960556484093
39.5,50.058941979720885,-10.558941979720885,10.558941979720885
84.3,64.68008608932058,19.619913910679415,19.619913910679415
66.4,81.18110200022676,-14.781102000226753,14.781102000226753
98.6,78.21578406945525,20.38421593054474,20.38421593054474
94.9,64.13761058495106,30.762389415048943,30.762389415048943
76.8,86.08495155745993,-9.284951557459934,9.284951557459934
59.5,70.20568845675041,-10.705688456750408,10.705688456750408
48.3,70.08354406071953,-21.783544060719535,21.783544060719535
72.7,69.61934802438066,3.0806519756193467,3.0806519756193467
73.0,73.24930154068767,-0.24930154068766797,0.24930154068766797
66.5,80.23528511848468,-13.735285118484683,13.735285118484683
47.5,55.886385926608796,-8.386385926608796,8.386385926608796
60.9,75.5076924330317,-14.607692433031708,14.607692433031708
59.7,62.87145591590962,-3.1714559159096183,3.1714559159096183
54.2,63.51000241094778,-9.310002410947774,9.310002410947774
73.4,72.02224323136852,1.3777567686314853,1.3777567686314853
72.9,63.3622289333552,9.537771066644808,9.537771066644808
28.6,44.629077696428794,-16.029077696428793,16.029077696428793
62.2,65.15820348882909,-2.958203488829085,2.958203488829085
62.5,73.91461792197163,-11.414617921971626,11.414617921971626
44.3,62.381448381384814,-18.081448381384817,18.081448381384817
33.8,58.53168303918426,-24.73168303918426,24.73168303918426
34.8,39.76611035868632,-4.966110358686322,4.966110358686322
71.9,48.419528182378485,23.48047181762152,23.48047181762152
60.8,58.686921018942115,2.113078981057882,2.113078981057882
77.5,75.96818746810675,1.5318125318932516,1.5318125318932516
58.2,60.307321840210534,-2.107321840210531,2.107321840210531
69.6,80.62138193217305,-11.021381932173057,11.021381932173057
66.1,70.37873017073628,-4.2787301707362815,4.2787301707362815
98.2,90.60381515031463,7.596184849685372,7.596184849685372
80.8,86.96877762767352,-6.168777627673521,6.168777627673521
51.6,66.13203930553888,-14.53203930553888,14.53203930553888
50.1,51.840221083159975,-1.7402210831599731,1.7402210831599731
63.8,62.452209576278506,1.3477904237214915,1.3477904237214915
58.5,62.12981028328289,-3.629810283282893,3.629810283282893
81.0,73.40450386051441,7.59549613948559,7.59549613948559
97.2,78.09639905869642,19.103600941303583,19.103600941303583
55.2,56.93735485075467,-1.73735485075467,1.73735485075467
54.5,61.9500544600495,-7.4500544600495004,7.4500544600495004
47.4,54.85725746992915,-7.457257469929154,7.457257469929154
100.0,72.84053185340173,27.15946814659827,27.15946814659827
71.4,74.62370476707986,-3.2237047670798518,3.2237047670798518
51.6,64.49514386298367,-12.895143862983666,12.895143862983666
100.0,76.75391914052136,23.24608085947864,23.24608085947864
42.5,45.88262265785659,-3.3826226578565866,3.3826226578565866
56.8,66.7095581385015,-9.90955813850151,9.90955813850151
25.6,55.53301227491215,-29.93301227491215,29.93301227491215
74.9,70.76700184684768,4.132998153152329,4.132998153152329
55.0,52.23427014176468,2.765729858235318,2.765729858235318
65.9,78.62334567092392,-12.72334567092392,12.72334567092392
75.9,67.77255831169111,8.127441688308892,8.127441688308892
41.0,60.030812823199824,-19.030812823199824,19.030812823199824
93.8,85.74518780039455,8.05481219960545,8.05481219960545
48.4,61.916297638455774,-13.516297638455775,13.516297638455775
53.7,51.52821281854676,2.17178718145324,2.17178718145324
51.0,73.66115394488423,-22.661153944884234,22.661153944884234
30.4,35.91276928404392,-5.5127692840439195,5.5127692840439195
55.8,62.82371815363808,-7.023718153638086,7.023718153638086
88.8,81.20290794436471,7.597092055635287,7.597092055635287
83.7,74.22922637113629,9.47077362886371,9.47077362886371
61.5,67.36697466632927,-5.86697466632927,5.86697466632927
73.7,63.18587658423229,10.514123415767713,10.514123415767713
48.7,67.14874243869536,-18.448742438695362,18.448742438695362
57.8,71.12643393189632,-13.326433931896318,13.326433931896318
95.0,68.86128052759705,26.138719472402954,26.138719472402954
76.2,60.4505527270301,15.749447272969903,15.749447272969903
80.4,69.50375723758322,10.89624276241679,10.89624276241679
94.6,68.82208884344038,25.77791115655961,25.77791115655961
67.3,72.81415199526367,-5.514151995263674,5.514151995263674
42.8,35.09066234807881,7.709337651921189,7.709337651921189
96.4,70.6464654927704,25.753534507229602,25.753534507229602
46.8,39.21790182612045,7.582098173879544,7.582098173879544
76.6,76.76342748762107,-0.16342748762107817,0.16342748762107817
58.8,59.92105317038681,-1.1210531703868156,1.1210531703868156
43.9,65.75300067373524,-21.853000673735245,21.853000673735245
59.5,65.87686262573078,-6.37686262573078,6.37686262573078
82.5,73.08285209039195,9.417147909608047,9.417147909608047
58.2,81.05772229812175,-22.857722298121743,22.857722298121743
64.2,58.61608534871863,5.5839146512813755,5.5839146512813755
82.5,69.31368838431149,13.18631161568851,13.18631161568851
60.5,71.11531989060234,-10.615319890602336,10.615319890602336
46.2,43.962065705958395,2.237934294041608,2.237934294041608
45.3,62.46833130318413,-17.168331303184132,17.168331303184132
68.7,74.70171656956137,-6.001716569561367,6.001716569561367
53.3,65.92162537227279,-12.621625372272788,12.621625372272788
68.7,65.08015584817821,3.6198441518217948,3.6198441518217948
56.6,62.29990734192461,-5.699907341924607,5.699907341924607
58.9,58.64971079639241,0.25028920360758633,0.25028920360758633
88.9,84.60547551479567,4.2945244852043345,4.2945244852043345
73.0,63.82353440509621,9.176465594903789,9.176465594903789
51.2,57.36750402510722,-6.16750402510722,6.16750402510722
81.8,77.66991865359961,4.130081346400388,4.130081346400388
47.5,50.43563872661588,-2.9356387266158777,2.9356387266158777
91.3,80.6840626326175,10.6159373673825,10.6159373673825
78.9,72.37475980716636,6.52524019283365,6.52524019283365
45.0,44.85902304301737,0.1409769569826267,0.1409769569826267
82.7,64.99413566384877,17.705864336151237,17.705864336151237
70.5,66.36790786453412,4.132092135465882,4.132092135465882
65.8,76.15301805159197,-10.353018051591974,10.353018051591974
65.9,38.89821929256766,27.001780707432346,27.001780707432346
80.9,68.10906063598986,12.790939364010143,12.790939364010143
32.1,40.30664140735172,-8.206641407351718,8.206641407351718
69.8,62.40869284422871,7.391307155771287,7.391307155771287
45.1,32.65964460052885,12.440355399471152,12.440355399471152
73.4,68.8216495707049,4.578350429295099,4.578350429295099
85.3,51.61655337575348,33.683446624246514,33.683446624246514
52.2,66.52462839407224,-14.324628394072235,14.324628394072235
94.0,84.21354128536052,9.78645871463948,9.78645871463948
77.1,66.98154132212039,10.118458677879602,10.118458677879602
46.7,65.71057311405013,-19.010573114050132,19.010573114050132
62.3,59.888201031592814,2.411798968407183,2.411798968407183
64.5,71.9050324939206,-7.405032493920601,7.405032493920601
86.9,70.92680289511759,15.973197104882416,15.973197104882416
77.4,75.9409150119327,1.4590849880673034,1.4590849880673034
34.9,50.94260494377755,-16.042604943777555,16.042604943777555
63.0,78.50906784303007,-15.509067843030067,15.509067843030067
81.7,92.31700612810641,-10.61700612810641,10.61700612810641
43.9,36.097340903372015,7.802659096627984,7.802659096627984
67.6,56.6162353300453,10.983764669954695,10.983764669954695
78.0,70.58572939320793,7.414270606792073,7.414270606792073
80.2,68.94190057770948,11.258099422290528,11.258099422290528
56.6,63.18463688869406,-6.584636888694057,6.584636888694057
98.6,72.06815610112704,26.53184389887295,26.53184389887295
67.0,71.6481220530278,-4.648122053027805,4.648122053027805
66.4,61.510073756610666,4.88992624338934,4.88992624338934
65.5,71.58312189200853,-6.083121892008535,6.083121892008535
61.0,64.11493261431312,-3.114932614313119,3.114932614313119
74.6,86.32029165199089,-11.720291651990891,11.720291651990891
70.8,58.41220917107404,12.387790828925958,12.387790828925958
39.4,61.47031559437693,-22.07031559437693,22.07031559437693
43.3,57.99873636228699,-14.698736362286994,14.698736362286994
87.1,82.13610633412543,4.963893665874565,4.963893665874565
98.1,80.61233428118277,17.487665718817226,17.487665718817226
72.0,60.166619326394084,11.833380673605916,11.833380673605916
54.9,68.9911357643785,-14.0911357643785,14.0911357643785
61.3,78.68739921787665,-17.38739921787665,17.38739921787665
56.2,53.50710213040975,2.6928978695902543,2.6928978695902543
68.7,67.00265978129096,1.6973402187090443,1.6973402187090443
59.9,71.80427562788077,-11.904275627880772,11.904275627880772
100.0,80.53331122332361,19.466688776676392,19.466688776676392
75.7,78.3810832038584,-2.6810832038583925,2.6810832038583925
50.8,66.51282298452486,-15.712822984524863,15.712822984524863
41.1,48.5253689080717,-7.425368908071697,7.425368908071697
77.3,72.30000458979703,4.9999954102029704,4.9999954102029704
42.9,64.69712718768437,-21.797127187684374,21.797127187684374
72.1,63.05042348407193,9.049576515928067,9.049576515928067
51.6,55.05470945310361,-3.454709453103611,3.454709453103611
75.7,87.11456364973617,-11.414563649736166,11.414563649736166
86.8,77.57667660115663,9.223323398843362,9.223323398843362
87.7,63.41932187377853,24.280678126221474,24.280678126221474
57.7,58.664714900295394,-0.964714900295391,0.964714900295391
52.9,44.74773136308187,8.15226863691813,8.15226863691813
48.3,62.64409239057238,-14.344092390572385,14.344092390572385
66.7,68.89131856276026,-2.1913185627602587,2.1913185627602587
54.8,57.674018150007555,-2.874018150007558,2.874018150007558
79.3,74.0379447818176,5.262055218182397,5.262055218182397
60.1,65.88976444751938,-5.7897644475193815,5.7897644475193815
63.1,68.70198452511875,-5.601984525118745,5.601984525118745
43.8,50.66989257632156,-6.869892576321561,6.869892576321561
62.2,51.572562645471066,10.627437354528936,10.627437354528936
47.9,55.61142958541046,-7.711429585410464,7.711429585410464
43.7,59.260706154867535,-15.560706154867532,15.560706154867532
45.2,57.19378800996657,-11.993788009966565,11.993788009966565
47.9,60.928612986231144,-13.028612986231145,13.028612986231145
88.3,77.77257418873012,10.527425811269879,10.527425811269879
46.3,34.4305621122098,11.869437887790198,11.869437887790198
62.2,69.66529086345548,-7.465290863455479,7.465290863455479
64.3,66.86039902546133,-2.5603990254613365,2.5603990254613365
73.4,67.53276994060423,5.86723005939578,5.86723005939578
49.6,57.27691238885211,-7.676912388852109,7.676912388852109
59.6,51.23647895328088,8.363521046719121,8.363521046719121
60.4,82.16516987718248,-21.76516987718248,21.76516987718248
34.2,59.02761348671646,-24.82761348671646,24.82761348671646
52.7,54.28071098476482,-1.5807109847648206,1.5807109847648206
46.6,50.148376267359936,-3.5483762673599344,3.5483762673599344
61.3,71.39842970063808,-10.098429700638079,10.098429700638079
53.2,54.69650549100811,-1.496505491008108,1.496505491008108
69.2,65.69179922382398,3.508200776176025,3.508200776176025
61.8,57.467483879119754,4.332516120880243,4.332516120880243
75.4,72.00635252845598,3.3936474715440283,3.3936474715440283
30.9,49.53060226511599,-18.63060226511599,18.63060226511599
51.8,55.56427279760919,-3.7642727976091948,3.7642727976091948
46.4,60.62982861227425,-14.229828612274254,14.229828612274254
62.3,66.25306061370361,-3.953060613703613,3.953060613703613
44.5,68.16285727817314,-23.662857278173135,23.662857278173135
68.9,63.1692893333539,5.730710666646104,5.730710666646104
71.9,61.44097985577662,10.459020144223388,10.459020144223388
52.4,61.478466375299774,-9.078466375299776,9.078466375299776
71.2,72.15095525450579,-0.9509552545057858,0.9509552545057858
50.7,69.59011338916451,-18.89011338916451,18.89011338916451
93.4,62.536331450542775,30.86366854945723,30.86366854945723
100.0,66.42970844665848,33.57029155334152,33.57029155334152
99.0,80.7018377370083,18.298162262991696,18.298162262991696
74.7,55.96446716036428,18.735532839635724,18.735532839635724
58.3,66.0992154321259,-7.799215432125905,7.799215432125905
23.7,54.82960049385798,-31.129600493857982,31.129600493857982
41.7,63.86948150809485,-22.169481508094847,22.169481508094847
93.5,72.37467719307097,21.125322806929034,21.125322806929034
53.7,38.151693015855244,15.548306984144759,15.548306984144759
40.4,42.91964301259566,-2.519643012595658,2.519643012595658
53.8,63.92243526615357,-10.122435266153573,10.122435266153573
76.2,76.76391370790185,-0.5639137079018468,0.5639137079018468
66.2,70.77492593902127,-4.57492593902127,4.57492593902127
55.8,61.64329194581114,-5.843291945811146,5.843291945811146
36.9,38.993702050685386,-2.093702050685387,2.093702050685387
38.8,50.78956426754644,-11.989564267546442,11.989564267546442
84.9,66.60202862372813,18.297971376271875,18.297971376271875
37.2,35.48667834946079,1.7133216505392141,1.7133216505392141
73.4,62.849376757196296,10.55062324280371,10.55062324280371
49.3,48.01957372613026,1.280426273869736,1.280426273869736
65.7,69.36394731238772,-3.6639473123877195,3.6639473123877195
39.9,41.70317185246245,-1.803171852462448,1.803171852462448
45.1,46.66581492446218,-1.565814924462181,1.565814924462181
95.6,81.07282542330546,14.527174576694534,14.527174576694534
50.9,76.35437455406947,-25.454374554069467,25.454374554069467
82.8,76.02267739616809,6.777322603831905,6.777322603831905
37.0,59.931185264802764,-22.931185264802764,22.931185264802764
71.2,60.47549233862401,10.724507661375995,10.724507661375995
36.8,58.447350433412794,-21.647350433412797,21.647350433412797
62.5,60.79994905770468,1.70005094229532,1.70005094229532
58.6,63.44947845310156,-4.849478453101561,4.849478453101561
48.2,47.33710072049303,0.8628992795069763,0.8628992795069763
38.6,37.28789426645477,1.3121057335452306,1.3121057335452306
67.0,63.39598034195461,3.604019658045388,3.604019658045388
77.8,63.72640143631759,14.07359856368241,14.07359856368241
80.2,77.89471782626896,2.305282173731044,2.305282173731044
91.4,73.85013115369088,17.549868846309124,17.549868846309124
66.6,70.91497283477293,-4.314972834772931,4.314972834772931
81.4,73.58579340403753,7.8142065959624745,7.8142065959624745
84.6,71.80482099781085,12.795179002189144,12.795179002189144
56.8,69.14702435453569,-12.34702435453569,12.34702435453569
56.7,73.74469888576994,-17.044698885769932,17.044698885769932
65.4,68.53835973117447,-3.138359731174461,3.138359731174461
31.5,35.30899557191674,-3.808995571916739,3.808995571916739
45.1,52.13339870268203,-7.033398702682028,7.033398702682028
44.2,67.69383581899024,-23.493835818990235,23.493835818990235
87.8,66.09367555273354,21.706324447266454,21.706324447266454
100.0,82.39013277937613,17.60986722062387,17.60986722062387
48.7,50.01796322461871,-1.3179632246187083,1.3179632246187083
89.7,74.36999635058407,15.330003649415929,15.330003649415929
79.1,70.52015595093934,8.579844049060654,8.579844049060654
51.1,64.25135206167357,-13.15135206167357,13.15135206167357
69.4,58.608854528564535,10.79114547143547,10.79114547143547
65.8,71.5647075883578,-5.764707588357808,5.764707588357808
73.1,73.13108895439609,-0.031088954396096824,0.031088954396096824
81.9,59.60856253167947,22.291437468320538,22.291437468320538
54.7,60.03705940899789,-5.337059408997888,5.337059408997888
55.3,63.084365934011714,-7.784365934011717,7.784365934011717
60.0,40.875458899119764,19.124541100880236,19.124541100880236
53.6,53.67491558742677,-0.07491558742676574,0.07491558742676574
77.4,77.03423660891997,0.3657633910800371,0.3657633910800371
66.0,63.42065736930789,2.5793426306921106,2.5793426306921106
41.8,60.44580370043042,-18.64580370043042,18.64580370043042
79.0,75.24678685308697,3.7532131469130263,3.7532131469130263
59.8,67.57248226195344,-7.772482261953442,7.772482261953442
94.1,82.31485540855283,11.785144591447164,11.785144591447164
55.5,64.47094491925452,-8.97094491925452,8.97094491925452
56.0,57.08581334775255,-1.0858133477525485,1.0858133477525485
100.0,77.746367865033,22.253632134967006,22.253632134967006
51.9,72.50256715375394,-20.602567153753945,20.602567153753945
39.2,52.08368666395893,-12.883686663958926,12.883686663958926
70.1,71.52167637632817,-1.421676376328179,1.421676376328179
62.0,70.1733840932846,-8.173384093284596,8.173384093284596
74.6,68.39392965218957,6.206070347810424,6.206070347810424
89.1,63.30280994565831,25.797190054341684,25.797190054341684
66.1,56.235808431634666,9.864191568365328,9.864191568365328
73.8,70.84907548548011,2.9509245145198832,2.9509245145198832
58.3,59.177470226794526,-0.8774702267945287,0.8774702267945287
69.9,62.63586898401434,7.264131015985669,7.264131015985669
59.7,61.95893552104643,-2.258935521046425,2.258935521046425
74.0,65.78603444011793,8.21396555988207,8.21396555988207
88.7,85.24658009915765,3.4534199008423485,3.4534199008423485
33.4,44.09816885431371,-10.698168854313714,10.698168854313714
67.3,67.17920571447348,0.1207942855265145,0.1207942855265145
51.8,75.79577874348877,-23.99577874348877,23.99577874348877
83.0,87.70874308680288,-4.708743086802883,4.708743086802883
65.2,74.03789672929486,-8.837896729294854,8.837896729294854
57.0,59.47434413451987,-2.4743441345198676,2.4743441345198676
100.0,83.2158406831735,16.784159316826504,16.784159316826504
58.9,71.310976657183,-12.410976657183006,12.410976657183006
92.3,77.10717629835335,15.192823701646645,15.192823701646645
47.8,59.51865152555247,-11.718651525552474,11.718651525552474
76.0,68.73078289558555,7.269217104414452,7.269217104414452
55.3,70.82240210118977,-15.522402101189769,15.522402101189769
48.4,60.77931733294349,-12.379317332943494,12.379317332943494
49.9,65.06622966283862,-15.166229662838624,15.166229662838624
33.4,45.9922811129926,-12.592281112992602,12.592281112992602
75.0,64.52242426892437,10.477575731075632,10.477575731075632
85.1,80.3432802713549,4.756719728645095,4.756719728645095
80.1,62.544292686704466,17.555707313295528,17.555707313295528
61.2,69.4609356038444,-8.260935603844402,8.260935603844402
65.1,74.1148884935867,-9.01488849358671,9.01488849358671
71.6,68.99648161484896,2.603518385151034,2.603518385151034
78.1,74.74594593449666,3.354054065503334,3.354054065503334
99.1,67.31740385660771,31.782596143392283,31.782596143392283
71.6,61.53934920639108,10.060650793608914,10.060650793608914
61.7,77.10889686206406,-15.408896862064054,15.408896862064054
77.1,80.98658532889016,-3.8865853288901633,3.8865853288901633
55.4,78.97871055792604,-23.578710557926037,23.578710557926037
64.5,72.4049875882846,-7.904987588284598,7.904987588284598
52.5,56.806749561599446,-4.306749561599446,4.306749561599446
54.7,72.03757631936912,-17.33757631936912,17.33757631936912
94.9,58.15151972068321,36.748480279316794,36.748480279316794
66.8,63.95006617143247,2.8499338285675293,2.8499338285675293
55.6,54.54257045459076,1.0574295454092422,1.0574295454092422
64.4,70.22467498080425,-5.824674980804247,5.824674980804247
82.0,72.03292285585678,9.967077144143218,9.967077144143218
77.9,68.8399190409134,9.060080959086605,9.060080959086605
68.3,78.51004903096072,-10.210049030960718,10.210049030960718
62.9,63.59606664269256,-0.6960666426925641,0.6960666426925641
74.2,61.340789682618265,12.859210317381738,12.859210317381738
79.6,61.654136225750904,17.94586377424909,17.94586377424909
79.9,75.72330312932604,4.176696870673965,4.176696870673965
58.0,62.43399464381491,-4.433994643814913,4.433994643814913
53.3,58.70997801518189,-5.409978015181892,5.409978015181892
46.2,52.903749022426155,-6.703749022426152,6.703749022426152
46.7,31.48261481848469,15.217385181515311,15.217385181515311
74.4,83.08469474645489,-8.68469474645488,8.68469474645488
100.0,89.48012292630011,10.519877073699888,10.519877073699888
55.9,63.24364894505027,-7.343648945050269,7.343648945050269
83.3,74.74720903942097,8.552790960579031,8.552790960579031
65.9,64.96822480571507,0.9317751942849384,0.9317751942849384
77.2,57.83773958620134,19.362260413798666,19.362260413798666
100.0,89.4637668263353,10.536233173664698,10.536233173664698
74.0,83.65272280036982,-9.652722800369816,9.652722800369816
29.5,46.98769174616314,-17.487691746163136,17.487691746163136
93.8,88.95701261318379,4.842987386816205,4.842987386816205
100.0,85.24649714746693,14.753502852533074,14.753502852533074
50.3,51.70465122741885,-1.404651227418853,1.404651227418853
82.4,73.86161954641534,8.538380453584665,8.538380453584665
92.6,88.80246599017136,3.797534009828638,3.797534009828638
55.9,72.75063106412637,-16.850631064126368,16.850631064126368
64.1,59.50088737314269,4.5991126268573055,4.5991126268573055
68.9,70.60711365998634,-1.7071136599863337,1.7071136599863337
62.3,48.18520387533488,14.11479612466512,14.11479612466512
62.5,59.14752611467594,3.352473885324059,3.352473885324059
38.9,52.59352041368527,-13.69352041368527,13.69352041368527
100.0,75.24648045695943,24.753519543040568,24.753519543040568
29.6,45.044145770101295,-15.444145770101294,15.444145770101294
72.0,71.59845422886639,0.40154577113361256,0.40154577113361256
52.8,58.999034525067145,-6.199034525067148,6.199034525067148
61.3,65.09353901796004,-3.7935390179600432,3.7935390179600432
80.3,76.64694130198444,3.653058698015556,3.653058698015556
40.5,58.098476288256904,-17.598476288256904,17.598476288256904
55.8,53.624297977721426,2.1757020222785712,2.1757020222785712
65.0,64.18480431587273,0.8151956841272749,0.8151956841272749
73.0,74.64894281502666,-1.6489428150266576,1.6489428150266576
56.2,54.9139870314462,1.2860129685538055,1.2860129685538055
60.9,65.74573218896165,-4.845732188961655,4.845732188961655
46.6,58.17853993585578,-11.57853993585578,11.57853993585578
62.9,70.99804521924244,-8.098045219242444,8.098045219242444
59.0,62.485049998856994,-3.4850499988569936,3.4850499988569936
51.1,59.97001089892831,-8.870010898928307,8.870010898928307
36.9,51.09042198289444,-14.190421982894442,14.190421982894442
71.8,73.44680882628984,-1.646808826289842,1.646808826289842
45.2,44.446429016074205,0.7535709839257976,0.7535709839257976
53.1,75.11072239517455,-22.010722395174547,22.010722395174547
98.1,92.39583459203732,5.704165407962677,5.704165407962677
55.7,66.85694172609168,-11.156941726091674,11.156941726091674
69.7,61.649184482424516,8.050815517575487,8.050815517575487
70.3,82.25552280451689,-11.955522804516889,11.955522804516889
31.2,62.181486556509356,-30.981486556509356,30.981486556509356
46.6,56.53150674527498,-9.93150674527498,9.93150674527498
72.5,63.863966511115564,8.636033488884436,8.636033488884436
63.1,68.99775737682705,-5.897757376827052,5.897757376827052
72.4,69.3783751728252,3.0216248271748043,3.0216248271748043
79.0,66.26512430394308,12.734875696056918,12.734875696056918
62.6,59.38808115929771,3.211918840702289,3.211918840702289
99.3,76.40921700340948,22.890782996590517,22.890782996590517
50.8,52.90649608643412,-2.1064960864341202,2.1064960864341202
63.0,60.69957725026245,2.3004227497375496,2.3004227497375496
80.0,73.69277096448951,6.307229035510488,6.307229035510488
66.9,61.120044962906945,5.77995503709306,5.77995503709306
50.7,60.138684063157484,-9.438684063157481,9.438684063157481
48.6,47.80444427657568,0.7955557234243216,0.7955557234243216
75.4,72.37946588773883,3.020534112261174,3.020534112261174
100.0,85.12741769828438,14.872582301715624,14.872582301715624
58.0,65.53900694061474,-7.53900694061474,7.53900694061474
70.9,70.51956218441069,0.38043781558931755,0.38043781558931755
74.6,81.60630534579496,-7.006305345794971,7.006305345794971
58.6,70.27752871714671,-11.677528717146707,11.677528717146707
59.3,61.45831712389287,-2.1583171238928713,2.1583171238928713
86.1,78.04843149018751,8.051568509812483,8.051568509812483
85.0,72.8319963093478,12.168003690652199,12.168003690652199
84.8,71.85239332357617,12.947606676423831,12.947606676423831
37.8,58.69416197578721,-20.894161975787213,20.894161975787213
38.1,38.444672355832665,-0.34467235583266387,0.34467235583266387
46.9,48.5867370151409,-1.6867370151408991,1.6867370151408991
74.6,91.2643156964005,-16.664315696400507,16.664315696400507
59.4,72.71689088947335,-13.316890889473349,13.316890889473349
42.2,48.08719854114622,-5.887198541146219,5.887198541146219
67.9,66.3791396782492,1.5208603217508028,1.5208603217508028
55.9,55.96699789162409,-0.06699789162409076,0.06699789162409076
71.6,76.07810761321343,-4.478107613213439,4.478107613213439
65.8,81.25925860666734,-15.459258606667348,15.459258606667348
73.6,55.79753696636237,17.802463033637622,17.802463033637622
78.6,82.9191672437264,-4.319167243726412,4.319167243726412
58.7,73.12457479554598,-14.424574795545979,14.424574795545979
47.3,37.37621504992501,9.923784950074989,9.923784950074989
75.5,73.06743959467565,2.4325604053243524,2.4325604053243524
49.7,64.98979081138384,-15.289790811383838,15.289790811383838
54.7,59.33128250378394,-4.631282503783936,4.631282503783936
46.1,41.31237333963168,4.787626660368325,4.787626660368325
77.4,72.30578776333908,5.094212236660923,5.094212236660923
49.4,59.35679947968924,-9.956799479689245,9.956799479689245
30.9,32.695652016513634,-1.7956520165136354,1.7956520165136354
49.3,62.674603579097635,-13.374603579097638,13.374603579097638
65.6,71.74545053174268,-6.145450531742682,6.145450531742682
30.7,53.119158738400756,-22.419158738400757,22.419158738400757
48.3,51.50680888574436,-3.2068088857443655,3.2068088857443655
94.4,89.32372396579751,5.076276034202493,5.076276034202493
88.5,69.19594039621893,19.30405960378107,19.30405960378107
74.5,74.38015809997466,0.11984190002533524,0.11984190002533524
27.7,44.80216544911036,-17.102165449110363,17.102165449110363
88.4,79.92480876110795,8.475191238892052,8.475191238892052
48.7,51.430666730147436,-2.7306667301474334,2.7306667301474334
66.6,70.36161397304602,-3.7616139730460247,3.7616139730460247
81.3,70.82375405128494,10.47624594871506,10.47624594871506
89.5,95.75992505796526,-6.259925057965262,6.259925057965262
41.9,56.85098345023954,-14.95098345023954,14.95098345023954
55.4,54.44012197452514,0.9598780254748576,0.9598780254748576
73.6,62.17642156321244,11.423578436787551,11.423578436787551
72.1,77.4906729964639,-5.3906729964639055,5.3906729964639055
36.1,40.453933917416805,-4.3539339174168035,4.3539339174168035
96.7,92.60730365009346,4.0926963499065465,4.0926963499065465
29.2,57.63905866424926,-28.439058664249263,28.439058664249263
99.7,87.96002367557253,11.739976324427474,11.739976324427474
76.0,69.01642809173666,6.983571908263343,6.983571908263343
48.6,71.46336845422832,-22.863368454228315,22.863368454228315
70.4,68.16278850262984,2.2372114973701684,2.2372114973701684
95.7,72.86661408745334,22.83338591254666,22.83338591254666
56.7,59.18858909445714,-2.48858909445714,2.48858909445714
54.0,63.86929742596817,-9.86929742596817,9.86929742596817
82.9,77.17510291470808,5.7248970852919285,5.7248970852919285
53.7,61.08310322204113,-7.383103222041129,7.383103222041129
66.0,55.58254798570255,10.417452014297453,10.417452014297453
71.2,68.02664153094436,3.1733584690556427,3.1733584690556427
70.1,60.31536356337517,9.784636436624822,9.784636436624822
66.7,53.19102453713646,13.508975462863546,13.508975462863546
95.8,74.88220322373093,20.91779677626907,20.91779677626907
38.8,51.73723126724923,-12.937231267249231,12.937231267249231
79.9,72.43154770530498,7.468452294695027,7.468452294695027
81.6,62.96920226135478,18.630797738645214,18.630797738645214
59.1,78.55062050011895,-19.45062050011895,19.45062050011895
57.4,67.3494344890384,-9.949434489038403,9.949434489038403
34.3,57.65010140022713,-23.350101400227132,23.350101400227132
68.5,73.84784319994992,-5.347843199949921,5.347843199949921
87.1,74.09726473836037,13.002735261639629,13.002735261639629
34.1,47.32347992286401,-13.223479922864009,13.223479922864009
86.0,83.2577317731184,2.742268226881606,2.742268226881606
61.6,53.98598601078345,7.614013989216552,7.614013989216552
64.6,76.76455510493423,-12.164555104934237,12.164555104934237
31.7,49.273723830834996,-17.573723830834997,17.573723830834997
63.7,62.66649694240044,1.0335030575995603,1.0335030575995603
68.1,55.96253690984716,12.137463090152835,12.137463090152835
58.5,60.67650921270808,-2.1765092127080834,2.1765092127080834
81.1,73.46528593108928,7.634714068910711,7.634714068910711
84.6,67.99902596411539,16.600974035884605,16.600974035884605
77.7,72.78099057225374,4.919009427746261,4.919009427746261
72.7,64.61603368105636,8.083966318943638,8.083966318943638
69.2,72.92224742311805,-3.7222474231180485,3.7222474231180485
68.8,48.972798738689164,19.827201261310833,19.827201261310833
56.6,60.853719479065944,-4.253719479065943,4.253719479065943
79.6,88.2026760173906,-8.602676017390607,8.602676017390607
87.8,69.18992074847574,18.610079251524255,18.610079251524255
60.6,58.159467961484495,2.4405320385155065,2.4405320385155065
54.3,47.117860839546154,7.182139160453843,7.182139160453843
83.1,87.83616212378769,-4.736162123787693,4.736162123787693
43.5,49.80311247396119,-6.303112473961193,6.303112473961193
78.3,61.531162262777684,16.768837737222313,16.768837737222313
55.3,58.293307707019835,-2.993307707019838,2.993307707019838
71.3,65.59462599349104,5.705374006508961,5.705374006508961
71.5,74.83155367202158,-3.3315536720215846,3.3315536720215846
70.2,85.71747917253197,-15.517479172531964,15.517479172531964
94.0,79.49286799667618,14.507132003323818,14.507132003323818
78.3,87.53324056449588,-9.233240564495887,9.233240564495887
80.8,70.56096334935603,10.239036650643968,10.239036650643968
73.1,58.11646191853271,14.983538081467287,14.983538081467287
58.3,73.8938639687459,-15.593863968745907,15.593863968745907
84.4,77.40893979192316,6.991060208076846,6.991060208076846
80.2,74.93515349895995,5.264846501040054,5.264846501040054
64.3,62.779058905948034,1.5209410940519632,1.5209410940519632
67.9,68.38813710946698,-0.48813710946697597,0.48813710946697597
75.9,55.66848972200961,20.231510277990395,20.231510277990395
69.5,62.97833739336883,6.521662606631168,6.521662606631168
52.6,68.59367485860525,-15.993674858605253,15.993674858605253
63.3,60.28303582052018,3.016964179479814,3.016964179479814
46.3,42.890700934966645,3.409299065033352,3.409299065033352
49.1,68.04310355997421,-18.94310355997421,18.94310355997421
59.0,64.63921318749271,-5.6392131874927145,5.6392131874927145
79.9,73.25810937129705,6.641890628702953,6.641890628702953
64.9,61.78455789275307,3.1154421072469347,3.1154421072469347
57.7,70.76425621856686,-13.064256218566854,13.064256218566854
9.4,38.9373348791508,-29.537334879150798,29.537334879150798
74.1,67.41796653085976,6.6820334691402365,6.6820334691402365
40.8,55.74681283524768,-14.946812835247684,14.946812835247684
87.3,67.31689136368874,19.983108636311258,19.983108636311258
70.9,76.5539260099211,-5.6539260099210935,5.6539260099210935
88.7,71.70435015735279,16.99564984264721,16.99564984264721
56.9,81.09276710571498,-24.192767105714985,24.192767105714985
69.0,73.19524859372177,-4.195248593721772,4.195248593721772
58.9,73.15094934170531,-14.250949341705315,14.250949341705315
38.1,47.74614358186744,-9.646143581867442,9.646143581867442
38.6,47.2497455535493,-8.649745553549302,8.649745553549302
75.0,71.29379402853084,3.70620597146916,3.70620597146916
64.9,63.87348209003778,1.026517909962223,1.026517909962223
73.9,62.34884748086688,11.551152519133126,11.551152519133126
58.8,67.41178458206912,-8.61178458206912,8.61178458206912
58.1,63.99906690991179,-5.899066909911788,5.899066909911788
33.7,68.64098685194773,-34.94098685194773,34.94098685194773
35.3,71.37532260614864,-36.075322606148646,36.075322606148646
55.9,62.042781496694545,-6.142781496694546,6.142781496694546
48.5,37.0729452018478,11.427054798152199,11.427054798152199
40.4,65.02517674558158,-24.625176745581577,24.625176745581577
100.0,78.1997352413224,21.8002647586776,21.8002647586776
97.5,80.29338714459325,17.206612855406746,17.206612855406746
52.3,67.18185143633065,-14.881851436330649,14.881851436330649
84.6,79.02686838473073,5.573131615269261,5.573131615269261
76.6,68.84738152568286,7.752618474317131,7.752618474317131
87.1,73.15545109711309,13.944548902886908,13.944548902886908
71.7,68.73894023346935,2.961059766530653,2.961059766530653
89.9,68.13858593731072,21.761414062689283,21.761414062689283
80.9,61.376778694761924,19.52322130523808,19.52322130523808
67.5,61.70265530596822,5.7973446940317785,5.7973446940317785
45.3,65.15995731451281,-19.859957314512812,19.859957314512812
74.0,67.94757836145686,6.052421638543137,6.052421638543137
48.8,29.008974853455243,19.791025146544754,19.791025146544754
61.0,69.16655713621039,-8.166557136210386,8.166557136210386
51.1,66.25783814007389,-15.157838140073885,15.157838140073885
64.8,70.24778932100207,-5.447789321002077,5.447789321002077
72.9,55.667063116088855,17.23293688391115,17.23293688391115
50.7,62.946363256120605,-12.246363256120603,12.246363256120603
81.3,71.92692460628581,9.373075393714188,9.373075393714188
41.5,31.353248096761178,10.146751903238822,10.146751903238822
47.9,73.10789396581504,-25.20789396581504,25.20789396581504
61.6,54.21908301354614,7.380916986453862,7.380916986453862
100.0,78.76912783760724,21.230872162392757,21.230872162392757
60.2,66.32066121832688,-6.120661218326873,6.120661218326873
68.0,71.67421210769896,-3.6742121076989633,3.6742121076989633
50.5,70.82113788956718,-20.321137889567183,20.321137889567183
79.9,85.63233413702346,-5.732334137023457,5.732334137023457
58.1,65.00762117337092,-6.90762117337092,6.90762117337092
63.1,63.861422118977316,-0.7614221189773147,0.7614221189773147
58.9,67.00298333087392,-8.102983330873919,8.102983330873919
55.7,53.7598526234093,1.9401473765907014,1.9401473765907014
66.9,71.97394326776026,-5.0739432677602565,5.0739432677602565
41.7,49.66361498198154,-7.963614981981536,7.963614981981536
71.5,71.87661576195097,-0.3766157619509727,0.3766157619509727
65.1,79.35771830032246,-14.257718300322466,14.257718300322466
55.3,65.20212691573141,-9.902126915731415,9.902126915731415
91.3,78.26833389469698,13.031666105303017,13.031666105303017
100.0,61.515004081200345,38.484995918799655,38.484995918799655
64.9,51.486264309434034,13.413735690565971,13.413735690565971
40.1,84.01013416360996,-43.91013416360996,43.91013416360996
100.0,86.04123964442232,13.958760355577681,13.958760355577681
47.0,56.09583002229016,-9.095830022290158,9.095830022290158
90.4,72.52220555217991,17.877794447820094,17.877794447820094
58.4,55.42731927205085,2.9726807279491467,2.9726807279491467
78.1,77.49159088921425,0.6084091107857432,0.6084091107857432
73.8,83.00682842425044,-9.206828424250446,9.206828424250446
53.9,57.131842252513195,-3.2318422525131965,3.2318422525131965
67.1,65.1565946232082,1.9434053767917874,1.9434053767917874
62.2,67.57937032720076,-5.3793703272007605,5.3793703272007605
45.5,58.010200102028705,-12.510200102028705,12.510200102028705
53.3,78.26210333151664,-24.962103331516644,24.962103331516644
85.6,73.05369344582982,12.546306554170172,12.546306554170172
59.0,74.86155356212998,-15.861553562129984,15.861553562129984
63.6,67.70775114635615,-4.107751146356144,4.107751146356144
56.9,55.48859411583487,1.4114058841651271,1.4114058841651271
60.1,72.18506295691907,-12.085062956919067,12.085062956919067
100.0,80.18669830460328,19.813301695396717,19.813301695396717
56.9,55.75405857758835,1.1459414224116458,1.1459414224116458
100.0,87.12490582687474,12.875094173125262,12.875094173125262
82.2,74.10076885879917,8.099231141200832,8.099231141200832
77.6,62.96321945416253,14.636780545837468,14.636780545837468
81.8,53.409789504412174,28.390210495587823,28.390210495587823
80.9,82.4488386086914,-1.5488386086913977,1.5488386086913977
67.5,66.63385863017362,0.86614136982638,0.86614136982638
75.8,48.29982700042933,27.500172999570665,27.500172999570665
74.0,67.2729127936189,6.7270872063811,6.7270872063811
47.4,51.016696832953585,-3.6166968329535862,3.6166968329535862
70.7,83.77823518007489,-13.078235180074884,13.078235180074884
84.1,81.91965397739055,2.1803460226094415,2.1803460226094415
55.9,57.21829261525386,-1.3182926152538599,1.3182926152538599
84.5,64.37517903438845,20.124820965611548,20.124820965611548
40.4,61.39117007253492,-20.99117007253492,20.99117007253492
70.3,67.41535241265714,2.8846475873428545,2.8846475873428545
72.6,79.62852256356666,-7.028522563566668,7.028522563566668
43.4,28.235127157940653,15.164872842059346,15.164872842059346
68.1,63.023341589329505,5.07665841067049,5.07665841067049
66.1,67.87556173735129,-1.7755617373512962,1.7755617373512962
98.5,74.88426557395002,23.615734426049983,23.615734426049983
64.5,72.215886807125,-7.715886807125003,7.715886807125003
58.6,53.76005426060425,4.839945739395752,4.839945739395752
43.2,28.186581694454134,15.01341830554587,15.01341830554587
45.6,56.03432907309468,-10.43432907309468,10.43432907309468
69.3,66.05826125132182,3.2417387486781735,3.2417387486781735
39.1,53.63781139128332,-14.53781139128332,14.53781139128332
58.2,85.97939663256011,-27.779396632560108,27.779396632560108
88.7,74.76704400240749,13.932955997592515,13.932955997592515
60.3,67.10226755909184,-6.802267559091845,6.802267559091845
68.6,67.57355808918163,1.0264419108183631,1.0264419108183631
83.7,81.92454972113995,1.775450278860049,1.775450278860049
95.7,72.17791052290664,23.52208947709336,23.52208947709336
56.1,60.6989117595885,-4.598911759588496,4.598911759588496
69.3,65.74451884364856,3.5554811563514335,3.5554811563514335
59.6,66.99366950693587,-7.393669506935872,7.393669506935872
65.2,69.60643335241741,-4.406433352417409,4.406433352417409
65.4,64.96550365377766,0.4344963462223461,0.4344963462223461
68.9,71.48432071161471,-2.5843207116147084,2.5843207116147084
71.4,77.42671493619662,-6.026714936196612,6.026714936196612
67.2,64.49209181638827,2.7079081836117354,2.7079081836117354
68.3,62.10162667331667,6.198373326683324,6.198373326683324
83.8,70.45061925738264,13.349380742617356,13.349380742617356
88.2,79.6201014535963,8.579898546403697,8.579898546403697
36.5,53.14502308623207,-16.645023086232072,16.645023086232072
82.3,61.29537053933029,21.004629460669705,21.004629460669705
66.8,66.64891743246892,0.15108256753107696,0.15108256753107696
53.6,71.53633898258545,-17.936338982585447,17.936338982585447
59.3,63.11924933379771,-3.819249333797714,3.819249333797714
85.5,82.16881225638605,3.3311877436139525,3.3311877436139525
75.7,63.91425207095256,11.785747929047446,11.785747929047446
91.6,80.49172131107184,11.108278688928152,11.108278688928152
34.9,53.90179845555275,-19.001798455552752,19.001798455552752
64.1,58.51382250826893,5.586177491731064,5.586177491731064
69.3,78.45824587772938,-9.158245877729385,9.158245877729385
52.6,65.38273098257525,-12.782730982575252,12.782730982575252
75.8,83.08915914981685,-7.289159149816854,7.289159149816854
56.3,59.19599434950061,-2.8959943495006115,2.8959943495006115
61.7,56.56684299330368,5.133157006696322,5.133157006696322
70.9,73.6750572139585,-2.7750572139584904,2.7750572139584904
66.6,59.27541158623967,7.324588413760324,7.324588413760324
77.5,67.35948895809116,10.140511041908837,10.140511041908837
78.2,75.09637992957323,3.1036200704267713,3.1036200704267713
73.5,69.20724357923848,4.2927564207615205,4.2927564207615205
79.4,61.51281942392251,17.887180576077498,17.887180576077498
55.6,48.462525533229325,7.137474466770676,7.137474466770676
95.1,75.20260764587908,19.89739235412091,19.89739235412091
52.5,65.00117249156585,-12.501172491565853,12.501172491565853
87.6,75.95370278721566,11.646297212784333,11.646297212784333
54.9,50.61094855746484,4.289051442535161,4.289051442535161
70.1,68.14171520537701,1.9582847946229833,1.9582847946229833
47.3,60.51470212987823,-13.214702129878233,13.214702129878233
48.3,81.1298617254896,-32.82986172548961,32.82986172548961
66.6,70.26566395620159,-3.6656639562015982,3.6656639562015982
37.9,71.46933751837486,-33.56933751837486,33.56933751837486
67.4,73.05945187200393,-5.6594518720039275,5.6594518720039275
68.4,70.48043097132972,-2.0804309713297187,2.0804309713297187
49.1,57.99363094832921,-8.89363094832921,8.89363094832921
39.6,39.34205528411405,0.25794471588594803,0.25794471588594803
91.9,65.32372737575292,26.576272624247082,26.576272624247082
77.7,59.343424461594,18.356575538406005,18.356575538406005
64.5,61.605157943893175,2.8948420561068247,2.8948420561068247
62.7,74.30197527285304,-11.60197527285304,11.60197527285304
68.0,77.10622704897298,-9.106227048972983,9.106227048972983
77.1,66.56330044540545,10.536699554594549,10.536699554594549
72.5,79.012491470253,-6.512491470252996,6.512491470252996
43.4,50.97109776751324,-7.571097767513244,7.571097767513244
90.5,82.94593559306105,7.554064406938949,7.554064406938949
84.1,52.21830477749626,31.881695222503737,31.881695222503737
45.2,65.82428164308504,-20.62428164308504,20.62428164308504
92.8,69.62929569223093,23.17070430776907,23.17070430776907
59.6,69.43459959924348,-9.834599599243482,9.834599599243482
46.1,60.53517431741949,-14.435174317419488,14.435174317419488
60.4,60.48504385318978,-0.0850438531897808,0.0850438531897808
73.1,73.64143777924,-0.5414377792399989,0.5414377792399989
73.2,70.96344062381843,2.2365593761815745,2.2365593761815745
62.0,70.24172784501411,-8.241727845014111,8.241727845014111
62.1,61.73696390850523,0.3630360914947701,0.3630360914947701
40.9,48.705756512086225,-7.8057565120862265,7.8057565120862265
58.4,66.9468142139026,-8.5468142139026,8.5468142139026
67.3,66.67630226505207,0.6236977349479247,0.6236977349479247
77.2,76.05019566682256,1.1498043331774426,1.1498043331774426
61.3,61.880346882651224,-0.5803468826512272,0.5803468826512272
84.1,65.19956467309675,18.90043532690325,18.90043532690325
74.3,69.05396491484146,5.246035085158539,5.246035085158539
96.9,76.35902750012184,20.540972499878166,20.540972499878166
79.9,73.62672133410359,6.273278665896413,6.273278665896413
65.4,77.43751492503844,-12.037514925038437,12.037514925038437
82.6,54.01420911752285,28.58579088247714,28.58579088247714
55.7,69.12557666959287,-13.425576669592871,13.425576669592871
53.7,59.33969540572167,-5.6396954057216675,5.6396954057216675
76.9,76.69864852858478,0.20135147141522225,0.20135147141522225
48.3,55.08904989706018,-6.789049897060181,6.789049897060181
69.9,73.34555483032631,-3.4455548303263015,3.4455548303263015
51.5,68.42529604124496,-16.925296041244962,16.925296041244962
68.6,72.56307171349476,-3.96307171349477,3.96307171349477
27.5,46.105056974250715,-18.605056974250715,18.605056974250715
77.5,68.50292080061587,8.997079199384132,8.997079199384132
91.2,72.8654016662449,18.334598333755096,18.334598333755096
57.5,61.52449968991215,-4.0244996899121475,4.0244996899121475
73.0,67.92661541851083,5.073384581489165,5.073384581489165
53.3,58.065310599002316,-4.765310599002319,4.765310599002319
69.4,74.376139154768,-4.976139154767992,4.976139154767992
58.2,68.31707635559428,-10.117076355594278,10.117076355594278
40.0,56.919174911379514,-16.919174911379514,16.919174911379514
100.0,84.07536552148622,15.92463447851378,15.92463447851378
55.0,55.17509974149954,-0.17509974149953678,0.17509974149953678
49.1,43.69177625865376,5.408223741346241,5.408223741346241
66.5,68.50497479305591,-2.004974793055908,2.004974793055908
69.7,72.59794795867083,-2.8979479586708266,2.8979479586708266
54.9,56.417489173107015,-1.5174891731070161,1.5174891731070161
57.5,66.45606276976042,-8.956062769760422,8.956062769760422
100.0,71.85100707528244,28.14899292471756,28.14899292471756
66.3,66.89117385577319,-0.5911738557731923,0.5911738557731923
62.1,72.35393187854243,-10.253931878542424,10.253931878542424
72.2,74.74641139491683,-2.5464113949168308,2.5464113949168308
80.8,76.35291150034243,4.447088499657568,4.447088499657568
76.9,63.40765055165423,13.492349448345777,13.492349448345777
65.4,75.53226395369984,-10.132263953699834,10.132263953699834
34.3,53.184868697409854,-18.884868697409857,18.884868697409857
66.6,59.58734237610287,7.012657623897127,7.012657623897127
58.9,67.69576751073964,-8.795767510739644,8.795767510739644
73.0,65.08423855655565,7.915761443444353,7.915761443444353
80.8,67.65531062250528,13.144689377494714,13.144689377494714
57.4,69.13807807639756,-11.738078076397564,11.738078076397564
64.0,66.42736589413789,-2.4273658941378926,2.4273658941378926
42.7,41.44403676954994,1.2559632304500639,1.2559632304500639
78.1,79.51526194802864,-1.4152619480286432,1.4152619480286432
91.7,72.44771968956874,19.25228031043126,19.25228031043126
100.0,74.07808862722257,25.92191137277743,25.92191137277743
75.4,90.91917368899227,-15.519173688992268,15.519173688992268
52.2,50.416860378209265,1.7831396217907383,1.7831396217907383
52.0,59.01727108161481,-7.017271081614808,7.017271081614808
60.5,58.435906780196945,2.0640932198030555,2.0640932198030555
61.4,58.911393852191225,2.488606147808774,2.488606147808774
100.0,65.45570528742422,34.54429471257578,34.54429471257578
80.0,61.062044287279775,18.937955712720225,18.937955712720225
83.0,59.212802943544034,23.787197056455966,23.787197056455966
43.8,66.23354095479141,-22.43354095479141,22.43354095479141
48.8,55.387459768258765,-6.587459768258768,6.587459768258768
62.6,78.47138578907061,-15.871385789070608,15.871385789070608
42.3,46.300577294916934,-4.000577294916937,4.000577294916937
88.8,71.8257855444703,16.97421445552969,16.97421445552969
61.9,63.529914879010676,-1.629914879010677,1.629914879010677
74.4,60.71816938254551,13.681830617454494,13.681830617454494
41.0,50.587368735663915,-9.587368735663915,9.587368735663915
76.5,60.36655701155041,16.133442988449588,16.133442988449588
66.6,55.414145147393015,11.18585485260698,11.18585485260698
53.6,63.462924295196785,-9.862924295196784,9.862924295196784
70.6,61.049475080204445,9.55052491979555,9.55052491979555
71.5,70.19029420540596,1.3097057945940378,1.3097057945940378
53.1,58.245148298860784,-5.145148298860782,5.145148298860782
66.6,68.58693594416926,-1.986935944169261,1.986935944169261
46.3,52.94460032254972,-6.644600322549721,6.644600322549721
72.2,63.018073743858395,9.181926256141608,9.181926256141608
51.9,71.99583803068873,-20.095838030688732,20.095838030688732
56.2,54.89851869687641,1.3014813031235946,1.3014813031235946
87.2,82.09975234754609,5.100247652453916,5.100247652453916
67.6,63.06719026474852,4.532809735251476,4.532809735251476
71.1,78.934038398474,-7.834038398474007,7.834038398474007
82.8,66.46875855273242,16.331241447267573,16.331241447267573
83.4,78.7899165290682,4.610083470931812,4.610083470931812
77.4,59.01779232104616,18.382207678953847,18.382207678953847
44.7,54.18827346789203,-9.488273467892029,9.488273467892029
84.6,71.69339137352097,12.906608626479027,12.906608626479027
82.2,79.93901261167932,2.260987388320686,2.260987388320686
59.2,66.25036174932865,-7.050361749328644,7.050361749328644
43.0,52.17802054810272,-9.178020548102722,9.178020548102722
46.9,58.2627751383244,-11.362775138324402,11.362775138324402
92.9,70.82406965477651,22.075930345223497,22.075930345223497
35.8,51.365471174526874,-15.565471174526877,15.565471174526877
38.5,69.45708077219581,-30.95708077219581,30.95708077219581
78.1,73.65048971878633,4.449510281213662,4.449510281213662
58.7,72.30133936591199,-13.601339365911983,13.601339365911983
58.8,76.17440841843393,-17.37440841843393,17.37440841843393
76.5,71.20996176399507,5.290038236004932,5.290038236004932
76.2,61.202505521906176,14.997494478093827,14.997494478093827
61.9,59.53969728909345,2.360302710906545,2.360302710906545
33.6,73.24288826068056,-39.64288826068056,39.64288826068056
56.9,52.34978785422146,4.550212145778538,4.550212145778538
100.0,81.29736114393415,18.702638856065846,18.702638856065846
71.1,62.01839280280422,9.081607197195773,9.081607197195773
71.9,69.55581948820469,2.344180511795315,2.344180511795315
71.5,75.20845348147611,-3.7084534814761128,3.7084534814761128
53.2,50.21411526789876,2.9858847321012405,2.9858847321012405
60.8,64.32404028226756,-3.5240402822675634,3.5240402822675634
68.8,69.61442695450239,-0.8144269545023946,0.8144269545023946
66.9,72.94531844858989,-6.045318448589882,6.045318448589882
92.7,72.26502391496666,20.43497608503334,20.43497608503334
60.0,77.05868792405175,-17.058687924051753,17.058687924051753
59.3,59.250885641132584,0.049114358867413443,0.049114358867413443
32.8,36.621747443369145,-3.821747443369148,3.821747443369148
62.1,70.05360275320243,-7.953602753202425,7.953602753202425
70.3,66.97714022669902,3.3228597733009764,3.3228597733009764
70.8,77.59546707866207,-6.795467078662071,6.795467078662071
52.1,76.09430821609908,-23.99430821609908,23.99430821609908
53.8,58.66840065147582,-4.868400651475824,4.868400651475824
86.0,83.00018038269127,2.999819617308731,2.999819617308731
63.4,57.14501345868041,6.254986541319589,6.254986541319589
66.0,69.95047470340887,-3.9504747034088723,3.9504747034088723
72.9,72.57250863002275,0.3274913699772526,0.3274913699772526
42.8,45.448571412762135,-2.648571412762138,2.648571412762138
32.4,50.52435350044493,-18.124353500444933,18.124353500444933
55.7,69.89996762274967,-14.199967622749668,14.199967622749668
85.4,67.70237002860671,17.697629971393297,17.697629971393297
81.2,69.61708909855741,11.582910901442588,11.582910901442588
57.6,63.4601028392907,-5.860102839290697,5.860102839290697
100.0,86.10344841151789,13.896551588482112,13.896551588482112
69.3,63.251489018875816,6.048510981124181,6.048510981124181
42.2,19.600501141422143,22.59949885857786,22.59949885857786
41.3,61.974307361005685,-20.674307361005688,20.674307361005688
55.9,60.34864364732715,-4.4486436473271525,4.4486436473271525
84.1,77.54174036961405,6.5582596303859475,6.5582596303859475
76.2,78.64707144431708,-2.447071444317075,2.447071444317075
55.1,77.42249951134107,-22.32249951134107,22.32249951134107
58.7,50.285247322529386,8.414752677470617,8.414752677470617
47.5,40.16323878185321,7.3367612181467905,7.3367612181467905
62.9,58.288142121001385,4.611857878998613,4.611857878998613
54.3,56.39515708177288,-2.095157081772882,2.095157081772882
70.9,74.24413740727425,-3.3441374072742462,3.3441374072742462
75.9,54.65814575486445,21.241854245135556,21.241854245135556
67.5,73.67292421793258,-6.172924217932575,6.172924217932575
100.0,82.35053760604575,17.649462393954252,17.649462393954252
76.7,63.92493753219327,12.775062467806734,12.775062467806734
52.9,61.84649681116349,-8.946496811163492,8.946496811163492
66.5,69.58161560455608,-3.0816156045560774,3.0816156045560774
56.2,77.56109699669143,-21.36109699669143,21.36109699669143
61.8,60.01449434106928,1.7855056589307168,1.7855056589307168
59.1,52.03966280420974,7.060337195790261,7.060337195790261
83.7,75.6237285829518,8.076271417048204,8.076271417048204
76.4,71.55950858984386,4.840491410156147,4.840491410156147
45.1,51.30560295628982,-6.205602956289816,6.205602956289816
67.1,62.26887971050519,4.831120289494805,4.831120289494805
68.6,65.90236296582333,2.6976370341766653,2.6976370341766653
41.6,28.333743561350843,13.266256438649158,13.266256438649158
93.5,80.5709485123412,12.929051487658796,12.929051487658796
73.3,72.73525867418923,0.5647413258107719,0.5647413258107719
61.7,73.6093131979228,-11.909313197922799,11.909313197922799
56.2,69.26108181715762,-13.061081817157614,13.061081817157614
48.3,37.95981092782857,10.340189072171427,10.340189072171427
61.3,71.0741968176286,-9.774196817628606,9.774196817628606
58.5,72.12155181903718,-13.62155181903718,13.62155181903718
52.7,54.42136444297762,-1.7213644429776167,1.7213644429776167
72.4,71.04232127634293,1.3576787236570738,1.3576787236570738
46.8,67.16932542202804,-20.36932542202804,20.36932542202804
45.0,60.823640549063896,-15.823640549063896,15.823640549063896
37.0,52.752462191355335,-15.752462191355335,15.752462191355335
72.8,73.98841011940243,-1.188410119402434,1.188410119402434
69.0,69.89949463970771,-0.8994946397077115,0.8994946397077115
53.7,60.59809926907337,-6.89809926907337,6.89809926907337
90.1,69.2745134748771,20.825486525122898,20.825486525122898
73.8,78.38915001050327,-4.589150010503275,4.589150010503275
58.4,80.90359937325945,-22.503599373259455,22.503599373259455
78.6,80.18629295064244,-1.586292950642445,1.586292950642445
78.5,75.7402959197304,2.7597040802696,2.7597040802696
91.7,87.43206592194986,4.267934078050146,4.267934078050146
54.0,55.9493139840165,-1.9493139840164986,1.9493139840164986
63.6,66.02095149946263,-2.4209514994626247,2.4209514994626247
44.0,49.275024453106084,-5.275024453106084,5.275024453106084
24.8,48.930014074668634,-24.130014074668633,24.130014074668633
49.8,55.22467523448171,-5.424675234481711,5.424675234481711
64.4,68.69422348266227,-4.294223482662261,4.294223482662261
89.4,67.06574406766896,22.334255932331047,22.334255932331047
79.1,87.55005701553137,-8.450057015531371,8.450057015531371
60.1,60.250763789206644,-0.15076378920664268,0.15076378920664268
55.9,51.85210351674931,4.047896483250689,4.047896483250689
58.0,58.64390438263308,-0.6439043826330817,0.6439043826330817
68.4,66.64900396136241,1.7509960386375951,1.7509960386375951
71.4,91.92023302537132,-20.52023302537131,20.52023302537131
100.0,77.83234643457718,22.167653565422825,22.167653565422825
49.9,35.09350319877535,14.806496801224647,14.806496801224647
66.7,59.570021328849975,7.1299786711500275,7.1299786711500275
76.3,75.27433708735134,1.0256629126486558,1.0256629126486558
69.3,68.06722950066785,1.2327704993321476,1.2327704993321476
57.9,67.69667159368936,-9.79667159368936,9.79667159368936
98.6,94.6494740613557,3.95052593864429,3.95052593864429
56.0,64.5197763062987,-8.519776306298695,8.519776306298695
51.0,67.31542042085931,-16.31542042085931,16.31542042085931
79.5,57.23654974328315,22.26345025671685,22.26345025671685
54.6,64.63762677854436,-10.037626778544357,10.037626778544357
43.3,64.38837582440942,-21.088375824409425,21.088375824409425
34.3,56.01450330402798,-21.714503304027986,21.714503304027986
46.2,61.15393730340077,-14.953937303400764,14.953937303400764
36.5,50.8469453447027,-14.346945344702704,14.346945344702704
95.3,84.79163303777221,10.508366962227782,10.508366962227782
60.7,69.12302729575856,-8.423027295758558,8.423027295758558
89.0,77.3111452312857,11.688854768714293,11.688854768714293
85.9,81.90997427839284,3.990025721607168,3.990025721607168
53.7,60.05521596578171,-6.35521596578171,6.35521596578171
38.6,53.010066810068565,-14.410066810068564,14.410066810068564
45.9,47.123058511632394,-1.223058511632395,1.223058511632395
70.2,69.54694541015385,0.6530545898461497,0.6530545898461497
81.7,81.36430415545937,0.3356958445406377,0.3356958445406377
47.2,56.69388356128877,-9.493883561288769,9.493883561288769
80.7,56.818866035323026,23.881133964676977,23.881133964676977
66.1,73.77204926211729,-7.672049262117298,7.672049262117298
70.0,68.87546025753784,1.1245397424621615,1.1245397424621615
92.1,83.8432743204495,8.256725679550499,8.256725679550499
40.9,60.34496518853928,-19.44496518853928,19.44496518853928
71.5,59.15265798036279,12.34734201963721,12.34734201963721
32.9,41.114893198366076,-8.214893198366077,8.214893198366077
79.2,66.91434559644006,12.285654403559946,12.285654403559946
82.3,80.60472940388621,1.6952705961137866,1.6952705961137866
47.7,64.60022698924502,-16.900226989245013,16.900226989245013
69.0,64.68629821534853,4.313701784651471,4.313701784651471
63.7,74.36882534919948,-10.66882534919948,10.66882534919948
32.5,61.86529557309501,-29.36529557309501,29.36529557309501
76.3,58.15288475882278,18.147115241177218,18.147115241177218
56.1,56.32172034691632,-0.22172034691632092,0.22172034691632092
88.8,77.76249735397232,11.037502646027676,11.037502646027676
100.0,71.71947601581672,28.280523984183276,28.280523984183276
76.4,69.45967025342759,6.9403297465724165,6.9403297465724165
59.9,67.36976757789131,-7.469767577891311,7.469767577891311
100.0,87.03656388590844,12.963436114091564,12.963436114091564
71.0,77.44199645234715,-6.441996452347155,6.441996452347155
77.0,71.21960923280488,5.780390767195115,5.780390767195115
72.1,58.378922290847186,13.721077709152809,13.721077709152809
57.6,71.19834266531404,-13.598342665314043,13.598342665314043
62.4,65.54127890265448,-3.1412789026544843,3.1412789026544843
60.1,51.226068534054036,8.873931465945965,8.873931465945965
58.0,65.53172123092679,-7.531721230926792,7.531721230926792
60.1,54.25667009572578,5.843329904274221,5.843329904274221
57.8,70.44647535143145,-12.646475351431448,12.646475351431448
69.4,68.87866464962974,0.5213353503702649,0.5213353503702649
74.3,69.38890776688697,4.911092233113024,4.911092233113024
64.4,74.3616393972357,-9.9616393972357,9.9616393972357
73.7,71.3192893086881,2.3807106913119043,2.3807106913119043
87.5,85.16560496014597,2.33439503985403,2.33439503985403
100.0,88.02788016104455,11.97211983895545,11.97211983895545
41.1,36.69945032265906,4.4005496773409405,4.4005496773409405
61.2,63.838439747876464,-2.638439747876461,2.638439747876461
87.3,66.60884646665102,20.69115353334898,20.69115353334898
78.0,71.65516117939552,6.34483882060448,6.34483882060448
65.2,65.4392352934322,-0.23923529343220196,0.23923529343220196
92.2,76.9170032773016,15.2829967226984,15.2829967226984
84.7,69.84728183232814,14.852718167671867,14.852718167671867
84.0,88.45727035145308,-4.457270351453076,4.457270351453076
64.3,75.08869120120778,-10.788691201207783,10.788691201207783
78.2,58.723406536898494,19.47659346310151,19.47659346310151
61.0,68.4702961874043,-7.470296187404301,7.470296187404301
82.6,78.69990417832864,3.900095821671357,3.900095821671357
52.1,53.365137946855924,-1.2651379468559227,1.2651379468559227
54.6,61.327388712532525,-6.727388712532523,6.727388712532523
91.2,73.1688015880552,18.0311984119448,18.0311984119448
63.1,69.4600096505182,-6.360009650518201,6.360009650518201
55.6,52.315918348376044,3.284081651623957,3.284081651623957
93.7,83.71022070751485,9.989779292485153,9.989779292485153
74.5,60.462619183630295,14.037380816369705,14.037380816369705
61.2,60.94131798238743,0.25868201761257126,0.25868201761257126
79.2,73.6850903468819,5.514909653118096,5.514909653118096
76.0,68.62175655583223,7.378243444167765,7.378243444167765
71.4,56.577988466386955,14.82201153361305,14.82201153361305
100.0,91.54647770943049,8.45352229056951,8.45352229056951
47.0,67.60004776127573,-20.600047761275732,20.600047761275732
40.0,49.35531860283396,-9.355318602833961,9.355318602833961
58.6,65.76935014351261,-7.1693501435126095,7.1693501435126095
87.6,74.2143465626807,13.385653437319291,13.385653437319291
74.7,61.99235250140913,12.707647498590873,12.707647498590873
49.7,62.636160740794026,-12.936160740794023,12.936160740794023
49.9,55.702582141841106,-5.802582141841107,5.802582141841107
100.0,72.98321624653175,27.016783753468246,27.016783753468246
82.3,75.32241016881329,6.977589831186705,6.977589831186705
87.6,61.90296745578843,25.697032544211567,25.697032544211567
46.6,45.68097348771403,0.9190265122859742,0.9190265122859742
41.3,49.02399064280388,-7.723990642803884,7.723990642803884
40.2,58.61820150097424,-18.418201500974234,18.418201500974234
83.4,65.2035426767319,18.196457323268106,18.196457323268106
71.3,70.99839757468033,0.30160242531967185,0.30160242531967185
55.9,54.06504191465149,1.8349580853485108,1.8349580853485108
83.3,72.95466224582822,10.34533775417178,10.34533775417178
55.1,52.12356049851559,2.976439501484414,2.976439501484414
45.2,58.35046404401163,-13.150464044011628,13.150464044011628
79.6,67.97057660807235,11.629423391927645,11.629423391927645
70.1,93.2525132433957,-23.152513243395703,23.152513243395703
45.7,52.45254952498823,-6.7525495249882255,6.7525495249882255
84.0,77.6842660893737,6.315733910626307,6.315733910626307
76.3,65.25889752054752,11.041102479452476,11.041102479452476
89.1,73.99495308045812,15.105046919541877,15.105046919541877
65.5,75.17661493960225,-9.676614939602246,9.676614939602246
61.3,72.13464402084674,-10.834644020846738,10.834644020846738
85.1,75.08295562798128,10.017044372018717,10.017044372018717
44.5,35.5143467630416,8.985653236958399,8.985653236958399
73.9,69.8578764551026,4.042123544897407,4.042123544897407
77.2,66.79571005198301,10.404289948016995,10.404289948016995
74.3,69.52221792760355,4.777782072396448,4.777782072396448
59.8,41.059369265307794,18.740630734692203,18.740630734692203
74.9,67.85940404803478,7.04059595196523,7.04059595196523
67.6,56.14766595772835,11.452334042271644,11.452334042271644
62.2,60.33397494493721,1.8660250550627921,1.8660250550627921
66.9,60.515997501637855,6.38400249836215,6.38400249836215
100.0,78.49073670920774,21.509263290792262,21.509263290792262
68.1,81.5507414059042,-13.45074140590421,13.45074140590421
69.7,73.36356989794798,-3.66356989794798,3.66356989794798
66.8,69.18562176792506,-2.385621767925059,2.385621767925059
41.7,54.657810167333196,-12.957810167333193,12.957810167333193
48.6,51.5632386319279,-2.9632386319279007,2.9632386319279007
98.2,87.9931783944553,10.206821605544704,10.206821605544704
38.7,49.86954532818345,-11.169545328183446,11.169545328183446
51.0,71.36783474390995,-20.367834743909953,20.367834743909953
82.3,73.52651813687555,8.773481863124445,8.773481863124445
71.7,57.15102678447721,14.548973215522793,14.548973215522793
96.9,71.68720027210367,25.21279972789634,25.21279972789634
69.5,61.760945698590376,7.739054301409624,7.739054301409624
71.6,57.43894510063183,14.161054899368168,14.161054899368168
26.5,39.798087831494584,-13.298087831494584,13.298087831494584
100.0,70.32847593403119,29.67152406596881,29.67152406596881
68.9,65.82691825322445,3.073081746775557,3.073081746775557
72.8,78.88370315941563,-6.083703159415634,6.083703159415634
56.7,64.57746288356043,-7.877462883560426,7.877462883560426
76.5,74.85128918951386,1.6487108104861363,1.6487108104861363
61.6,72.64589903088705,-11.04589903088705,11.04589903088705
72.0,81.14179096743175,-9.141790967431746,9.141790967431746
66.3,60.89327886675949,5.406721133240509,5.406721133240509
79.2,73.02021919689685,6.1797808031031565,6.1797808031031565
65.4,69.43821364888538,-4.038213648885375,4.038213648885375
43.9,68.70697667062916,-24.80697667062916,24.80697667062916
37.4,55.134414734493475,-17.734414734493477,17.734414734493477
42.4,40.72007251528572,1.6799274847142769,1.6799274847142769
75.9,71.066611280465,4.833388719535009,4.833388719535009
74.2,58.57709939596822,15.622900604031784,15.622900604031784
54.8,46.20002529454348,8.599974705456518,8.599974705456518
64.8,80.32968357406128,-15.52968357406128,15.52968357406128
49.2,62.6011784944821,-13.401178494482096,13.401178494482096
62.9,74.38240213692842,-11.482402136928421,11.482402136928421
100.0,74.0914334803494,25.908566519650606,25.908566519650606
57.8,68.8415558129928,-11.041555812992797,11.041555812992797
85.7,81.5251489383993,4.174851061600705,4.174851061600705
81.7,70.29153830440492,11.40846169559508,11.40846169559508
64.3,84.31988592876303,-20.01988592876303,20.01988592876303
68.9,71.31163134818087,-2.411631348180862,2.411631348180862
49.5,57.33395263352402,-7.833952633524021,7.833952633524021
74.9,63.244445964782074,11.655554035217932,11.655554035217932
71.0,55.8106001909502,15.189399809049803,15.189399809049803
58.1,57.862591268923666,0.23740873107633576,0.23740873107633576
63.4,60.21169005567248,3.1883099443275214,3.1883099443275214
63.2,67.97286593989537,-4.772865939895368,4.772865939895368
61.4,64.4455387214989,-3.0455387214989074,3.0455387214989074
98.2,80.52685592714823,17.67314407285177,17.67314407285177
73.5,68.45080753118611,5.049192468813885,5.049192468813885
80.1,79.00313458785661,1.0968654121433872,1.0968654121433872
52.3,67.50000666126186,-15.200006661261867,15.200006661261867
68.2,62.172706940561625,6.027293059438378,6.027293059438378
59.4,51.79597740148455,7.604022598515449,7.604022598515449
51.7,61.59586449548567,-9.895864495485668,9.895864495485668
76.5,68.52078816474341,7.979211835256592,7.979211835256592
47.2,28.974623951008184,18.22537604899182,18.22537604899182
47.9,49.568291561123544,-1.6682915611235458,1.6682915611235458
44.7,50.15035390182891,-5.450353901828905,5.450353901828905
34.3,44.536529814352946,-10.236529814352949,10.236529814352949
60.1,60.488185156422446,-0.3881851564224448,0.3881851564224448
68.8,78.23961298447279,-9.439612984472788,9.439612984472788
54.8,50.45637328450215,4.343626715497848,4.343626715497848
88.9,77.99330268517997,10.906697314820036,10.906697314820036
75.8,65.18263527998795,10.617364720012048,10.617364720012048
69.5,64.8747894015882,4.6252105984117975,4.6252105984117975
47.5,53.57948603490928,-6.07948603490928,6.07948603490928
59.5,63.58297953286217,-4.0829795328621685,4.0829795328621685
67.1,79.39946475954122,-12.299464759541223,12.299464759541223
58.3,74.56673670858373,-16.266736708583736,16.266736708583736
85.4,78.54950187640716,6.850498123592843,6.850498123592843
36.8,52.47189727160901,-15.671897271609012,15.671897271609012
59.4,71.77400733077667,-12.37400733077667,12.37400733077667
69.5,64.07742617618942,5.4225738238105805,5.4225738238105805
63.9,73.50027227254247,-9.600272272542476,9.600272272542476
49.4,43.90368692921808,5.496313070781916,5.496313070781916
66.9,62.03521009323248,4.864789906767527,4.864789906767527
60.3,74.21488198101179,-13.914881981011789,13.914881981011789
64.5,60.96517207939132,3.5348279206086772,3.5348279206086772
51.8,61.50397139883614,-9.703971398836146,9.703971398836146
76.1,56.8758485026853,19.224151497314693,19.224151497314693
53.2,48.47675474731656,4.723245252683441,4.723245252683441
82.3,90.47669411446668,-8.176694114466684,8.176694114466684
45.8,63.43175732354126,-17.631757323541265,17.631757323541265
62.7,76.9371855390034,-14.237185539003391,14.237185539003391
70.9,76.14871004864744,-5.248710048647439,5.248710048647439
71.2,71.35564595891083,-0.15564595891082433,0.15564595891082433
46.3,56.12177730639621,-9.821777306396214,9.821777306396214
73.8,66.82389913850056,6.976100861499432,6.976100861499432
57.3,58.947797421294865,-1.647797421294868,1.647797421294868
54.9,56.94790959815407,-2.047909598154071,2.047909598154071
79.2,85.98651703922098,-6.786517039220982,6.786517039220982
66.2,67.11464104572298,-0.9146410457229734,0.9146410457229734
59.3,64.85395114075294,-5.553951140752943,5.553951140752943
100.0,67.35159503436483,32.648404965635166,32.648404965635166
72.8,57.0232725264691,15.776727473530897,15.776727473530897
70.0,54.853095355173025,15.146904644826975,15.146904644826975
57.9,62.25373671638265,-4.353736716382649,4.353736716382649
73.3,70.4774820284266,2.82251797157339,2.82251797157339
57.9,54.958049190012616,2.9419508099873823,2.9419508099873823
80.5,71.98266003159011,8.517339968409885,8.517339968409885
64.7,62.01966813415845,2.680331865841552,2.680331865841552
59.3,65.21925086868134,-5.919250868681345,5.919250868681345
61.6,68.72454298463293,-7.124542984632932,7.124542984632932
77.4,63.84292265334375,13.557077346656257,13.557077346656257
47.5,60.2555736998641,-12.755573699864101,12.755573699864101
81.3,75.85003211001799,5.449967889982005,5.449967889982005
52.7,57.800616353446856,-5.100616353446853,5.100616353446853
36.7,71.24221858878218,-34.54221858878218,34.54221858878218
49.3,71.26467886896165,-21.964678868961656,21.964678868961656
100.0,94.31172748526546,5.688272514734535,5.688272514734535
55.9,57.50568780984929,-1.605687809849293,1.605687809849293
100.0,80.31705159935058,19.682948400649423,19.682948400649423
65.3,64.12455061389511,1.1754493861048871,1.1754493861048871
26.1,45.86164706115011,-19.761647061150107,19.761647061150107
96.8,88.11361006390626,8.686389936093732,8.686389936093732
75.7,71.07434868468727,4.625651315312737,4.625651315312737
56.1,64.39266465972202,-8.292664659722014,8.292664659722014
100.0,75.41786457846592,24.582135421534076,24.582135421534076
56.6,62.52479268292865,-5.924792682928647,5.924792682928647
44.1,58.449625591319716,-14.349625591319715,14.349625591319715
61.6,67.98221641295106,-6.38221641295106,6.38221641295106
68.5,60.01377200405739,8.486227995942613,8.486227995942613
54.6,60.854513116401314,-6.254513116401313,6.254513116401313
66.0,74.98359902102271,-8.983599021022712,8.983599021022712
71.5,64.84912104423483,6.650878955765165,6.650878955765165
94.5,73.57345305784753,20.92654694215247,20.92654694215247
80.4,61.659557118753526,18.74044288124648,18.74044288124648
53.6,53.10987995099259,0.4901200490074089,0.4901200490074089
66.2,70.34035872728825,-4.140358727288245,4.140358727288245
43.7,29.000264435393603,14.6997355646064,14.6997355646064
62.8,66.21945540966391,-3.419455409663911,3.419455409663911
71.9,59.59930923537331,12.300690764626694,12.300690764626694
55.8,76.87873359820082,-21.078733598200827,21.078733598200827
84.4,70.40771445520511,13.992285544794896,13.992285544794896
74.7,63.32676195928036,11.373238040719642,11.373238040719642
99.4,70.0733242033196,29.326675796680405,29.326675796680405
75.1,70.57852226683491,4.521477733165085,4.521477733165085
63.3,75.11094558068925,-11.81094558068925,11.81094558068925
76.3,69.62038434002636,6.679615659973635,6.679615659973635
59.3,85.49911461498414,-26.19911461498414,26.19911461498414
60.4,54.395071444993846,6.004928555006153,6.004928555006153
40.0,49.99974474061344,-9.999744740613437,9.999744740613437
76.9,77.91497198986372,-1.0149719898637102,1.0149719898637102
33.8,53.561383467840756,-19.76138346784076,19.76138346784076
52.7,48.254226302196116,4.445773697803887,4.445773697803887
68.5,62.378372450999336,6.121627549000664,6.121627549000664
51.0,74.24295108903141,-23.242951089031408,23.242951089031408
60.7,53.033668754819644,7.666331245180359,7.666331245180359
58.7,56.509569701036696,2.1904302989633067,2.1904302989633067
43.3,28.867886330506735,14.432113669493262,14.432113669493262
58.9,59.266375077448174,-0.36637507744817555,0.36637507744817555
65.9,61.26194907588581,4.6380509241141965,4.6380509241141965
42.0,38.612103909987354,3.387896090012646,3.387896090012646
52.2,71.2686387082687,-19.068638708268693,19.068638708268693
61.0,57.501497889632674,3.498502110367326,3.498502110367326
57.2,62.346248040998034,-5.146248040998032,5.146248040998032
100.0,84.48081272736927,15.519187272630731,15.519187272630731
53.3,52.1248420572781,1.1751579427218957,1.1751579427218957
88.3,67.53787187740897,20.762128122591022,20.762128122591022
95.9,66.1680413807859,29.73195861921411,29.73195861921411
75.6,74.6182229992948,0.9817770007051934,0.9817770007051934
34.6,60.461101570741796,-25.861101570741795,25.861101570741795
69.3,67.5165367361202,1.7834632638797956,1.7834632638797956
56.8,76.62174274843017,-19.821742748430168,19.821742748430168
81.0,70.41887087971355,10.581129120286448,10.581129120286448
69.2,73.18144747979181,-3.981447479791811,3.981447479791811
81.7,62.589267129594475,19.110732870405528,19.110732870405528
72.8,69.34426985705954,3.455730142940453,3.455730142940453
40.6,49.597324141855154,-8.997324141855152,8.997324141855152
91.2,76.31084175616286,14.889158243837144,14.889158243837144
51.6,58.66492754153353,-7.064927541533528,7.064927541533528
81.7,67.67763168320516,14.02236831679484,14.02236831679484
51.9,76.37724190702141,-24.477241907021416,24.477241907021416
95.2,66.18954421787532,29.01045578212468,29.01045578212468
65.6,57.81966075997093,7.780339240029065,7.780339240029065
68.8,77.71822909248897,-8.918229092488971,8.918229092488971
64.6,69.49661501726706,-4.896615017267067,4.896615017267067
86.0,64.40034866799994,21.599651332000064,21.599651332000064
53.8,56.7628812906172,-2.9628812906172044,2.9628812906172044
74.3,55.336982713863904,18.963017286136093,18.963017286136093
71.5,75.56712661876549,-4.067126618765485,4.067126618765485
100.0,70.16495867059172,29.835041329408284,29.835041329408284
47.2,46.933196593658266,0.2668034063417366,0.2668034063417366
49.1,36.76430066487944,12.335699335120559,12.335699335120559
53.3,63.69589723197754,-10.395897231977543,10.395897231977543
69.2,68.80169606369424,0.39830393630576566,0.39830393630576566
62.0,73.12958713587466,-11.129587135874658,11.129587135874658
70.9,63.64242833216389,7.2575716678361175,7.2575716678361175
64.6,60.94919357788763,3.6508064221123675,3.6508064221123675
63.7,62.33006167306195,1.3699383269380547,1.3699383269380547
58.1,64.34375507545576,-6.243755075455759,6.243755075455759
49.8,65.18263417588622,-15.382634175886224,15.382634175886224
69.3,66.27682786363528,3.023172136364721,3.023172136364721
71.3,69.28842157546131,2.0115784245386834,2.0115784245386834
79.3,79.05170298566446,0.24829701433553453,0.24829701433553453
67.5,55.61653359935946,11.883466400640543,11.883466400640543
45.2,64.07904689124354,-18.879046891243533,18.879046891243533
59.8,64.85363323135823,-5.0536332313582335,5.0536332313582335
54.5,63.043066188890734,-8.543066188890734,8.543066188890734
31.0,42.14231457115193,-11.142314571151928,11.142314571151928
86.2,80.25892663709703,5.941073362902969,5.941073362902969
82.6,72.7961459523076,9.803854047692397,9.803854047692397
100.0,89.95019853112655,10.049801468873454,10.049801468873454
93.4,82.2530683869224,11.146931613077612,11.146931613077612
52.5,61.16388960761549,-8.663889607615488,8.663889607615488
97.7,64.34127791007762,33.35872208992238,33.35872208992238
39.0,58.6085326355186,-19.6085326355186,19.6085326355186
70.3,56.87335863346357,13.42664136653643,13.42664136653643
58.1,68.64105461278416,-10.541054612784158,10.541054612784158
37.3,57.77377701795206,-20.47377701795206,20.47377701795206
63.6,62.115622470226185,1.4843775297738162,1.4843775297738162
81.6,62.29760923847414,19.302390761525857,19.302390761525857
91.8,75.69999542192738,16.100004578072614,16.100004578072614
55.0,66.59819473236274,-11.598194732362742,11.598194732362742
74.9,72.83007950975485,2.0699204902451527,2.0699204902451527
72.1,67.53716098344876,4.562839016551237,4.562839016551237
39.2,31.843564143323306,7.356435856676697,7.356435856676697
80.6,79.93788194185899,0.6621180581410044,0.6621180581410044
86.2,79.40488551908737,6.7951144809126305,6.7951144809126305
51.5,79.81721259165931,-28.317212591659313,28.317212591659313
85.4,54.10114551748592,31.298854482514088,31.298854482514088
97.6,74.50966906908116,23.09033093091884,23.09033093091884
65.7,57.03458259220349,8.665417407796511,8.665417407796511
52.0,62.734800978449016,-10.734800978449016,10.734800978449016
44.7,69.86655885272614,-25.16655885272614,25.16655885272614
53.7,66.20632220795909,-12.506322207959087,12.506322207959087
82.2,67.91147940387378,14.288520596126219,14.288520596126219
62.3,56.63232154194361,5.667678458056386,5.667678458056386
100.0,76.95850301892438,23.041496981075625,23.041496981075625
79.4,70.53135683294443,8.86864316705558,8.86864316705558
66.6,85.07760512345709,-18.477605123457096,18.477605123457096
75.0,80.10168625413212,-5.101686254132119,5.101686254132119
44.4,36.01971608497317,8.38028391502683,8.38028391502683
43.1,35.052520808595546,8.047479191404456,8.047479191404456
100.0,81.04784942884704,18.952150571152956,18.952150571152956
86.5,73.90477459755891,12.595225402441088,12.595225402441088
71.9,69.62831524818102,2.271684751818981,2.271684751818981
71.5,78.79536271379146,-7.295362713791462,7.295362713791462
80.4,83.98151649500096,-3.5815164950009546,3.5815164950009546
39.9,26.501017133943407,13.398982866056592,13.398982866056592
88.6,63.8791897763748,24.720810223625193,24.720810223625193
33.2,41.359151597205255,-8.159151597205252,8.159151597205252
99.4,88.60487988120104,10.795120118798962,10.795120118798962
92.8,72.83075652341489,19.969243476585106,19.969243476585106
53.8,65.34871602841505,-11.548716028415058,11.548716028415058
100.0,78.65723022585405,21.34276977414595,21.34276977414595
57.1,71.6576267173458,-14.557626717345805,14.557626717345805
39.2,63.65344852730141,-24.453448527301404,24.453448527301404
63.7,65.76568327773498,-2.0656832777349763,2.0656832777349763
56.7,79.96602880311173,-23.266028803111723,23.266028803111723
91.0,55.72841142313209,35.27158857686791,35.27158857686791
49.3,51.215100568236664,-1.9151005682366673,1.9151005682366673
64.9,63.27906256133076,1.6209374386692446,1.6209374386692446
96.5,72.09899654318332,24.40100345681668,24.40100345681668
39.1,58.435106022180776,-19.335106022180774,19.335106022180774
72.5,61.049942541432586,11.450057458567414,11.450057458567414
86.2,77.91242185533395,8.287578144666057,8.287578144666057
86.0,54.109481031380085,31.890518968619915,31.890518968619915
92.9,74.18507637444486,18.714923625555144,18.714923625555144
55.7,59.477250002029166,-3.777250002029163,3.777250002029163
64.9,67.74285291921444,-2.8428529192144367,2.8428529192144367
75.0,67.87390870305012,7.12609129694988,7.12609129694988
72.5,69.20930924433378,3.290690755666219,3.290690755666219
29.9,60.68214636697502,-30.78214636697502,30.78214636697502
62.0,68.96150108141038,-6.9615010814103755,6.9615010814103755
56.5,50.29452524272574,6.20547475727426,6.20547475727426
48.8,58.983542545659645,-10.183542545659648,10.183542545659648
41.7,66.55374742011293,-24.853747420112924,24.853747420112924
42.5,66.8978783258051,-24.397878325805095,24.397878325805095
43.8,43.661840892276075,0.13815910772392215,0.13815910772392215
47.0,54.69164397534644,-7.691643975346437,7.691643975346437
46.1,43.11951719400406,2.9804828059959405,2.9804828059959405
61.3,69.70046497211469,-8.40046497211469,8.40046497211469
62.3,64.80369156057867,-2.503691560578673,2.503691560578673
45.5,44.808696482882226,0.6913035171177739,0.6913035171177739
41.8,48.42689078153762,-6.626890781537625,6.626890781537625
65.3,77.42624507237417,-12.126245072374175,12.126245072374175
73.2,85.24834862955208,-12.04834862955208,12.04834862955208
47.5,62.239542969946626,-14.739542969946626,14.739542969946626
83.6,75.69508784892224,7.9049121510777525,7.9049121510777525
64.6,77.58358318088142,-12.983583180881425,12.983583180881425
45.1,41.84080355694107,3.259196443058933,3.259196443058933
52.6,64.67762801460441,-12.077628014604407,12.077628014604407
35.9,43.199506323507194,-7.299506323507195,7.299506323507195
52.3,54.07519697036821,-1.7751969703682136,1.7751969703682136
100.0,66.89048823318569,33.10951176681431,33.10951176681431
54.8,69.78411012062736,-14.984110120627363,14.984110120627363
52.4,68.41466452756521,-16.01466452756521,16.01466452756521
60.5,58.731628058873014,1.7683719411269863,1.7683719411269863
89.2,66.72492905894188,22.47507094105812,22.47507094105812
64.8,73.16352972968133,-8.363529729681332,8.363529729681332
53.9,60.67757240833305,-6.77757240833305,6.77757240833305
61.6,58.89330383791932,2.706696162080682,2.706696162080682
72.8,77.58135872332684,-4.781358723326846,4.781358723326846
67.5,65.33849014740126,2.1615098525987406,2.1615098525987406
100.0,75.26459149092977,24.735408509070226,24.735408509070226
42.1,31.921940948309043,10.178059051690958,10.178059051690958
94.1,62.98091485646228,31.119085143537717,31.119085143537717
62.6,72.29584387646071,-9.695843876460707,9.695843876460707
56.2,64.81606829208692,-8.616068292086922,8.616068292086922
51.8,66.49597943632972,-14.695979436329722,14.695979436329722
47.5,40.58042747821821,6.919572521781788,6.919572521781788
61.0,61.393206560349,-0.39320656034900026,0.39320656034900026
83.1,75.49635013543059,7.603649864569405,7.603649864569405
93.8,74.49315523588302,19.306844764116974,19.306844764116974
45.9,66.05930942232567,-20.15930942232567,20.15930942232567
56.5,63.815442263517525,-7.315442263517525,7.315442263517525
67.4,57.34366583167662,10.056334168323389,10.056334168323389
71.9,83.94473201718165,-12.044732017181644,12.044732017181644
48.8,58.557588510131154,-9.757588510131157,9.757588510131157
58.5,62.454400913078246,-3.9544009130782456,3.9544009130782456
57.1,61.827285810090984,-4.727285810090983,4.727285810090983
89.4,71.38004121111987,18.019958788880132,18.019958788880132
80.0,64.03930309680095,15.96069690319905,15.96069690319905
68.8,59.76872559348942,9.031274406510576,9.031274406510576
67.0,54.61039751520855,12.389602484791453,12.389602484791453
90.4,70.90346212845407,19.49653787154594,19.49653787154594
41.3,46.44897437890086,-5.14897437890086,5.14897437890086
50.2,65.07928277751421,-14.879282777514206,14.879282777514206
70.0,59.2472122438993,10.752787756100702,10.752787756100702
90.4,88.77235103726377,1.627648962736231,1.627648962736231
63.2,54.20282725479092,8.997172745209085,8.997172745209085
71.4,63.036253020886875,8.363746979113131,8.363746979113131
79.9,72.86723175676427,7.032768243235736,7.032768243235736
100.0,88.75275948026703,11.24724051973297,11.24724051973297
57.5,75.0162584367634,-17.516258436763394,17.516258436763394
39.7,46.64157441351915,-6.941574413519149,6.941574413519149
59.8,58.63826100268295,1.1617389973170447,1.1617389973170447
23.7,55.34490161805104,-31.64490161805104,31.64490161805104
44.3,39.777585842675705,4.522414157324292,4.522414157324292
57.7,70.06162110272487,-12.361621102724868,12.361621102724868
39.7,66.54440366719155,-26.844403667191543,26.844403667191543
85.4,59.50175469587123,25.89824530412878,25.89824530412878
86.3,61.861766591974856,24.43823340802514,24.43823340802514
65.2,72.48381952163373,-7.283819521633731,7.283819521633731
69.2,66.91427432472966,2.285725675270342,2.285725675270342
100.0,84.84815138723434,15.151848612765662,15.151848612765662
68.5,67.46440809225453,1.03559190774547,1.03559190774547
54.7,46.40324559764315,8.296754402356854,8.296754402356854
66.4,71.84879915923608,-5.448799159236074,5.448799159236074
37.3,49.05527256289916,-11.755272562899165,11.755272562899165
46.1,86.61804744151823,-40.51804744151823,40.51804744151823
100.0,82.48706841322769,17.51293158677231,17.51293158677231
97.2,78.4969466512722,18.703053348727806,18.703053348727806
66.9,72.50009801520332,-5.600098015203315,5.600098015203315
34.1,70.44057899623678,-36.34057899623678,36.34057899623678
51.1,67.70599258561742,-16.60599258561742,16.60599258561742
86.0,76.31856848893165,9.681431511068354,9.681431511068354
98.2,77.3409649011025,20.859035098897508,20.859035098897508
78.0,77.47225125516502,0.5277487448349802,0.5277487448349802
62.5,76.7143578055813,-14.214357805581301,14.214357805581301
50.1,62.624523656426504,-12.524523656426503,12.524523656426503
63.6,53.73647857424896,9.863521425751038,9.863521425751038
72.8,67.77053870023497,5.029461299765032,5.029461299765032
56.1,64.58638164076126,-8.486381640761259,8.486381640761259
78.3,73.15784305839082,5.142156941609173,5.142156941609173
60.0,65.05968345599649,-5.059683455996492,5.059683455996492
78.3,84.03028801708683,-5.730288017086835,5.730288017086835
90.1,74.13148682773104,15.968513172268956,15.968513172268956
56.5,59.50665325088153,-3.006653250881527,3.006653250881527
51.3,78.56158251644331,-27.261582516443312,27.261582516443312
78.9,81.3519309840517,-2.4519309840516996,2.4519309840516996
56.5,54.91051198687319,1.589488013126811,1.589488013126811
84.6,71.99343664609842,12.606563353901578,12.606563353901578
67.3,71.91628521133725,-4.6162852113372566,4.6162852113372566
54.3,46.93537378344543,7.364626216554569,7.364626216554569
74.8,80.26593350436144,-5.465933504361445,5.465933504361445
63.5,69.52973828849315,-6.029738288493149,6.029738288493149
91.9,83.76873963731691,8.131260362683093,8.131260362683093
64.2,70.03117484187149,-5.831174841871487,5.831174841871487
53.7,62.777665269588624,-9.077665269588621,9.077665269588621
60.6,72.54893273387503,-11.948932733875033,11.948932733875033
66.6,68.15421226835986,-1.554212268359862,1.554212268359862
52.9,64.42433014484038,-11.524330144840384,11.524330144840384
81.0,64.27552629610898,16.72447370389102,16.72447370389102
92.1,80.94659272028872,11.153407279711274,11.153407279711274
52.2,56.36729116420315,-4.167291164203149,4.167291164203149
64.6,82.5359366450308,-17.935936645030807,17.935936645030807
60.8,65.55853514467316,-4.758535144673161,4.758535144673161
72.9,73.54156132087275,-0.6415613208727393,0.6415613208727393
72.6,72.6460512037379,-0.04605120373790328,0.04605120373790328
50.2,59.1081168961482,-8.9081168961482,8.9081168961482
49.1,61.90270152099913,-12.802701520999129,12.802701520999129
100.0,93.64958487696336,6.35041512303664,6.35041512303664
54.7,59.657860047157214,-4.957860047157212,4.957860047157212
60.8,44.53279655539876,16.267203444601236,16.267203444601236
78.9,73.23742423111668,5.662575768883329,5.662575768883329
59.4,66.42654950225305,-7.026549502253054,7.026549502253054
72.5,65.18740350364533,7.312596496354672,7.312596496354672
48.3,54.374620470658954,-6.074620470658957,6.074620470658957
84.0,62.63492074755078,21.36507925244922,21.36507925244922
41.7,52.8293374840477,-11.129337484047696,11.129337484047696
29.6,48.21008404055743,-18.61008404055743,18.61008404055743
84.8,74.59183101790074,10.208168982099252,10.208168982099252
85.8,81.78250917564026,4.01749082435974,4.01749082435974
46.5,63.73966444603889,-17.239664446038887,17.239664446038887
69.2,67.49131983191779,1.7086801680822106,1.7086801680822106
91.0,84.90350121179989,6.096498788200108,6.096498788200108
67.9,68.67538307517037,-0.7753830751703674,0.7753830751703674
58.2,68.75550903795045,-10.555509037950443,10.555509037950443
56.0,57.769457897090035,-1.7694578970900352,1.7694578970900352
60.9,52.66099513308984,8.239004866910157,8.239004866910157
57.3,62.00251251652671,-4.70251251652671,4.70251251652671
100.0,80.5957756429251,19.404224357074895,19.404224357074895
64.7,62.71461661497193,1.9853833850280722,1.9853833850280722
78.3,84.79432686948513,-6.4943268694851355,6.4943268694851355
48.0,59.66521604512934,-11.665216045129341,11.665216045129341
73.2,64.45534778960308,8.744652210396922,8.744652210396922
66.9,77.89094702468171,-10.990947024681702,10.990947024681702
50.5,70.56649657626741,-20.06649657626741,20.06649657626741
63.0,71.45950696333978,-8.459506963339777,8.459506963339777
83.2,58.01499037880235,25.18500962119765,25.18500962119765
68.8,77.71655229465443,-8.916552294654437,8.916552294654437
78.4,64.84837463332917,13.551625366670834,13.551625366670834
61.7,60.2526360243387,1.447363975661304,1.447363975661304
81.3,77.47225657183913,3.827743428160872,3.827743428160872
47.5,44.85161028787172,2.648389712128278,2.648389712128278
34.4,57.05178690723977,-22.651786907239774,22.651786907239774
91.9,62.183144529677975,29.71685547032203,29.71685547032203
56.4,70.44442121199413,-14.044421211994127,14.044421211994127
81.1,82.24895556637495,-1.1489555663749513,1.1489555663749513
50.5,55.27072280329298,-4.770722803292983,4.770722803292983
41.7,42.09479907845247,-0.39479907845246487,0.39479907845246487
37.9,50.530579728934754,-12.630579728934755,12.630579728934755
65.6,71.15131609045022,-5.551316090450229,5.551316090450229
60.6,60.14683405039966,0.45316594960033996,0.45316594960033996
51.3,85.72395392931173,-34.423953929311736,34.423953929311736
82.3,62.457509201502035,19.842490798497963,19.842490798497963
45.4,54.83026666988172,-9.430266669881725,9.430266669881725
42.5,66.38938241632195,-23.88938241632195,23.88938241632195
83.2,83.81396538023876,-0.6139653802387528,0.6139653802387528
45.6,58.927604443323276,-13.327604443323274,13.327604443323274
47.2,49.3347212045782,-2.1347212045781987,2.1347212045781987
46.1,37.05572796131975,9.044272038680255,9.044272038680255
89.2,78.5749232480465,10.6250767519535,10.6250767519535
98.2,68.9638997039495,29.23610029605051,29.23610029605051
44.7,69.44471463682635,-24.744714636826345,24.744714636826345
68.7,81.54449410090638,-12.844494100906374,12.844494100906374
99.3,83.09577467121835,16.204225328781646,16.204225328781646
100.0,68.76498317057613,31.23501682942387,31.23501682942387
63.4,71.77295730928307,-8.372957309283073,8.372957309283073
75.4,47.95397360805032,27.446026391949687,27.446026391949687
46.5,70.00745498733926,-23.50745498733926,23.50745498733926
100.0,78.60742145688289,21.39257854311711,21.39257854311711
80.4,49.4201098444417,30.97989015555831,30.97989015555831
63.5,54.039836319615404,9.460163680384596,9.460163680384596
60.0,63.504111830789164,-3.5041118307891637,3.5041118307891637
63.5,54.50455733774305,8.995442662256949,8.995442662256949
50.4,59.53879074157999,-9.138790741579989,9.138790741579989
61.5,53.36156716166232,8.138432838337678,8.138432838337678
63.1,60.65526063270045,2.4447393672995545,2.4447393672995545
53.0,56.65086708955539,-3.6508670895553905,3.6508670895553905
43.0,27.917843746837605,15.082156253162395,15.082156253162395
62.0,66.38099405886464,-4.380994058864644,4.380994058864644
73.1,65.66307378044877,7.436926219551225,7.436926219551225
55.4,77.2696668772827,-21.869666877282704,21.869666877282704
70.6,50.353125500611725,20.24687449938827,20.24687449938827
48.9,68.85000576200076,-19.950005762000764,19.950005762000764
60.9,64.92476456375249,-4.024764563752491,4.024764563752491
100.0,59.23027195564015,40.76972804435985,40.76972804435985
67.9,64.93251095825391,2.9674890417460915,2.9674890417460915
56.4,57.75005563506042,-1.3500556350604214,1.3500556350604214
57.7,60.421454043601955,-2.721454043601952,2.721454043601952
67.9,56.71599034956472,11.184009650435286,11.184009650435286
63.2,67.46249461338118,-4.262494613381179,4.262494613381179
53.2,59.79792560628937,-6.597925606289365,6.597925606289365
71.1,66.40666933041535,4.69333066958464,4.69333066958464
89.8,78.04463159431464,11.75536840568536,11.75536840568536
67.1,48.76711912895348,18.332880871046513,18.332880871046513
71.9,69.8474235542808,2.052576445719211,2.052576445719211
73.1,63.09847506824093,10.001524931759064,10.001524931759064
74.7,73.21956853069065,1.4804314693093517,1.4804314693093517
45.3,41.032852128165075,4.267147871834922,4.267147871834922
82.3,87.55206944329635,-5.2520694432963495,5.2520694432963495
100.0,83.85505526915489,16.14494473084511,16.14494473084511
39.8,52.756834960524486,-12.956834960524489,12.956834960524489
75.9,81.70933206377885,-5.8093320637788395,5.8093320637788395
58.8,60.72811473924787,-1.9281147392478744,1.9281147392478744
68.3,67.77862459449085,0.5213754055091471,0.5213754055091471
58.2,63.48218525685451,-5.282185256854504,5.282185256854504
83.2,82.1990855059199,1.0009144940801065,1.0009144940801065
92.8,81.06912337746388,11.730876622536115,11.730876622536115
57.8,60.82889376857855,-3.0288937685785555,3.0288937685785555
88.0,82.41300262422385,5.58699737577615,5.58699737577615
65.7,72.3609773880076,-6.660977388007595,6.660977388007595
52.6,57.05458719419619,-4.454587194196186,4.454587194196186
56.4,60.94868906753658,-4.5486890675365785,4.5486890675365785
91.1,81.10723906110638,9.99276093889361,9.99276093889361
36.4,55.39340972036484,-18.993409720364845,18.993409720364845
81.2,65.00996560765095,16.190034392349048,16.190034392349048
100.0,84.26981609982107,15.730183900178929,15.730183900178929
67.5,79.70174546724087,-12.201745467240869,12.201745467240869
55.1,74.11807863207076,-19.01807863207076,19.01807863207076
81.9,68.31116908596783,13.588830914032172,13.588830914032172
63.1,70.93241670072962,-7.832416700729617,7.832416700729617
63.5,60.413904575762615,3.086095424237385,3.086095424237385
73.0,60.75220762847789,12.24779237152211,12.24779237152211
90.4,72.0623378163765,18.337662183623507,18.337662183623507
98.0,74.24237258766027,23.75762741233973,23.75762741233973
70.6,70.47045154308915,0.1295484569108396,0.1295484569108396
100.0,90.09636678193007,9.903633218069928,9.903633218069928
67.4,60.69293198757356,6.707068012426447,6.707068012426447
65.3,74.342089182201,-9.042089182200996,9.042089182200996
86.5,79.29777486987803,7.202225130121974,7.202225130121974
100.0,84.64510375128793,15.354896248712066,15.354896248712066
79.2,70.56098391300532,8.639016086994687,8.639016086994687
100.0,78.27179772288923,21.728202277110768,21.728202277110768
82.8,69.76434391652214,13.03565608347786,13.03565608347786
56.5,61.803828069398605,-5.303828069398605,5.303828069398605
83.8,71.52324179699906,12.276758203000938,12.276758203000938
54.0,67.88538010158868,-13.88538010158868,13.88538010158868
90.8,69.19505356245753,21.604946437542466,21.604946437542466
56.9,65.20154875697489,-8.301548756974888,8.301548756974888
78.8,69.34809991134722,9.451900088652778,9.451900088652778
45.7,53.650660065474995,-7.950660065474992,7.950660065474992
81.9,67.84246291131547,14.05753708868454,14.05753708868454
49.6,58.601863488209005,-9.001863488209004,9.001863488209004
65.9,71.74912631212112,-5.849126312121115,5.849126312121115
91.0,71.59275854733158,19.407241452668416,19.407241452668416
59.2,65.83169069740875,-6.631690697408743,6.631690697408743
78.7,66.58473378619436,12.11526621380564,12.11526621380564
56.1,68.30391352327939,-12.20391352327939,12.20391352327939
74.0,59.94533785259506,14.05466214740494,14.05466214740494
65.0,56.87357581617596,8.126424183824042,8.126424183824042
76.6,62.69419218878386,13.905807811216135,13.905807811216135
63.2,70.60701626277222,-7.407016262772217,7.407016262772217
41.9,46.83797083453646,-4.937970834536465,4.937970834536465
44.1,56.472091168817315,-12.372091168817313,12.372091168817313
100.0,79.37546615029794,20.62453384970206,20.62453384970206
62.8,65.01772151968316,-2.2177215196831668,2.2177215196831668
100.0,84.07326551201709,15.926734487982912,15.926734487982912
81.0,74.13212204470233,6.867877955297672,6.867877955297672
100.0,75.25644471452338,24.743555285476617,24.743555285476617
82.0,79.94593589671513,2.0540641032848725,2.0540641032848725
54.0,65.1754896015047,-11.175489601504694,11.175489601504694
84.6,68.18256191666637,16.41743808333362,16.41743808333362
58.8,58.339987887380175,0.4600121126198218,0.4600121126198218
76.6,82.4489594745628,-5.848959474562804,5.848959474562804
53.6,70.35118362959321,-16.751183629593207,16.751183629593207
74.9,61.69573472238346,13.204265277616543,13.204265277616543
100.0,72.13166909396364,27.868330906036363,27.868330906036363
53.0,75.74830380786312,-22.748303807863124,22.748303807863124
70.2,73.13000644780027,-2.9300064478002668,2.9300064478002668
65.7,60.39935771665142,5.30064228334858,5.30064228334858
42.6,61.7995888069151,-19.199588806915095,19.199588806915095
57.6,61.29379911827107,-3.693799118271066,3.693799118271066
68.2,71.61599352315608,-3.415993523156075,3.415993523156075
76.9,63.527739328100324,13.372260671899681,13.372260671899681
59.0,74.98891505663994,-15.98891505663994,15.98891505663994
75.8,63.54426573860519,12.255734261394807,12.255734261394807
52.8,65.01435287371001,-12.214352873710013,12.214352873710013
63.5,61.900388735451656,1.5996112645483436,1.5996112645483436
95.8,89.63168446576697,6.168315534233031,6.168315534233031
43.3,56.875271211415054,-13.575271211415057,13.575271211415057
60.4,60.58162557068658,-0.18162557068658458,0.18162557068658458
57.8,69.9863385785996,-12.186338578599603,12.186338578599603
49.0,36.89083937666612,12.109160623333878,12.109160623333878
53.8,70.19720022622141,-16.397200226221415,16.397200226221415
91.2,76.11755649413988,15.082443505860127,15.082443505860127
70.9,56.23856330076205,14.661436699237953,14.661436699237953
72.8,68.28344458871459,4.51655541128541,4.51655541128541
49.6,65.9003780703685,-16.300378070368502,16.300378070368502
53.7,67.46210930280091,-13.762109302800908,13.762109302800908
85.0,77.42042659066277,7.579573409337229,7.579573409337229
40.9,55.203009290652005,-14.303009290652007,14.303009290652007
63.7,73.1383009547835,-9.4383009547835,9.4383009547835
100.0,77.33837629846812,22.66162370153188,22.66162370153188
78.5,79.63754828212166,-1.1375482821216565,1.1375482821216565
42.3,66.95787485938888,-24.657874859388883,24.657874859388883
71.8,73.36220643585887,-1.5622064358588688,1.5622064358588688
94.1,86.89457272259222,7.205427277407779,7.205427277407779
46.9,54.04572358171026,-7.145723581710264,7.145723581710264
65.1,57.04879062480882,8.051209375191178,8.051209375191178
100.0,82.42435772666087,17.575642273339128,17.575642273339128
69.8,74.08548219750145,-4.285482197501452,4.285482197501452
62.0,70.40250682961678,-8.402506829616783,8.402506829616783
67.0,68.1747654810332,-1.174765481033205,1.174765481033205
52.5,70.23532751811024,-17.73532751811024,17.73532751811024
63.5,69.25988567373327,-5.759885673733265,5.759885673733265
54.5,64.32584040289703,-9.825840402897029,9.825840402897029
55.1,74.37094031412687,-19.270940314126868,19.270940314126868
67.4,64.55584789803493,2.8441521019650793,2.8441521019650793
54.6,70.70170409336026,-16.10170409336026,16.10170409336026
73.3,73.46827973928913,-0.1682797392891331,0.1682797392891331
56.6,66.27445821378308,-9.674458213783076,9.674458213783076
91.3,72.59463998374173,18.70536001625827,18.70536001625827
66.5,64.26736405779445,2.2326359422055475,2.2326359422055475
59.4,66.32764742074323,-6.927647420743234,6.927647420743234
51.7,60.42103676389138,-8.721036763891377,8.721036763891377
56.4,72.45780959922661,-16.05780959922661,16.05780959922661
52.2,59.862668692425984,-7.6626686924259815,7.6626686924259815
45.5,47.136800176975555,-1.6368001769755551,1.6368001769755551
79.8,94.7755811664037,-14.9755811664037,14.9755811664037
62.3,74.22997210074737,-11.929972100747378,11.929972100747378
39.0,54.77074271560494,-15.77074271560494,15.77074271560494
22.8,60.647909196480214,-37.84790919648022,37.84790919648022
100.0,81.59470634803705,18.40529365196295,18.40529365196295
54.0,60.30296866826927,-6.302968668269273,6.302968668269273
60.1,68.02685786483488,-7.926857864834879,7.926857864834879
53.8,60.1931767393246,-6.393176739324602,6.393176739324602
83.0,62.756591571957756,20.243408428042244,20.243408428042244
39.9,50.82243016206206,-10.922430162062064,10.922430162062064
47.4,52.69462178908316,-5.294621789083159,5.294621789083159
55.3,71.21288377460667,-15.91288377460667,15.91288377460667
57.2,71.53762333123348,-14.337623331233473,14.337623331233473
65.8,62.710783114534024,3.089216885465973,3.089216885465973
48.1,69.3569850184553,-21.256985018455303,21.256985018455303
57.7,56.75784955620816,0.9421504437918458,0.9421504437918458
